   0.00000000      -87.1590958       25389.8262    
   3.75000000      -87.1590958       25768.1191    
   7.50000000      -87.1590958       26166.7559    
   11.2500000      -87.1590958       26521.6387    
   15.0000000      -87.1590958       26758.2715    
   18.7500000      -87.1590958       26882.9902    
   22.5000000      -87.1590958       27063.6621    
   26.2500000      -87.1590958       27300.5723    
   30.0000000      -87.1590958       27596.5801    
   33.7500000      -87.1590958       27987.1074    
   37.5000000      -87.1590958       28434.2988    
   41.2500000      -87.1590958       28912.4629    
   45.0000000      -87.1590958       29403.0449    
   48.7500000      -87.1590958       29762.8848    
   52.5000000      -87.1590958       29975.2637    
   56.2500000      -87.1590958       30092.6230    
   60.0000000      -87.1590958       30165.7324    
   63.7500000      -87.1590958       30193.0020    
   67.5000000      -87.1590958       30191.8223    
   71.2500000      -87.1590958       30180.7480    
   75.0000000      -87.1590958       30176.2871    
   78.7500000      -87.1590958       30193.5215    
   82.5000000      -87.1590958       30222.0371    
   86.2500000      -87.1590958       30265.6309    
   90.0000000      -87.1590958       30324.9434    
   93.7500000      -87.1590958       30394.3457    
   97.5000000      -87.1590958       30417.6934    
   101.250000      -87.1590958       30423.2324    
   105.000000      -87.1590958       30442.9512    
   108.750000      -87.1590958       30422.3379    
   112.500000      -87.1590958       30341.6699    
   116.250000      -87.1590958       30227.0488    
   120.000000      -87.1590958       30104.0020    
   123.750000      -87.1590958       29933.4902    
   127.500000      -87.1590958       29806.4785    
   131.250000      -87.1590958       29699.9355    
   135.000000      -87.1590958       29588.8848    
   138.750000      -87.1590958       29485.5840    
   142.500000      -87.1590958       29410.8340    
   146.250000      -87.1590958       29361.3027    
   150.000000      -87.1590958       29319.7637    
   153.750000      -87.1590958       29397.7598    
   157.500000      -87.1590958       29507.6973    
   161.250000      -87.1590958       29617.2949    
   165.000000      -87.1590958       29666.8379    
   168.750000      -87.1590958       29742.5488    
   172.500000      -87.1590958       29750.4902    
   176.250000      -87.1590958       29716.1074    
   180.000000      -87.1590958       29613.3574    
   183.750000      -87.1590958       29111.8105    
   187.500000      -87.1590958       28224.1426    
   191.250000      -87.1590958       27347.9434    
   195.000000      -87.1590958       26914.8535    
   198.750000      -87.1590958       26946.1777    
   202.500000      -87.1590958       26110.7129    
   206.250000      -87.1590958       24712.6309    
   210.000000      -87.1590958       23201.8223    
   213.750000      -87.1590958       23876.1074    
   217.500000      -87.1590958       24939.8457    
   221.250000      -87.1590958       25704.0762    
   225.000000      -87.1590958       25665.4668    
   228.750000      -87.1590958       25733.0645    
   232.500000      -87.1590958       25898.1582    
   236.250000      -87.1590958       26029.6582    
   240.000000      -87.1590958       25956.6504    
   243.750000      -87.1590958       25830.9980    
   247.500000      -87.1590958       25620.8027    
   251.250000      -87.1590958       25320.0996    
   255.000000      -87.1590958       24900.3340    
   258.750000      -87.1590958       24209.5996    
   262.500000      -87.1590958       23490.9590    
   266.250000      -87.1590958       22881.4277    
   270.000000      -87.1590958       22516.4707    
   273.750000      -87.1590958       22513.9355    
   277.500000      -87.1590958       22655.3105    
   281.250000      -87.1590958       22860.1230    
   285.000000      -87.1590958       23105.6152    
   288.750000      -87.1590958       23285.0020    
   292.500000      -87.1590958       23332.3770    
   296.250000      -87.1590958       23288.3066    
   300.000000      -87.1590958       23177.4785    
   303.750000      -87.1590958       22939.0410    
   307.500000      -87.1590958       22723.3613    
   311.250000      -87.1590958       22584.1582    
   315.000000      -87.1590958       22546.3340    
   318.750000      -87.1590958       22507.9668    
   322.500000      -87.1590958       22494.5410    
   326.250000      -87.1590958       22563.9316    
   330.000000      -87.1590958       22779.5801    
   333.750000      -87.1590958       23155.9902    
   337.500000      -87.1590958       23542.8066    
   341.250000      -87.1590958       23938.6855    
   345.000000      -87.1590958       24340.6777    
   348.750000      -87.1590958       24650.1699    
   352.500000      -87.1590958       24901.2520    
   356.250000      -87.1590958       25133.4551    
   360.000000      -87.1590958       25389.8262    
   0.00000000      -83.4789200       23588.8066    
   3.75000000      -83.4789200       24214.5684    
   7.50000000      -83.4789200       24719.8262    
   11.2500000      -83.4789200       24968.2246    
   15.0000000      -83.4789200       25238.2871    
   18.7500000      -83.4789200       25613.8418    
   22.5000000      -83.4789200       26287.8105    
   26.2500000      -83.4789200       26997.6934    
   30.0000000      -83.4789200       28355.4082    
   33.7500000      -83.4789200       29386.4043    
   37.5000000      -83.4789200       30809.0332    
   41.2500000      -83.4789200       32496.3574    
   45.0000000      -83.4789200       33167.7031    
   48.7500000      -83.4789200       33708.8711    
   52.5000000      -83.4789200       34334.0234    
   56.2500000      -83.4789200       34957.2539    
   60.0000000      -83.4789200       35556.7383    
   63.7500000      -83.4789200       36193.5859    
   67.5000000      -83.4789200       36767.7344    
   71.2500000      -83.4789200       36859.2969    
   75.0000000      -83.4789200       36624.7617    
   78.7500000      -83.4789200       36257.0508    
   82.5000000      -83.4789200       35750.4531    
   86.2500000      -83.4789200       35236.2734    
   90.0000000      -83.4789200       34692.3750    
   93.7500000      -83.4789200       33939.5703    
   97.5000000      -83.4789200       33150.1328    
   101.250000      -83.4789200       32580.1426    
   105.000000      -83.4789200       31837.3340    
   108.750000      -83.4789200       31108.5449    
   112.500000      -83.4789200       30524.0605    
   116.250000      -83.4789200       29976.8535    
   120.000000      -83.4789200       29245.2090    
   123.750000      -83.4789200       28328.6816    
   127.500000      -83.4789200       27788.1191    
   131.250000      -83.4789200       27230.3223    
   135.000000      -83.4789200       26502.0879    
   138.750000      -83.4789200       25611.6074    
   142.500000      -83.4789200       24760.1934    
   146.250000      -83.4789200       24339.9512    
   150.000000      -83.4789200       23792.5605    
   153.750000      -83.4789200       22535.4707    
   157.500000      -83.4789200       19886.1738    
   161.250000      -83.4789200       22735.8379    
   165.000000      -83.4789200       17844.9863    
   168.750000      -83.4789200       7913.45166    
   172.500000      -83.4789200       1394.13525    
   176.250000      -83.4789200       359.994629    
   180.000000      -83.4789200       719.955566    
   183.750000      -83.4789200       664.041504    
   187.500000      -83.4789200       723.252441    
   191.250000      -83.4789200       813.650879    
   195.000000      -83.4789200       742.186035    
   198.750000      -83.4789200       684.686035    
   202.500000      -83.4789200       1052.77197    
   206.250000      -83.4789200       1498.22510    
   210.000000      -83.4789200       2417.43994    
   213.750000      -83.4789200       3397.60791    
   217.500000      -83.4789200       3321.98291    
   221.250000      -83.4789200       3686.85791    
   225.000000      -83.4789200       4434.93994    
   228.750000      -83.4789200       5324.22900    
   232.500000      -83.4789200       6876.70557    
   236.250000      -83.4789200       8432.31934    
   240.000000      -83.4789200       10494.5762    
   243.750000      -83.4789200       12842.1270    
   247.500000      -83.4789200       14544.5889    
   251.250000      -83.4789200       16799.7793    
   255.000000      -83.4789200       18924.1504    
   258.750000      -83.4789200       19766.2520    
   262.500000      -83.4789200       19266.0254    
   266.250000      -83.4789200       18617.9473    
   270.000000      -83.4789200       16907.1699    
   273.750000      -83.4789200       14804.1426    
   277.500000      -83.4789200       12725.2676    
   281.250000      -83.4789200       11221.0420    
   285.000000      -83.4789200       9300.17090    
   288.750000      -83.4789200       8266.10352    
   292.500000      -83.4789200       6707.41260    
   296.250000      -83.4789200       3383.88916    
   300.000000      -83.4789200       2145.81104    
   303.750000      -83.4789200       9248.02246    
   307.500000      -83.4789200       14086.6045    
   311.250000      -83.4789200       10944.1826    
   315.000000      -83.4789200       10064.6475    
   318.750000      -83.4789200       12629.8457    
   322.500000      -83.4789200       14960.6787    
   326.250000      -83.4789200       15962.0762    
   330.000000      -83.4789200       16510.6621    
   333.750000      -83.4789200       16985.2715    
   337.500000      -83.4789200       17707.1426    
   341.250000      -83.4789200       18864.8379    
   345.000000      -83.4789200       20065.7832    
   348.750000      -83.4789200       20919.2637    
   352.500000      -83.4789200       21913.7520    
   356.250000      -83.4789200       22844.5176    
   360.000000      -83.4789200       23588.8066    
   0.00000000      -79.7770462       22960.2832    
   3.75000000      -79.7770462       24763.9434    
   7.50000000      -79.7770462       26416.6074    
   11.2500000      -79.7770462       27802.7715    
   15.0000000      -79.7770462       28936.2363    
   18.7500000      -79.7770462       30058.9004    
   22.5000000      -79.7770462       31157.0098    
   26.2500000      -79.7770462       32136.8379    
   30.0000000      -79.7770462       33065.5703    
   33.7500000      -79.7770462       33925.5312    
   37.5000000      -79.7770462       34760.1211    
   41.2500000      -79.7770462       35618.8008    
   45.0000000      -79.7770462       36401.4297    
   48.7500000      -79.7770462       36634.7617    
   52.5000000      -79.7770462       36433.1641    
   56.2500000      -79.7770462       36298.4023    
   60.0000000      -79.7770462       36383.7227    
   63.7500000      -79.7770462       36858.4258    
   67.5000000      -79.7770462       37411.9297    
   71.2500000      -79.7770462       38048.6172    
   75.0000000      -79.7770462       38717.6641    
   78.7500000      -79.7770462       39402.2539    
   82.5000000      -79.7770462       38866.6641    
   86.2500000      -79.7770462       37804.6836    
   90.0000000      -79.7770462       37256.1445    
   93.7500000      -79.7770462       36687.0703    
   97.5000000      -79.7770462       36030.3164    
   101.250000      -79.7770462       35073.1211    
   105.000000      -79.7770462       33871.5586    
   108.750000      -79.7770462       32852.1250    
   112.500000      -79.7770462       32235.2637    
   116.250000      -79.7770462       31224.0801    
   120.000000      -79.7770462       30058.7598    
   123.750000      -79.7770462       28779.3301    
   127.500000      -79.7770462       28259.6973    
   131.250000      -79.7770462       26940.9355    
   135.000000      -79.7770462       25077.1738    
   138.750000      -79.7770462       23684.9316    
   142.500000      -79.7770462       22778.2637    
   146.250000      -79.7770462       21891.7441    
   150.000000      -79.7770462       19735.9121    
   153.750000      -79.7770462       17104.7676    
   157.500000      -79.7770462       12807.6514    
   161.250000      -79.7770462       1030.39307    
   165.000000      -79.7770462       553.381348    
   168.750000      -79.7770462       475.986816    
   172.500000      -79.7770462       514.936035    
   176.250000      -79.7770462       501.771973    
   180.000000      -79.7770462       483.654785    
   183.750000      -79.7770462       512.287598    
   187.500000      -79.7770462       508.732910    
   191.250000      -79.7770462       601.154785    
   195.000000      -79.7770462       749.311035    
   198.750000      -79.7770462       735.389160    
   202.500000      -79.7770462       674.146973    
   206.250000      -79.7770462       838.455566    
   210.000000      -79.7770462       790.467285    
   213.750000      -79.7770462       1740.44775    
   217.500000      -79.7770462       3003.22510    
   221.250000      -79.7770462       4639.65869    
   225.000000      -79.7770462       6478.74854    
   228.750000      -79.7770462       10071.7324    
   232.500000      -79.7770462       12556.8232    
   236.250000      -79.7770462       13709.7881    
   240.000000      -79.7770462       14859.9951    
   243.750000      -79.7770462       16226.8887    
   247.500000      -79.7770462       16973.2715    
   251.250000      -79.7770462       18243.1035    
   255.000000      -79.7770462       19771.4355    
   258.750000      -79.7770462       20415.2285    
   262.500000      -79.7770462       20332.4512    
   266.250000      -79.7770462       21047.4082    
   270.000000      -79.7770462       19852.8223    
   273.750000      -79.7770462       15586.9863    
   277.500000      -79.7770462       11271.6475    
   281.250000      -79.7770462       3313.10400    
   285.000000      -79.7770462       1127.97510    
   288.750000      -79.7770462       1179.96729    
   292.500000      -79.7770462       1171.45166    
   296.250000      -79.7770462       685.709473    
   300.000000      -79.7770462       925.357910    
   303.750000      -79.7770462       923.689941    
   307.500000      -79.7770462       814.287598    
   311.250000      -79.7770462       5449.35400    
   315.000000      -79.7770462       5850.14307    
   318.750000      -79.7770462       937.045410    
   322.500000      -79.7770462       1003.28760    
   326.250000      -79.7770462       1154.73682    
   330.000000      -79.7770462       1598.08057    
   333.750000      -79.7770462       4522.69385    
   337.500000      -79.7770462       6154.63916    
   341.250000      -79.7770462       11180.4863    
   345.000000      -79.7770462       14684.3662    
   348.750000      -79.7770462       17382.2598    
   352.500000      -79.7770462       19875.7559    
   356.250000      -79.7770462       21585.3145    
   360.000000      -79.7770462       22960.2832    
   0.00000000      -76.0702438       26810.2441    
   3.75000000      -76.0702438       28758.9277    
   7.50000000      -76.0702438       30592.7324    
   11.2500000      -76.0702438       31919.7480    
   15.0000000      -76.0702438       32998.7344    
   18.7500000      -76.0702438       33973.7617    
   22.5000000      -76.0702438       34907.8203    
   26.2500000      -76.0702438       35677.6523    
   30.0000000      -76.0702438       35989.9297    
   33.7500000      -76.0702438       35931.7930    
   37.5000000      -76.0702438       36277.7422    
   41.2500000      -76.0702438       36204.5117    
   45.0000000      -76.0702438       35432.7578    
   48.7500000      -76.0702438       34146.3945    
   52.5000000      -76.0702438       32276.8887    
   56.2500000      -76.0702438       29982.6230    
   60.0000000      -76.0702438       27571.5371    
   63.7500000      -76.0702438       24514.0762    
   67.5000000      -76.0702438       23414.4395    
   71.2500000      -76.0702438       24139.3418    
   75.0000000      -76.0702438       26326.4902    
   78.7500000      -76.0702438       28745.2949    
   82.5000000      -76.0702438       31887.2246    
   86.2500000      -76.0702438       33963.2461    
   90.0000000      -76.0702438       35333.2969    
   93.7500000      -76.0702438       36657.4219    
   97.5000000      -76.0702438       36147.7227    
   101.250000      -76.0702438       34893.9805    
   105.000000      -76.0702438       34368.8398    
   108.750000      -76.0702438       33253.8672    
   112.500000      -76.0702438       32433.4434    
   116.250000      -76.0702438       31965.4199    
   120.000000      -76.0702438       31575.0605    
   123.750000      -76.0702438       31151.3535    
   127.500000      -76.0702438       30762.6973    
   131.250000      -76.0702438       29149.7832    
   135.000000      -76.0702438       27712.0254    
   138.750000      -76.0702438       26592.0176    
   142.500000      -76.0702438       25569.2051    
   146.250000      -76.0702438       24718.0801    
   150.000000      -76.0702438       23985.1816    
   153.750000      -76.0702438       22502.4746    
   157.500000      -76.0702438       20377.2246    
   161.250000      -76.0702438       9304.38965    
   165.000000      -76.0702438     -0.817871094    
   168.750000      -76.0702438      -156.286621    
   172.500000      -76.0702438      0.104003906    
   176.250000      -76.0702438       4.31494141    
   180.000000      -76.0702438       6.33447266    
   183.750000      -76.0702438      -1.72021484    
   187.500000      -76.0702438     -0.692871094    
   191.250000      -76.0702438      -2.07177734    
   195.000000      -76.0702438      -4.22021484    
   198.750000      -76.0702438       1.45556641    
   202.500000      -76.0702438      -23.8999023    
   206.250000      -76.0702438       9.89697266    
   210.000000      -76.0702438       211.604004    
   213.750000      -76.0702438       1883.31494    
   217.500000      -76.0702438       12034.7207    
   221.250000      -76.0702438       15876.4668    
   225.000000      -76.0702438       20685.0137    
   228.750000      -76.0702438       20078.2129    
   232.500000      -76.0702438       22223.8457    
   236.250000      -76.0702438       22074.0137    
   240.000000      -76.0702438       17978.5098    
   243.750000      -76.0702438       14708.7568    
   247.500000      -76.0702438       15897.6230    
   251.250000      -76.0702438       9956.90820    
   255.000000      -76.0702438       9950.49414    
   258.750000      -76.0702438       10850.0762    
   262.500000      -76.0702438       9436.64746    
   266.250000      -76.0702438       10242.4395    
   270.000000      -76.0702438       12117.3457    
   273.750000      -76.0702438       11391.6201    
   277.500000      -76.0702438       8468.32715    
   281.250000      -76.0702438       2664.79150    
   285.000000      -76.0702438       3711.43604    
   288.750000      -76.0702438       6187.07666    
   292.500000      -76.0702438       1498.48291    
   296.250000      -76.0702438       726.842285    
   300.000000      -76.0702438       560.912598    
   303.750000      -76.0702438       505.428223    
   307.500000      -76.0702438       10.9321289    
   311.250000      -76.0702438       6.34765625E-03
   315.000000      -76.0702438      -11.0327148    
   318.750000      -76.0702438       6.00634766    
   322.500000      -76.0702438      -9.54833984    
   326.250000      -76.0702438      -94.0483398    
   330.000000      -76.0702438      -108.888184    
   333.750000      -76.0702438       6143.48291    
   337.500000      -76.0702438       10444.3418    
   341.250000      -76.0702438       13099.0605    
   345.000000      -76.0702438       16288.4863    
   348.750000      -76.0702438       20949.8379    
   352.500000      -76.0702438       23518.3223    
   356.250000      -76.0702438       25116.1074    
   360.000000      -76.0702438       26810.2441    
   0.00000000      -72.3615875       15289.9395    
   3.75000000      -72.3615875       25807.3691    
   7.50000000      -72.3615875       27759.5410    
   11.2500000      -72.3615875       27595.3887    
   15.0000000      -72.3615875       25759.9629    
   18.7500000      -72.3615875       22128.8691    
   22.5000000      -72.3615875       21738.4941    
   26.2500000      -72.3615875       25242.2363    
   30.0000000      -72.3615875       19840.1582    
   33.7500000      -72.3615875       22943.5645    
   37.5000000      -72.3615875       26720.5059    
   41.2500000      -72.3615875       26876.8809    
   45.0000000      -72.3615875       28135.8730    
   48.7500000      -72.3615875       29758.1816    
   52.5000000      -72.3615875       30146.2598    
   56.2500000      -72.3615875       27818.6660    
   60.0000000      -72.3615875       22577.1973    
   63.7500000      -72.3615875       15000.9131    
   67.5000000      -72.3615875       1670.92822    
   71.2500000      -72.3615875       9187.08008    
   75.0000000      -72.3615875       17819.4199    
   78.7500000      -72.3615875       25380.9863    
   82.5000000      -72.3615875       28814.1855    
   86.2500000      -72.3615875       30661.7129    
   90.0000000      -72.3615875       31979.1309    
   93.7500000      -72.3615875       32971.9531    
   97.5000000      -72.3615875       32404.1582    
   101.250000      -72.3615875       31118.4199    
   105.000000      -72.3615875       29145.6387    
   108.750000      -72.3615875       28121.8574    
   112.500000      -72.3615875       28492.6230    
   116.250000      -72.3615875       28800.2910    
   120.000000      -72.3615875       29284.4668    
   123.750000      -72.3615875       30270.5137    
   127.500000      -72.3615875       30670.6582    
   131.250000      -72.3615875       30143.0332    
   135.000000      -72.3615875       27883.3184    
   138.750000      -72.3615875       25228.0762    
   142.500000      -72.3615875       23573.5879    
   146.250000      -72.3615875       22449.9941    
   150.000000      -72.3615875       21400.7520    
   153.750000      -72.3615875       21603.6113    
   157.500000      -72.3615875       22547.5293    
   161.250000      -72.3615875       16291.8574    
   165.000000      -72.3615875       23268.3457    
   168.750000      -72.3615875       11066.6787    
   172.500000      -72.3615875      -3.20849609    
   176.250000      -72.3615875       2.26806641    
   180.000000      -72.3615875       5.55712891    
   183.750000      -72.3615875       6.45947266    
   187.500000      -72.3615875       5.04931641    
   191.250000      -72.3615875       2.67041016    
   195.000000      -72.3615875      0.693847656    
   198.750000      -72.3615875       2.41650391    
   202.500000      -72.3615875      0.459472656    
   206.250000      -72.3615875       1.19775391    
   210.000000      -72.3615875      -4.21240234    
   213.750000      -72.3615875       8.44726562E-02
   217.500000      -72.3615875       2.58447266    
   221.250000      -72.3615875       8.01416016    
   225.000000      -72.3615875      -1.17333984    
   228.750000      -72.3615875      -29.9624023    
   232.500000      -72.3615875      -14.7163086    
   236.250000      -72.3615875      -11.0639648    
   240.000000      -72.3615875      -4.57958984    
   243.750000      -72.3615875       15.6000977    
   247.500000      -72.3615875      0.193847656    
   251.250000      -72.3615875      -4.77099609    
   255.000000      -72.3615875       4.93164062E-02
   258.750000      -72.3615875       555.021973    
   262.500000      -72.3615875       2915.04541    
   266.250000      -72.3615875       245.150879    
   270.000000      -72.3615875       217.459473    
   273.750000      -72.3615875       19.1547852    
   277.500000      -72.3615875       22.7719727    
   281.250000      -72.3615875       1218.88916    
   285.000000      -72.3615875       2.00244141    
   288.750000      -72.3615875       1411.01416    
   292.500000      -72.3615875       1154.53760    
   296.250000      -72.3615875       18759.3848    
   300.000000      -72.3615875       24.9204102    
   303.750000      -72.3615875       1.20556641    
   307.500000      -72.3615875      -2.88818359    
   311.250000      -72.3615875       2.36181641    
   315.000000      -72.3615875       5.26806641    
   318.750000      -72.3615875      -6.50537109    
   322.500000      -72.3615875      -1.28271484    
   326.250000      -72.3615875      -1.01708984    
   330.000000      -72.3615875      -4.97802734    
   333.750000      -72.3615875      -2.88818359    
   337.500000      -72.3615875      -12.9467773    
   341.250000      -72.3615875       47.4711914    
   345.000000      -72.3615875       382.521973    
   348.750000      -72.3615875       2594.69775    
   352.500000      -72.3615875       13246.6006    
   356.250000      -72.3615875       16013.9355    
   360.000000      -72.3615875       15289.9395    
   0.00000000      -68.6520157      -4.84912109    
   3.75000000      -68.6520157      -3.59912109    
   7.50000000      -68.6520157       4.02197266    
   11.2500000      -68.6520157      -5.61474609    
   15.0000000      -68.6520157      -8.98583984    
   18.7500000      -68.6520157       1.49072266    
   22.5000000      -68.6520157      -2.54443359    
   26.2500000      -68.6520157       2.80712891    
   30.0000000      -68.6520157      -36.7163086    
   33.7500000      -68.6520157       1567.03760    
   37.5000000      -68.6520157      -40.6264648    
   41.2500000      -68.6520157       6795.22119    
   45.0000000      -68.6520157       15482.8857    
   48.7500000      -68.6520157       14514.5332    
   52.5000000      -68.6520157       23000.3105    
   56.2500000      -68.6520157       22595.7793    
   60.0000000      -68.6520157       18998.0371    
   63.7500000      -68.6520157       16030.4131    
   67.5000000      -68.6520157       10702.0225    
   71.2500000      -68.6520157       245.951660    
   75.0000000      -68.6520157       5.30712891    
   78.7500000      -68.6520157       5127.93994    
   82.5000000      -68.6520157       15381.1543    
   86.2500000      -68.6520157       18941.8105    
   90.0000000      -68.6520157       20377.8848    
   93.7500000      -68.6520157       22313.2559    
   97.5000000      -68.6520157       22579.2051    
   101.250000      -68.6520157       20944.2832    
   105.000000      -68.6520157       22701.7324    
   108.750000      -68.6520157       21013.5566    
   112.500000      -68.6520157       17656.1621    
   116.250000      -68.6520157       17012.6348    
   120.000000      -68.6520157       17870.8652    
   123.750000      -68.6520157       20653.7676    
   127.500000      -68.6520157       20383.0371    
   131.250000      -68.6520157       20622.7363    
   135.000000      -68.6520157       23604.9082    
   138.750000      -68.6520157       21955.8457    
   142.500000      -68.6520157       15014.2451    
   146.250000      -68.6520157       8187.25244    
   150.000000      -68.6520157       7229.78760    
   153.750000      -68.6520157       3317.93604    
   157.500000      -68.6520157      -5.41162109    
   161.250000      -68.6520157      -11.7241211    
   165.000000      -68.6520157      0.951660156    
   168.750000      -68.6520157       4.10400391    
   172.500000      -68.6520157      -10.5288086    
   176.250000      -68.6520157      -6.81396484    
   180.000000      -68.6520157      0.744628906    
   183.750000      -68.6520157       4.86962891    
   187.500000      -68.6520157      -2.41552734    
   191.250000      -68.6520157       3.70166016    
   195.000000      -68.6520157       6.18603516    
   198.750000      -68.6520157       2.46337891    
   202.500000      -68.6520157       7.51416016    
   206.250000      -68.6520157       3.31494141    
   210.000000      -68.6520157      -3.02880859    
   213.750000      -68.6520157      -3.88037109    
   217.500000      -68.6520157     -0.114746094    
   221.250000      -68.6520157     -0.341308594    
   225.000000      -68.6520157      -4.98974609    
   228.750000      -68.6520157      -7.54052734    
   232.500000      -68.6520157      -1.96630859    
   236.250000      -68.6520157       3.30322266    
   240.000000      -68.6520157      -1.73974609    
   243.750000      -68.6520157       1.41601562E-02
   247.500000      -68.6520157       2.66259766    
   251.250000      -68.6520157     -0.841308594    
   255.000000      -68.6520157      -3.52490234    
   258.750000      -68.6520157      -12.6577148    
   262.500000      -68.6520157       6.46337891    
   266.250000      -68.6520157      -1.60693359    
   270.000000      -68.6520157       122.150879    
   273.750000      -68.6520157       2.68212891    
   277.500000      -68.6520157       5.04150391    
   281.250000      -68.6520157      -14.5288086    
   285.000000      -68.6520157      -58.2709961    
   288.750000      -68.6520157       1249.34229    
   292.500000      -68.6520157       288.053223    
   296.250000      -68.6520157       2042.35400    
   300.000000      -68.6520157       16.7250977    
   303.750000      -68.6520157      -8.74365234    
   307.500000      -68.6520157       1.28369141    
   311.250000      -68.6520157       19.5610352    
   315.000000      -68.6520157      -6.08740234    
   318.750000      -68.6520157     -0.110839844    
   322.500000      -68.6520157       2.89306641    
   326.250000      -68.6520157       6.10351562E-02
   330.000000      -68.6520157     -0.978027344    
   333.750000      -68.6520157      -2.04833984    
   337.500000      -68.6520157      -3.39990234    
   341.250000      -68.6520157      -1.17333984    
   345.000000      -68.6520157       2.48681641    
   348.750000      -68.6520157       1.59228516    
   352.500000      -68.6520157       6.40478516    
   356.250000      -68.6520157      -1.14990234    
   360.000000      -68.6520157      -4.84912109    
   0.00000000      -64.9419479       3.19775391    
   3.75000000      -64.9419479       2.63916016    
   7.50000000      -64.9419479      -1.50537109    
   11.2500000      -64.9419479       1.06884766    
   15.0000000      -64.9419479     -0.224121094    
   18.7500000      -64.9419479       2.63916016    
   22.5000000      -64.9419479       1.35791016    
   26.2500000      -64.9419479      -3.24755859    
   30.0000000      -64.9419479       2.44140625E-03
   33.7500000      -64.9419479      0.459472656    
   37.5000000      -64.9419479      0.971191406    
   41.2500000      -64.9419479      -3.48583984    
   45.0000000      -64.9419479      -2.59912109    
   48.7500000      -64.9419479      -2.25537109    
   52.5000000      -64.9419479      -62.2045898    
   56.2500000      -64.9419479       21.8774414    
   60.0000000      -64.9419479       7.29150391    
   63.7500000      -64.9419479       1.67822266    
   67.5000000      -64.9419479      -1.98583984    
   71.2500000      -64.9419479      -3.45849609    
   75.0000000      -64.9419479      0.814941406    
   78.7500000      -64.9419479      -5.51708984    
   82.5000000      -64.9419479       2.06494141    
   86.2500000      -64.9419479      -9.98193359    
   90.0000000      -64.9419479       4.97119141    
   93.7500000      -64.9419479      -10.8764648    
   97.5000000      -64.9419479      -6.59912109    
   101.250000      -64.9419479      -86.1069336    
   105.000000      -64.9419479       43.8422852    
   108.750000      -64.9419479       8.44775391    
   112.500000      -64.9419479      -35.0288086    
   116.250000      -64.9419479      -16.2006836    
   120.000000      -64.9419479     -0.118652344    
   123.750000      -64.9419479      -1.01318359    
   127.500000      -64.9419479      -7.61083984    
   131.250000      -64.9419479       39.0297852    
   135.000000      -64.9419479       5.29541016    
   138.750000      -64.9419479      -16.9741211    
   142.500000      -64.9419479       5.96728516    
   146.250000      -64.9419479      -1.23974609    
   150.000000      -64.9419479      -2.84130859    
   153.750000      -64.9419479       4.64306641    
   157.500000      -64.9419479      -9.52148438E-02
   161.250000      -64.9419479       7.61572266    
   165.000000      -64.9419479      0.729003906    
   168.750000      -64.9419479      -4.31396484    
   172.500000      -64.9419479       2.33056641    
   176.250000      -64.9419479      -1.28662109    
   180.000000      -64.9419479       1.54541016    
   183.750000      -64.9419479       6.43603516    
   187.500000      -64.9419479      -1.56396484    
   191.250000      -64.9419479       5.33056641    
   195.000000      -64.9419479       6.65869141    
   198.750000      -64.9419479      -1.21240234    
   202.500000      -64.9419479      -2.97021484    
   206.250000      -64.9419479      0.225097656    
   210.000000      -64.9419479       1.10009766    
   213.750000      -64.9419479       3.47119141    
   217.500000      -64.9419479     -0.704589844    
   221.250000      -64.9419479      -6.32177734    
   225.000000      -64.9419479       4.09228516    
   228.750000      -64.9419479       3.97509766    
   232.500000      -64.9419479      -4.19677734    
   236.250000      -64.9419479     -0.720214844    
   240.000000      -64.9419479      0.193847656    
   243.750000      -64.9419479      -1.97802734    
   247.500000      -64.9419479       2.77587891    
   251.250000      -64.9419479       2.90478516    
   255.000000      -64.9419479      -6.68896484    
   258.750000      -64.9419479       1.67822266    
   262.500000      -64.9419479      -6.78710938E-02
   266.250000      -64.9419479       1.24072266    
   270.000000      -64.9419479       4.40478516    
   273.750000      -64.9419479       1.21337891    
   277.500000      -64.9419479     -0.743652344    
   281.250000      -64.9419479       4.26025391    
   285.000000      -64.9419479       18.4204102    
   288.750000      -64.9419479       7.01416016    
   292.500000      -64.9419479      -82.7319336    
   296.250000      -64.9419479       1054.94385    
   300.000000      -64.9419479      -280.763184    
   303.750000      -64.9419479      -31.8061523    
   307.500000      -64.9419479       6.76416016    
   311.250000      -64.9419479       8.37353516    
   315.000000      -64.9419479      -4.86474609    
   318.750000      -64.9419479      -8.19677734    
   322.500000      -64.9419479      -6.01318359    
   326.250000      -64.9419479       5.96728516    
   330.000000      -64.9419479      -2.85302734    
   333.750000      -64.9419479      -2.24365234    
   337.500000      -64.9419479      -2.06787109    
   341.250000      -64.9419479       2.77197266    
   345.000000      -64.9419479      -4.79833984    
   348.750000      -64.9419479       3.92041016    
   352.500000      -64.9419479       2.47900391    
   356.250000      -64.9419479      -4.88818359    
   360.000000      -64.9419479       3.19775391    
   0.00000000      -61.2315712       2.69384766    
   3.75000000      -61.2315712      0.830566406    
   7.50000000      -61.2315712      0.912597656    
   11.2500000      -61.2315712       1.34228516    
   15.0000000      -61.2315712     -0.290527344    
   18.7500000      -61.2315712       1.08056641    
   22.5000000      -61.2315712      0.459472656    
   26.2500000      -61.2315712       1.25244141    
   30.0000000      -61.2315712     -0.345214844    
   33.7500000      -61.2315712      -1.75146484    
   37.5000000      -61.2315712     -0.638183594    
   41.2500000      -61.2315712      0.396972656    
   45.0000000      -61.2315712     -0.595214844    
   48.7500000      -61.2315712      -2.95068359    
   52.5000000      -61.2315712      0.498535156    
   56.2500000      -61.2315712     -0.431152344    
   60.0000000      -61.2315712      -1.69677734    
   63.7500000      -61.2315712     -0.517089844    
   67.5000000      -61.2315712       1.27978516    
   71.2500000      -61.2315712       3.92041016    
   75.0000000      -61.2315712      0.779785156    
   78.7500000      -61.2315712     -0.864746094    
   82.5000000      -61.2315712     -0.692871094    
   86.2500000      -61.2315712       2.79931641    
   90.0000000      -61.2315712      -1.97802734    
   93.7500000      -61.2315712      -1.54443359    
   97.5000000      -61.2315712     -0.310058594    
   101.250000      -61.2315712      0.479003906    
   105.000000      -61.2315712      -1.41162109    
   108.750000      -61.2315712       3.01416016    
   112.500000      -61.2315712      -2.55615234    
   116.250000      -61.2315712      0.338378906    
   120.000000      -61.2315712      -6.78710938E-02
   123.750000      -61.2315712      -1.40380859    
   127.500000      -61.2315712     -0.876464844    
   131.250000      -61.2315712       2.15087891    
   135.000000      -61.2315712     -0.267089844    
   138.750000      -61.2315712      -2.61083984    
   142.500000      -61.2315712      -6.78710938E-02
   146.250000      -61.2315712       1.04931641    
   150.000000      -61.2315712      -1.85302734    
   153.750000      -61.2315712      0.248535156    
   157.500000      -61.2315712      -4.10693359    
   161.250000      -61.2315712       1.41601562E-02
   165.000000      -61.2315712      -1.62646484    
   168.750000      -61.2315712       1.80664062E-02
   172.500000      -61.2315712       1.34228516    
   176.250000      -61.2315712       1.10009766    
   180.000000      -61.2315712      -9.27734375E-03
   183.750000      -61.2315712       1.01025391    
   187.500000      -61.2315712      0.502441406    
   191.250000      -61.2315712       7.27539062E-02
   195.000000      -61.2315712      -1.05224609    
   198.750000      -61.2315712     -0.442871094    
   202.500000      -61.2315712       2.70947266    
   206.250000      -61.2315712      0.623535156    
   210.000000      -61.2315712       2.19726562E-02
   213.750000      -61.2315712      -4.44335938E-02
   217.500000      -61.2315712       2.44140625E-03
   221.250000      -61.2315712      0.135253906    
   225.000000      -61.2315712      -2.44677734    
   228.750000      -61.2315712      -2.06396484    
   232.500000      -61.2315712     -0.360839844    
   236.250000      -61.2315712       2.55322266    
   240.000000      -61.2315712      0.889160156    
   243.750000      -61.2315712     -0.454589844    
   247.500000      -61.2315712       1.48681641    
   251.250000      -61.2315712       2.93212891    
   255.000000      -61.2315712       1.22119141    
   258.750000      -61.2315712       2.99072266    
   262.500000      -61.2315712      -4.72021484    
   266.250000      -61.2315712      -1.62646484    
   270.000000      -61.2315712      0.818847656    
   273.750000      -61.2315712      -1.06005859    
   277.500000      -61.2315712       3.86181641    
   281.250000      -61.2315712       3.30712891    
   285.000000      -61.2315712      -2.13818359    
   288.750000      -61.2315712      -5.85693359    
   292.500000      -61.2315712      -4.14599609    
   296.250000      -61.2315712      -1.89208984    
   300.000000      -61.2315712      -20.4038086    
   303.750000      -61.2315712      -86.3452148    
   307.500000      -61.2315712       2.81884766    
   311.250000      -61.2315712      -1.27490234    
   315.000000      -61.2315712      -8.00537109    
   318.750000      -61.2315712      -3.02099609    
   322.500000      -61.2315712      -1.42724609    
   326.250000      -61.2315712      -3.66943359    
   330.000000      -61.2315712       1.54150391    
   333.750000      -61.2315712     -0.610839844    
   337.500000      -61.2315712      0.814941406    
   341.250000      -61.2315712      -3.07568359    
   345.000000      -61.2315712      -2.82958984    
   348.750000      -61.2315712      -1.39208984    
   352.500000      -61.2315712      0.225097656    
   356.250000      -61.2315712      0.760253906    
   360.000000      -61.2315712       2.69384766    
   0.00000000      -57.5209885     -0.407714844    
   3.75000000      -57.5209885       1.52197266    
   7.50000000      -57.5209885       4.65478516    
   11.2500000      -57.5209885     -0.106933594    
   15.0000000      -57.5209885       1.96728516    
   18.7500000      -57.5209885     -0.403808594    
   22.5000000      -57.5209885     -0.110839844    
   26.2500000      -57.5209885      -5.21240234    
   30.0000000      -57.5209885      -1.97412109    
   33.7500000      -57.5209885       2.77587891    
   37.5000000      -57.5209885      -1.11474609    
   41.2500000      -57.5209885      -1.16552734    
   45.0000000      -57.5209885      -4.83398438E-02
   48.7500000      -57.5209885      -1.05615234    
   52.5000000      -57.5209885      -4.34521484    
   56.2500000      -57.5209885     -0.751464844    
   60.0000000      -57.5209885      -1.03271484    
   63.7500000      -57.5209885      -3.00146484    
   67.5000000      -57.5209885       2.94775391    
   71.2500000      -57.5209885       3.99072266    
   75.0000000      -57.5209885       4.26806641    
   78.7500000      -57.5209885      -1.87255859    
   82.5000000      -57.5209885       3.03369141    
   86.2500000      -57.5209885       3.97119141    
   90.0000000      -57.5209885       2.24853516    
   93.7500000      -57.5209885      -5.94287109    
   97.5000000      -57.5209885       1.92431641    
   101.250000      -57.5209885       2.92431641    
   105.000000      -57.5209885      0.650878906    
   108.750000      -57.5209885       3.96337891    
   112.500000      -57.5209885      -6.27099609    
   116.250000      -57.5209885      -3.20068359    
   120.000000      -57.5209885       3.12744141    
   123.750000      -57.5209885      -1.05224609    
   127.500000      -57.5209885       4.46337891    
   131.250000      -57.5209885     -0.204589844    
   135.000000      -57.5209885       7.12744141    
   138.750000      -57.5209885      -3.16943359    
   142.500000      -57.5209885      0.154785156    
   146.250000      -57.5209885       3.45556641    
   150.000000      -57.5209885     -0.911621094    
   153.750000      -57.5209885      0.201660156    
   157.500000      -57.5209885       4.99072266    
   161.250000      -57.5209885      -3.80224609    
   165.000000      -57.5209885       3.31884766    
   168.750000      -57.5209885      -2.06787109    
   172.500000      -57.5209885     -0.645996094    
   176.250000      -57.5209885       5.48291016    
   180.000000      -57.5209885      0.439941406    
   183.750000      -57.5209885     -0.981933594    
   187.500000      -57.5209885      -2.74755859    
   191.250000      -57.5209885      -2.77880859    
   195.000000      -57.5209885       8.22119141    
   198.750000      -57.5209885      -3.21630859    
   202.500000      -57.5209885       5.13916016    
   206.250000      -57.5209885     -0.587402344    
   210.000000      -57.5209885       2.93603516    
   213.750000      -57.5209885      0.221191406    
   217.500000      -57.5209885       1.75634766    
   221.250000      -57.5209885       3.47900391    
   225.000000      -57.5209885       4.45166016    
   228.750000      -57.5209885     -0.657714844    
   232.500000      -57.5209885       7.28759766    
   236.250000      -57.5209885     -0.669433594    
   240.000000      -57.5209885       8.70166016    
   243.750000      -57.5209885      -6.96630859    
   247.500000      -57.5209885       2.16259766    
   251.250000      -57.5209885       3.02197266    
   255.000000      -57.5209885      -1.05615234    
   258.750000      -57.5209885       4.19384766    
   262.500000      -57.5209885     -0.669433594    
   266.250000      -57.5209885      -5.92333984    
   270.000000      -57.5209885     -0.927246094    
   273.750000      -57.5209885       3.38916016    
   277.500000      -57.5209885       6.49414062E-02
   281.250000      -57.5209885       4.79541016    
   285.000000      -57.5209885       4.16650391    
   288.750000      -57.5209885      -17.4624023    
   292.500000      -57.5209885       1.86181641    
   296.250000      -57.5209885      -4.98583984    
   300.000000      -57.5209885      -2.37646484    
   303.750000      -57.5209885      -3.19677734    
   307.500000      -57.5209885      -2.25146484    
   311.250000      -57.5209885      0.752441406    
   315.000000      -57.5209885      -6.19287109    
   318.750000      -57.5209885       3.36962891    
   322.500000      -57.5209885      -11.5874023    
   326.250000      -57.5209885      -1.84130859    
   330.000000      -57.5209885      -2.41943359    
   333.750000      -57.5209885       35.4750977    
   337.500000      -57.5209885       2.35400391    
   341.250000      -57.5209885     -0.517089844    
   345.000000      -57.5209885      -4.65380859    
   348.750000      -57.5209885       1.38525391    
   352.500000      -57.5209885       1.40087891    
   356.250000      -57.5209885       1.94775391    
   360.000000      -57.5209885     -0.407714844    
   0.00000000      -53.8102722      -1.20849609    
   3.75000000      -53.8102722      -6.61083984    
   7.50000000      -53.8102722      -1.88037109    
   11.2500000      -53.8102722     -0.364746094    
   15.0000000      -53.8102722      0.404785156    
   18.7500000      -53.8102722      0.639160156    
   22.5000000      -53.8102722      0.393066406    
   26.2500000      -53.8102722      -2.49023438E-02
   30.0000000      -53.8102722       4.09228516    
   33.7500000      -53.8102722      -3.13818359    
   37.5000000      -53.8102722       1.04541016    
   41.2500000      -53.8102722      0.650878906    
   45.0000000      -53.8102722      0.932128906    
   48.7500000      -53.8102722      0.721191406    
   52.5000000      -53.8102722       1.97509766    
   56.2500000      -53.8102722     -0.458496094    
   60.0000000      -53.8102722       1.94384766    
   63.7500000      -53.8102722      -1.28271484    
   67.5000000      -53.8102722       1.16650391    
   71.2500000      -53.8102722       1.02978516    
   75.0000000      -53.8102722      -3.62255859    
   78.7500000      -53.8102722       1.32275391    
   82.5000000      -53.8102722      -2.39599609    
   86.2500000      -53.8102722       6.49414062E-02
   90.0000000      -53.8102722      -1.30224609    
   93.7500000      -53.8102722       1.34228516    
   97.5000000      -53.8102722       1.27978516    
   101.250000      -53.8102722     -0.216308594    
   105.000000      -53.8102722      -1.95458984    
   108.750000      -53.8102722      -2.00537109    
   112.500000      -53.8102722       3.89306641    
   116.250000      -53.8102722     -0.462402344    
   120.000000      -53.8102722      -1.59130859    
   123.750000      -53.8102722      -2.49023438E-02
   127.500000      -53.8102722     -0.294433594    
   131.250000      -53.8102722      -1.81396484    
   135.000000      -53.8102722      0.404785156    
   138.750000      -53.8102722       1.20947266    
   142.500000      -53.8102722      0.568847656    
   146.250000      -53.8102722      0.564941406    
   150.000000      -53.8102722       1.35791016    
   153.750000      -53.8102722       1.26806641    
   157.500000      -53.8102722     -0.142089844    
   161.250000      -53.8102722      0.592285156    
   165.000000      -53.8102722      0.197753906    
   168.750000      -53.8102722      0.291503906    
   172.500000      -53.8102722     -0.704589844    
   176.250000      -53.8102722      -4.03662109    
   180.000000      -53.8102722      0.807128906    
   183.750000      -53.8102722      0.229003906    
   187.500000      -53.8102722       1.20556641    
   191.250000      -53.8102722       3.75634766    
   195.000000      -53.8102722      -5.16162109    
   198.750000      -53.8102722      -2.29052734    
   202.500000      -53.8102722      -2.32568359    
   206.250000      -53.8102722      0.725097656    
   210.000000      -53.8102722     -0.458496094    
   213.750000      -53.8102722      -3.27099609    
   217.500000      -53.8102722     -0.505371094    
   221.250000      -53.8102722     -0.665527344    
   225.000000      -53.8102722       1.45166016    
   228.750000      -53.8102722       1.01025391    
   232.500000      -53.8102722       1.76025391    
   236.250000      -53.8102722     -0.813964844    
   240.000000      -53.8102722       3.21337891    
   243.750000      -53.8102722       1.94775391    
   247.500000      -53.8102722     -0.364746094    
   251.250000      -53.8102722      0.318847656    
   255.000000      -53.8102722       1.59619141    
   258.750000      -53.8102722      -3.66552734    
   262.500000      -53.8102722       2.95556641    
   266.250000      -53.8102722      0.920410156    
   270.000000      -53.8102722      -7.03662109    
   273.750000      -53.8102722       4.83837891    
   277.500000      -53.8102722      -9.92724609    
   281.250000      -53.8102722      0.994628906    
   285.000000      -53.8102722       1.36572266    
   288.750000      -53.8102722       1717.78369    
   292.500000      -53.8102722       554.748535    
   296.250000      -53.8102722      -3.13818359    
   300.000000      -53.8102722     -0.962402344    
   303.750000      -53.8102722       3.24853516    
   307.500000      -53.8102722      -4.08740234    
   311.250000      -53.8102722     -0.962402344    
   315.000000      -53.8102722      -2.24365234    
   318.750000      -53.8102722      0.643066406    
   322.500000      -53.8102722       935.342285    
   326.250000      -53.8102722       5.49853516    
   330.000000      -53.8102722      -1.84130859    
   333.750000      -53.8102722     -0.603027344    
   337.500000      -53.8102722      0.760253906    
   341.250000      -53.8102722      -1.02490234    
   345.000000      -53.8102722      -2.17333984    
   348.750000      -53.8102722       3.16650391    
   352.500000      -53.8102722       7.27539062E-02
   356.250000      -53.8102722      -2.22021484    
   360.000000      -53.8102722      -1.20849609    
   0.00000000      -50.0994530      -3.39208984    
   3.75000000      -50.0994530      -2.06396484    
   7.50000000      -50.0994530      0.490722656    
   11.2500000      -50.0994530       2.42822266    
   15.0000000      -50.0994530      -2.59130859    
   18.7500000      -50.0994530     -0.161621094    
   22.5000000      -50.0994530     -0.895996094    
   26.2500000      -50.0994530       7.27539062E-02
   30.0000000      -50.0994530       2.42041016    
   33.7500000      -50.0994530      -1.53271484    
   37.5000000      -50.0994530      -1.33740234    
   41.2500000      -50.0994530       1.68994141    
   45.0000000      -50.0994530      0.639160156    
   48.7500000      -50.0994530       3.90869141    
   52.5000000      -50.0994530       1.41650391    
   56.2500000      -50.0994530      -3.27148438E-02
   60.0000000      -50.0994530      -1.35693359    
   63.7500000      -50.0994530       3.51025391    
   67.5000000      -50.0994530       25.2993164    
   71.2500000      -50.0994530      -31.8842773    
   75.0000000      -50.0994530      -1.55615234    
   78.7500000      -50.0994530      0.100097656    
   82.5000000      -50.0994530       3.95166016    
   86.2500000      -50.0994530      -1.44677734    
   90.0000000      -50.0994530     -0.407714844    
   93.7500000      -50.0994530      -1.19677734    
   97.5000000      -50.0994530      -1.53662109    
   101.250000      -50.0994530       1.08056641    
   105.000000      -50.0994530      0.135253906    
   108.750000      -50.0994530       6.49414062E-02
   112.500000      -50.0994530      0.154785156    
   116.250000      -50.0994530       1.92041016    
   120.000000      -50.0994530      0.924316406    
   123.750000      -50.0994530       3.08837891    
   127.500000      -50.0994530      -1.22021484    
   131.250000      -50.0994530       2.50634766    
   135.000000      -50.0994530     -0.724121094    
   138.750000      -50.0994530      -1.38818359    
   142.500000      -50.0994530     -0.989746094    
   146.250000      -50.0994530      -1.57958984    
   150.000000      -50.0994530      -2.04443359    
   153.750000      -50.0994530       3.36914062E-02
   157.500000      -50.0994530      -4.89599609    
   161.250000      -50.0994530       2.42041016    
   165.000000      -50.0994530       11.7446289    
   168.750000      -50.0994530       6.54541016    
   172.500000      -50.0994530       1.24072266    
   176.250000      -50.0994530      -5.75537109    
   180.000000      -50.0994530       3.84619141    
   183.750000      -50.0994530      0.318847656    
   187.500000      -50.0994530      -4.44335938E-02
   191.250000      -50.0994530      -5.06396484    
   195.000000      -50.0994530      -4.64599609    
   198.750000      -50.0994530       2.19384766    
   202.500000      -50.0994530      -2.06787109    
   206.250000      -50.0994530     -0.704589844    
   210.000000      -50.0994530      -1.73583984    
   213.750000      -50.0994530      -2.77099609    
   217.500000      -50.0994530     -0.122558594    
   221.250000      -50.0994530     -0.489746094    
   225.000000      -50.0994530      -3.92724609    
   228.750000      -50.0994530      -1.09912109    
   232.500000      -50.0994530      -2.81005859    
   236.250000      -50.0994530      -1.11865234    
   240.000000      -50.0994530      -2.76708984    
   243.750000      -50.0994530       2.22119141    
   247.500000      -50.0994530       2.19775391    
   251.250000      -50.0994530       2.39306641    
   255.000000      -50.0994530       1.71728516    
   258.750000      -50.0994530       2.44140625E-03
   262.500000      -50.0994530      -2.23974609    
   266.250000      -50.0994530       2.16259766    
   270.000000      -50.0994530      -6.38037109    
   273.750000      -50.0994530       1.88916016    
   277.500000      -50.0994530       3.79931641    
   281.250000      -50.0994530      -2.61474609    
   285.000000      -50.0994530       976.811035    
   288.750000      -50.0994530       5349.16650    
   292.500000      -50.0994530      -23.3686523    
   296.250000      -50.0994530       1.93994141    
   300.000000      -50.0994530       7.58056641    
   303.750000      -50.0994530      -6.15380859    
   307.500000      -50.0994530      0.943847656    
   311.250000      -50.0994530      -4.83398438E-02
   315.000000      -50.0994530      0.455566406    
   318.750000      -50.0994530      -4.57958984    
   322.500000      -50.0994530       1.96337891    
   326.250000      -50.0994530     -0.622558594    
   330.000000      -50.0994530       4.15869141    
   333.750000      -50.0994530       1.92041016    
   337.500000      -50.0994530      -2.56787109    
   341.250000      -50.0994530       1.46337891    
   345.000000      -50.0994530       4.03369141    
   348.750000      -50.0994530       3.27587891    
   352.500000      -50.0994530       3.79931641    
   356.250000      -50.0994530       3.11962891    
   360.000000      -50.0994530      -3.39208984    
   0.00000000      -46.3885536      -1.75537109    
   3.75000000      -46.3885536      -5.97412109    
   7.50000000      -46.3885536       3.94384766    
   11.2500000      -46.3885536      -5.82958984    
   15.0000000      -46.3885536       3.14697266    
   18.7500000      -46.3885536      -4.95458984    
   22.5000000      -46.3885536       1.98681641    
   26.2500000      -46.3885536       1.60791016    
   30.0000000      -46.3885536      -1.49755859    
   33.7500000      -46.3885536       1.05712891    
   37.5000000      -46.3885536       84.4282227    
   41.2500000      -46.3885536       2.44384766    
   45.0000000      -46.3885536       6.26806641    
   48.7500000      -46.3885536       3.34228516    
   52.5000000      -46.3885536       64.9946289    
   56.2500000      -46.3885536       1.64697266    
   60.0000000      -46.3885536      -1.27099609    
   63.7500000      -46.3885536       7.14697266    
   67.5000000      -46.3885536     -0.993652344    
   71.2500000      -46.3885536       1.68994141    
   75.0000000      -46.3885536       2.89697266    
   78.7500000      -46.3885536      -3.40771484    
   82.5000000      -46.3885536      -4.33349609    
   86.2500000      -46.3885536      -5.64599609    
   90.0000000      -46.3885536     -0.177246094    
   93.7500000      -46.3885536      -5.48193359    
   97.5000000      -46.3885536       2.70166016    
   101.250000      -46.3885536       1.84619141    
   105.000000      -46.3885536      -4.00146484    
   108.750000      -46.3885536     -0.938964844    
   112.500000      -46.3885536     -0.993652344    
   116.250000      -46.3885536       1.07666016    
   120.000000      -46.3885536     -0.392089844    
   123.750000      -46.3885536       2.75244141    
   127.500000      -46.3885536      -7.62255859    
   131.250000      -46.3885536     -0.958496094    
   135.000000      -46.3885536       1.45166016    
   138.750000      -46.3885536       2.73291016    
   142.500000      -46.3885536      -4.17724609    
   146.250000      -46.3885536      -3.16162109    
   150.000000      -46.3885536       1.65869141    
   153.750000      -46.3885536      -1.68115234    
   157.500000      -46.3885536      -1.06396484    
   161.250000      -46.3885536      -2.60302734    
   165.000000      -46.3885536      -2.67724609    
   168.750000      -46.3885536       394.568848    
   172.500000      -46.3885536      -6.28271484    
   176.250000      -46.3885536      -10.1928711    
   180.000000      -46.3885536       1.84619141    
   183.750000      -46.3885536      -2.72021484    
   187.500000      -46.3885536       1.78759766    
   191.250000      -46.3885536      -7.95898438E-02
   195.000000      -46.3885536      -1.92724609    
   198.750000      -46.3885536       4.28759766    
   202.500000      -46.3885536      -3.41552734    
   206.250000      -46.3885536      0.393066406    
   210.000000      -46.3885536      -1.84521484    
   213.750000      -46.3885536      0.678222656    
   217.500000      -46.3885536      -1.31005859    
   221.250000      -46.3885536       3.03369141    
   225.000000      -46.3885536       1.66650391    
   228.750000      -46.3885536       1.36572266    
   232.500000      -46.3885536      0.783691406    
   236.250000      -46.3885536      -2.75146484    
   240.000000      -46.3885536      -4.72412109    
   243.750000      -46.3885536       2.93212891    
   247.500000      -46.3885536      0.400878906    
   251.250000      -46.3885536      -2.59130859    
   255.000000      -46.3885536       1.79541016    
   258.750000      -46.3885536      0.287597656    
   262.500000      -46.3885536      -3.67724609    
   266.250000      -46.3885536      -3.05224609    
   270.000000      -46.3885536       12.1586914    
   273.750000      -46.3885536       2.97900391    
   277.500000      -46.3885536      -10.4155273    
   281.250000      -46.3885536       19.6079102    
   285.000000      -46.3885536       1296.97510    
   288.750000      -46.3885536       3527.28760    
   292.500000      -46.3885536       1296.89307    
   296.250000      -46.3885536      -13.8959961    
   300.000000      -46.3885536       13.9438477    
   303.750000      -46.3885536      -1.06396484    
   307.500000      -46.3885536       9.29931641    
   311.250000      -46.3885536       1.10791016    
   315.000000      -46.3885536      -9.74755859    
   318.750000      -46.3885536     -0.474121094    
   322.500000      -46.3885536     -0.556152344    
   326.250000      -46.3885536      -6.63427734    
   330.000000      -46.3885536      0.111816406    
   333.750000      -46.3885536       4.56884766    
   337.500000      -46.3885536      -1.08740234    
   341.250000      -46.3885536       1.27197266    
   345.000000      -46.3885536       2.40087891    
   348.750000      -46.3885536      -1.06005859    
   352.500000      -46.3885536       2.54931641    
   356.250000      -46.3885536      0.975097656    
   360.000000      -46.3885536      -1.75537109    
   0.00000000      -42.6776047      -2.94677734    
   3.75000000      -42.6776047      -1.43896484    
   7.50000000      -42.6776047      -1.02880859    
   11.2500000      -42.6776047      0.795410156    
   15.0000000      -42.6776047      -1.65380859    
   18.7500000      -42.6776047       4.76416016    
   22.5000000      -42.6776047      -3.29443359    
   26.2500000      -42.6776047      -3.18505859    
   30.0000000      -42.6776047       6.10351562E-02
   33.7500000      -42.6776047      -1.50927734    
   37.5000000      -42.6776047     -0.278808594    
   41.2500000      -42.6776047      -1.69287109    
   45.0000000      -42.6776047      0.588378906    
   48.7500000      -42.6776047     -0.228027344    
   52.5000000      -42.6776047      0.572753906    
   56.2500000      -42.6776047      -2.81396484    
   60.0000000      -42.6776047       1.51806641    
   63.7500000      -42.6776047       1.04541016    
   67.5000000      -42.6776047       1.16650391    
   71.2500000      -42.6776047     -0.747558594    
   75.0000000      -42.6776047      -1.19287109    
   78.7500000      -42.6776047      0.686035156    
   82.5000000      -42.6776047       2.02587891    
   86.2500000      -42.6776047     -0.731933594    
   90.0000000      -42.6776047       1.99853516    
   93.7500000      -42.6776047       1.07666016    
   97.5000000      -42.6776047      -1.39208984    
   101.250000      -42.6776047      0.174316406    
   105.000000      -42.6776047     -0.204589844    
   108.750000      -42.6776047      -2.04443359    
   112.500000      -42.6776047      0.436035156    
   116.250000      -42.6776047       2.46728516    
   120.000000      -42.6776047       1.58056641    
   123.750000      -42.6776047      0.752441406    
   127.500000      -42.6776047      -4.23193359    
   131.250000      -42.6776047      -1.46484375E-03
   135.000000      -42.6776047      -3.13427734    
   138.750000      -42.6776047      -2.18896484    
   142.500000      -42.6776047      -3.98193359    
   146.250000      -42.6776047       4629.40088    
   150.000000      -42.6776047      -23.1616211    
   153.750000      -42.6776047      -6.61865234    
   157.500000      -42.6776047       2.62353516    
   161.250000      -42.6776047       1.43212891    
   165.000000      -42.6776047       1.10400391    
   168.750000      -42.6776047       11.5180664    
   172.500000      -42.6776047       6983.81885    
   176.250000      -42.6776047       21.8188477    
   180.000000      -42.6776047       4.24462891    
   183.750000      -42.6776047     -0.860839844    
   187.500000      -42.6776047      -1.50146484    
   191.250000      -42.6776047      -1.08740234    
   195.000000      -42.6776047      -1.97021484    
   198.750000      -42.6776047     -0.626464844    
   202.500000      -42.6776047      -1.19677734    
   206.250000      -42.6776047      -4.44335938E-02
   210.000000      -42.6776047       1.59228516    
   213.750000      -42.6776047       2.80712891    
   217.500000      -42.6776047     -0.185058594    
   221.250000      -42.6776047      0.541503906    
   225.000000      -42.6776047      -1.67724609    
   228.750000      -42.6776047      -1.53271484    
   232.500000      -42.6776047      -1.38037109    
   236.250000      -42.6776047      -2.09960938E-02
   240.000000      -42.6776047      -1.01318359    
   243.750000      -42.6776047      -1.18896484    
   247.500000      -42.6776047       1.95556641    
   251.250000      -42.6776047       1.20166016    
   255.000000      -42.6776047       2.33837891    
   258.750000      -42.6776047      -2.09130859    
   262.500000      -42.6776047      -2.98974609    
   266.250000      -42.6776047       3.29150391    
   270.000000      -42.6776047      -4.61474609    
   273.750000      -42.6776047      -6.38037109    
   277.500000      -42.6776047       1.10791016    
   281.250000      -42.6776047      0.889160156    
   285.000000      -42.6776047       75.2602539    
   288.750000      -42.6776047       10352.1982    
   292.500000      -42.6776047       6354.13525    
   296.250000      -42.6776047       272.010254    
   300.000000      -42.6776047       3.80712891    
   303.750000      -42.6776047       2.77978516    
   307.500000      -42.6776047      -1.82958984    
   311.250000      -42.6776047      -3.73193359    
   315.000000      -42.6776047       1.82666016    
   318.750000      -42.6776047      -2.26318359    
   322.500000      -42.6776047      -2.40771484    
   326.250000      -42.6776047      -1.97412109    
   330.000000      -42.6776047      -1.58349609    
   333.750000      -42.6776047       1.61962891    
   337.500000      -42.6776047     -0.192871094    
   341.250000      -42.6776047      -2.19677734    
   345.000000      -42.6776047      0.896972656    
   348.750000      -42.6776047     -0.427246094    
   352.500000      -42.6776047      0.201660156    
   356.250000      -42.6776047     -0.903808594    
   360.000000      -42.6776047      -2.94677734    
   0.00000000      -38.9666100      -7.17724609    
   3.75000000      -38.9666100       1.89306641    
   7.50000000      -38.9666100      -4.74755859    
   11.2500000      -38.9666100      -3.61083984    
   15.0000000      -38.9666100      -4.24365234    
   18.7500000      -38.9666100       3.55322266    
   22.5000000      -38.9666100      -2.92724609    
   26.2500000      -38.9666100       3.38134766    
   30.0000000      -38.9666100     -0.817871094    
   33.7500000      -38.9666100      -3.09130859    
   37.5000000      -38.9666100      -1.20849609    
   41.2500000      -38.9666100      -2.27880859    
   45.0000000      -38.9666100     -0.212402344    
   48.7500000      -38.9666100      -1.30615234    
   52.5000000      -38.9666100      -1.94287109    
   56.2500000      -38.9666100      0.123535156    
   60.0000000      -38.9666100       1.78759766    
   63.7500000      -38.9666100      -1.79443359    
   67.5000000      -38.9666100       1.95166016    
   71.2500000      -38.9666100      -1.23583984    
   75.0000000      -38.9666100      -2.73974609    
   78.7500000      -38.9666100      -1.96630859    
   82.5000000      -38.9666100      -3.22021484    
   86.2500000      -38.9666100      -1.92333984    
   90.0000000      -38.9666100      -1.23583984    
   93.7500000      -38.9666100     -0.645996094    
   97.5000000      -38.9666100     -0.114746094    
   101.250000      -38.9666100     -0.997558594    
   105.000000      -38.9666100      -3.24755859    
   108.750000      -38.9666100       1.77587891    
   112.500000      -38.9666100       1.13916016    
   116.250000      -38.9666100       3.95947266    
   120.000000      -38.9666100     -0.907714844    
   123.750000      -38.9666100      -1.28662109    
   127.500000      -38.9666100      -1.95068359    
   131.250000      -38.9666100       2.67041016    
   135.000000      -38.9666100       2.98681641    
   138.750000      -38.9666100       1.22900391    
   142.500000      -38.9666100       22.7250977    
   146.250000      -38.9666100       212.076660    
   150.000000      -38.9666100       3.93603516    
   153.750000      -38.9666100      -8.34960938E-02
   157.500000      -38.9666100      -4.66162109    
   161.250000      -38.9666100     -0.587402344    
   165.000000      -38.9666100      -3.70849609    
   168.750000      -38.9666100       7.97509766    
   172.500000      -38.9666100      -34.6577148    
   176.250000      -38.9666100       7080.93994    
   180.000000      -38.9666100       7.92041016    
   183.750000      -38.9666100      -4.41552734    
   187.500000      -38.9666100     -0.657714844    
   191.250000      -38.9666100      -3.17333984    
   195.000000      -38.9666100     -0.388183594    
   198.750000      -38.9666100      -1.98193359    
   202.500000      -38.9666100      0.111816406    
   206.250000      -38.9666100       2.79541016    
   210.000000      -38.9666100      -1.48193359    
   213.750000      -38.9666100     -0.927246094    
   217.500000      -38.9666100      -9.13085938E-02
   221.250000      -38.9666100      0.939941406    
   225.000000      -38.9666100      -3.35302734    
   228.750000      -38.9666100     -0.782714844    
   232.500000      -38.9666100       1.99853516    
   236.250000      -38.9666100     -0.106933594    
   240.000000      -38.9666100       1.42822266    
   243.750000      -38.9666100      -1.75146484    
   247.500000      -38.9666100     -0.708496094    
   251.250000      -38.9666100      0.217285156    
   255.000000      -38.9666100       2.57666016    
   258.750000      -38.9666100      -2.87255859    
   262.500000      -38.9666100      -4.77099609    
   266.250000      -38.9666100      -2.58740234    
   270.000000      -38.9666100      0.428222656    
   273.750000      -38.9666100       3.86181641    
   277.500000      -38.9666100      -2.56005859    
   281.250000      -38.9666100      -17.1381836    
   285.000000      -38.9666100       6.95166016    
   288.750000      -38.9666100       13615.6230    
   292.500000      -38.9666100       3339.21338    
   296.250000      -38.9666100       855.576660    
   300.000000      -38.9666100       36.0844727    
   303.750000      -38.9666100     -0.782714844    
   307.500000      -38.9666100       4.43212891    
   311.250000      -38.9666100      -4.73974609    
   315.000000      -38.9666100       4.49853516    
   318.750000      -38.9666100      0.752441406    
   322.500000      -38.9666100     -0.876464844    
   326.250000      -38.9666100      -2.32958984    
   330.000000      -38.9666100       1.23681641    
   333.750000      -38.9666100     -0.392089844    
   337.500000      -38.9666100       1.16650391    
   341.250000      -38.9666100      -1.17724609    
   345.000000      -38.9666100     -0.536621094    
   348.750000      -38.9666100       6.43212891    
   352.500000      -38.9666100     -0.728027344    
   356.250000      -38.9666100      -3.59912109    
   360.000000      -38.9666100      -7.17724609    
   0.00000000      -35.2555809       3.34228516    
   3.75000000      -35.2555809      -3.03271484    
   7.50000000      -35.2555809      -1.80224609    
   11.2500000      -35.2555809      -2.61474609    
   15.0000000      -35.2555809      -8.54833984    
   18.7500000      -35.2555809      -2.77490234    
   22.5000000      -35.2555809      -21.0288086    
   26.2500000      -35.2555809      -2.27099609    
   30.0000000      -35.2555809       1.22119141    
   33.7500000      -35.2555809      0.908691406    
   37.5000000      -35.2555809      -1.82177734    
   41.2500000      -35.2555809      -1.24365234    
   45.0000000      -35.2555809      -6.00585938E-02
   48.7500000      -35.2555809      0.490722656    
   52.5000000      -35.2555809      -4.91162109    
   56.2500000      -35.2555809      0.299316406    
   60.0000000      -35.2555809      0.850097656    
   63.7500000      -35.2555809      -6.00585938E-02
   67.5000000      -35.2555809       2.61962891    
   71.2500000      -35.2555809      -2.38427734    
   75.0000000      -35.2555809       2.77197266    
   78.7500000      -35.2555809       1.85400391    
   82.5000000      -35.2555809      -3.82568359    
   86.2500000      -35.2555809      -1.77490234    
   90.0000000      -35.2555809       1.26806641    
   93.7500000      -35.2555809       3.88916016    
   97.5000000      -35.2555809      -3.34130859    
   101.250000      -35.2555809      -2.29833984    
   105.000000      -35.2555809      -4.83398438E-02
   108.750000      -35.2555809     -0.966308594    
   112.500000      -35.2555809      0.975097656    
   116.250000      -35.2555809       21.3696289    
   120.000000      -35.2555809      -4.03271484    
   123.750000      -35.2555809      -1.21240234    
   127.500000      -35.2555809      0.213378906    
   131.250000      -35.2555809       2.90478516    
   135.000000      -35.2555809       3.80712891    
   138.750000      -35.2555809       882.529785    
   142.500000      -35.2555809       739.795410    
   146.250000      -35.2555809       1270.12354    
   150.000000      -35.2555809       4343.32275    
   153.750000      -35.2555809       2.97509766    
   157.500000      -35.2555809      -2.25146484    
   161.250000      -35.2555809      -2.09912109    
   165.000000      -35.2555809      0.869628906    
   168.750000      -35.2555809       1.38525391    
   172.500000      -35.2555809       6.87353516    
   176.250000      -35.2555809       14.6157227    
   180.000000      -35.2555809      -1.05615234    
   183.750000      -35.2555809       1.57275391    
   187.500000      -35.2555809     -0.395996094    
   191.250000      -35.2555809       1.29150391    
   195.000000      -35.2555809       2.24072266    
   198.750000      -35.2555809      -1.28662109    
   202.500000      -35.2555809     -0.114746094    
   206.250000      -35.2555809      -2.70068359    
   210.000000      -35.2555809      0.521972656    
   213.750000      -35.2555809       6.10351562E-02
   217.500000      -35.2555809      -1.45849609    
   221.250000      -35.2555809       1.50244141    
   225.000000      -35.2555809      0.373535156    
   228.750000      -35.2555809      -1.07958984    
   232.500000      -35.2555809       1.06103516    
   236.250000      -35.2555809      -2.79443359    
   240.000000      -35.2555809      -1.14208984    
   243.750000      -35.2555809     -0.681152344    
   247.500000      -35.2555809       1.46337891    
   251.250000      -35.2555809      -2.09960938E-02
   255.000000      -35.2555809      -2.03662109    
   258.750000      -35.2555809      0.744628906    
   262.500000      -35.2555809      -2.76708984    
   266.250000      -35.2555809       3.59619141    
   270.000000      -35.2555809      0.486816406    
   273.750000      -35.2555809       6.20947266    
   277.500000      -35.2555809       3.58056641    
   281.250000      -35.2555809      -1.59912109    
   285.000000      -35.2555809       33.5766602    
   288.750000      -35.2555809       6196.86182    
   292.500000      -35.2555809       4253.88525    
   296.250000      -35.2555809       1311.04932    
   300.000000      -35.2555809       483.213379    
   303.750000      -35.2555809       5.13916016    
   307.500000      -35.2555809      0.244628906    
   311.250000      -35.2555809      -3.44287109    
   315.000000      -35.2555809      -5.77490234    
   318.750000      -35.2555809       4.92041016    
   322.500000      -35.2555809      -3.54052734    
   326.250000      -35.2555809       6.12744141    
   330.000000      -35.2555809       7.00634766    
   333.750000      -35.2555809      -4.11083984    
   337.500000      -35.2555809      -1.27880859    
   341.250000      -35.2555809      -2.39208984    
   345.000000      -35.2555809       1.42041016    
   348.750000      -35.2555809      -1.25537109    
   352.500000      -35.2555809     -0.470214844    
   356.250000      -35.2555809       2.04541016    
   360.000000      -35.2555809       3.34228516    
   0.00000000      -31.5445251      -9.13085938E-02
   3.75000000      -31.5445251      0.268066406    
   7.50000000      -31.5445251       4.97119141    
   11.2500000      -31.5445251       1.69384766    
   15.0000000      -31.5445251       1.54150391    
   18.7500000      -31.5445251       2624.06104    
   22.5000000      -31.5445251       14322.9863    
   26.2500000      -31.5445251       14451.6475    
   30.0000000      -31.5445251       68.5102539    
   33.7500000      -31.5445251       1.74462891    
   37.5000000      -31.5445251       1.00634766    
   41.2500000      -31.5445251      -2.13427734    
   45.0000000      -31.5445251      -1.81396484    
   48.7500000      -31.5445251       1.03369141    
   52.5000000      -31.5445251       1.04150391    
   56.2500000      -31.5445251     -0.142089844    
   60.0000000      -31.5445251      -1.07568359    
   63.7500000      -31.5445251       2.54931641    
   67.5000000      -31.5445251      0.693847656    
   71.2500000      -31.5445251      -2.98193359    
   75.0000000      -31.5445251       5.32226562E-02
   78.7500000      -31.5445251      0.951660156    
   82.5000000      -31.5445251      0.494628906    
   86.2500000      -31.5445251     -0.395996094    
   90.0000000      -31.5445251      0.221191406    
   93.7500000      -31.5445251      -1.60693359    
   97.5000000      -31.5445251       2.58789062E-02
   101.250000      -31.5445251      0.447753906    
   105.000000      -31.5445251     -0.813964844    
   108.750000      -31.5445251     -0.513183594    
   112.500000      -31.5445251       2.17431641    
   116.250000      -31.5445251       2337.57275    
   120.000000      -31.5445251       4156.73682    
   123.750000      -31.5445251       1931.60791    
   127.500000      -31.5445251       892.396973    
   131.250000      -31.5445251       46.1547852    
   135.000000      -31.5445251       1535.76025    
   138.750000      -31.5445251       4443.01416    
   142.500000      -31.5445251       1561.76416    
   146.250000      -31.5445251       2939.61182    
   150.000000      -31.5445251       5768.53369    
   153.750000      -31.5445251      -4.76708984    
   157.500000      -31.5445251     -0.302246094    
   161.250000      -31.5445251       1.37353516    
   165.000000      -31.5445251      -1.02880859    
   168.750000      -31.5445251     -0.462402344    
   172.500000      -31.5445251       4.54101562E-02
   176.250000      -31.5445251      0.545410156    
   180.000000      -31.5445251      0.951660156    
   183.750000      -31.5445251      -1.31005859    
   187.500000      -31.5445251       1.68994141    
   191.250000      -31.5445251      -1.52099609    
   195.000000      -31.5445251      -1.36083984    
   198.750000      -31.5445251      -1.32958984    
   202.500000      -31.5445251      0.521972656    
   206.250000      -31.5445251     -0.228027344    
   210.000000      -31.5445251      -1.66552734    
   213.750000      -31.5445251      -1.18505859    
   217.500000      -31.5445251     -0.485839844    
   221.250000      -31.5445251      -1.81005859    
   225.000000      -31.5445251      -1.38037109    
   228.750000      -31.5445251      -1.65771484    
   232.500000      -31.5445251      0.658691406    
   236.250000      -31.5445251      -1.29052734    
   240.000000      -31.5445251      -1.86083984    
   243.750000      -31.5445251       1.63134766    
   247.500000      -31.5445251      0.979003906    
   251.250000      -31.5445251     -0.856933594    
   255.000000      -31.5445251      -2.83740234    
   258.750000      -31.5445251       2.45556641    
   262.500000      -31.5445251      -2.37255859    
   266.250000      -31.5445251      -3.10302734    
   270.000000      -31.5445251       2.11962891    
   273.750000      -31.5445251       3.50634766    
   277.500000      -31.5445251       4.57666016    
   281.250000      -31.5445251       12.0766602    
   285.000000      -31.5445251      -12.7944336    
   288.750000      -31.5445251       6744.56885    
   292.500000      -31.5445251       5240.99072    
   296.250000      -31.5445251       2943.38525    
   300.000000      -31.5445251       683.186035    
   303.750000      -31.5445251       2094.83057    
   307.500000      -31.5445251       602.838379    
   311.250000      -31.5445251      -1.99755859    
   315.000000      -31.5445251       5.75244141    
   318.750000      -31.5445251       3.17431641    
   322.500000      -31.5445251      -6.68115234    
   326.250000      -31.5445251     -0.743652344    
   330.000000      -31.5445251      -2.07568359    
   333.750000      -31.5445251      -2.70068359    
   337.500000      -31.5445251       1.29931641    
   341.250000      -31.5445251      -2.29833984    
   345.000000      -31.5445251      0.385253906    
   348.750000      -31.5445251       3.22900391    
   352.500000      -31.5445251       1.62744141    
   356.250000      -31.5445251     -0.224121094    
   360.000000      -31.5445251      -9.13085938E-02
   0.00000000      -27.8334446       1.24853516    
   3.75000000      -27.8334446      -4.78271484    
   7.50000000      -27.8334446       4.47900391    
   11.2500000      -27.8334446       3.76806641    
   15.0000000      -27.8334446       70.9711914    
   18.7500000      -27.8334446       9361.39258    
   22.5000000      -27.8334446       11951.5801    
   26.2500000      -27.8334446       12573.2676    
   30.0000000      -27.8334446       12306.6318    
   33.7500000      -27.8334446       2.27587891    
   37.5000000      -27.8334446      -2.19677734    
   41.2500000      -27.8334446     -0.122558594    
   45.0000000      -27.8334446       4.85009766    
   48.7500000      -27.8334446       10.0297852    
   52.5000000      -27.8334446      -8.16552734    
   56.2500000      -27.8334446      -2.95068359    
   60.0000000      -27.8334446     -0.938964844    
   63.7500000      -27.8334446      -2.72802734    
   67.5000000      -27.8334446       1.52978516    
   71.2500000      -27.8334446       2.06494141    
   75.0000000      -27.8334446      -1.48974609    
   78.7500000      -27.8334446      -1.25537109    
   82.5000000      -27.8334446      0.189941406    
   86.2500000      -27.8334446       2.97509766    
   90.0000000      -27.8334446     -0.556152344    
   93.7500000      -27.8334446      0.607910156    
   97.5000000      -27.8334446       4.35009766    
   101.250000      -27.8334446      0.295410156    
   105.000000      -27.8334446       1.15087891    
   108.750000      -27.8334446      -4.90380859    
   112.500000      -27.8334446      -6.64990234    
   116.250000      -27.8334446       3345.95557    
   120.000000      -27.8334446       4539.22510    
   123.750000      -27.8334446       4100.79150    
   127.500000      -27.8334446       3955.04541    
   131.250000      -27.8334446       3662.64697    
   135.000000      -27.8334446       1295.82275    
   138.750000      -27.8334446       613.670410    
   142.500000      -27.8334446       1125.76416    
   146.250000      -27.8334446       1836.71729    
   150.000000      -27.8334446       2400.96338    
   153.750000      -27.8334446      -232.349121    
   157.500000      -27.8334446      -1.93505859    
   161.250000      -27.8334446       8.01806641    
   165.000000      -27.8334446     -0.220214844    
   168.750000      -27.8334446      -6.02099609    
   172.500000      -27.8334446      -1.06787109    
   176.250000      -27.8334446      -1.51318359    
   180.000000      -27.8334446      0.623535156    
   183.750000      -27.8334446      0.635253906    
   187.500000      -27.8334446      -5.07958984    
   191.250000      -27.8334446     -0.845214844    
   195.000000      -27.8334446      0.732910156    
   198.750000      -27.8334446       2.39306641    
   202.500000      -27.8334446       3.90478516    
   206.250000      -27.8334446      0.104003906    
   210.000000      -27.8334446       6.56494141    
   213.750000      -27.8334446      -2.32177734    
   217.500000      -27.8334446       1.84228516    
   221.250000      -27.8334446       1.47900391    
   225.000000      -27.8334446       1.38134766    
   228.750000      -27.8334446      -1.61865234    
   232.500000      -27.8334446      -1.73193359    
   236.250000      -27.8334446       4.32666016    
   240.000000      -27.8334446      0.498535156    
   243.750000      -27.8334446       4.97509766    
   247.500000      -27.8334446      -5.32568359    
   251.250000      -27.8334446       1.66650391    
   255.000000      -27.8334446       1.85009766    
   258.750000      -27.8334446      -13.1303711    
   262.500000      -27.8334446       5.01025391    
   266.250000      -27.8334446       13.1899414    
   270.000000      -27.8334446     -0.716308594    
   273.750000      -27.8334446      -16.3334961    
   277.500000      -27.8334446      -7.21240234    
   281.250000      -27.8334446      -18.1850586    
   285.000000      -27.8334446       27.7133789    
   288.750000      -27.8334446       888.049316    
   292.500000      -27.8334446       15477.6357    
   296.250000      -27.8334446       1482.08447    
   300.000000      -27.8334446       658.857910    
   303.750000      -27.8334446       936.420410    
   307.500000      -27.8334446       6455.28760    
   311.250000      -27.8334446       2666.58447    
   315.000000      -27.8334446       5.37744141    
   318.750000      -27.8334446       11.2133789    
   322.500000      -27.8334446       2.36572266    
   326.250000      -27.8334446      -5.20849609    
   330.000000      -27.8334446      0.455566406    
   333.750000      -27.8334446       6.04931641    
   337.500000      -27.8334446       3.25244141    
   341.250000      -27.8334446      -1.44677734    
   345.000000      -27.8334446      -6.21630859    
   348.750000      -27.8334446       3.31884766    
   352.500000      -27.8334446       3.00244141    
   356.250000      -27.8334446      -1.36083984    
   360.000000      -27.8334446       1.24853516    
   0.00000000      -24.1223469       4.70556641    
   3.75000000      -24.1223469      -1.36865234    
   7.50000000      -24.1223469       2.41650391    
   11.2500000      -24.1223469      -2.52490234    
   15.0000000      -24.1223469       4043.21338    
   18.7500000      -24.1223469       11646.4980    
   22.5000000      -24.1223469       10623.9043    
   26.2500000      -24.1223469       9317.02246    
   30.0000000      -24.1223469       10865.1670    
   33.7500000      -24.1223469       500.611816    
   37.5000000      -24.1223469       5.53759766    
   41.2500000      -24.1223469     -0.864746094    
   45.0000000      -24.1223469       3843.97119    
   48.7500000      -24.1223469       17.8696289    
   52.5000000      -24.1223469       3.19775391    
   56.2500000      -24.1223469       6.28369141    
   60.0000000      -24.1223469      -4.47802734    
   63.7500000      -24.1223469      0.877441406    
   67.5000000      -24.1223469       3.85400391    
   71.2500000      -24.1223469      -1.46240234    
   75.0000000      -24.1223469      -1.27490234    
   78.7500000      -24.1223469       4.43212891    
   82.5000000      -24.1223469       7.58447266    
   86.2500000      -24.1223469      -1.01708984    
   90.0000000      -24.1223469       3.78759766    
   93.7500000      -24.1223469       2.34228516    
   97.5000000      -24.1223469      -1.65380859    
   101.250000      -24.1223469      0.768066406    
   105.000000      -24.1223469      -2.79443359    
   108.750000      -24.1223469       1.94384766    
   112.500000      -24.1223469      -2.77099609    
   116.250000      -24.1223469       3547.32666    
   120.000000      -24.1223469       5987.35400    
   123.750000      -24.1223469       4117.58447    
   127.500000      -24.1223469       4663.68604    
   131.250000      -24.1223469       6273.61572    
   135.000000      -24.1223469       3022.82275    
   138.750000      -24.1223469       785.525879    
   142.500000      -24.1223469       1913.23291    
   146.250000      -24.1223469       4763.75635    
   150.000000      -24.1223469       1397.29932    
   153.750000      -24.1223469      0.705566406    
   157.500000      -24.1223469      -2.27490234    
   161.250000      -24.1223469     -0.185058594    
   165.000000      -24.1223469      -4.61083984    
   168.750000      -24.1223469       1.16650391    
   172.500000      -24.1223469      -1.89990234    
   176.250000      -24.1223469       1.88134766    
   180.000000      -24.1223469      -2.77099609    
   183.750000      -24.1223469       1.02539062E-02
   187.500000      -24.1223469      -1.04833984    
   191.250000      -24.1223469     -0.841308594    
   195.000000      -24.1223469      -1.48583984    
   198.750000      -24.1223469       7.66601562E-02
   202.500000      -24.1223469       1.06103516    
   206.250000      -24.1223469      0.338378906    
   210.000000      -24.1223469      -1.28662109    
   213.750000      -24.1223469      0.705566406    
   217.500000      -24.1223469       1.11962891    
   221.250000      -24.1223469      0.631347656    
   225.000000      -24.1223469      -2.33740234    
   228.750000      -24.1223469     -0.216308594    
   232.500000      -24.1223469      0.330566406    
   236.250000      -24.1223469      -3.03662109    
   240.000000      -24.1223469       1.60400391    
   243.750000      -24.1223469     -0.997558594    
   247.500000      -24.1223469       2.07666016    
   251.250000      -24.1223469       1.15087891    
   255.000000      -24.1223469       1.21728516    
   258.750000      -24.1223469     -0.712402344    
   262.500000      -24.1223469      -3.22802734    
   266.250000      -24.1223469       1.39697266    
   270.000000      -24.1223469      -4.87646484    
   273.750000      -24.1223469      -3.65380859    
   277.500000      -24.1223469      -9.88818359    
   281.250000      -24.1223469       5.82275391    
   285.000000      -24.1223469      -14.6616211    
   288.750000      -24.1223469       5.54150391    
   292.500000      -24.1223469       37821.4805    
   296.250000      -24.1223469       2640.77588    
   300.000000      -24.1223469       1256.74072    
   303.750000      -24.1223469       1874.13525    
   307.500000      -24.1223469       6591.76416    
   311.250000      -24.1223469       8333.92090    
   315.000000      -24.1223469       5.96337891    
   318.750000      -24.1223469      -4.85302734    
   322.500000      -24.1223469      0.588378906    
   326.250000      -24.1223469      0.697753906    
   330.000000      -24.1223469       7.79541016    
   333.750000      -24.1223469     -0.712402344    
   337.500000      -24.1223469      0.611816406    
   341.250000      -24.1223469      0.463378906    
   345.000000      -24.1223469      -2.22802734    
   348.750000      -24.1223469      0.561035156    
   352.500000      -24.1223469      -2.86474609    
   356.250000      -24.1223469      0.150878906    
   360.000000      -24.1223469       4.70556641    
   0.00000000      -20.4112377      0.678222656    
   3.75000000      -20.4112377       2.04150391    
   7.50000000      -20.4112377       3.29541016    
   11.2500000      -20.4112377       4.36962891    
   15.0000000      -20.4112377       9602.91309    
   18.7500000      -20.4112377       12953.2168    
   22.5000000      -20.4112377       9234.43164    
   26.2500000      -20.4112377       9131.78809    
   30.0000000      -20.4112377       9642.50195    
   33.7500000      -20.4112377       1973.65479    
   37.5000000      -20.4112377      -2.37255859    
   41.2500000      -20.4112377       4.90087891    
   45.0000000      -20.4112377       2509.27588    
   48.7500000      -20.4112377      -21.6850586    
   52.5000000      -20.4112377     -0.798339844    
   56.2500000      -20.4112377       161.459473    
   60.0000000      -20.4112377       2.96728516    
   63.7500000      -20.4112377     -0.380371094    
   67.5000000      -20.4112377     -0.380371094    
   71.2500000      -20.4112377      -1.86083984    
   75.0000000      -20.4112377      0.908691406    
   78.7500000      -20.4112377     -0.454589844    
   82.5000000      -20.4112377      -2.04443359    
   86.2500000      -20.4112377      0.373535156    
   90.0000000      -20.4112377      0.631347656    
   93.7500000      -20.4112377      -1.08740234    
   97.5000000      -20.4112377       1.35009766    
   101.250000      -20.4112377       2.92041016    
   105.000000      -20.4112377      -2.18115234    
   108.750000      -20.4112377     -0.981933594    
   112.500000      -20.4112377       2.27197266    
   116.250000      -20.4112377       2.47509766    
   120.000000      -20.4112377       1195.32275    
   123.750000      -20.4112377       2698.90088    
   127.500000      -20.4112377       3066.95166    
   131.250000      -20.4112377       3895.57666    
   135.000000      -20.4112377       3517.32275    
   138.750000      -20.4112377       2775.87744    
   142.500000      -20.4112377       1673.57275    
   146.250000      -20.4112377       2944.58447    
   150.000000      -20.4112377       14.8461914    
   153.750000      -20.4112377       2.88916016    
   157.500000      -20.4112377      -3.07958984    
   161.250000      -20.4112377      -1.00927734    
   165.000000      -20.4112377       833.115723    
   168.750000      -20.4112377      -11.2006836    
   172.500000      -20.4112377       2.36572266    
   176.250000      -20.4112377       1.66650391    
   180.000000      -20.4112377      -2.52880859    
   183.750000      -20.4112377      0.861816406    
   187.500000      -20.4112377       3.36914062E-02
   191.250000      -20.4112377      0.947753906    
   195.000000      -20.4112377      0.123535156    
   198.750000      -20.4112377     -0.962402344    
   202.500000      -20.4112377      -3.26318359    
   206.250000      -20.4112377      -1.46240234    
   210.000000      -20.4112377      -1.66943359    
   213.750000      -20.4112377     -0.536621094    
   217.500000      -20.4112377      -1.43115234    
   221.250000      -20.4112377      -3.54443359    
   225.000000      -20.4112377      -1.24755859    
   228.750000      -20.4112377     -0.798339844    
   232.500000      -20.4112377       1.01025391    
   236.250000      -20.4112377     -0.966308594    
   240.000000      -20.4112377      0.709472656    
   243.750000      -20.4112377     -0.274902344    
   247.500000      -20.4112377      0.350097656    
   251.250000      -20.4112377      -2.81787109    
   255.000000      -20.4112377      0.615722656    
   258.750000      -20.4112377       2.03759766    
   262.500000      -20.4112377      -1.35693359    
   266.250000      -20.4112377       9.27978516    
   270.000000      -20.4112377       9.89306641    
   273.750000      -20.4112377      -3.14990234    
   277.500000      -20.4112377       9.78759766    
   281.250000      -20.4112377      -11.2319336    
   285.000000      -20.4112377       6.71728516    
   288.750000      -20.4112377      -65.1186523    
   292.500000      -20.4112377       36319.3906    
   296.250000      -20.4112377       11763.5918    
   300.000000      -20.4112377       1413.76025    
   303.750000      -20.4112377       1633.69385    
   307.500000      -20.4112377       3785.74854    
   311.250000      -20.4112377       5025.38525    
   315.000000      -20.4112377       8771.43164    
   318.750000      -20.4112377       6632.46729    
   322.500000      -20.4112377       5.48291016    
   326.250000      -20.4112377       2.56884766    
   330.000000      -20.4112377       4.06884766    
   333.750000      -20.4112377      -1.84521484    
   337.500000      -20.4112377       2.24853516    
   341.250000      -20.4112377     -0.263183594    
   345.000000      -20.4112377      0.150878906    
   348.750000      -20.4112377      -3.42724609    
   352.500000      -20.4112377      -2.99755859    
   356.250000      -20.4112377      0.561035156    
   360.000000      -20.4112377      0.678222656    
   0.00000000      -16.7001171      -2.69677734    
   3.75000000      -16.7001171      0.486816406    
   7.50000000      -16.7001171       1.17431641    
   11.2500000      -16.7001171       78.7719727    
   15.0000000      -16.7001171       10997.2607    
   18.7500000      -16.7001171       11628.2100    
   22.5000000      -16.7001171       9929.91309    
   26.2500000      -16.7001171       11925.2676    
   30.0000000      -16.7001171       11238.3350    
   33.7500000      -16.7001171       3464.68604    
   37.5000000      -16.7001171       1545.12354    
   41.2500000      -16.7001171       2.11962891    
   45.0000000      -16.7001171       1578.66650    
   48.7500000      -16.7001171       10003.6670    
   52.5000000      -16.7001171      -2.63427734    
   56.2500000      -16.7001171      -11.7983398    
   60.0000000      -16.7001171      -4.23193359    
   63.7500000      -16.7001171       3.20556641    
   67.5000000      -16.7001171       1.84619141    
   71.2500000      -16.7001171       1.93212891    
   75.0000000      -16.7001171      -4.07177734    
   78.7500000      -16.7001171      -2.62255859    
   82.5000000      -16.7001171      -3.90380859    
   86.2500000      -16.7001171      -2.33349609    
   90.0000000      -16.7001171      0.268066406    
   93.7500000      -16.7001171      -3.33349609    
   97.5000000      -16.7001171       3.06103516    
   101.250000      -16.7001171       6.19384766    
   105.000000      -16.7001171       8.43603516    
   108.750000      -16.7001171      -2.37646484    
   112.500000      -16.7001171      -7.47412109    
   116.250000      -16.7001171       3.95556641    
   120.000000      -16.7001171       4.71728516    
   123.750000      -16.7001171       401.697754    
   127.500000      -16.7001171       4813.23682    
   131.250000      -16.7001171       1355.97119    
   135.000000      -16.7001171       2390.38525    
   138.750000      -16.7001171       26.6860352    
   142.500000      -16.7001171       647.291504    
   146.250000      -16.7001171      -48.0014648    
   150.000000      -16.7001171      -1.31787109    
   153.750000      -16.7001171      -2.28271484    
   157.500000      -16.7001171       4.34619141    
   161.250000      -16.7001171       1.56494141    
   165.000000      -16.7001171     -0.853027344    
   168.750000      -16.7001171      -40.4858398    
   172.500000      -16.7001171      0.396972656    
   176.250000      -16.7001171     -0.106933594    
   180.000000      -16.7001171       765.229004    
   183.750000      -16.7001171      -3.11474609    
   187.500000      -16.7001171       4.68212891    
   191.250000      -16.7001171       2.86572266    
   195.000000      -16.7001171      0.709472656    
   198.750000      -16.7001171       7.66601562E-02
   202.500000      -16.7001171     -0.302246094    
   206.250000      -16.7001171      0.100097656    
   210.000000      -16.7001171       10.7602539    
   213.750000      -16.7001171       2.58837891    
   217.500000      -16.7001171      -1.20849609    
   221.250000      -16.7001171       1.80664062E-02
   225.000000      -16.7001171       1.24072266    
   228.750000      -16.7001171      -1.01318359    
   232.500000      -16.7001171     -0.563964844    
   236.250000      -16.7001171       3.23681641    
   240.000000      -16.7001171      0.604003906    
   243.750000      -16.7001171      -2.86083984    
   247.500000      -16.7001171      -5.04833984    
   251.250000      -16.7001171      -2.39208984    
   255.000000      -16.7001171       2.41259766    
   258.750000      -16.7001171       7.08837891    
   262.500000      -16.7001171       3.48291016    
   266.250000      -16.7001171      -3.35302734    
   270.000000      -16.7001171      -3.64208984    
   273.750000      -16.7001171      -3.14990234    
   277.500000      -16.7001171      -1.22802734    
   281.250000      -16.7001171       12.1430664    
   285.000000      -16.7001171       85.6274414    
   288.750000      -16.7001171       24432.3809    
   292.500000      -16.7001171       30643.8496    
   296.250000      -16.7001171       2155.24072    
   300.000000      -16.7001171       2527.62354    
   303.750000      -16.7001171       1269.51807    
   307.500000      -16.7001171       5557.78369    
   311.250000      -16.7001171       8967.97852    
   315.000000      -16.7001171       5398.80713    
   318.750000      -16.7001171       6538.12354    
   322.500000      -16.7001171      -5.72412109    
   326.250000      -16.7001171       7.10791016    
   330.000000      -16.7001171      0.502441406    
   333.750000      -16.7001171      -2.02880859    
   337.500000      -16.7001171      -3.20849609    
   341.250000      -16.7001171     -0.669433594    
   345.000000      -16.7001171       1.90869141    
   348.750000      -16.7001171       3.44384766    
   352.500000      -16.7001171      0.592285156    
   356.250000      -16.7001171      -1.73583984    
   360.000000      -16.7001171      -2.69677734    
   0.00000000      -12.9889879      -5.49365234    
   3.75000000      -12.9889879     -0.642089844    
   7.50000000      -12.9889879       1.41601562E-02
   11.2500000      -12.9889879       18.8735352    
   15.0000000      -12.9889879       15273.1895    
   18.7500000      -12.9889879       14429.6113    
   22.5000000      -12.9889879       10617.0107    
   26.2500000      -12.9889879       12787.1670    
   30.0000000      -12.9889879       12916.5332    
   33.7500000      -12.9889879       10627.9951    
   37.5000000      -12.9889879       5344.67041    
   41.2500000      -12.9889879      -9.38818359    
   45.0000000      -12.9889879       57.4672852    
   48.7500000      -12.9889879       324.412598    
   52.5000000      -12.9889879       11.9711914    
   56.2500000      -12.9889879       2.26416016    
   60.0000000      -12.9889879       2.26806641    
   63.7500000      -12.9889879      -2.00146484    
   67.5000000      -12.9889879      -5.19677734    
   71.2500000      -12.9889879      -3.22412109    
   75.0000000      -12.9889879      -3.54052734    
   78.7500000      -12.9889879      0.896972656    
   82.5000000      -12.9889879      0.545410156    
   86.2500000      -12.9889879      -6.17724609    
   90.0000000      -12.9889879      -1.30615234    
   93.7500000      -12.9889879       5.36572266    
   97.5000000      -12.9889879       1.65869141    
   101.250000      -12.9889879       5.88916016    
   105.000000      -12.9889879       2.23291016    
   108.750000      -12.9889879       3.79541016    
   112.500000      -12.9889879       6.03759766    
   116.250000      -12.9889879       2.95166016    
   120.000000      -12.9889879      -3.57568359    
   123.750000      -12.9889879      -4.82958984    
   127.500000      -12.9889879      -4.02099609    
   131.250000      -12.9889879       368.947754    
   135.000000      -12.9889879       532.646973    
   138.750000      -12.9889879      -1.36474609    
   142.500000      -12.9889879       819.486816    
   146.250000      -12.9889879      -11.3842773    
   150.000000      -12.9889879      -5.03271484    
   153.750000      -12.9889879     -0.899902344    
   157.500000      -12.9889879       5.52197266    
   161.250000      -12.9889879     -0.864746094    
   165.000000      -12.9889879      -1.79443359    
   168.750000      -12.9889879       1.02587891    
   172.500000      -12.9889879     -0.442871094    
   176.250000      -12.9889879      -1.50146484    
   180.000000      -12.9889879       2.09619141    
   183.750000      -12.9889879     -0.849121094    
   187.500000      -12.9889879      -347.313965    
   191.250000      -12.9889879       3.81103516    
   195.000000      -12.9889879       1.66650391    
   198.750000      -12.9889879      0.229003906    
   202.500000      -12.9889879       1.38525391    
   206.250000      -12.9889879      -1.32958984    
   210.000000      -12.9889879      -1.86865234    
   213.750000      -12.9889879     -0.794433594    
   217.500000      -12.9889879       2.06884766    
   221.250000      -12.9889879      -1.44287109    
   225.000000      -12.9889879     -0.185058594    
   228.750000      -12.9889879      -1.74755859    
   232.500000      -12.9889879      -4.06787109    
   236.250000      -12.9889879      -2.40771484    
   240.000000      -12.9889879      -2.79833984    
   243.750000      -12.9889879       1.92431641    
   247.500000      -12.9889879     -0.829589844    
   251.250000      -12.9889879      -2.61474609    
   255.000000      -12.9889879       4.66650391    
   258.750000      -12.9889879      -2.87646484    
   262.500000      -12.9889879      -2.06005859    
   266.250000      -12.9889879      -2.59912109    
   270.000000      -12.9889879      -12.9311523    
   273.750000      -12.9889879      -4.79833984    
   277.500000      -12.9889879       9.82275391    
   281.250000      -12.9889879       22.7446289    
   285.000000      -12.9889879       43984.0547    
   288.750000      -12.9889879       10624.3613    
   292.500000      -12.9889879       1694.20557    
   296.250000      -12.9889879       1558.97510    
   300.000000      -12.9889879       5038.45557    
   303.750000      -12.9889879       3811.54541    
   307.500000      -12.9889879       3442.29541    
   311.250000      -12.9889879       3934.58447    
   315.000000      -12.9889879       7026.18604    
   318.750000      -12.9889879       8187.38525    
   322.500000      -12.9889879      -3.63818359    
   326.250000      -12.9889879       3.29931641    
   330.000000      -12.9889879      0.178222656    
   333.750000      -12.9889879     -0.911621094    
   337.500000      -12.9889879      -5.53271484    
   341.250000      -12.9889879      0.877441406    
   345.000000      -12.9889879       2.24853516    
   348.750000      -12.9889879      -1.18896484    
   352.500000      -12.9889879      -2.88427734    
   356.250000      -12.9889879      0.650878906    
   360.000000      -12.9889879      -5.49365234    
   0.00000000      -9.27785301       6.32666016    
   3.75000000      -9.27785301      -5.37109375E-03
   7.50000000      -9.27785301      -1.70849609    
   11.2500000      -9.27785301      -1.68505859    
   15.0000000      -9.27785301       5838.09229    
   18.7500000      -9.27785301       10004.2412    
   22.5000000      -9.27785301       10277.0381    
   26.2500000      -9.27785301       12090.4512    
   30.0000000      -9.27785301       13934.0293    
   33.7500000      -9.27785301       8279.74902    
   37.5000000      -9.27785301       5189.19385    
   41.2500000      -9.27785301       1.65478516    
   45.0000000      -9.27785301       4.24853516    
   48.7500000      -9.27785301       1.00634766    
   52.5000000      -9.27785301      -4.29833984    
   56.2500000      -9.27785301       1.11181641    
   60.0000000      -9.27785301       3.54931641    
   63.7500000      -9.27785301      -3.54833984    
   67.5000000      -9.27785301     -0.395996094    
   71.2500000      -9.27785301       2.12353516    
   75.0000000      -9.27785301      0.373535156    
   78.7500000      -9.27785301     -0.794433594    
   82.5000000      -9.27785301       1.90869141    
   86.2500000      -9.27785301       3.07666016    
   90.0000000      -9.27785301       1.44775391    
   93.7500000      -9.27785301      -1.40380859    
   97.5000000      -9.27785301      -1.21630859    
   101.250000      -9.27785301      -6.13818359    
   105.000000      -9.27785301       2.20947266    
   108.750000      -9.27785301      -7.14990234    
   112.500000      -9.27785301      -17.2592773    
   116.250000      -9.27785301       56.6743164    
   120.000000      -9.27785301       2343.68994    
   123.750000      -9.27785301       621.814941    
   127.500000      -9.27785301      -6.84130859    
   131.250000      -9.27785301      0.248535156    
   135.000000      -9.27785301      -10.6186523    
   138.750000      -9.27785301      -6.93896484    
   142.500000      -9.27785301       12.6938477    
   146.250000      -9.27785301      -35.9741211    
   150.000000      -9.27785301       1301.93604    
   153.750000      -9.27785301       5.02978516    
   157.500000      -9.27785301      -4.96240234    
   161.250000      -9.27785301       281.357910    
   165.000000      -9.27785301     -0.165527344    
   168.750000      -9.27785301      -2.06396484    
   172.500000      -9.27785301      -8.34960938E-02
   176.250000      -9.27785301      -2.49755859    
   180.000000      -9.27785301       6.49414062E-02
   183.750000      -9.27785301      -3.10302734    
   187.500000      -9.27785301      0.564941406    
   191.250000      -9.27785301      -2.11865234    
   195.000000      -9.27785301     -0.669433594    
   198.750000      -9.27785301       1.35400391    
   202.500000      -9.27785301      -5.81396484    
   206.250000      -9.27785301      0.947753906    
   210.000000      -9.27785301       2.17822266    
   213.750000      -9.27785301      -1.56396484    
   217.500000      -9.27785301     -0.474121094    
   221.250000      -9.27785301       83.3461914    
   225.000000      -9.27785301      -2.27490234    
   228.750000      -9.27785301     -0.489746094    
   232.500000      -9.27785301      0.471191406    
   236.250000      -9.27785301      -4.27880859    
   240.000000      -9.27785301      -1.72412109    
   243.750000      -9.27785301     -0.735839844    
   247.500000      -9.27785301     -0.114746094    
   251.250000      -9.27785301     -0.458496094    
   255.000000      -9.27785301     -0.106933594    
   258.750000      -9.27785301      -4.48974609    
   262.500000      -9.27785301       4.14306641    
   266.250000      -9.27785301      -1.95849609    
   270.000000      -9.27785301      -4.63427734    
   273.750000      -9.27785301      -4.47412109    
   277.500000      -9.27785301       4.77978516    
   281.250000      -9.27785301       459.568848    
   285.000000      -9.27785301       3427.54541    
   288.750000      -9.27785301       2764.15088    
   292.500000      -9.27785301       1575.56494    
   296.250000      -9.27785301       1331.85010    
   300.000000      -9.27785301       1598.39307    
   303.750000      -9.27785301       2735.60791    
   307.500000      -9.27785301       3010.56494    
   311.250000      -9.27785301       3102.50635    
   315.000000      -9.27785301       5136.07275    
   318.750000      -9.27785301       4108.47900    
   322.500000      -9.27785301       2390.78369    
   326.250000      -9.27785301       3.52978516    
   330.000000      -9.27785301     -0.681152344    
   333.750000      -9.27785301       2.88916016    
   337.500000      -9.27785301      0.713378906    
   341.250000      -9.27785301      -3.16943359    
   345.000000      -9.27785301     -0.321777344    
   348.750000      -9.27785301      -4.37255859    
   352.500000      -9.27785301      0.939941406    
   356.250000      -9.27785301     -0.649902344    
   360.000000      -9.27785301       6.32666016    
   0.00000000      -5.56671333      -3.86865234    
   3.75000000      -5.56671333       1.40087891    
   7.50000000      -5.56671333       5.34228516    
   11.2500000      -5.56671333      -3.92333984    
   15.0000000      -5.56671333       6243.86182    
   18.7500000      -5.56671333       7369.18604    
   22.5000000      -5.56671333       5770.58838    
   26.2500000      -5.56671333       6620.00244    
   30.0000000      -5.56671333       9672.46289    
   33.7500000      -5.56671333       13025.4795    
   37.5000000      -5.56671333       8794.24414    
   41.2500000      -5.56671333      -1.32568359    
   45.0000000      -5.56671333      0.623535156    
   48.7500000      -5.56671333      -2.25146484    
   52.5000000      -5.56671333      0.842285156    
   56.2500000      -5.56671333       6.72119141    
   60.0000000      -5.56671333       2.49462891    
   63.7500000      -5.56671333      -1.43505859    
   67.5000000      -5.56671333       9.98681641    
   71.2500000      -5.56671333       2.72509766    
   75.0000000      -5.56671333      -8.20458984    
   78.7500000      -5.56671333       3.04931641    
   82.5000000      -5.56671333       4.06494141    
   86.2500000      -5.56671333      -6.81396484    
   90.0000000      -5.56671333      -4.27490234    
   93.7500000      -5.56671333      -3.66943359    
   97.5000000      -5.56671333      -3.63818359    
   101.250000      -5.56671333      -9.04443359    
   105.000000      -5.56671333       624.822754    
   108.750000      -5.56671333       66.2016602    
   112.500000      -5.56671333       73.4047852    
   116.250000      -5.56671333       8.52197266    
   120.000000      -5.56671333       134.811035    
   123.750000      -5.56671333       15.5766602    
   127.500000      -5.56671333       8.17822266    
   131.250000      -5.56671333       7.58056641    
   135.000000      -5.56671333      -27.1694336    
   138.750000      -5.56671333       343.811035    
   142.500000      -5.56671333       18126.3887    
   146.250000      -5.56671333       15190.1699    
   150.000000      -5.56671333       5174.08057    
   153.750000      -5.56671333      -105.704590    
   157.500000      -5.56671333       41.4204102    
   161.250000      -5.56671333       1.14697266    
   165.000000      -5.56671333      -1.97412109    
   168.750000      -5.56671333       1.27978516    
   172.500000      -5.56671333      -3.00927734    
   176.250000      -5.56671333       2.72900391    
   180.000000      -5.56671333     -0.294433594    
   183.750000      -5.56671333       4.77978516    
   187.500000      -5.56671333      -1.00537109    
   191.250000      -5.56671333       1.92041016    
   195.000000      -5.56671333      -1.51708984    
   198.750000      -5.56671333     -0.122558594    
   202.500000      -5.56671333       2.86181641    
   206.250000      -5.56671333       7.66601562E-02
   210.000000      -5.56671333     -0.204589844    
   213.750000      -5.56671333       5.47900391    
   217.500000      -5.56671333      -3.17333984    
   221.250000      -5.56671333      -3.73974609    
   225.000000      -5.56671333       2.19775391    
   228.750000      -5.56671333       1.28369141    
   232.500000      -5.56671333      0.635253906    
   236.250000      -5.56671333       1.49462891    
   240.000000      -5.56671333      0.486816406    
   243.750000      -5.56671333     -0.946777344    
   247.500000      -5.56671333      0.619628906    
   251.250000      -5.56671333      0.959472656    
   255.000000      -5.56671333       1.65869141    
   258.750000      -5.56671333      -8.95068359    
   262.500000      -5.56671333       5.06494141    
   266.250000      -5.56671333       4.45556641    
   270.000000      -5.56671333      -2.59130859    
   273.750000      -5.56671333      -1.87646484    
   277.500000      -5.56671333       1.84619141    
   281.250000      -5.56671333       7691.61963    
   285.000000      -5.56671333       1182.58057    
   288.750000      -5.56671333       1467.31104    
   292.500000      -5.56671333       1088.19385    
   296.250000      -5.56671333       519.795410    
   300.000000      -5.56671333       570.830566    
   303.750000      -5.56671333       1681.33447    
   307.500000      -5.56671333       2254.10791    
   311.250000      -5.56671333       1669.00635    
   315.000000      -5.56671333       2047.37744    
   318.750000      -5.56671333       4563.49463    
   322.500000      -5.56671333       1067.38135    
   326.250000      -5.56671333      -5.97412109    
   330.000000      -5.56671333     -0.989746094    
   333.750000      -5.56671333     -0.763183594    
   337.500000      -5.56671333       2.54150391    
   341.250000      -5.56671333      -3.98583984    
   345.000000      -5.56671333       1.56103516    
   348.750000      -5.56671333       5.05322266    
   352.500000      -5.56671333      -5.60693359    
   356.250000      -5.56671333      -2.84521484    
   360.000000      -5.56671333      -3.86865234    
   0.00000000      -1.85557151       1.61181641    
   3.75000000      -1.85557151       1.11962891    
   7.50000000      -1.85557151      -3.62255859    
   11.2500000      -1.85557151       2140.85400    
   15.0000000      -1.85557151       5161.13135    
   18.7500000      -1.85557151       3060.38916    
   22.5000000      -1.85557151       4264.33838    
   26.2500000      -1.85557151       5324.94775    
   30.0000000      -1.85557151       15340.2051    
   33.7500000      -1.85557151       11722.9082    
   37.5000000      -1.85557151       12272.9482    
   41.2500000      -1.85557151       90.7836914    
   45.0000000      -1.85557151       4.54150391    
   48.7500000      -1.85557151       5.28759766    
   52.5000000      -1.85557151      -5.55224609    
   56.2500000      -1.85557151       3.60009766    
   60.0000000      -1.85557151       1.08837891    
   63.7500000      -1.85557151      0.100097656    
   67.5000000      -1.85557151      -1.68505859    
   71.2500000      -1.85557151       2.65478516    
   75.0000000      -1.85557151       2.19726562E-02
   78.7500000      -1.85557151     -0.376464844    
   82.5000000      -1.85557151       2.39306641    
   86.2500000      -1.85557151       4.15039062E-02
   90.0000000      -1.85557151       4.17431641    
   93.7500000      -1.85557151       4.90478516    
   97.5000000      -1.85557151       7.93212891    
   101.250000      -1.85557151       10257.5576    
   105.000000      -1.85557151       41.9282227    
   108.750000      -1.85557151       24.8461914    
   112.500000      -1.85557151       346.877441    
   116.250000      -1.85557151       216.334473    
   120.000000      -1.85557151       15264.3301    
   123.750000      -1.85557151       54.8383789    
   127.500000      -1.85557151      -249.157715    
   131.250000      -1.85557151       7.44384766    
   135.000000      -1.85557151       7.88916016    
   138.750000      -1.85557151       687.490723    
   142.500000      -1.85557151       10.6469727    
   146.250000      -1.85557151       11.2758789    
   150.000000      -1.85557151      -12.5053711    
   153.750000      -1.85557151       4.07275391    
   157.500000      -1.85557151       2.42822266    
   161.250000      -1.85557151      -3.12255859    
   165.000000      -1.85557151      0.459472656    
   168.750000      -1.85557151       2.90087891    
   172.500000      -1.85557151      -2.56787109    
   176.250000      -1.85557151     -0.743652344    
   180.000000      -1.85557151      -1.01708984    
   183.750000      -1.85557151      0.354003906    
   187.500000      -1.85557151      0.635253906    
   191.250000      -1.85557151      -2.16943359    
   195.000000      -1.85557151       1.52978516    
   198.750000      -1.85557151       1.52197266    
   202.500000      -1.85557151     -0.169433594    
   206.250000      -1.85557151     -0.575683594    
   210.000000      -1.85557151      -1.73974609    
   213.750000      -1.85557151      0.545410156    
   217.500000      -1.85557151       1.34228516    
   221.250000      -1.85557151      0.932128906    
   225.000000      -1.85557151      -3.48974609    
   228.750000      -1.85557151      -3.57177734    
   232.500000      -1.85557151     -0.638183594    
   236.250000      -1.85557151      -2.88818359    
   240.000000      -1.85557151       1.57666016    
   243.750000      -1.85557151      0.338378906    
   247.500000      -1.85557151      -2.43505859    
   251.250000      -1.85557151      -3.16162109    
   255.000000      -1.85557151      0.678222656    
   258.750000      -1.85557151       2.29931641    
   262.500000      -1.85557151      -1.81396484    
   266.250000      -1.85557151      -1.73193359    
   270.000000      -1.85557151      -14.2749023    
   273.750000      -1.85557151     -0.415527344    
   277.500000      -1.85557151      -22.5834961    
   281.250000      -1.85557151       35351.1680    
   285.000000      -1.85557151       1766.89697    
   288.750000      -1.85557151       1303.58838    
   292.500000      -1.85557151       836.357910    
   296.250000      -1.85557151       616.994629    
   300.000000      -1.85557151       1148.30322    
   303.750000      -1.85557151       108.604004    
   307.500000      -1.85557151       281.838379    
   311.250000      -1.85557151       247.428223    
   315.000000      -1.85557151       307.311035    
   318.750000      -1.85557151       7.09228516    
   322.500000      -1.85557151       3.43994141    
   326.250000      -1.85557151       2.90087891    
   330.000000      -1.85557151     -0.317871094    
   333.750000      -1.85557151       1.57275391    
   337.500000      -1.85557151      -4.91943359    
   341.250000      -1.85557151      -1.29833984    
   345.000000      -1.85557151      0.533691406    
   348.750000      -1.85557151      -2.30224609    
   352.500000      -1.85557151       4.15039062E-02
   356.250000      -1.85557151       3.00634766    
   360.000000      -1.85557151       1.61181641    
   0.00000000       1.85557151      -1.87255859    
   3.75000000       1.85557151      -1.62646484    
   7.50000000       1.85557151       30.0844727    
   11.2500000       1.85557151       6291.64697    
   15.0000000       1.85557151       4513.22119    
   18.7500000       1.85557151       3287.20947    
   22.5000000       1.85557151       4246.79932    
   26.2500000       1.85557151       4974.06494    
   30.0000000       1.85557151       11466.6230    
   33.7500000       1.85557151       10490.4951    
   37.5000000       1.85557151       6625.31885    
   41.2500000       1.85557151       1556.22119    
   45.0000000       1.85557151       240.260254    
   48.7500000       1.85557151      -1.46484375E-03
   52.5000000       1.85557151     -0.978027344    
   56.2500000       1.85557151       6.23681641    
   60.0000000       1.85557151       3.18212891    
   63.7500000       1.85557151      -1.50537109    
   67.5000000       1.85557151      0.393066406    
   71.2500000       1.85557151       2.58447266    
   75.0000000       1.85557151      0.127441406    
   78.7500000       1.85557151      0.732910156    
   82.5000000       1.85557151      -2.20068359    
   86.2500000       1.85557151       2.12353516    
   90.0000000       1.85557151       8.74853516    
   93.7500000       1.85557151       2.39697266    
   97.5000000       1.85557151      -33.2124023    
   101.250000       1.85557151       166.463379    
   105.000000       1.85557151       4.91259766    
   108.750000       1.85557151       25.6352539    
   112.500000       1.85557151       2645.95947    
   116.250000       1.85557151       10145.9395    
   120.000000       1.85557151       2.41650391    
   123.750000       1.85557151      -128.251465    
   127.500000       1.85557151       499.428223    
   131.250000       1.85557151       7.91259766    
   135.000000       1.85557151      -2.51318359    
   138.750000       1.85557151      -3.70068359    
   142.500000       1.85557151     -0.306152344    
   146.250000       1.85557151       2.26416016    
   150.000000       1.85557151       2.95166016    
   153.750000       1.85557151     -0.806152344    
   157.500000       1.85557151       3.24853516    
   161.250000       1.85557151     -0.895996094    
   165.000000       1.85557151       9.61914062E-02
   168.750000       1.85557151      0.314941406    
   172.500000       1.85557151      0.545410156    
   176.250000       1.85557151      0.123535156    
   180.000000       1.85557151       3.12744141    
   183.750000       1.85557151     -0.106933594    
   187.500000       1.85557151      0.287597656    
   191.250000       1.85557151     -0.356933594    
   195.000000       1.85557151      0.654785156    
   198.750000       1.85557151     -0.216308594    
   202.500000       1.85557151       5.05322266    
   206.250000       1.85557151      -1.64599609    
   210.000000       1.85557151      0.678222656    
   213.750000       1.85557151      0.154785156    
   217.500000       1.85557151      -1.79052734    
   221.250000       1.85557151      0.322753906    
   225.000000       1.85557151     -0.950683594    
   228.750000       1.85557151      -1.38037109    
   232.500000       1.85557151      0.650878906    
   236.250000       1.85557151      -2.72021484    
   240.000000       1.85557151      -1.31835938E-02
   243.750000       1.85557151     -0.243652344    
   247.500000       1.85557151      -1.25927734    
   251.250000       1.85557151      0.631347656    
   255.000000       1.85557151       1.25634766    
   258.750000       1.85557151       1.41601562E-02
   262.500000       1.85557151       1.74853516    
   266.250000       1.85557151      -2.89208984    
   270.000000       1.85557151       7.44775391    
   273.750000       1.85557151      -3.91943359    
   277.500000       1.85557151       6.27197266    
   281.250000       1.85557151       27.5844727    
   285.000000       1.85557151       2609.03369    
   288.750000       1.85557151       2441.50244    
   292.500000       1.85557151       1137.70947    
   296.250000       1.85557151       2266.14697    
   300.000000       1.85557151       2185.38135    
   303.750000       1.85557151       3650.35010    
   307.500000       1.85557151       1812.29541    
   311.250000       1.85557151     -0.790527344    
   315.000000       1.85557151      -1.05615234    
   318.750000       1.85557151      -1.48974609    
   322.500000       1.85557151      -1.29833984    
   326.250000       1.85557151      0.795410156    
   330.000000       1.85557151     -0.138183594    
   333.750000       1.85557151     -0.497558594    
   337.500000       1.85557151      -2.31005859    
   341.250000       1.85557151       1.36181641    
   345.000000       1.85557151      0.471191406    
   348.750000       1.85557151      -2.27490234    
   352.500000       1.85557151     -0.376464844    
   356.250000       1.85557151       2.58789062E-02
   360.000000       1.85557151      -1.87255859    
   0.00000000       5.56671333       73.7250977    
   3.75000000       5.56671333     -0.927246094    
   7.50000000       5.56671333       1026.70557    
   11.2500000       5.56671333       6991.99072    
   15.0000000       5.56671333       7795.06494    
   18.7500000       5.56671333       5124.41260    
   22.5000000       5.56671333       6125.01807    
   26.2500000       5.56671333       6306.07275    
   30.0000000       5.56671333       5826.73682    
   33.7500000       5.56671333       4158.50244    
   37.5000000       5.56671333       13201.8857    
   41.2500000       5.56671333       6234.79932    
   45.0000000       5.56671333       3814.58057    
   48.7500000       5.56671333       145.146973    
   52.5000000       5.56671333      -6.99365234    
   56.2500000       5.56671333      -12.9077148    
   60.0000000       5.56671333     -0.864746094    
   63.7500000       5.56671333       5.53759766    
   67.5000000       5.56671333       7.31884766    
   71.2500000       5.56671333       7.11181641    
   75.0000000       5.56671333      -10.5366211    
   78.7500000       5.56671333      -7.31005859    
   82.5000000       5.56671333       21.8500977    
   86.2500000       5.56671333      -6.39990234    
   90.0000000       5.56671333      -8.79443359    
   93.7500000       5.56671333      -9.61474609    
   97.5000000       5.56671333       77.6040039    
   101.250000       5.56671333       4596.50244    
   105.000000       5.56671333       1.50244141    
   108.750000       5.56671333       6.60791016    
   112.500000       5.56671333      -12.8647461    
   116.250000       5.56671333       7536.30713    
   120.000000       5.56671333       37.6547852    
   123.750000       5.56671333      -183.552246    
   127.500000       5.56671333       10.2641602    
   131.250000       5.56671333     -0.138183594    
   135.000000       5.56671333      -15.4350586    
   138.750000       5.56671333      -10.3764648    
   142.500000       5.56671333       2.00634766    
   146.250000       5.56671333      -3.45849609    
   150.000000       5.56671333      0.557128906    
   153.750000       5.56671333       4.67041016    
   157.500000       5.56671333       2.97509766    
   161.250000       5.56671333      0.943847656    
   165.000000       5.56671333      -2.00537109    
   168.750000       5.56671333      -1.96630859    
   172.500000       5.56671333     -0.708496094    
   176.250000       5.56671333       6.10351562E-02
   180.000000       5.56671333       1.35009766    
   183.750000       5.56671333     -0.267089844    
   187.500000       5.56671333      -2.18505859    
   191.250000       5.56671333       3.75244141    
   195.000000       5.56671333       1.23681641    
   198.750000       5.56671333      0.721191406    
   202.500000       5.56671333       1.93603516    
   206.250000       5.56671333      -2.54443359    
   210.000000       5.56671333      -3.07958984    
   213.750000       5.56671333      -2.00146484    
   217.500000       5.56671333      -1.94287109    
   221.250000       5.56671333     -0.450683594    
   225.000000       5.56671333      -6.11865234    
   228.750000       5.56671333       2.28369141    
   232.500000       5.56671333      0.658691406    
   236.250000       5.56671333      -2.56787109    
   240.000000       5.56671333     -0.778808594    
   243.750000       5.56671333       3.86962891    
   247.500000       5.56671333      0.732910156    
   251.250000       5.56671333       6.56884766    
   255.000000       5.56671333      -1.50146484    
   258.750000       5.56671333      -3.18505859    
   262.500000       5.56671333      -3.13427734    
   266.250000       5.56671333       7.96337891    
   270.000000       5.56671333      -10.4780273    
   273.750000       5.56671333      -9.52880859    
   277.500000       5.56671333      -17.6108398    
   281.250000       5.56671333      -30.8334961    
   285.000000       5.56671333       11595.8301    
   288.750000       5.56671333       1431.33057    
   292.500000       5.56671333       1351.28369    
   296.250000       5.56671333       4480.60010    
   300.000000       5.56671333       7140.70557    
   303.750000       5.56671333       77.4243164    
   307.500000       5.56671333      -20.0561523    
   311.250000       5.56671333       4.97509766    
   315.000000       5.56671333      -6.83740234    
   318.750000       5.56671333      -2.61083984    
   322.500000       5.56671333      -2.03662109    
   326.250000       5.56671333       1.45947266    
   330.000000       5.56671333       1.47509766    
   333.750000       5.56671333      0.693847656    
   337.500000       5.56671333       6.82275391    
   341.250000       5.56671333      0.197753906    
   345.000000       5.56671333      -5.04052734    
   348.750000       5.56671333       6.09228516    
   352.500000       5.56671333       1504.78760    
   356.250000       5.56671333       506.330566    
   360.000000       5.56671333       73.7250977    
   0.00000000       9.27785301       1645.42432    
   3.75000000       9.27785301       3402.21338    
   7.50000000       9.27785301       5493.56104    
   11.2500000       9.27785301       1815.26025    
   15.0000000       9.27785301       4053.06104    
   18.7500000       9.27785301       3847.32275    
   22.5000000       9.27785301       5249.91260    
   26.2500000       9.27785301       4800.81104    
   30.0000000       9.27785301       3882.86963    
   33.7500000       9.27785301       4248.45166    
   37.5000000       9.27785301       21200.8887    
   41.2500000       9.27785301       18601.5684    
   45.0000000       9.27785301       9863.97852    
   48.7500000       9.27785301       8166.36182    
   52.5000000       9.27785301      -2.09521484    
   56.2500000       9.27785301      -7.40380859    
   60.0000000       9.27785301      0.701660156    
   63.7500000       9.27785301      0.115722656    
   67.5000000       9.27785301       1.08056641    
   71.2500000       9.27785301       2.43603516    
   75.0000000       9.27785301       8.86572266    
   78.7500000       9.27785301       116.725098    
   82.5000000       9.27785301       4.15087891    
   86.2500000       9.27785301       3.83837891    
   90.0000000       9.27785301      0.936035156    
   93.7500000       9.27785301       5.39697266    
   97.5000000       9.27785301      -28.9741211    
   101.250000       9.27785301      -14.1381836    
   105.000000       9.27785301       4.55712891    
   108.750000       9.27785301       3.07275391    
   112.500000       9.27785301       16.9047852    
   116.250000       9.27785301       2.79150391    
   120.000000       9.27785301       12.3383789    
   123.750000       9.27785301      -131.845215    
   127.500000       9.27785301      -3.47021484    
   131.250000       9.27785301       4.74072266    
   135.000000       9.27785301      -4.84912109    
   138.750000       9.27785301      0.756347656    
   142.500000       9.27785301      -2.57568359    
   146.250000       9.27785301      -2.16162109    
   150.000000       9.27785301       1.62353516    
   153.750000       9.27785301      0.682128906    
   157.500000       9.27785301       1.91650391    
   161.250000       9.27785301     -0.466308594    
   165.000000       9.27785301     -0.138183594    
   168.750000       9.27785301       1.62353516    
   172.500000       9.27785301       8.44726562E-02
   176.250000       9.27785301      -1.50927734    
   180.000000       9.27785301       1.61181641    
   183.750000       9.27785301      -2.56005859    
   187.500000       9.27785301     -0.321777344    
   191.250000       9.27785301      -2.30615234    
   195.000000       9.27785301      -1.61083984    
   198.750000       9.27785301       6.34765625E-03
   202.500000       9.27785301       3.13916016    
   206.250000       9.27785301       1.08837891    
   210.000000       9.27785301      -2.10302734    
   213.750000       9.27785301       2.01416016    
   217.500000       9.27785301      -3.74755859    
   221.250000       9.27785301      -1.56396484    
   225.000000       9.27785301      -2.37255859    
   228.750000       9.27785301      0.408691406    
   232.500000       9.27785301      -1.75537109    
   236.250000       9.27785301      -1.84521484    
   240.000000       9.27785301      -3.79833984    
   243.750000       9.27785301     -0.841308594    
   247.500000       9.27785301       4.61181641    
   251.250000       9.27785301      -4.54833984    
   255.000000       9.27785301       1.92431641    
   258.750000       9.27785301      0.303222656    
   262.500000       9.27785301      -3.71240234    
   266.250000       9.27785301      0.400878906    
   270.000000       9.27785301      -11.2280273    
   273.750000       9.27785301      -49.3764648    
   277.500000       9.27785301       6017.22510    
   281.250000       9.27785301       1246.99072    
   285.000000       9.27785301       899.143066    
   288.750000       9.27785301      -98.0874023    
   292.500000       9.27785301       1205.42041    
   296.250000       9.27785301       1907.71338    
   300.000000       9.27785301       4.83056641    
   303.750000       9.27785301       6.58837891    
   307.500000       9.27785301       3.88525391    
   311.250000       9.27785301      -2.01708984    
   315.000000       9.27785301       4.80712891    
   318.750000       9.27785301      -3.07177734    
   322.500000       9.27785301      0.197753906    
   326.250000       9.27785301      -1.50146484    
   330.000000       9.27785301      -2.38037109    
   333.750000       9.27785301       1.83056641    
   337.500000       9.27785301      -3.13818359    
   341.250000       9.27785301     -0.931152344    
   345.000000       9.27785301       12.8032227    
   348.750000       9.27785301       4532.03760    
   352.500000       9.27785301       4186.41260    
   356.250000       9.27785301       2718.31885    
   360.000000       9.27785301       1645.42432    
   0.00000000       12.9889879       2830.54150    
   3.75000000       12.9889879       2193.47510    
   7.50000000       12.9889879       5043.61572    
   11.2500000       12.9889879       3327.45557    
   15.0000000       12.9889879       2823.63916    
   18.7500000       12.9889879       3497.44775    
   22.5000000       12.9889879       7428.05713    
   26.2500000       12.9889879       5743.35791    
   30.0000000       12.9889879       5682.23291    
   33.7500000       12.9889879       4532.23682    
   37.5000000       12.9889879       19487.7637    
   41.2500000       12.9889879       1605.35791    
   45.0000000       12.9889879       94.8305664    
   48.7500000       12.9889879       19.0532227    
   52.5000000       12.9889879       11.8383789    
   56.2500000       12.9889879       2.89697266    
   60.0000000       12.9889879      -2.04052734    
   63.7500000       12.9889879      -1.23193359    
   67.5000000       12.9889879      -9.28271484    
   71.2500000       12.9889879      -5.87255859    
   75.0000000       12.9889879       370.209473    
   78.7500000       12.9889879       5200.82666    
   82.5000000       12.9889879     -0.317871094    
   86.2500000       12.9889879      -4.02880859    
   90.0000000       12.9889879      -13.1186523    
   93.7500000       12.9889879       12.9985352    
   97.5000000       12.9889879      -7.96240234    
   101.250000       12.9889879       460.588379    
   105.000000       12.9889879       221.869629    
   108.750000       12.9889879       5211.26416    
   112.500000       12.9889879      -11.3022461    
   116.250000       12.9889879      0.830566406    
   120.000000       12.9889879       23.6547852    
   123.750000       12.9889879       282.881348    
   127.500000       12.9889879       6.77978516    
   131.250000       12.9889879      -4.50927734    
   135.000000       12.9889879       8.41650391    
   138.750000       12.9889879      -3.24365234    
   142.500000       12.9889879      0.580566406    
   146.250000       12.9889879      -6.39648438E-02
   150.000000       12.9889879      -1.13427734    
   153.750000       12.9889879       2.33837891    
   157.500000       12.9889879      -2.00537109    
   161.250000       12.9889879      0.908691406    
   165.000000       12.9889879      -3.86865234    
   168.750000       12.9889879       1.55322266    
   172.500000       12.9889879       3.04150391    
   176.250000       12.9889879      -2.96240234    
   180.000000       12.9889879       1.78759766    
   183.750000       12.9889879       2.28759766    
   187.500000       12.9889879      0.518066406    
   191.250000       12.9889879      -4.65771484    
   195.000000       12.9889879      -1.84912109    
   198.750000       12.9889879      -2.04443359    
   202.500000       12.9889879      -4.76318359    
   206.250000       12.9889879      0.600097656    
   210.000000       12.9889879      -1.77880859    
   213.750000       12.9889879      -3.62255859    
   217.500000       12.9889879      -2.94677734    
   221.250000       12.9889879       2.10400391    
   225.000000       12.9889879      -3.82958984    
   228.750000       12.9889879      -2.10302734    
   232.500000       12.9889879       3.26416016    
   236.250000       12.9889879       4.56884766    
   240.000000       12.9889879      -1.42333984    
   243.750000       12.9889879       2.38525391    
   247.500000       12.9889879       12.2368164    
   251.250000       12.9889879       4.33447266    
   255.000000       12.9889879       2.32666016    
   258.750000       12.9889879      -11.3295898    
   262.500000       12.9889879      -12.5014648    
   266.250000       12.9889879      0.623535156    
   270.000000       12.9889879      -151.630371    
   273.750000       12.9889879       4753.65479    
   277.500000       12.9889879      -1.27490234    
   281.250000       12.9889879      -2.73193359    
   285.000000       12.9889879       4.83837891    
   288.750000       12.9889879      -10.0092773    
   292.500000       12.9889879       11.2094727    
   296.250000       12.9889879       1.77587891    
   300.000000       12.9889879      -7.31396484    
   303.750000       12.9889879      0.795410156    
   307.500000       12.9889879       4.63916016    
   311.250000       12.9889879      0.775878906    
   315.000000       12.9889879      -8.27099609    
   318.750000       12.9889879       1.37744141    
   322.500000       12.9889879      -1.79443359    
   326.250000       12.9889879       8.38916016    
   330.000000       12.9889879       1.93212891    
   333.750000       12.9889879      -3.23583984    
   337.500000       12.9889879     -0.626464844    
   341.250000       12.9889879       2.58837891    
   345.000000       12.9889879       382.904785    
   348.750000       12.9889879       2132.28369    
   352.500000       12.9889879       3392.33838    
   356.250000       12.9889879       2628.62744    
   360.000000       12.9889879       2830.54150    
   0.00000000       16.7001171       2640.31494    
   3.75000000       16.7001171       3185.12744    
   7.50000000       16.7001171       4523.35791    
   11.2500000       16.7001171       4008.02197    
   15.0000000       16.7001171       3134.22510    
   18.7500000       16.7001171       2706.84229    
   22.5000000       16.7001171       8937.62695    
   26.2500000       16.7001171       7075.50244    
   30.0000000       16.7001171       4314.22900    
   33.7500000       16.7001171       4021.51807    
   37.5000000       16.7001171       5458.61572    
   41.2500000       16.7001171       19.2094727    
   45.0000000       16.7001171       14927.9170    
   48.7500000       16.7001171       10041.2168    
   52.5000000       16.7001171       2888.02197    
   56.2500000       16.7001171       16.3422852    
   60.0000000       16.7001171      -4.35302734    
   63.7500000       16.7001171     -0.403808594    
   67.5000000       16.7001171       8.14306641    
   71.2500000       16.7001171      -1.40771484    
   75.0000000       16.7001171       5627.08447    
   78.7500000       16.7001171       4501.24072    
   82.5000000       16.7001171       13.4008789    
   86.2500000       16.7001171       8.19775391    
   90.0000000       16.7001171       21.2797852    
   93.7500000       16.7001171       7.99853516    
   97.5000000       16.7001171       288.166504    
   101.250000       16.7001171       3767.27197    
   105.000000       16.7001171       1587.64697    
   108.750000       16.7001171      -5.68115234    
   112.500000       16.7001171       5.44775391    
   116.250000       16.7001171      -2.95068359    
   120.000000       16.7001171      -94.4311523    
   123.750000       16.7001171       29.7172852    
   127.500000       16.7001171      -3.06005859    
   131.250000       16.7001171      -1.88037109    
   135.000000       16.7001171      0.279785156    
   138.750000       16.7001171       5.70947266    
   142.500000       16.7001171      -2.34521484    
   146.250000       16.7001171      -10.6381836    
   150.000000       16.7001171       3.85791016    
   153.750000       16.7001171      -1.67333984    
   157.500000       16.7001171       6.11962891    
   161.250000       16.7001171      0.592285156    
   165.000000       16.7001171     -0.231933594    
   168.750000       16.7001171       1.52197266    
   172.500000       16.7001171      -1.20068359    
   176.250000       16.7001171     -0.290527344    
   180.000000       16.7001171       8.49853516    
   183.750000       16.7001171      0.732910156    
   187.500000       16.7001171     -0.599121094    
   191.250000       16.7001171      -1.36865234    
   195.000000       16.7001171      -1.61083984    
   198.750000       16.7001171      0.416503906    
   202.500000       16.7001171     -0.364746094    
   206.250000       16.7001171       1.06103516    
   210.000000       16.7001171      -1.79052734    
   213.750000       16.7001171       2.68603516    
   217.500000       16.7001171       2.78369141    
   221.250000       16.7001171      -1.50537109    
   225.000000       16.7001171       1.99462891    
   228.750000       16.7001171      0.670410156    
   232.500000       16.7001171       1.34619141    
   236.250000       16.7001171       2.95556641    
   240.000000       16.7001171      0.627441406    
   243.750000       16.7001171      -2.53662109    
   247.500000       16.7001171      -5.83349609    
   251.250000       16.7001171      -1.60693359    
   255.000000       16.7001171      -11.7827148    
   258.750000       16.7001171       66.0532227    
   262.500000       16.7001171       10348.3926    
   266.250000       16.7001171       7481.15088    
   270.000000       16.7001171       1774.05322    
   273.750000       16.7001171      -53.8530273    
   277.500000       16.7001171       4.30322266    
   281.250000       16.7001171       5.68603516    
   285.000000       16.7001171      -1.24755859    
   288.750000       16.7001171      -38.7006836    
   292.500000       16.7001171      -6.29443359    
   296.250000       16.7001171      -4.50927734    
   300.000000       16.7001171      -3.94677734    
   303.750000       16.7001171      -5.74755859    
   307.500000       16.7001171       3.40869141    
   311.250000       16.7001171      -3.66210938E-02
   315.000000       16.7001171      -1.95849609    
   318.750000       16.7001171     -0.868652344    
   322.500000       16.7001171     -0.770996094    
   326.250000       16.7001171      -6.70458984    
   330.000000       16.7001171       3.22119141    
   333.750000       16.7001171     -0.130371094    
   337.500000       16.7001171      -24.9936523    
   341.250000       16.7001171      -2.75537109    
   345.000000       16.7001171       236.057129    
   348.750000       16.7001171       1121.51416    
   352.500000       16.7001171       2035.09619    
   356.250000       16.7001171       2752.90869    
   360.000000       16.7001171       2640.31494    
   0.00000000       20.4112377       4101.98682    
   3.75000000       20.4112377       6276.03760    
   7.50000000       20.4112377       5502.28760    
   11.2500000       20.4112377       4236.14307    
   15.0000000       20.4112377       4931.18604    
   18.7500000       20.4112377       13281.3887    
   22.5000000       20.4112377       5895.33447    
   26.2500000       20.4112377       5722.01807    
   30.0000000       20.4112377       2825.37744    
   33.7500000       20.4112377       3493.39697    
   37.5000000       20.4112377       4.13916016    
   41.2500000       20.4112377       14503.4912    
   45.0000000       20.4112377       6799.86963    
   48.7500000       20.4112377       3378.18213    
   52.5000000       20.4112377       1523.88916    
   56.2500000       20.4112377       1391.45166    
   60.0000000       20.4112377       4.80322266    
   63.7500000       20.4112377      -2.43896484    
   67.5000000       20.4112377       9.03759766    
   71.2500000       20.4112377       16.3618164    
   75.0000000       20.4112377       5239.41650    
   78.7500000       20.4112377       2408.47900    
   82.5000000       20.4112377       4373.24854    
   86.2500000       20.4112377       104.553223    
   90.0000000       20.4112377      -18.6303711    
   93.7500000       20.4112377       3576.34619    
   97.5000000       20.4112377       10401.4287    
   101.250000       20.4112377       7988.83057    
   105.000000       20.4112377       5274.09619    
   108.750000       20.4112377      -10.3217773    
   112.500000       20.4112377       7.04931641    
   116.250000       20.4112377      -2.36083984    
   120.000000       20.4112377      -6.16943359    
   123.750000       20.4112377      0.990722656    
   127.500000       20.4112377      -10.2866211    
   131.250000       20.4112377      -2.31005859    
   135.000000       20.4112377      -1.80615234    
   138.750000       20.4112377     -0.692871094    
   142.500000       20.4112377       1.51416016    
   146.250000       20.4112377     -0.423339844    
   150.000000       20.4112377      -3.08349609    
   153.750000       20.4112377      -2.16943359    
   157.500000       20.4112377     -0.259277344    
   161.250000       20.4112377      -3.27880859    
   165.000000       20.4112377       1.89306641    
   168.750000       20.4112377       4.39306641    
   172.500000       20.4112377       3.36181641    
   176.250000       20.4112377       1.36572266    
   180.000000       20.4112377       2.31103516    
   183.750000       20.4112377      0.115722656    
   187.500000       20.4112377      -1.02490234    
   191.250000       20.4112377     -0.770996094    
   195.000000       20.4112377     -0.532714844    
   198.750000       20.4112377      -1.42333984    
   202.500000       20.4112377      -38.2670898    
   206.250000       20.4112377     -0.372558594    
   210.000000       20.4112377      0.174316406    
   213.750000       20.4112377     -0.665527344    
   217.500000       20.4112377     -0.228027344    
   221.250000       20.4112377      0.393066406    
   225.000000       20.4112377       5.68994141    
   228.750000       20.4112377      0.850097656    
   232.500000       20.4112377     -0.657714844    
   236.250000       20.4112377      -1.07958984    
   240.000000       20.4112377       4.15039062E-02
   243.750000       20.4112377      0.385253906    
   247.500000       20.4112377      -12.5053711    
   251.250000       20.4112377      -7.33740234    
   255.000000       20.4112377       9643.38965    
   258.750000       20.4112377       18600.4512    
   262.500000       20.4112377       3359.07275    
   266.250000       20.4112377       20.0844727    
   270.000000       20.4112377       486.084473    
   273.750000       20.4112377      -3.76318359    
   277.500000       20.4112377       1.28369141    
   281.250000       20.4112377      -5.32568359    
   285.000000       20.4112377       3304.00635    
   288.750000       20.4112377       21.9399414    
   292.500000       20.4112377     -0.255371094    
   296.250000       20.4112377     -0.942871094    
   300.000000       20.4112377      -1.99365234    
   303.750000       20.4112377      -3.02490234    
   307.500000       20.4112377      -1.71240234    
   311.250000       20.4112377      0.229003906    
   315.000000       20.4112377      -3.14599609    
   318.750000       20.4112377     -0.599121094    
   322.500000       20.4112377      0.350097656    
   326.250000       20.4112377      -1.09521484    
   330.000000       20.4112377     -0.548339844    
   333.750000       20.4112377       1.72119141    
   337.500000       20.4112377       1.91259766    
   341.250000       20.4112377     -0.560058594    
   345.000000       20.4112377       1124.37744    
   348.750000       20.4112377       3752.16260    
   352.500000       20.4112377       3297.48291    
   356.250000       20.4112377       2755.30322    
   360.000000       20.4112377       4101.98682    
   0.00000000       24.1223469       3118.04150    
   3.75000000       24.1223469       6107.29932    
   7.50000000       24.1223469       12114.0449    
   11.2500000       24.1223469       8197.02246    
   15.0000000       24.1223469       5363.79541    
   18.7500000       24.1223469       4735.08447    
   22.5000000       24.1223469       4879.29541    
   26.2500000       24.1223469       7974.27979    
   30.0000000       24.1223469       2423.72900    
   33.7500000       24.1223469       3193.77197    
   37.5000000       24.1223469       163.814941    
   41.2500000       24.1223469       8918.70996    
   45.0000000       24.1223469       9062.95215    
   48.7500000       24.1223469       3078.29150    
   52.5000000       24.1223469       249.369629    
   56.2500000       24.1223469       6903.56885    
   60.0000000       24.1223469       57.2797852    
   63.7500000       24.1223469       6.37353516    
   67.5000000       24.1223469      -12.5170898    
   71.2500000       24.1223469       82.8579102    
   75.0000000       24.1223469       4714.43604    
   78.7500000       24.1223469       4744.33838    
   82.5000000       24.1223469       3981.58447    
   86.2500000       24.1223469       2822.89307    
   90.0000000       24.1223469       161.096191    
   93.7500000       24.1223469       11777.7100    
   97.5000000       24.1223469       9469.67871    
   101.250000       24.1223469       16039.5137    
   105.000000       24.1223469       13337.5381    
   108.750000       24.1223469       3500.48291    
   112.500000       24.1223469       4169.67041    
   116.250000       24.1223469       3100.11963    
   120.000000       24.1223469      -243.704590    
   123.750000       24.1223469       35.2915039    
   127.500000       24.1223469      -6.12646484    
   131.250000       24.1223469      -5.14990234    
   135.000000       24.1223469       7.04541016    
   138.750000       24.1223469      0.979003906    
   142.500000       24.1223469       7.07275391    
   146.250000       24.1223469      -2.81787109    
   150.000000       24.1223469       5.74072266    
   153.750000       24.1223469      0.717285156    
   157.500000       24.1223469      -2.19677734    
   161.250000       24.1223469     -0.454589844    
   165.000000       24.1223469       2.50244141    
   168.750000       24.1223469       1.88916016    
   172.500000       24.1223469       3.04541016    
   176.250000       24.1223469      0.873535156    
   180.000000       24.1223469      -1.37646484    
   183.750000       24.1223469      0.811035156    
   187.500000       24.1223469      -4.13037109    
   191.250000       24.1223469      0.479003906    
   195.000000       24.1223469      0.408691406    
   198.750000       24.1223469     -0.290527344    
   202.500000       24.1223469      -2.05224609    
   206.250000       24.1223469      -2.22412109    
   210.000000       24.1223469       3.12744141    
   213.750000       24.1223469      -1.36083984    
   217.500000       24.1223469      -1.16943359    
   221.250000       24.1223469       1.33056641    
   225.000000       24.1223469       6.72900391    
   228.750000       24.1223469      0.150878906    
   232.500000       24.1223469       2.61962891    
   236.250000       24.1223469      -1.82568359    
   240.000000       24.1223469      -5.25146484    
   243.750000       24.1223469      -9.84521484    
   247.500000       24.1223469     -0.868652344    
   251.250000       24.1223469      -20.0405273    
   255.000000       24.1223469       23617.8730    
   258.750000       24.1223469       19284.5020    
   262.500000       24.1223469      -84.9545898    
   266.250000       24.1223469      -10.1420898    
   270.000000       24.1223469       7.28759766    
   273.750000       24.1223469       2.56884766    
   277.500000       24.1223469      -32.8608398    
   281.250000       24.1223469      -11.9624023    
   285.000000       24.1223469      -4.11474609    
   288.750000       24.1223469       4.49462891    
   292.500000       24.1223469       1.57666016    
   296.250000       24.1223469       1.63916016    
   300.000000       24.1223469       5.02587891    
   303.750000       24.1223469      -3.29443359    
   307.500000       24.1223469     -0.817871094    
   311.250000       24.1223469      -3.25927734    
   315.000000       24.1223469      0.299316406    
   318.750000       24.1223469      0.330566406    
   322.500000       24.1223469       5.33056641    
   326.250000       24.1223469       3.40478516    
   330.000000       24.1223469      -2.10302734    
   333.750000       24.1223469      -1.19677734    
   337.500000       24.1223469       1.03759766    
   341.250000       24.1223469       4.79541016    
   345.000000       24.1223469       1704.95947    
   348.750000       24.1223469       2201.30322    
   352.500000       24.1223469       3248.76025    
   356.250000       24.1223469       3031.56885    
   360.000000       24.1223469       3118.04150    
   0.00000000       27.8334446       2918.60400    
   3.75000000       27.8334446       5074.42432    
   7.50000000       27.8334446       4592.70947    
   11.2500000       27.8334446       5108.12744    
   15.0000000       27.8334446       4170.34619    
   18.7500000       27.8334446       2695.17041    
   22.5000000       27.8334446       1110.25635    
   26.2500000       27.8334446       1442.21729    
   30.0000000       27.8334446       1098.81494    
   33.7500000       27.8334446       171.615723    
   37.5000000       27.8334446       10153.8105    
   41.2500000       27.8334446       9236.00195    
   45.0000000       27.8334446       4608.48682    
   48.7500000       27.8334446       139.826660    
   52.5000000       27.8334446       4710.50244    
   56.2500000       27.8334446       9305.59277    
   60.0000000       27.8334446       9478.59570    
   63.7500000       27.8334446       5705.01025    
   67.5000000       27.8334446       2684.60400    
   71.2500000       27.8334446       1151.50635    
   75.0000000       27.8334446       3713.22119    
   78.7500000       27.8334446       1668.60010    
   82.5000000       27.8334446       3318.60010    
   86.2500000       27.8334446       28872.1621    
   90.0000000       27.8334446       32437.9473    
   93.7500000       27.8334446       15291.4600    
   97.5000000       27.8334446       17885.8613    
   101.250000       27.8334446       29176.6543    
   105.000000       27.8334446       12749.4355    
   108.750000       27.8334446       7903.77197    
   112.500000       27.8334446       1126.91650    
   116.250000       27.8334446       1157.87744    
   120.000000       27.8334446       5058.85791    
   123.750000       27.8334446      0.717285156    
   127.500000       27.8334446       2.77978516    
   131.250000       27.8334446      -3.37646484    
   135.000000       27.8334446       8.93212891    
   138.750000       27.8334446       3.26025391    
   142.500000       27.8334446      -12.7749023    
   146.250000       27.8334446       3.20556641    
   150.000000       27.8334446       2.89697266    
   153.750000       27.8334446     -0.376464844    
   157.500000       27.8334446      -2.04052734    
   161.250000       27.8334446      0.561035156    
   165.000000       27.8334446      -6.03271484    
   168.750000       27.8334446      -4.01318359    
   172.500000       27.8334446      -2.34912109    
   176.250000       27.8334446      -2.54052734    
   180.000000       27.8334446       3.88525391    
   183.750000       27.8334446       1.72900391    
   187.500000       27.8334446       2.92822266    
   191.250000       27.8334446      -1.09130859    
   195.000000       27.8334446      -2.42724609    
   198.750000       27.8334446       1.00244141    
   202.500000       27.8334446     -0.665527344    
   206.250000       27.8334446       1.02587891    
   210.000000       27.8334446       2.93994141    
   213.750000       27.8334446       2.36962891    
   217.500000       27.8334446      -4.12255859    
   221.250000       27.8334446      0.682128906    
   225.000000       27.8334446       1.27978516    
   228.750000       27.8334446      -2.14990234    
   232.500000       27.8334446       5.38134766    
   236.250000       27.8334446      -5.22460938E-02
   240.000000       27.8334446      -6.66162109    
   243.750000       27.8334446       10.0649414    
   247.500000       27.8334446       603.580566    
   251.250000       27.8334446       9821.81934    
   255.000000       27.8334446       13050.6270    
   258.750000       27.8334446       4312.00635    
   262.500000       27.8334446       126.256348    
   266.250000       27.8334446       4.81103516    
   270.000000       27.8334446      -5.25146484    
   273.750000       27.8334446       1.15478516    
   277.500000       27.8334446       81.1079102    
   281.250000       27.8334446       2.97509766    
   285.000000       27.8334446      -8.88427734    
   288.750000       27.8334446       1.97509766    
   292.500000       27.8334446     -0.860839844    
   296.250000       27.8334446      -4.44335938E-02
   300.000000       27.8334446       1.08447266    
   303.750000       27.8334446       1.77197266    
   307.500000       27.8334446       3.87353516    
   311.250000       27.8334446       1.37353516    
   315.000000       27.8334446      -4.73583984    
   318.750000       27.8334446      -1.64208984    
   322.500000       27.8334446     -0.435058594    
   326.250000       27.8334446      -1.72802734    
   330.000000       27.8334446      0.330566406    
   333.750000       27.8334446      0.725097656    
   337.500000       27.8334446       11.3305664    
   341.250000       27.8334446      -23.8178711    
   345.000000       27.8334446      -273.876465    
   348.750000       27.8334446       2291.57666    
   352.500000       27.8334446       3909.66650    
   356.250000       27.8334446       3779.82275    
   360.000000       27.8334446       2918.60400    
   0.00000000       31.5445251       6798.08838    
   3.75000000       31.5445251       3757.07666    
   7.50000000       31.5445251       1561.79541    
   11.2500000       31.5445251       5808.47510    
   15.0000000       31.5445251       695.666504    
   18.7500000       31.5445251      -2.41943359    
   22.5000000       31.5445251       1383.15088    
   26.2500000       31.5445251       574.158691    
   30.0000000       31.5445251      -9.32568359    
   33.7500000       31.5445251      -146.603027    
   37.5000000       31.5445251       6157.02979    
   41.2500000       31.5445251       5135.33838    
   45.0000000       31.5445251       139.135254    
   48.7500000       31.5445251       213.924316    
   52.5000000       31.5445251       19163.6660    
   56.2500000       31.5445251       18723.2988    
   60.0000000       31.5445251       12860.9082    
   63.7500000       31.5445251       7941.10791    
   67.5000000       31.5445251       20511.2637    
   71.2500000       31.5445251       1574.89307    
   75.0000000       31.5445251       2313.00244    
   78.7500000       31.5445251       47470.2656    
   82.5000000       31.5445251       49954.2734    
   86.2500000       31.5445251       49780.0195    
   90.0000000       31.5445251       47860.2852    
   93.7500000       31.5445251       47215.3203    
   97.5000000       31.5445251       43629.8828    
   101.250000       31.5445251       41189.6289    
   105.000000       31.5445251       4920.26025    
   108.750000       31.5445251       12604.6426    
   112.500000       31.5445251       1347.72119    
   116.250000       31.5445251       2161.96729    
   120.000000       31.5445251       17.6547852    
   123.750000       31.5445251       4.26806641    
   127.500000       31.5445251      -12.0717773    
   131.250000       31.5445251       1464.00244    
   135.000000       31.5445251      -1.82177734    
   138.750000       31.5445251      -1.07958984    
   142.500000       31.5445251      -2.64208984    
   146.250000       31.5445251       3.62353516    
   150.000000       31.5445251       2.71728516    
   153.750000       31.5445251     -0.880371094    
   157.500000       31.5445251       3.28759766    
   161.250000       31.5445251      -1.52490234    
   165.000000       31.5445251      0.701660156    
   168.750000       31.5445251      0.959472656    
   172.500000       31.5445251      0.752441406    
   176.250000       31.5445251       6.49414062E-02
   180.000000       31.5445251      -3.94287109    
   183.750000       31.5445251       2.30712891    
   187.500000       31.5445251       1.10009766    
   191.250000       31.5445251      -1.91162109    
   195.000000       31.5445251       1.93994141    
   198.750000       31.5445251       4.54101562E-02
   202.500000       31.5445251       1.64306641    
   206.250000       31.5445251      -2.95068359    
   210.000000       31.5445251      -2.31005859    
   213.750000       31.5445251       1.99853516    
   217.500000       31.5445251       2.00634766    
   221.250000       31.5445251      0.221191406    
   225.000000       31.5445251       1.29150391    
   228.750000       31.5445251      -7.22021484    
   232.500000       31.5445251       2.71337891    
   236.250000       31.5445251       6.49414062E-02
   240.000000       31.5445251      -15.0522461    
   243.750000       31.5445251       6127.18994    
   247.500000       31.5445251       5219.40869    
   251.250000       31.5445251       15874.0693    
   255.000000       31.5445251       13434.1895    
   258.750000       31.5445251       7578.70947    
   262.500000       31.5445251       2361.10791    
   266.250000       31.5445251       803.771973    
   270.000000       31.5445251       1094.39697    
   273.750000       31.5445251       995.760254    
   277.500000       31.5445251       552.885254    
   281.250000       31.5445251      -2.56005859    
   285.000000       31.5445251      -1.46240234    
   288.750000       31.5445251       1.05322266    
   292.500000       31.5445251      -6.57177734    
   296.250000       31.5445251       2.48681641    
   300.000000       31.5445251       1.12744141    
   303.750000       31.5445251      -2.34912109    
   307.500000       31.5445251     -0.485839844    
   311.250000       31.5445251       3.03759766    
   315.000000       31.5445251     -0.661621094    
   318.750000       31.5445251      -2.32568359    
   322.500000       31.5445251       2.67822266    
   326.250000       31.5445251      -1.50927734    
   330.000000       31.5445251     -0.497558594    
   333.750000       31.5445251       2.44775391    
   337.500000       31.5445251       4.93603516    
   341.250000       31.5445251       8.40478516    
   345.000000       31.5445251       11.9047852    
   348.750000       31.5445251       5.38525391    
   352.500000       31.5445251       12664.7568    
   356.250000       31.5445251       9802.27539    
   360.000000       31.5445251       6798.08838    
   0.00000000       35.2555809       4826.51807    
   3.75000000       35.2555809       8369.12695    
   7.50000000       35.2555809       11456.3545    
   11.2500000       35.2555809       56.4907227    
   15.0000000       35.2555809       6.33447266    
   18.7500000       35.2555809      -8.18115234    
   22.5000000       35.2555809      -17.1538086    
   26.2500000       35.2555809       304.861816    
   30.0000000       35.2555809      -132.556152    
   33.7500000       35.2555809       730.029785    
   37.5000000       35.2555809       4667.67822    
   41.2500000       35.2555809       1989.54541    
   45.0000000       35.2555809       6250.48291    
   48.7500000       35.2555809       17190.9629    
   52.5000000       35.2555809       10310.4395    
   56.2500000       35.2555809       6887.57275    
   60.0000000       35.2555809       17325.2246    
   63.7500000       35.2555809       13784.8418    
   67.5000000       35.2555809       27869.8652    
   71.2500000       35.2555809       26481.5723    
   75.0000000       35.2555809       40821.1953    
   78.7500000       35.2555809       54043.6094    
   82.5000000       35.2555809       51199.5859    
   86.2500000       35.2555809       49092.0820    
   90.0000000       35.2555809       47666.0508    
   93.7500000       35.2555809       44637.2852    
   97.5000000       35.2555809       44271.3398    
   101.250000       35.2555809       36433.8555    
   105.000000       35.2555809       20763.1895    
   108.750000       35.2555809       13912.1230    
   112.500000       35.2555809       7466.49072    
   116.250000       35.2555809       428.791504    
   120.000000       35.2555809       8.45556641    
   123.750000       35.2555809       15.4438477    
   127.500000       35.2555809       4007.70947    
   131.250000       35.2555809       36.0102539    
   135.000000       35.2555809       2715.38525    
   138.750000       35.2555809       5525.63525    
   142.500000       35.2555809      -5.17333984    
   146.250000       35.2555809       1.60009766    
   150.000000       35.2555809      -7.45849609    
   153.750000       35.2555809       2.59228516    
   157.500000       35.2555809     -0.192871094    
   161.250000       35.2555809     -0.153808594    
   165.000000       35.2555809       3.86181641    
   168.750000       35.2555809       3.51416016    
   172.500000       35.2555809       1.92041016    
   176.250000       35.2555809      -1.79052734    
   180.000000       35.2555809      -1.83740234    
   183.750000       35.2555809       1.22509766    
   187.500000       35.2555809       3.27587891    
   191.250000       35.2555809       2.00634766    
   195.000000       35.2555809      -10.2436523    
   198.750000       35.2555809     -0.649902344    
   202.500000       35.2555809      -3.54833984    
   206.250000       35.2555809       3.44775391    
   210.000000       35.2555809       1.85400391    
   213.750000       35.2555809      0.463378906    
   217.500000       35.2555809      0.467285156    
   221.250000       35.2555809      -2.02880859    
   225.000000       35.2555809      -6.05615234    
   228.750000       35.2555809     -0.364746094    
   232.500000       35.2555809      -2.34130859    
   236.250000       35.2555809       7.08056641    
   240.000000       35.2555809       6818.30713    
   243.750000       35.2555809       5417.62744    
   247.500000       35.2555809       16988.9121    
   251.250000       35.2555809       21157.0645    
   255.000000       35.2555809       16476.1934    
   258.750000       35.2555809       10113.7012    
   262.500000       35.2555809       3587.35791    
   266.250000       35.2555809       2077.99463    
   270.000000       35.2555809       791.771973    
   273.750000       35.2555809       3104.26807    
   277.500000       35.2555809       6539.38916    
   281.250000       35.2555809       597.936035    
   285.000000       35.2555809       5.33447266    
   288.750000       35.2555809       2.88916016    
   292.500000       35.2555809      -2.72021484    
   296.250000       35.2555809      -1.56396484    
   300.000000       35.2555809       3.10791016    
   303.750000       35.2555809      -2.61865234    
   307.500000       35.2555809     -0.395996094    
   311.250000       35.2555809      -2.95068359    
   315.000000       35.2555809      -5.01318359    
   318.750000       35.2555809       2.32275391    
   322.500000       35.2555809       1.20947266    
   326.250000       35.2555809     -0.298339844    
   330.000000       35.2555809      -2.84130859    
   333.750000       35.2555809       7.24462891    
   337.500000       35.2555809      0.701660156    
   341.250000       35.2555809      -8.69677734    
   345.000000       35.2555809       3.99072266    
   348.750000       35.2555809      -1.57568359    
   352.500000       35.2555809      -19.0522461    
   356.250000       35.2555809       1318.87744    
   360.000000       35.2555809       4826.51807    
   0.00000000       38.9666100       1519.65479    
   3.75000000       38.9666100       16.0532227    
   7.50000000       38.9666100      -19.1459961    
   11.2500000       38.9666100       2.16259766    
   15.0000000       38.9666100       44.6274414    
   18.7500000       38.9666100      -18.3608398    
   22.5000000       38.9666100       5995.78760    
   26.2500000       38.9666100       588.689941    
   30.0000000       38.9666100       12166.9863    
   33.7500000       38.9666100       10733.1162    
   37.5000000       38.9666100       15982.0488    
   41.2500000       38.9666100       16468.7637    
   45.0000000       38.9666100       13275.2451    
   48.7500000       38.9666100       2602.35010    
   52.5000000       38.9666100      -266.704590    
   56.2500000       38.9666100       3836.32666    
   60.0000000       38.9666100       1149.99854    
   63.7500000       38.9666100       1983.86182    
   67.5000000       38.9666100       27091.3027    
   71.2500000       38.9666100       35967.0156    
   75.0000000       38.9666100       39867.3867    
   78.7500000       38.9666100       11662.9795    
   82.5000000       38.9666100       11202.0488    
   86.2500000       38.9666100       10640.4082    
   90.0000000       38.9666100       31458.8887    
   93.7500000       38.9666100       31029.5176    
   97.5000000       38.9666100       41885.3750    
   101.250000       38.9666100       20202.8379    
   105.000000       38.9666100       12800.4707    
   108.750000       38.9666100       13143.6357    
   112.500000       38.9666100       13377.3975    
   116.250000       38.9666100       54.0219727    
   120.000000       38.9666100       7.87744141    
   123.750000       38.9666100      -2.72021484    
   127.500000       38.9666100       6209.04932    
   131.250000       38.9666100      -9.03662109    
   135.000000       38.9666100       14.6860352    
   138.750000       38.9666100       77.1899414    
   142.500000       38.9666100       131.924316    
   146.250000       38.9666100      -6.11083984    
   150.000000       38.9666100     -0.298339844    
   153.750000       38.9666100      0.900878906    
   157.500000       38.9666100      -1.90771484    
   161.250000       38.9666100      -3.29052734    
   165.000000       38.9666100      -4.23974609    
   168.750000       38.9666100      0.982910156    
   172.500000       38.9666100       1.75634766    
   176.250000       38.9666100       2.88134766    
   180.000000       38.9666100      0.428222656    
   183.750000       38.9666100      0.701660156    
   187.500000       38.9666100       3.81494141    
   191.250000       38.9666100       2.39306641    
   195.000000       38.9666100      -2.91943359    
   198.750000       38.9666100       4.10009766    
   202.500000       38.9666100      0.189941406    
   206.250000       38.9666100      0.764160156    
   210.000000       38.9666100       3.89306641    
   213.750000       38.9666100     -0.813964844    
   217.500000       38.9666100       1.00634766    
   221.250000       38.9666100       3.09619141    
   225.000000       38.9666100     -0.759277344    
   228.750000       38.9666100      0.482910156    
   232.500000       38.9666100       2.10400391    
   236.250000       38.9666100       317.936035    
   240.000000       38.9666100       21471.7832    
   243.750000       38.9666100       21273.8457    
   247.500000       38.9666100       18672.1270    
   251.250000       38.9666100       21688.3418    
   255.000000       38.9666100       22991.2246    
   258.750000       38.9666100       9568.71777    
   262.500000       38.9666100       3991.60010    
   266.250000       38.9666100       2467.62354    
   270.000000       38.9666100       1542.68604    
   273.750000       38.9666100       2183.33838    
   277.500000       38.9666100       2236.42822    
   281.250000       38.9666100       4723.87354    
   285.000000       38.9666100       7.25244141    
   288.750000       38.9666100      -1.07568359    
   292.500000       38.9666100      -4.90380859    
   296.250000       38.9666100      -3.38037109    
   300.000000       38.9666100      -3.15771484    
   303.750000       38.9666100      -7.17773438E-02
   307.500000       38.9666100       4.10791016    
   311.250000       38.9666100      -1.49755859    
   315.000000       38.9666100       2.36962891    
   318.750000       38.9666100     -0.501464844    
   322.500000       38.9666100      -4.99365234    
   326.250000       38.9666100       2.97119141    
   330.000000       38.9666100       9.12353516    
   333.750000       38.9666100      -35.8803711    
   337.500000       38.9666100       2.30712891    
   341.250000       38.9666100      0.799316406    
   345.000000       38.9666100       3.71728516    
   348.750000       38.9666100      -5.41162109    
   352.500000       38.9666100       2428.78369    
   356.250000       38.9666100       6799.97900    
   360.000000       38.9666100       1519.65479    
   0.00000000       42.6776047       13448.0918    
   3.75000000       42.6776047       9.08447266    
   7.50000000       42.6776047      -32.7788086    
   11.2500000       42.6776047       841.018066    
   15.0000000       42.6776047       50.8461914    
   18.7500000       42.6776047       6282.97119    
   22.5000000       42.6776047       10513.0801    
   26.2500000       42.6776047       2107.87744    
   30.0000000       42.6776047      -34.4311523    
   33.7500000       42.6776047       45.4829102    
   37.5000000       42.6776047      -24.5991211    
   41.2500000       42.6776047       78.8383789    
   45.0000000       42.6776047       23648.5918    
   48.7500000       42.6776047      -189.325684    
   52.5000000       42.6776047       64.3344727    
   56.2500000       42.6776047       798.283691    
   60.0000000       42.6776047       835.717285    
   63.7500000       42.6776047       3881.95947    
   67.5000000       42.6776047       2007.63525    
   71.2500000       42.6776047       16723.7793    
   75.0000000       42.6776047       27043.1426    
   78.7500000       42.6776047       26972.9941    
   82.5000000       42.6776047       31199.2285    
   86.2500000       42.6776047       19764.5332    
   90.0000000       42.6776047       3587.76807    
   93.7500000       42.6776047       6479.88916    
   97.5000000       42.6776047       12817.2324    
   101.250000       42.6776047       9654.28320    
   105.000000       42.6776047       12580.8574    
   108.750000       42.6776047       11549.7637    
   112.500000       42.6776047       11598.2764    
   116.250000       42.6776047       13346.5918    
   120.000000       42.6776047       5287.27197    
   123.750000       42.6776047       872.572754    
   127.500000       42.6776047       6599.76025    
   131.250000       42.6776047       91.8461914    
   135.000000       42.6776047      -9.50927734    
   138.750000       42.6776047       79.5610352    
   142.500000       42.6776047       4586.37354    
   146.250000       42.6776047      -14.9389648    
   150.000000       42.6776047       5.41259766    
   153.750000       42.6776047       4.28759766    
   157.500000       42.6776047      -5.49365234    
   161.250000       42.6776047      -1.31396484    
   165.000000       42.6776047       1.53369141    
   168.750000       42.6776047      -2.43896484    
   172.500000       42.6776047     -0.290527344    
   176.250000       42.6776047     -0.427246094    
   180.000000       42.6776047      0.400878906    
   183.750000       42.6776047      -2.07958984    
   187.500000       42.6776047       1.99853516    
   191.250000       42.6776047       1.13525391    
   195.000000       42.6776047      0.857910156    
   198.750000       42.6776047      -1.04052734    
   202.500000       42.6776047       2.23291016    
   206.250000       42.6776047      -4.27099609    
   210.000000       42.6776047       5.31884766    
   213.750000       42.6776047       4.15869141    
   217.500000       42.6776047       4.83056641    
   221.250000       42.6776047       4.03369141    
   225.000000       42.6776047      0.455566406    
   228.750000       42.6776047      -1.66552734    
   232.500000       42.6776047      -15.1108398    
   236.250000       42.6776047       7437.64697    
   240.000000       42.6776047       15664.7725    
   243.750000       42.6776047       16480.9863    
   247.500000       42.6776047       17311.9707    
   251.250000       42.6776047       23026.6035    
   255.000000       42.6776047       15473.6006    
   258.750000       42.6776047       9861.86133    
   262.500000       42.6776047       4985.61182    
   266.250000       42.6776047       3370.26025    
   270.000000       42.6776047       2784.85010    
   273.750000       42.6776047       1862.02979    
   277.500000       42.6776047       1692.88525    
   281.250000       42.6776047       3902.68604    
   285.000000       42.6776047       5221.37744    
   288.750000       42.6776047       528.865723    
   292.500000       42.6776047      -4.85302734    
   296.250000       42.6776047      -1.91943359    
   300.000000       42.6776047      -1.00146484    
   303.750000       42.6776047       1.69384766    
   307.500000       42.6776047     -0.161621094    
   311.250000       42.6776047      0.451660156    
   315.000000       42.6776047      0.209472656    
   318.750000       42.6776047     -0.653808594    
   322.500000       42.6776047       2.01025391    
   326.250000       42.6776047       4.45947266    
   330.000000       42.6776047     -0.255371094    
   333.750000       42.6776047     -0.165527344    
   337.500000       42.6776047      -3.06005859    
   341.250000       42.6776047       1.04150391    
   345.000000       42.6776047     -0.177246094    
   348.750000       42.6776047      -2.31396484    
   352.500000       42.6776047       6770.87354    
   356.250000       42.6776047       9024.90039    
   360.000000       42.6776047       13448.0918    
   0.00000000       46.3885536       1329.30713    
   3.75000000       46.3885536       3635.74072    
   7.50000000       46.3885536       17848.3301    
   11.2500000       46.3885536       10643.3037    
   15.0000000       46.3885536       5541.66650    
   18.7500000       46.3885536       1232.15869    
   22.5000000       46.3885536       3853.18604    
   26.2500000       46.3885536       8746.06934    
   30.0000000       46.3885536       608.521973    
   33.7500000       46.3885536       135.377441    
   37.5000000       46.3885536      -2.77490234    
   41.2500000       46.3885536       724.893066    
   45.0000000       46.3885536       81.0493164    
   48.7500000       46.3885536      -291.806152    
   52.5000000       46.3885536      -290.419434    
   56.2500000       46.3885536       750.979004    
   60.0000000       46.3885536       573.982910    
   63.7500000       46.3885536       1156.43604    
   67.5000000       46.3885536       2117.34619    
   71.2500000       46.3885536       4175.17041    
   75.0000000       46.3885536       3384.49463    
   78.7500000       46.3885536       3814.53369    
   82.5000000       46.3885536       6320.48291    
   86.2500000       46.3885536       5366.34229    
   90.0000000       46.3885536       10516.4912    
   93.7500000       46.3885536       24001.7676    
   97.5000000       46.3885536       20175.2715    
   101.250000       46.3885536       23709.1816    
   105.000000       46.3885536       14485.0645    
   108.750000       46.3885536       13287.5068    
   112.500000       46.3885536       9381.94727    
   116.250000       46.3885536       8234.46777    
   120.000000       46.3885536       9328.65039    
   123.750000       46.3885536       1325.89307    
   127.500000       46.3885536       1653.99072    
   131.250000       46.3885536       3559.16260    
   135.000000       46.3885536       2255.30322    
   138.750000       46.3885536       15.8930664    
   142.500000       46.3885536       235.529785    
   146.250000       46.3885536      -10.0678711    
   150.000000       46.3885536       373.369629    
   153.750000       46.3885536       13.7211914    
   157.500000       46.3885536      -3.68505859    
   161.250000       46.3885536       4.42431641    
   165.000000       46.3885536     -0.966308594    
   168.750000       46.3885536      0.143066406    
   172.500000       46.3885536      -6.09521484    
   176.250000       46.3885536       1.25634766    
   180.000000       46.3885536      -2.45068359    
   183.750000       46.3885536      -2.46240234    
   187.500000       46.3885536      -7.06005859    
   191.250000       46.3885536       7.18994141    
   195.000000       46.3885536      0.115722656    
   198.750000       46.3885536      -11.3959961    
   202.500000       46.3885536     -0.767089844    
   206.250000       46.3885536      -3.09521484    
   210.000000       46.3885536       13.0063477    
   213.750000       46.3885536      -3.51708984    
   217.500000       46.3885536       8.09619141    
   221.250000       46.3885536       2.93994141    
   225.000000       46.3885536      -3.38818359    
   228.750000       46.3885536      -2.79443359    
   232.500000       46.3885536      -3.15771484    
   236.250000       46.3885536       945.275879    
   240.000000       46.3885536       3709.65869    
   243.750000       46.3885536       9416.91602    
   247.500000       46.3885536       19095.1113    
   251.250000       46.3885536       11024.7207    
   255.000000       46.3885536       8759.02539    
   258.750000       46.3885536       6189.36572    
   262.500000       46.3885536       3448.00635    
   266.250000       46.3885536       3799.09229    
   270.000000       46.3885536       4964.23682    
   273.750000       46.3885536       2263.54541    
   277.500000       46.3885536       2419.15869    
   281.250000       46.3885536       2917.40869    
   285.000000       46.3885536       2895.28760    
   288.750000       46.3885536       3406.13525    
   292.500000       46.3885536       1607.77588    
   296.250000       46.3885536       81.3618164    
   300.000000       46.3885536      -61.3686523    
   303.750000       46.3885536       1.97900391    
   307.500000       46.3885536       27.7719727    
   311.250000       46.3885536       7.83056641    
   315.000000       46.3885536      -3.11474609    
   318.750000       46.3885536      -2.11865234    
   322.500000       46.3885536       7.46728516    
   326.250000       46.3885536      -4.35302734    
   330.000000       46.3885536       1.16259766    
   333.750000       46.3885536      -5.62255859    
   337.500000       46.3885536       11.3540039    
   341.250000       46.3885536      -14.5327148    
   345.000000       46.3885536       5.27197266    
   348.750000       46.3885536       3.35791016    
   352.500000       46.3885536      -6.07177734    
   356.250000       46.3885536       6.95947266    
   360.000000       46.3885536       1329.30713    
   0.00000000       50.0994530      -18.7553711    
   3.75000000       50.0994530       1492.49072    
   7.50000000       50.0994530       3411.52979    
   11.2500000       50.0994530       4092.02588    
   15.0000000       50.0994530       3059.99072    
   18.7500000       50.0994530       2699.45947    
   22.5000000       50.0994530       2405.29932    
   26.2500000       50.0994530       2677.85400    
   30.0000000       50.0994530       1791.72510    
   33.7500000       50.0994530       1183.78760    
   37.5000000       50.0994530       1559.54541    
   41.2500000       50.0994530       1388.47510    
   45.0000000       50.0994530       1280.56104    
   48.7500000       50.0994530       147.271973    
   52.5000000       50.0994530       165.385254    
   56.2500000       50.0994530       2177.58447    
   60.0000000       50.0994530       2547.42822    
   63.7500000       50.0994530       1119.83838    
   67.5000000       50.0994530       3740.80713    
   71.2500000       50.0994530       4057.34229    
   75.0000000       50.0994530       6473.19775    
   78.7500000       50.0994530       3110.20166    
   82.5000000       50.0994530       3810.32275    
   86.2500000       50.0994530       20059.9434    
   90.0000000       50.0994530       23335.8418    
   93.7500000       50.0994530       10007.1201    
   97.5000000       50.0994530       22452.3613    
   101.250000       50.0994530       15500.3857    
   105.000000       50.0994530       9732.31445    
   108.750000       50.0994530       12003.7100    
   112.500000       50.0994530       11344.5889    
   116.250000       50.0994530       6724.49072    
   120.000000       50.0994530       6900.48682    
   123.750000       50.0994530       4873.95557    
   127.500000       50.0994530       1569.30322    
   131.250000       50.0994530       4104.65869    
   135.000000       50.0994530       4308.33057    
   138.750000       50.0994530       5970.91260    
   142.500000       50.0994530       4431.98682    
   146.250000       50.0994530       20.6899414    
   150.000000       50.0994530      -5.40771484    
   153.750000       50.0994530      -28.8881836    
   157.500000       50.0994530      -11.2788086    
   161.250000       50.0994530       6.27197266    
   165.000000       50.0994530      -3.00537109    
   168.750000       50.0994530      -2.07177734    
   172.500000       50.0994530      -4.00927734    
   176.250000       50.0994530      -2.37646484    
   180.000000       50.0994530       1.36181641    
   183.750000       50.0994530      -2.75146484    
   187.500000       50.0994530      -1.90380859    
   191.250000       50.0994530      -2.83349609    
   195.000000       50.0994530     -0.349121094    
   198.750000       50.0994530      -4.05224609    
   202.500000       50.0994530      -4.26318359    
   206.250000       50.0994530      -6.17333984    
   210.000000       50.0994530     -0.595214844    
   213.750000       50.0994530       4.39697266    
   217.500000       50.0994530      0.510253906    
   221.250000       50.0994530       11.2446289    
   225.000000       50.0994530       12.5454102    
   228.750000       50.0994530      -6.71240234    
   232.500000       50.0994530       1195.71729    
   236.250000       50.0994530       9413.79590    
   240.000000       50.0994530       13106.9131    
   243.750000       50.0994530       19120.5332    
   247.500000       50.0994530       8314.14258    
   251.250000       50.0994530       8438.07227    
   255.000000       50.0994530       6236.85400    
   258.750000       50.0994530       4837.17432    
   262.500000       50.0994530       2412.72510    
   266.250000       50.0994530       3768.40869    
   270.000000       50.0994530       4375.51025    
   273.750000       50.0994530       2999.55322    
   277.500000       50.0994530       1684.56104    
   281.250000       50.0994530       2551.59619    
   285.000000       50.0994530       3624.77588    
   288.750000       50.0994530       4513.69385    
   292.500000       50.0994530       3903.93213    
   296.250000       50.0994530       251.072754    
   300.000000       50.0994530       19.0141602    
   303.750000       50.0994530       846.404785    
   307.500000       50.0994530      -5.14990234    
   311.250000       50.0994530     -0.677246094    
   315.000000       50.0994530       1.47119141    
   318.750000       50.0994530     -0.790527344    
   322.500000       50.0994530       1.45947266    
   326.250000       50.0994530       1.05712891    
   330.000000       50.0994530       1.65869141    
   333.750000       50.0994530       6.34765625E-03
   337.500000       50.0994530       1.10400391    
   341.250000       50.0994530       1.56103516    
   345.000000       50.0994530      -3.19677734    
   348.750000       50.0994530      -2.65380859    
   352.500000       50.0994530       6.36962891    
   356.250000       50.0994530       94.0961914    
   360.000000       50.0994530      -18.7553711    
   0.00000000       53.8102722       73.6938477    
   3.75000000       53.8102722       5.58837891    
   7.50000000       53.8102722       13.3774414    
   11.2500000       53.8102722       383.506348    
   15.0000000       53.8102722       351.764160    
   18.7500000       53.8102722       670.061035    
   22.5000000       53.8102722       1290.46338    
   26.2500000       53.8102722       1612.19775    
   30.0000000       53.8102722       1647.74854    
   33.7500000       53.8102722       1861.79541    
   37.5000000       53.8102722       2155.94385    
   41.2500000       53.8102722       1456.86182    
   45.0000000       53.8102722       1920.36963    
   48.7500000       53.8102722       1397.62354    
   52.5000000       53.8102722       1577.97900    
   56.2500000       53.8102722       1838.35791    
   60.0000000       53.8102722       3821.66650    
   63.7500000       53.8102722       1577.28369    
   67.5000000       53.8102722       1673.98682    
   71.2500000       53.8102722       1220.10791    
   75.0000000       53.8102722       1014.86572    
   78.7500000       53.8102722       1185.40869    
   82.5000000       53.8102722       1591.21729    
   86.2500000       53.8102722       3756.33447    
   90.0000000       53.8102722       9129.25977    
   93.7500000       53.8102722       5650.12744    
   97.5000000       53.8102722       17735.4160    
   101.250000       53.8102722       5318.79150    
   105.000000       53.8102722       8868.89258    
   108.750000       53.8102722       5299.91260    
   112.500000       53.8102722       11808.3545    
   116.250000       53.8102722       9271.31152    
   120.000000       53.8102722       7102.32275    
   123.750000       53.8102722       4289.08057    
   127.500000       53.8102722       4596.72900    
   131.250000       53.8102722       7813.75635    
   135.000000       53.8102722       11043.9824    
   138.750000       53.8102722       1510.06494    
   142.500000       53.8102722       149.229004    
   146.250000       53.8102722      -4.63427734    
   150.000000       53.8102722      0.283691406    
   153.750000       53.8102722       2.41650391    
   157.500000       53.8102722       7716.58057    
   161.250000       53.8102722       73.8969727    
   165.000000       53.8102722       8.91650391    
   168.750000       53.8102722       19.8930664    
   172.500000       53.8102722       5.51806641    
   176.250000       53.8102722       3.22509766    
   180.000000       53.8102722       1.50244141    
   183.750000       53.8102722      -2.79833984    
   187.500000       53.8102722       4.26025391    
   191.250000       53.8102722      -79.6616211    
   195.000000       53.8102722      -32.0014648    
   198.750000       53.8102722      0.107910156    
   202.500000       53.8102722      -1.52490234    
   206.250000       53.8102722      -12.7358398    
   210.000000       53.8102722      0.150878906    
   213.750000       53.8102722     -0.657714844    
   217.500000       53.8102722      -3.86083984    
   221.250000       53.8102722      -16.4350586    
   225.000000       53.8102722       26.5375977    
   228.750000       53.8102722       52.6508789    
   232.500000       53.8102722       12005.4238    
   236.250000       53.8102722       9181.59570    
   240.000000       53.8102722       17378.8574    
   243.750000       53.8102722       9473.95215    
   247.500000       53.8102722       6363.02197    
   251.250000       53.8102722       6403.02197    
   255.000000       53.8102722       5010.33838    
   258.750000       53.8102722       2595.16260    
   262.500000       53.8102722       2235.85400    
   266.250000       53.8102722       2499.67822    
   270.000000       53.8102722       2164.46338    
   273.750000       53.8102722       1211.95166    
   277.500000       53.8102722       210.033691    
   281.250000       53.8102722       322.623535    
   285.000000       53.8102722       2650.60400    
   288.750000       53.8102722       4996.01416    
   292.500000       53.8102722       6085.03369    
   296.250000       53.8102722       4686.20557    
   300.000000       53.8102722       823.049316    
   303.750000       53.8102722       153.639160    
   307.500000       53.8102722      -4.23974609    
   311.250000       53.8102722      -1.62646484    
   315.000000       53.8102722      -2.73583984    
   318.750000       53.8102722      0.393066406    
   322.500000       53.8102722      -6.69287109    
   326.250000       53.8102722       4.79150391    
   330.000000       53.8102722      -4.51708984    
   333.750000       53.8102722      -2.86083984    
   337.500000       53.8102722      -4.19287109    
   341.250000       53.8102722      0.436035156    
   345.000000       53.8102722      -2.57568359    
   348.750000       53.8102722       8.77197266    
   352.500000       53.8102722       847.146973    
   356.250000       53.8102722      -47.4311523    
   360.000000       53.8102722       73.6938477    
   0.00000000       57.5209885      -9.77880859    
   3.75000000       57.5209885       4.46728516    
   7.50000000       57.5209885       47.1000977    
   11.2500000       57.5209885       8.17041016    
   15.0000000       57.5209885       2306.88916    
   18.7500000       57.5209885       170.510254    
   22.5000000       57.5209885       403.779785    
   26.2500000       57.5209885       891.643066    
   30.0000000       57.5209885       1021.03369    
   33.7500000       57.5209885       2180.36182    
   37.5000000       57.5209885       1404.95557    
   41.2500000       57.5209885       1262.95557    
   45.0000000       57.5209885       1211.99463    
   48.7500000       57.5209885       1270.55322    
   52.5000000       57.5209885       1838.16650    
   56.2500000       57.5209885       2390.27979    
   60.0000000       57.5209885       3143.07275    
   63.7500000       57.5209885       995.213379    
   67.5000000       57.5209885       603.971191    
   71.2500000       57.5209885       661.213379    
   75.0000000       57.5209885       1272.08447    
   78.7500000       57.5209885       1192.85010    
   82.5000000       57.5209885       998.658691    
   86.2500000       57.5209885       1249.23682    
   90.0000000       57.5209885       1690.07666    
   93.7500000       57.5209885       1929.32275    
   97.5000000       57.5209885       3013.22900    
   101.250000       57.5209885       3937.99072    
   105.000000       57.5209885       4446.81885    
   108.750000       57.5209885       4601.92041    
   112.500000       57.5209885       7096.67822    
   116.250000       57.5209885       8299.33496    
   120.000000       57.5209885       10189.5889    
   123.750000       57.5209885       7010.55713    
   127.500000       57.5209885       11689.6943    
   131.250000       57.5209885       8204.51465    
   135.000000       57.5209885       5468.03760    
   138.750000       57.5209885       7292.72510    
   142.500000       57.5209885       53.1040039    
   146.250000       57.5209885       9.63916016    
   150.000000       57.5209885      -7.29833984    
   153.750000       57.5209885      -19.8881836    
   157.500000       57.5209885       1386.33447    
   161.250000       57.5209885       2919.19385    
   165.000000       57.5209885      -7.12646484    
   168.750000       57.5209885      -6.82958984    
   172.500000       57.5209885      -12.7475586    
   176.250000       57.5209885      0.150878906    
   180.000000       57.5209885      -8.68896484    
   183.750000       57.5209885      -1.33349609    
   187.500000       57.5209885      -2.97412109    
   191.250000       57.5209885      0.607910156    
   195.000000       57.5209885      -7.48193359    
   198.750000       57.5209885       1.08056641    
   202.500000       57.5209885      -126.649902    
   206.250000       57.5209885       3517.92822    
   210.000000       57.5209885       16.9438477    
   213.750000       57.5209885      -26.2045898    
   217.500000       57.5209885       10.6196289    
   221.250000       57.5209885       34.9125977    
   225.000000       57.5209885       1972.42822    
   228.750000       57.5209885       12614.8574    
   232.500000       57.5209885       15010.1045    
   236.250000       57.5209885       15508.3770    
   240.000000       57.5209885       8331.14746    
   243.750000       57.5209885       5801.10010    
   247.500000       57.5209885       7138.22510    
   251.250000       57.5209885       4952.05322    
   255.000000       57.5209885       4954.20166    
   258.750000       57.5209885       3633.78760    
   262.500000       57.5209885       2676.67432    
   266.250000       57.5209885       726.318848    
   270.000000       57.5209885      -6.49755859    
   273.750000       57.5209885      -3.25146484    
   277.500000       57.5209885      -2.11865234    
   281.250000       57.5209885      -6.42333984    
   285.000000       57.5209885       2263.74854    
   288.750000       57.5209885       3026.44775    
   292.500000       57.5209885       1872.27979    
   296.250000       57.5209885       5891.52979    
   300.000000       57.5209885       10.6508789    
   303.750000       57.5209885       1.24072266    
   307.500000       57.5209885       1.34619141    
   311.250000       57.5209885       1.44384766    
   315.000000       57.5209885      -6.44677734    
   318.750000       57.5209885       7.41259766    
   322.500000       57.5209885       3.66259766    
   326.250000       57.5209885      -6.45458984    
   330.000000       57.5209885     -0.786621094    
   333.750000       57.5209885       5.05712891    
   337.500000       57.5209885       6.65087891    
   341.250000       57.5209885      -3.64208984    
   345.000000       57.5209885      -6.51318359    
   348.750000       57.5209885     -0.806152344    
   352.500000       57.5209885      -55.6108398    
   356.250000       57.5209885       1897.53369    
   360.000000       57.5209885      -9.77880859    
   0.00000000       61.2315712      -1.61474609    
   3.75000000       61.2315712      -21.5131836    
   7.50000000       61.2315712       9844.04102    
   11.2500000       61.2315712       4252.92822    
   15.0000000       61.2315712       2555.95557    
   18.7500000       61.2315712       7.22900391    
   22.5000000       61.2315712       681.295410    
   26.2500000       61.2315712       876.857910    
   30.0000000       61.2315712       200.334473    
   33.7500000       61.2315712       858.393066    
   37.5000000       61.2315712       1843.22900    
   41.2500000       61.2315712       1681.44385    
   45.0000000       61.2315712       1290.46729    
   48.7500000       61.2315712       1581.29932    
   52.5000000       61.2315712       1755.93994    
   56.2500000       61.2315712       1848.84619    
   60.0000000       61.2315712       2698.28760    
   63.7500000       61.2315712       753.135254    
   67.5000000       61.2315712       409.201660    
   71.2500000       61.2315712       428.635254    
   75.0000000       61.2315712       467.381348    
   78.7500000       61.2315712       607.244629    
   82.5000000       61.2315712       1037.07275    
   86.2500000       61.2315712       1370.68994    
   90.0000000       61.2315712       1562.61963    
   93.7500000       61.2315712       3027.83838    
   97.5000000       61.2315712       4418.70557    
   101.250000       61.2315712       3738.05713    
   105.000000       61.2315712       3934.40479    
   108.750000       61.2315712       3313.47510    
   112.500000       61.2315712       4287.92432    
   116.250000       61.2315712       3413.42822    
   120.000000       61.2315712       3195.01807    
   123.750000       61.2315712       3927.01416    
   127.500000       61.2315712       2794.35010    
   131.250000       61.2315712       2902.22900    
   135.000000       61.2315712       2082.94775    
   138.750000       61.2315712       11127.5957    
   142.500000       61.2315712       8379.68652    
   146.250000       61.2315712       8607.39746    
   150.000000       61.2315712       9414.47852    
   153.750000       61.2315712       9333.08008    
   157.500000       61.2315712      -37.8452148    
   161.250000       61.2315712       1109.13135    
   165.000000       61.2315712       3476.67432    
   168.750000       61.2315712       2117.20947    
   172.500000       61.2315712       486.615723    
   176.250000       61.2315712       8.10400391    
   180.000000       61.2315712      -6.61474609    
   183.750000       61.2315712      -2.89208984    
   187.500000       61.2315712      -17.2436523    
   191.250000       61.2315712       1.23681641    
   195.000000       61.2315712       81.8383789    
   198.750000       61.2315712       150.236816    
   202.500000       61.2315712       1791.74072    
   206.250000       61.2315712       10385.1738    
   210.000000       61.2315712       2230.61572    
   213.750000       61.2315712       5439.58447    
   217.500000       61.2315712       10460.7256    
   221.250000       61.2315712       16669.0254    
   225.000000       61.2315712       9197.92090    
   228.750000       61.2315712       12549.7988    
   232.500000       61.2315712       12944.1582    
   236.250000       61.2315712       5424.32666    
   240.000000       61.2315712       2761.65479    
   243.750000       61.2315712       1611.99854    
   247.500000       61.2315712       2117.88135    
   251.250000       61.2315712       4452.27588    
   255.000000       61.2315712       3839.04150    
   258.750000       61.2315712       3096.45947    
   262.500000       61.2315712       1826.63135    
   266.250000       61.2315712      -6.28662109    
   270.000000       61.2315712      -8.03662109    
   273.750000       61.2315712       2.21337891    
   277.500000       61.2315712      -7.04052734    
   281.250000       61.2315712      0.838378906    
   285.000000       61.2315712       2919.89697    
   288.750000       61.2315712       2347.32275    
   292.500000       61.2315712      -12.1499023    
   296.250000       61.2315712      -3.09912109    
   300.000000       61.2315712      -6.39648438E-02
   303.750000       61.2315712       4.78369141    
   307.500000       61.2315712      -11.1459961    
   311.250000       61.2315712       349.201660    
   315.000000       61.2315712       7524.54932    
   318.750000       61.2315712       5.53759766    
   322.500000       61.2315712       6.08056641    
   326.250000       61.2315712      -3.72021484    
   330.000000       61.2315712      -2.91943359    
   333.750000       61.2315712       2.31494141    
   337.500000       61.2315712      -2.13037109    
   341.250000       61.2315712      -1.88427734    
   345.000000       61.2315712      -1.62646484    
   348.750000       61.2315712      -5.61865234    
   352.500000       61.2315712     -0.474121094    
   356.250000       61.2315712       1.52978516    
   360.000000       61.2315712      -1.61474609    
   0.00000000       64.9419479      -9.00927734    
   3.75000000       64.9419479       5.10400391    
   7.50000000       64.9419479       11.1391602    
   11.2500000       64.9419479       351.846191    
   15.0000000       64.9419479       6450.68994    
   18.7500000       64.9419479       2683.22119    
   22.5000000       64.9419479       19.9399414    
   26.2500000       64.9419479       799.725098    
   30.0000000       64.9419479       2132.20166    
   33.7500000       64.9419479       1014.89697    
   37.5000000       64.9419479       1071.90479    
   41.2500000       64.9419479       803.482910    
   45.0000000       64.9419479       873.920410    
   48.7500000       64.9419479       1654.05322    
   52.5000000       64.9419479       1589.45947    
   56.2500000       64.9419479       1145.67432    
   60.0000000       64.9419479       6456.10010    
   63.7500000       64.9419479       489.865723    
   67.5000000       64.9419479       408.904785    
   71.2500000       64.9419479       645.951660    
   75.0000000       64.9419479       661.939941    
   78.7500000       64.9419479       430.881348    
   82.5000000       64.9419479       557.256348    
   86.2500000       64.9419479       662.744629    
   90.0000000       64.9419479       4618.99463    
   93.7500000       64.9419479       2913.26807    
   97.5000000       64.9419479       5787.20166    
   101.250000       64.9419479       4253.59619    
   105.000000       64.9419479       4979.88525    
   108.750000       64.9419479       4658.57275    
   112.500000       64.9419479       3887.18213    
   116.250000       64.9419479       2541.93994    
   120.000000       64.9419479       1664.04541    
   123.750000       64.9419479       1354.32666    
   127.500000       64.9419479       6923.28760    
   131.250000       64.9419479       11662.7832    
   135.000000       64.9419479       11078.9639    
   138.750000       64.9419479       10355.2568    
   142.500000       64.9419479       10479.8887    
   146.250000       64.9419479       14373.7568    
   150.000000       64.9419479       3418.87354    
   153.750000       64.9419479       3044.42822    
   157.500000       64.9419479       4251.02588    
   161.250000       64.9419479       5034.49072    
   165.000000       64.9419479       7987.20557    
   168.750000       64.9419479       2680.74463    
   172.500000       64.9419479       2156.90088    
   176.250000       64.9419479       203.260254    
   180.000000       64.9419479      -1.93115234    
   183.750000       64.9419479      -80.3842773    
   187.500000       64.9419479       571.271973    
   191.250000       64.9419479      -18.2241211    
   195.000000       64.9419479       2339.18994    
   198.750000       64.9419479      -120.657715    
   202.500000       64.9419479       575.877441    
   206.250000       64.9419479       1513.53760    
   210.000000       64.9419479       1082.15088    
   213.750000       64.9419479       4776.10400    
   217.500000       64.9419479       10597.7920    
   221.250000       64.9419479       13482.4951    
   225.000000       64.9419479       13999.4482    
   228.750000       64.9419479       14164.9512    
   232.500000       64.9419479       10457.5068    
   236.250000       64.9419479       2739.44775    
   240.000000       64.9419479       4449.18604    
   243.750000       64.9419479       3046.15479    
   247.500000       64.9419479       4482.85400    
   251.250000       64.9419479       4068.22900    
   255.000000       64.9419479       2786.78760    
   258.750000       64.9419479       1549.79541    
   262.500000       64.9419479       1053.78369    
   266.250000       64.9419479       1159.68604    
   270.000000       64.9419479       2058.95947    
   273.750000       64.9419479       244.650879    
   277.500000       64.9419479       1382.79541    
   281.250000       64.9419479      -39.1069336    
   285.000000       64.9419479       88.2954102    
   288.750000       64.9419479       1102.28760    
   292.500000       64.9419479       5564.56104    
   296.250000       64.9419479       61.7993164    
   300.000000       64.9419479      -8.07568359    
   303.750000       64.9419479      -5.11865234    
   307.500000       64.9419479       197.498535    
   311.250000       64.9419479       15994.1670    
   315.000000       64.9419479       26018.1699    
   318.750000       64.9419479       9911.88965    
   322.500000       64.9419479       52.3032227    
   326.250000       64.9419479      -7.55224609    
   330.000000       64.9419479       10.7915039    
   333.750000       64.9419479      -14.6616211    
   337.500000       64.9419479       974.045410    
   341.250000       64.9419479       9319.56445    
   345.000000       64.9419479       6605.77588    
   348.750000       64.9419479      -9.59130859    
   352.500000       64.9419479       14.5454102    
   356.250000       64.9419479     -0.985839844    
   360.000000       64.9419479      -9.00927734    
   0.00000000       68.6520157      -5.38427734    
   3.75000000       68.6520157      -4.48193359    
   7.50000000       68.6520157       2.17041016    
   11.2500000       68.6520157       9.91650391    
   15.0000000       68.6520157       1101.43994    
   18.7500000       68.6520157       7434.89307    
   22.5000000       68.6520157       3869.71338    
   26.2500000       68.6520157       2994.63525    
   30.0000000       68.6520157       1951.53760    
   33.7500000       68.6520157       2298.42822    
   37.5000000       68.6520157       1626.07275    
   41.2500000       68.6520157       27.9633789    
   45.0000000       68.6520157       593.240723    
   48.7500000       68.6520157       22.6860352    
   52.5000000       68.6520157       69.4750977    
   56.2500000       68.6520157       629.900879    
   60.0000000       68.6520157       109.436035    
   63.7500000       68.6520157       1746.83057    
   67.5000000       68.6520157       705.971191    
   71.2500000       68.6520157       502.889160    
   75.0000000       68.6520157       379.889160    
   78.7500000       68.6520157       303.627441    
   82.5000000       68.6520157       709.982910    
   86.2500000       68.6520157       374.447754    
   90.0000000       68.6520157       2165.62354    
   93.7500000       68.6520157       7907.06494    
   97.5000000       68.6520157       8247.51465    
   101.250000       68.6520157       4087.52979    
   105.000000       68.6520157       2384.18213    
   108.750000       68.6520157       2413.11182    
   112.500000       68.6520157       2136.00244    
   116.250000       68.6520157       1975.45166    
   120.000000       68.6520157       2632.98291    
   123.750000       68.6520157       458.186035    
   127.500000       68.6520157       7846.79932    
   131.250000       68.6520157       5329.76807    
   135.000000       68.6520157       2319.05322    
   138.750000       68.6520157       7291.16650    
   142.500000       68.6520157       1023.60400    
   146.250000       68.6520157       437.783691    
   150.000000       68.6520157       633.326660    
   153.750000       68.6520157       279.854004    
   157.500000       68.6520157       383.518066    
   161.250000       68.6520157       141.904785    
   165.000000       68.6520157       4051.36963    
   168.750000       68.6520157       3815.87354    
   172.500000       68.6520157       2104.63525    
   176.250000       68.6520157       6812.46338    
   180.000000       68.6520157       4337.47900    
   183.750000       68.6520157      -2.26318359    
   187.500000       68.6520157      -8.50537109    
   191.250000       68.6520157      -7.91943359    
   195.000000       68.6520157       2059.20947    
   198.750000       68.6520157       6022.88135    
   202.500000       68.6520157       6544.77197    
   206.250000       68.6520157       7216.06104    
   210.000000       68.6520157       9445.17090    
   213.750000       68.6520157       11242.1699    
   217.500000       68.6520157       9180.75977    
   221.250000       68.6520157       4749.79150    
   225.000000       68.6520157       56.2875977    
   228.750000       68.6520157       2013.13135    
   232.500000       68.6520157       1884.90088    
   236.250000       68.6520157       3875.02979    
   240.000000       68.6520157       6197.06885    
   243.750000       68.6520157       1581.96729    
   247.500000       68.6520157       320.518066    
   251.250000       68.6520157       142.893066    
   255.000000       68.6520157       36.9321289    
   258.750000       68.6520157       7.35400391    
   262.500000       68.6520157       141.350098    
   266.250000       68.6520157       101.697754    
   270.000000       68.6520157       325.221191    
   273.750000       68.6520157       67.8813477    
   277.500000       68.6520157       868.885254    
   281.250000       68.6520157       6.32666016    
   285.000000       68.6520157       1.64697266    
   288.750000       68.6520157       2979.85791    
   292.500000       68.6520157       1513.01807    
   296.250000       68.6520157       71.8305664    
   300.000000       68.6520157      -2.45068359    
   303.750000       68.6520157      -5.87646484    
   307.500000       68.6520157       899.994629    
   311.250000       68.6520157       12509.6826    
   315.000000       68.6520157       21016.4863    
   318.750000       68.6520157       26149.7988    
   322.500000       68.6520157       28192.1855    
   326.250000       68.6520157       17621.0645    
   330.000000       68.6520157       7778.52979    
   333.750000       68.6520157       62.8149414    
   337.500000       68.6520157       2.28369141    
   341.250000       68.6520157       8.38916016    
   345.000000       68.6520157       4.13134766    
   348.750000       68.6520157       2.56103516    
   352.500000       68.6520157      -2.29052734    
   356.250000       68.6520157     -0.950683594    
   360.000000       68.6520157      -5.38427734    
   0.00000000       72.3615875       6.84228516    
   3.75000000       72.3615875       1.24853516    
   7.50000000       72.3615875      -2.05615234    
   11.2500000       72.3615875      -1.99365234    
   15.0000000       72.3615875      -2.95849609    
   18.7500000       72.3615875      -2.07568359    
   22.5000000       72.3615875     -0.743652344    
   26.2500000       72.3615875       4.80322266    
   30.0000000       72.3615875      0.107910156    
   33.7500000       72.3615875      -7.52099609    
   37.5000000       72.3615875      -2.78662109    
   41.2500000       72.3615875       4.54541016    
   45.0000000       72.3615875      -1.70068359    
   48.7500000       72.3615875       10.8344727    
   52.5000000       72.3615875       735.725098    
   56.2500000       72.3615875       25.3540039    
   60.0000000       72.3615875      -5.48193359    
   63.7500000       72.3615875       5.17041016    
   67.5000000       72.3615875      -5.69287109    
   71.2500000       72.3615875       277.525879    
   75.0000000       72.3615875       45.8735352    
   78.7500000       72.3615875       88.1196289    
   82.5000000       72.3615875       321.760254    
   86.2500000       72.3615875       576.064941    
   90.0000000       72.3615875       387.486816    
   93.7500000       72.3615875       671.377441    
   97.5000000       72.3615875       654.670410    
   101.250000       72.3615875       672.123535    
   105.000000       72.3615875       572.018066    
   108.750000       72.3615875       1657.25244    
   112.500000       72.3615875       987.115723    
   116.250000       72.3615875       605.619629    
   120.000000       72.3615875       614.803223    
   123.750000       72.3615875       1787.72510    
   127.500000       72.3615875       645.064941    
   131.250000       72.3615875      -5.61523438E-02
   135.000000       72.3615875       5.02197266    
   138.750000       72.3615875       24.2329102    
   142.500000       72.3615875       190.533691    
   146.250000       72.3615875       34.5297852    
   150.000000       72.3615875     -0.536621094    
   153.750000       72.3615875      -6.29833984    
   157.500000       72.3615875      -4.77880859    
   161.250000       72.3615875      -2.25537109    
   165.000000       72.3615875      -2.29443359    
   168.750000       72.3615875      -1.95068359    
   172.500000       72.3615875      -5.32177734    
   176.250000       72.3615875      -7.75146484    
   180.000000       72.3615875      0.611816406    
   183.750000       72.3615875      -7.42724609    
   187.500000       72.3615875      -8.11865234    
   191.250000       72.3615875       1.53759766    
   195.000000       72.3615875     -0.587402344    
   198.750000       72.3615875      -3.18115234    
   202.500000       72.3615875      -5.98583984    
   206.250000       72.3615875      0.568847656    
   210.000000       72.3615875       8.13134766    
   213.750000       72.3615875       7.21728516    
   217.500000       72.3615875       6.02978516    
   221.250000       72.3615875      -3.17333984    
   225.000000       72.3615875      -1.36865234    
   228.750000       72.3615875       11.5024414    
   232.500000       72.3615875       10.1547852    
   236.250000       72.3615875       1538.45166    
   240.000000       72.3615875       950.627441    
   243.750000       72.3615875       1807.01807    
   247.500000       72.3615875       1988.64697    
   251.250000       72.3615875       1042.62354    
   255.000000       72.3615875       230.068848    
   258.750000       72.3615875       46.0922852    
   262.500000       72.3615875       1007.36572    
   266.250000       72.3615875       738.818848    
   270.000000       72.3615875       439.994629    
   273.750000       72.3615875       516.896973    
   277.500000       72.3615875       3821.14307    
   281.250000       72.3615875       2203.28760    
   285.000000       72.3615875       2613.69385    
   288.750000       72.3615875      -5.23583984    
   292.500000       72.3615875      -13.2084961    
   296.250000       72.3615875       10.8540039    
   300.000000       72.3615875       1.65869141    
   303.750000       72.3615875       67.1235352    
   307.500000       72.3615875       13901.7168    
   311.250000       72.3615875       22442.1973    
   315.000000       72.3615875       26975.8965    
   318.750000       72.3615875       29799.4082    
   322.500000       72.3615875       31467.8457    
   326.250000       72.3615875       28792.7051    
   330.000000       72.3615875       22064.7637    
   333.750000       72.3615875       11858.0176    
   337.500000       72.3615875       1058.85400    
   341.250000       72.3615875       16.6118164    
   345.000000       72.3615875       8.96337891    
   348.750000       72.3615875       5.45556641    
   352.500000       72.3615875      0.666503906    
   356.250000       72.3615875       6.16650391    
   360.000000       72.3615875       6.84228516    
   0.00000000       76.0702438       1.77978516    
   3.75000000       76.0702438      -8.74023438E-02
   7.50000000       76.0702438       12.4008789    
   11.2500000       76.0702438      -4.89990234    
   15.0000000       76.0702438       13.5493164    
   18.7500000       76.0702438      -15.2006836    
   22.5000000       76.0702438       2.58789062E-02
   26.2500000       76.0702438       5.70556641    
   30.0000000       76.0702438      -2.41552734    
   33.7500000       76.0702438      0.541503906    
   37.5000000       76.0702438      0.584472656    
   41.2500000       76.0702438      -8.56787109    
   45.0000000       76.0702438     -0.817871094    
   48.7500000       76.0702438       2.13134766    
   52.5000000       76.0702438      -8.73583984    
   56.2500000       76.0702438       50.6625977    
   60.0000000       76.0702438       685.104004    
   63.7500000       76.0702438       5094.95947    
   67.5000000       76.0702438      -93.6030273    
   71.2500000       76.0702438      -20.0249023    
   75.0000000       76.0702438      -1.70849609    
   78.7500000       76.0702438      -8.95068359    
   82.5000000       76.0702438      0.865722656    
   86.2500000       76.0702438       1.12744141    
   90.0000000       76.0702438      0.994628906    
   93.7500000       76.0702438       503.439941    
   97.5000000       76.0702438       645.893066    
   101.250000       76.0702438       548.139160    
   105.000000       76.0702438       2675.91650    
   108.750000       76.0702438       4646.40479    
   112.500000       76.0702438       407.658691    
   116.250000       76.0702438      -6.24755859    
   120.000000       76.0702438      -7.61474609    
   123.750000       76.0702438      -7.79052734    
   127.500000       76.0702438       6.24072266    
   131.250000       76.0702438      0.307128906    
   135.000000       76.0702438       9.77197266    
   138.750000       76.0702438       630.521973    
   142.500000       76.0702438       32.8032227    
   146.250000       76.0702438      -9.13085938E-02
   150.000000       76.0702438      -2.47802734    
   153.750000       76.0702438      -2.95068359    
   157.500000       76.0702438       6.18603516    
   161.250000       76.0702438       13.9047852    
   165.000000       76.0702438       6.27197266    
   168.750000       76.0702438      -6.49365234    
   172.500000       76.0702438       3.65478516    
   176.250000       76.0702438      -3.88427734    
   180.000000       76.0702438       11.6860352    
   183.750000       76.0702438      0.928222656    
   187.500000       76.0702438       1.85400391    
   191.250000       76.0702438       2.01025391    
   195.000000       76.0702438     -0.978027344    
   198.750000       76.0702438       4.29541016    
   202.500000       76.0702438     -0.845214844    
   206.250000       76.0702438       7.86181641    
   210.000000       76.0702438      -7.51708984    
   213.750000       76.0702438     -0.610839844    
   217.500000       76.0702438     -0.603027344    
   221.250000       76.0702438       3.58837891    
   225.000000       76.0702438      -7.38818359    
   228.750000       76.0702438      -1.57568359    
   232.500000       76.0702438       3.96728516    
   236.250000       76.0702438      -1.06396484    
   240.000000       76.0702438       765.510254    
   243.750000       76.0702438       1249.05713    
   247.500000       76.0702438       1190.67041    
   251.250000       76.0702438       852.545410    
   255.000000       76.0702438       159.221191    
   258.750000       76.0702438       1027.81494    
   262.500000       76.0702438       717.936035    
   266.250000       76.0702438       3.35791016    
   270.000000       76.0702438       667.787598    
   273.750000       76.0702438       143.412598    
   277.500000       76.0702438       365.932129    
   281.250000       76.0702438       263.689941    
   285.000000       76.0702438      -15.0014648    
   288.750000       76.0702438      -56.3491211    
   292.500000       76.0702438       1346.57666    
   296.250000       76.0702438      -81.5795898    
   300.000000       76.0702438       2274.85010    
   303.750000       76.0702438       15059.1787    
   307.500000       76.0702438       21792.6738    
   311.250000       76.0702438       25268.0137    
   315.000000       76.0702438       27431.3652    
   318.750000       76.0702438       27419.1699    
   322.500000       76.0702438       26206.3301    
   326.250000       76.0702438       24504.3652    
   330.000000       76.0702438       23377.6738    
   333.750000       76.0702438       17566.0449    
   337.500000       76.0702438       7575.24072    
   341.250000       76.0702438      -131.153809    
   345.000000       76.0702438      -4.71240234    
   348.750000       76.0702438       4.11962891    
   352.500000       76.0702438     -0.263183594    
   356.250000       76.0702438      -1.21630859    
   360.000000       76.0702438       1.77978516    
   0.00000000       79.7770462      -7.30224609    
   3.75000000       79.7770462       2.70166016    
   7.50000000       79.7770462       73.5766602    
   11.2500000       79.7770462       1017.90088    
   15.0000000       79.7770462       1410.54150    
   18.7500000       79.7770462       945.080566    
   22.5000000       79.7770462       3029.41650    
   26.2500000       79.7770462       1974.96338    
   30.0000000       79.7770462       44.5649414    
   33.7500000       79.7770462       6.06884766    
   37.5000000       79.7770462      -4.52099609    
   41.2500000       79.7770462      0.943847656    
   45.0000000       79.7770462      -5.14599609    
   48.7500000       79.7770462       32.9907227    
   52.5000000       79.7770462       41.3618164    
   56.2500000       79.7770462       39.3657227    
   60.0000000       79.7770462       39.9282227    
   63.7500000       79.7770462      -13.5952148    
   67.5000000       79.7770462       11.8188477    
   71.2500000       79.7770462      -8.06787109    
   75.0000000       79.7770462      -2.19677734    
   78.7500000       79.7770462      -3.09912109    
   82.5000000       79.7770462       3.18994141    
   86.2500000       79.7770462       5.16259766    
   90.0000000       79.7770462      -45.0522461    
   93.7500000       79.7770462       775.447754    
   97.5000000       79.7770462       3282.52197    
   101.250000       79.7770462       258.150879    
   105.000000       79.7770462      -77.0288086    
   108.750000       79.7770462      -3.42724609    
   112.500000       79.7770462      -1.00537109    
   116.250000       79.7770462      -3.62646484    
   120.000000       79.7770462     -0.388183594    
   123.750000       79.7770462      0.338378906    
   127.500000       79.7770462      -4.32568359    
   131.250000       79.7770462      -3.80224609    
   135.000000       79.7770462       1.56884766    
   138.750000       79.7770462     -0.157714844    
   142.500000       79.7770462      0.428222656    
   146.250000       79.7770462      -3.47412109    
   150.000000       79.7770462       2.05322266    
   153.750000       79.7770462     -0.520996094    
   157.500000       79.7770462      -4.21630859    
   161.250000       79.7770462      -3.81396484    
   165.000000       79.7770462       1.13525391    
   168.750000       79.7770462       5.32226562E-02
   172.500000       79.7770462      -3.59521484    
   176.250000       79.7770462      -2.22021484    
   180.000000       79.7770462      -3.38037109    
   183.750000       79.7770462      -6.70849609    
   187.500000       79.7770462      -5.09521484    
   191.250000       79.7770462      0.455566406    
   195.000000       79.7770462      -1.32958984    
   198.750000       79.7770462     -0.294433594    
   202.500000       79.7770462      0.885253906    
   206.250000       79.7770462       1.36181641    
   210.000000       79.7770462      -2.95068359    
   213.750000       79.7770462       5.82666016    
   217.500000       79.7770462       2.29931641    
   221.250000       79.7770462      -1.73193359    
   225.000000       79.7770462      -1.45068359    
   228.750000       79.7770462      -1.86474609    
   232.500000       79.7770462      -6.69677734    
   236.250000       79.7770462     -0.208496094    
   240.000000       79.7770462       8.06884766    
   243.750000       79.7770462       6.48291016    
   247.500000       79.7770462      -4.48193359    
   251.250000       79.7770462      -6.13818359    
   255.000000       79.7770462      -23.4116211    
   258.750000       79.7770462      -12.2436523    
   262.500000       79.7770462       25.4516602    
   266.250000       79.7770462       6007.64307    
   270.000000       79.7770462       9758.79590    
   273.750000       79.7770462       1404.27588    
   277.500000       79.7770462       2905.36182    
   281.250000       79.7770462       8559.99902    
   285.000000       79.7770462       7060.13916    
   288.750000       79.7770462       1892.70166    
   292.500000       79.7770462       226.771973    
   296.250000       79.7770462       2536.12354    
   300.000000       79.7770462       11202.5107    
   303.750000       79.7770462       14057.0537    
   307.500000       79.7770462       17169.3145    
   311.250000       79.7770462       19789.1309    
   315.000000       79.7770462       21148.1543    
   318.750000       79.7770462       21494.5605    
   322.500000       79.7770462       20362.3691    
   326.250000       79.7770462       18410.9980    
   330.000000       79.7770462       15166.0693    
   333.750000       79.7770462       10506.3574    
   337.500000       79.7770462       3493.76025    
   341.250000       79.7770462       1691.40869    
   345.000000       79.7770462      -208.856934    
   348.750000       79.7770462      -16.0600586    
   352.500000       79.7770462       14.9672852    
   356.250000       79.7770462       2.31884766    
   360.000000       79.7770462      -7.30224609    
   0.00000000       83.4789200       7.78759766    
   3.75000000       83.4789200      0.381347656    
   7.50000000       83.4789200       2.55712891    
   11.2500000       83.4789200      0.572753906    
   15.0000000       83.4789200     -0.708496094    
   18.7500000       83.4789200       7.94384766    
   22.5000000       83.4789200      -6.03271484    
   26.2500000       83.4789200      -2.36865234    
   30.0000000       83.4789200       1.24462891    
   33.7500000       83.4789200      -6.66162109    
   37.5000000       83.4789200       1.29931641    
   41.2500000       83.4789200      -9.91943359    
   45.0000000       83.4789200      -5.82568359    
   48.7500000       83.4789200       3.42431641    
   52.5000000       83.4789200       2.23291016    
   56.2500000       83.4789200       1.18212891    
   60.0000000       83.4789200       1.12353516    
   63.7500000       83.4789200       2.93212891    
   67.5000000       83.4789200      -1.20458984    
   71.2500000       83.4789200      -5.71630859    
   75.0000000       83.4789200      -3.73583984    
   78.7500000       83.4789200       4.34619141    
   82.5000000       83.4789200      -2.46240234    
   86.2500000       83.4789200      -1.79052734    
   90.0000000       83.4789200      -5.46240234    
   93.7500000       83.4789200      -1.69677734    
   97.5000000       83.4789200      -5.33349609    
   101.250000       83.4789200      -5.74365234    
   105.000000       83.4789200       5.95166016    
   108.750000       83.4789200      0.518066406    
   112.500000       83.4789200      -3.13037109    
   116.250000       83.4789200      0.658691406    
   120.000000       83.4789200      0.631347656    
   123.750000       83.4789200      -1.88818359    
   127.500000       83.4789200     -0.794433594    
   131.250000       83.4789200       4.60400391    
   135.000000       83.4789200       3.60791016    
   138.750000       83.4789200      -3.22412109    
   142.500000       83.4789200      0.904785156    
   146.250000       83.4789200       11.4477539    
   150.000000       83.4789200      0.725097656    
   153.750000       83.4789200      -3.91943359    
   157.500000       83.4789200      -5.78662109    
   161.250000       83.4789200       5.93603516    
   165.000000       83.4789200     -0.161621094    
   168.750000       83.4789200     -0.216308594    
   172.500000       83.4789200      -6.25146484    
   176.250000       83.4789200      -1.98583984    
   180.000000       83.4789200       2.07666016    
   183.750000       83.4789200       3.77587891    
   187.500000       83.4789200      -4.55224609    
   191.250000       83.4789200      -1.82958984    
   195.000000       83.4789200       2.83447266    
   198.750000       83.4789200      -3.11083984    
   202.500000       83.4789200       1.61572266    
   206.250000       83.4789200      -2.26318359    
   210.000000       83.4789200      0.260253906    
   213.750000       83.4789200      -2.88818359    
   217.500000       83.4789200       1.33056641    
   221.250000       83.4789200      -4.20068359    
   225.000000       83.4789200       3.39697266    
   228.750000       83.4789200      -2.85693359    
   232.500000       83.4789200       1.71728516    
   236.250000       83.4789200      -1.63427734    
   240.000000       83.4789200     -0.106933594    
   243.750000       83.4789200       6.62353516    
   247.500000       83.4789200      -7.74365234    
   251.250000       83.4789200       3.10400391    
   255.000000       83.4789200      0.553222656    
   258.750000       83.4789200      -2.09130859    
   262.500000       83.4789200       1.08447266    
   266.250000       83.4789200       6.37353516    
   270.000000       83.4789200      -14.9116211    
   273.750000       83.4789200      -16.5014648    
   277.500000       83.4789200      -3.00146484    
   281.250000       83.4789200       25.0219727    
   285.000000       83.4789200       220.713379    
   288.750000       83.4789200       475.939941    
   292.500000       83.4789200      -1.91552734    
   296.250000       83.4789200       91.9985352    
   300.000000       83.4789200      -23.9975586    
   303.750000       83.4789200      -23.8100586    
   307.500000       83.4789200      -28.6733398    
   311.250000       83.4789200      -12.4428711    
   315.000000       83.4789200       1088.91260    
   318.750000       83.4789200       1326.23291    
   322.500000       83.4789200       5996.59619    
   326.250000       83.4789200       7171.11963    
   330.000000       83.4789200       6284.31494    
   333.750000       83.4789200       2999.20947    
   337.500000       83.4789200      -117.286621    
   341.250000       83.4789200       12.5375977    
   345.000000       83.4789200      -19.8100586    
   348.750000       83.4789200      -5.16943359    
   352.500000       83.4789200      -11.0561523    
   356.250000       83.4789200      0.346191406    
   360.000000       83.4789200       7.78759766    
   0.00000000       87.1590958      -6.37255859    
   3.75000000       87.1590958      -6.69677734    
   7.50000000       87.1590958      -1.49365234    
   11.2500000       87.1590958      -2.47802734    
   15.0000000       87.1590958      -10.8334961    
   18.7500000       87.1590958       3.18603516    
   22.5000000       87.1590958      0.822753906    
   26.2500000       87.1590958      0.744628906    
   30.0000000       87.1590958       5.06884766    
   33.7500000       87.1590958       9.80712891    
   37.5000000       87.1590958      -1.91552734    
   41.2500000       87.1590958       4.47119141    
   45.0000000       87.1590958       8.75244141    
   48.7500000       87.1590958       3.31494141    
   52.5000000       87.1590958      -3.19287109    
   56.2500000       87.1590958      -7.27099609    
   60.0000000       87.1590958      -3.73193359    
   63.7500000       87.1590958       1.42431641    
   67.5000000       87.1590958       5.96728516    
   71.2500000       87.1590958      -2.91162109    
   75.0000000       87.1590958      -3.63037109    
   78.7500000       87.1590958      -2.60302734    
   82.5000000       87.1590958      0.482910156    
   86.2500000       87.1590958       4.71337891    
   90.0000000       87.1590958       6.50634766    
   93.7500000       87.1590958       5.15869141    
   97.5000000       87.1590958      0.596191406    
   101.250000       87.1590958      -5.72021484    
   105.000000       87.1590958       4.74853516    
   108.750000       87.1590958       5.19384766    
   112.500000       87.1590958      0.904785156    
   116.250000       87.1590958      -4.93896484    
   120.000000       87.1590958      -2.66552734    
   123.750000       87.1590958       1.09619141    
   127.500000       87.1590958      -1.91162109    
   131.250000       87.1590958      -5.95068359    
   135.000000       87.1590958      -5.85302734    
   138.750000       87.1590958       11.0454102    
   142.500000       87.1590958       1.67431641    
   146.250000       87.1590958      -6.71630859    
   150.000000       87.1590958      -3.98193359    
   153.750000       87.1590958       8.55712891    
   157.500000       87.1590958      -5.58740234    
   161.250000       87.1590958      -2.56787109    
   165.000000       87.1590958       5.27197266    
   168.750000       87.1590958       5.08056641    
   172.500000       87.1590958      -9.95458984    
   176.250000       87.1590958      -3.56396484    
   180.000000       87.1590958       6.31494141    
   183.750000       87.1590958       7.92822266    
   187.500000       87.1590958      -4.27490234    
   191.250000       87.1590958      0.225097656    
   195.000000       87.1590958      -3.96240234    
   198.750000       87.1590958      -3.78271484    
   202.500000       87.1590958     -0.786621094    
   206.250000       87.1590958       1.51416016    
   210.000000       87.1590958      -2.17333984    
   213.750000       87.1590958       6.27197266    
   217.500000       87.1590958       2.23681641    
   221.250000       87.1590958      -13.2866211    
   225.000000       87.1590958       21.5258789    
   228.750000       87.1590958      -6.27880859    
   232.500000       87.1590958      -15.6186523    
   236.250000       87.1590958       4.47119141    
   240.000000       87.1590958       13.3930664    
   243.750000       87.1590958      -12.3530273    
   247.500000       87.1590958      -3.83349609    
   251.250000       87.1590958       2.29150391    
   255.000000       87.1590958      -4.02490234    
   258.750000       87.1590958       3.73681641    
   262.500000       87.1590958      -4.78271484    
   266.250000       87.1590958      -5.13427734    
   270.000000       87.1590958     -0.212402344    
   273.750000       87.1590958       2.02587891    
   277.500000       87.1590958      -2.64990234    
   281.250000       87.1590958       4.02587891    
   285.000000       87.1590958       3.62744141    
   288.750000       87.1590958      -6.72802734    
   292.500000       87.1590958      -9.44677734    
   296.250000       87.1590958       1.99853516    
   300.000000       87.1590958       5.16259766    
   303.750000       87.1590958       4.56103516    
   307.500000       87.1590958       2.35009766    
   311.250000       87.1590958      -1.33740234    
   315.000000       87.1590958      -8.68896484    
   318.750000       87.1590958      -3.18115234    
   322.500000       87.1590958       7.85009766    
   326.250000       87.1590958       3.58447266    
   330.000000       87.1590958       16.8422852    
   333.750000       87.1590958       10.3383789    
   337.500000       87.1590958      -4.11083984    
   341.250000       87.1590958      -14.6147461    
   345.000000       87.1590958       1.60400391    
   348.750000       87.1590958      -3.15380859    
   352.500000       87.1590958       2.86181641    
   356.250000       87.1590958       10.8422852    
   360.000000       87.1590958      -6.37255859    
