   0.00000000      -87.1590958       2.57743523E-07
   3.75000000      -87.1590958       9.28295776E-07
   7.50000000      -87.1590958       6.15371391E-07
   11.2500000      -87.1590958      -1.89291313E-07
   15.0000000      -87.1590958      -2.33994797E-07
   18.7500000      -87.1590958       2.42842361E-07
   22.5000000      -87.1590958       4.51458618E-07
   26.2500000      -87.1590958       8.68691131E-07
   30.0000000      -87.1590958       1.40513293E-06
   33.7500000      -87.1590958       1.59884803E-06
   37.5000000      -87.1590958       2.10548751E-06
   41.2500000      -87.1590958       3.01445834E-06
   45.0000000      -87.1590958       3.46149318E-06
   48.7500000      -87.1590958       3.44659202E-06
   52.5000000      -87.1590958       3.19327228E-06
   56.2500000      -87.1590958       2.26940028E-06
   60.0000000      -87.1590958       7.79284164E-07
   63.7500000      -87.1590958      -4.57512215E-07
   67.5000000      -87.1590958      -9.64151695E-07
   71.2500000      -87.1590958      -8.74744728E-07
   75.0000000      -87.1590958      -4.12808731E-07
   78.7500000      -87.1590958       3.17348167E-07
   82.5000000      -87.1590958       1.22631900E-06
   86.2500000      -87.1590958       1.94157474E-06
   90.0000000      -87.1590958       1.97137706E-06
   93.7500000      -87.1590958       1.31572597E-06
   97.5000000      -87.1590958       3.91853973E-07
   101.250000      -87.1590958      -5.61820343E-07
   105.000000      -87.1590958      -1.14296563E-06
   108.750000      -87.1590958      -8.15140083E-07
   112.500000      -87.1590958       1.23633072E-07
   116.250000      -87.1590958       4.66359779E-07
   120.000000      -87.1590958      -2.78698280E-07
   123.750000      -87.1590958      -1.97743066E-06
   127.500000      -87.1590958      -4.00398858E-06
   131.250000      -87.1590958      -5.00236638E-06
   135.000000      -87.1590958      -4.31691296E-06
   138.750000      -87.1590958      -2.69268639E-06
   142.500000      -87.1590958      -9.64151695E-07
   146.250000      -87.1590958       5.25964424E-07
   150.000000      -87.1590958       1.50944106E-06
   153.750000      -87.1590958       1.85216777E-06
   157.500000      -87.1590958       1.70315616E-06
   161.250000      -87.1590958       1.39023177E-06
   165.000000      -87.1590958       1.00280158E-06
   168.750000      -87.1590958       8.53789970E-07
   172.500000      -87.1590958       1.34552829E-06
   176.250000      -87.1590958       2.17999332E-06
   180.000000      -87.1590958       2.82074325E-06
   183.750000      -87.1590958       3.49129550E-06
   187.500000      -87.1590958       4.17674892E-06
   191.250000      -87.1590958       4.25125472E-06
   195.000000      -87.1590958       3.49129550E-06
   198.750000      -87.1590958       2.26940028E-06
   202.500000      -87.1590958       1.28592364E-06
   206.250000      -87.1590958       1.59884803E-06
   210.000000      -87.1590958       2.77603976E-06
   213.750000      -87.1590958       3.22307460E-06
   217.500000      -87.1590958       3.08896415E-06
   221.250000      -87.1590958       3.35718505E-06
   225.000000      -87.1590958       3.62540595E-06
   228.750000      -87.1590958       3.43169086E-06
   232.500000      -87.1590958       3.52109782E-06
   236.250000      -87.1590958       4.48967330E-06
   240.000000      -87.1590958       5.16022556E-06
   243.750000      -87.1590958       4.56417911E-06
   247.500000      -87.1590958       3.16346996E-06
   251.250000      -87.1590958       1.30082481E-06
   255.000000      -87.1590958      -8.00238922E-07
   258.750000      -87.1590958      -2.48407014E-06
   262.500000      -87.1590958      -3.82517464E-06
   266.250000      -87.1590958      -5.03216870E-06
   270.000000      -87.1590958      -5.59841283E-06
   273.750000      -87.1590958      -5.37489541E-06
   277.500000      -87.1590958      -4.42122109E-06
   281.250000      -87.1590958      -2.67778523E-06
   285.000000      -87.1590958      -5.32018021E-07
   288.750000      -87.1590958       1.76276080E-06
   292.500000      -87.1590958       3.95323150E-06
   296.250000      -87.1590958       5.10062091E-06
   300.000000      -87.1590958       4.81749885E-06
   303.750000      -87.1590958       3.62540595E-06
   307.500000      -87.1590958       2.26940028E-06
   311.250000      -87.1590958       1.30082481E-06
   315.000000      -87.1590958       7.19679520E-07
   318.750000      -87.1590958       9.38307494E-08
   322.500000      -87.1590958      -9.64151695E-07
   326.250000      -87.1590958      -2.51387246E-06
   330.000000      -87.1590958      -4.39141877E-06
   333.750000      -87.1590958      -6.29876740E-06
   337.500000      -87.1590958      -8.10180791E-06
   341.250000      -87.1590958      -9.42801125E-06
   345.000000      -87.1590958      -9.36840661E-06
   348.750000      -87.1590958      -7.41635449E-06
   352.500000      -87.1590958      -4.27220948E-06
   356.250000      -87.1590958      -1.42608769E-06
   360.000000      -87.1590958       2.57743523E-07
   0.00000000      -83.4789200       9.60077159E-06
   3.75000000      -83.4789200       1.00180041E-05
   7.50000000      -83.4789200       1.06736552E-05
   11.2500000      -83.4789200       1.27449166E-05
   15.0000000      -83.4789200       1.48459803E-05
   18.7500000      -83.4789200       1.39668118E-05
   22.5000000      -83.4789200       8.52788799E-06
   26.2500000      -83.4789200       2.83564441E-06
   30.0000000      -83.4789200      -5.61820343E-07
   33.7500000      -83.4789200      -2.87150033E-06
   37.5000000      -83.4789200      -4.06359322E-06
   41.2500000      -83.4789200      -6.44777901E-06
   45.0000000      -83.4789200      -8.74255784E-06
   48.7500000      -83.4789200      -9.59192403E-06
   52.5000000      -83.4789200      -8.59354623E-06
   56.2500000      -83.4789200      -6.90971501E-06
   60.0000000      -83.4789200      -6.58188947E-06
   63.7500000      -83.4789200      -5.61331399E-06
   67.5000000      -83.4789200      -3.02051194E-06
   71.2500000      -83.4789200      -8.49831849E-08
   75.0000000      -83.4789200       8.68691131E-07
   78.7500000      -83.4789200       2.17999332E-06
   82.5000000      -83.4789200       3.46149318E-06
   86.2500000      -83.4789200       3.78931873E-06
   90.0000000      -83.4789200       2.85054557E-06
   93.7500000      -83.4789200       1.73295848E-06
   97.5000000      -83.4789200       1.31572597E-06
   101.250000      -83.4789200       7.34580681E-07
   105.000000      -83.4789200       3.42261046E-08
   108.750000      -83.4789200       1.16671436E-06
   112.500000      -83.4789200       2.62702815E-06
   116.250000      -83.4789200       2.20979564E-06
   120.000000      -83.4789200       5.11063263E-07
   123.750000      -83.4789200       2.27941200E-07
   127.500000      -83.4789200       2.83564441E-06
   131.250000      -83.4789200       4.05753963E-06
   135.000000      -83.4789200       4.51458618E-07
   138.750000      -83.4789200      -2.88640149E-06
   142.500000      -83.4789200      -3.13972123E-06
   146.250000      -83.4789200      -1.33668073E-06
   150.000000      -83.4789200       1.03260390E-06
   153.750000      -83.4789200       6.15371391E-07
   157.500000      -83.4789200      -1.00885518E-06
   161.250000      -83.4789200      -3.16952355E-06
   165.000000      -83.4789200       1.94157474E-06
   168.750000      -83.4789200       4.40026633E-06
   172.500000      -83.4789200       3.86382453E-06
   176.250000      -83.4789200       5.33903949E-06
   180.000000      -83.4789200       7.90203921E-06
   183.750000      -83.4789200       7.27619044E-06
   187.500000      -83.4789200       3.25287692E-06
   191.250000      -83.4789200      -2.23075040E-06
   195.000000      -83.4789200      -4.79375012E-06
   198.750000      -83.4789200      -4.37651761E-06
   202.500000      -83.4789200      -2.64798291E-06
   206.250000      -83.4789200      -1.23237260E-06
   210.000000      -83.4789200      -2.55857594E-06
   213.750000      -83.4789200      -6.62659295E-06
   217.500000      -83.4789200      -6.49248250E-06
   221.250000      -83.4789200      -5.94113953E-06
   225.000000      -83.4789200      -5.01726754E-06
   228.750000      -83.4789200      -1.72411092E-06
   232.500000      -83.4789200       1.18161552E-06
   236.250000      -83.4789200       5.10062091E-06
   240.000000      -83.4789200       6.17350452E-06
   243.750000      -83.4789200       3.46149318E-06
   247.500000      -83.4789200       5.85569069E-07
   251.250000      -83.4789200      -7.70436600E-07
   255.000000      -83.4789200       7.04778358E-07
   258.750000      -83.4789200       3.19327228E-06
   262.500000      -83.4789200       5.26453368E-06
   266.250000      -83.4789200       5.17512672E-06
   270.000000      -83.4789200       6.11389987E-06
   273.750000      -83.4789200       4.95160930E-06
   277.500000      -83.4789200       3.89362685E-06
   281.250000      -83.4789200       2.28430144E-06
   285.000000      -83.4789200       2.29920261E-06
   288.750000      -83.4789200       4.96162102E-07
   292.500000      -83.4789200       1.53924339E-06
   296.250000      -83.4789200       3.83402221E-06
   300.000000      -83.4789200       4.38536517E-06
   303.750000      -83.4789200       2.98465602E-06
   307.500000      -83.4789200      -2.93110497E-06
   311.250000      -83.4789200      -3.08500603E-07
   315.000000      -83.4789200       1.68336555E-07
   318.750000      -83.4789200      -6.81029633E-07
   322.500000      -83.4789200      -2.04192474E-07
   326.250000      -83.4789200       1.18161552E-06
   330.000000      -83.4789200      -2.08173878E-06
   333.750000      -83.4789200      -5.13647683E-06
   337.500000      -83.4789200      -2.57347710E-06
   341.250000      -83.4789200       2.70153396E-06
   345.000000      -83.4789200       4.47477214E-06
   348.750000      -83.4789200       4.40026633E-06
   352.500000      -83.4789200       4.90690582E-06
   356.250000      -83.4789200       7.42520206E-06
   360.000000      -83.4789200       9.60077159E-06
   0.00000000      -79.7770462       3.93833034E-06
   3.75000000      -79.7770462      -1.78371556E-06
   7.50000000      -79.7770462      -9.94955190E-06
   11.2500000      -79.7770462      -8.68295319E-06
   15.0000000      -79.7770462      -5.25568612E-06
   18.7500000      -79.7770462      -5.07687218E-06
   22.5000000      -79.7770462      -5.50900586E-06
   26.2500000      -79.7770462      -6.40307553E-06
   30.0000000      -79.7770462      -8.69785435E-06
   33.7500000      -79.7770462      -5.19608147E-06
   37.5000000      -79.7770462       1.58394687E-06
   41.2500000      -79.7770462       5.90528361E-06
   45.0000000      -79.7770462       5.29433601E-06
   48.7500000      -79.7770462       4.96162102E-07
   52.5000000      -79.7770462      -3.10991891E-06
   56.2500000      -79.7770462      -4.71924432E-06
   60.0000000      -79.7770462      -5.19608147E-06
   63.7500000      -79.7770462      -6.29876740E-06
   67.5000000      -79.7770462      -8.26572068E-06
   71.2500000      -79.7770462      -1.11416448E-05
   75.0000000      -79.7770462      -1.43155921E-05
   78.7500000      -79.7770462      -1.59547199E-05
   82.5000000      -79.7770462      -1.28403772E-05
   86.2500000      -79.7770462      -7.17793591E-06
   90.0000000      -79.7770462      -3.13972123E-06
   93.7500000      -79.7770462       3.08896415E-06
   97.5000000      -79.7770462       7.30599277E-06
   101.250000      -79.7770462       5.33903949E-06
   105.000000      -79.7770462       5.11063263E-07
   108.750000      -79.7770462      -1.14296563E-06
   112.500000      -79.7770462      -9.98843461E-08
   116.250000      -79.7770462       7.34580681E-07
   120.000000      -79.7770462      -7.40634277E-07
   123.750000      -79.7770462       9.72999260E-07
   127.500000      -79.7770462      -4.87314537E-07
   131.250000      -79.7770462      -3.92948277E-06
   135.000000      -79.7770462       1.56904571E-06
   138.750000      -79.7770462       3.20817344E-06
   142.500000      -79.7770462       2.80584209E-06
   146.250000      -79.7770462       4.35556285E-06
   150.000000      -79.7770462       6.45173714E-07
   153.750000      -79.7770462      -5.88153489E-06
   157.500000      -79.7770462      -1.48967374E-05
   161.250000      -79.7770462      -1.37344468E-05
   165.000000      -79.7770462      -1.07095111E-05
   168.750000      -79.7770462      -2.78698280E-07
   172.500000      -79.7770462       1.07630622E-05
   176.250000      -79.7770462       3.72971408E-06
   180.000000      -79.7770462      -5.70272096E-06
   183.750000      -79.7770462      -4.16790135E-06
   187.500000      -79.7770462       1.56904571E-06
   191.250000      -79.7770462       5.27943484E-06
   195.000000      -79.7770462       3.34228389E-06
   198.750000      -79.7770462       3.49129550E-06
   202.500000      -79.7770462       8.68691131E-07
   206.250000      -79.7770462       1.55414455E-06
   210.000000      -79.7770462       4.57908027E-06
   213.750000      -79.7770462      -2.82679684E-06
   217.500000      -79.7770462      -2.87150033E-06
   221.250000      -79.7770462       3.49129550E-06
   225.000000      -79.7770462       1.03260390E-06
   228.750000      -79.7770462      -4.03379090E-06
   232.500000      -79.7770462       1.42003410E-06
   236.250000      -79.7770462      -9.34349373E-07
   240.000000      -79.7770462       4.13204543E-06
   243.750000      -79.7770462       4.36557457E-07
   247.500000      -79.7770462       1.07730739E-06
   251.250000      -79.7770462       1.97137706E-06
   255.000000      -79.7770462      -4.03379090E-06
   258.750000      -79.7770462      -1.36301387E-05
   262.500000      -79.7770462      -2.17661727E-05
   266.250000      -79.7770462      -6.77560456E-06
   270.000000      -79.7770462      -1.93223823E-05
   273.750000      -79.7770462      -3.49537004E-05
   277.500000      -79.7770462       3.26081645E-05
   281.250000      -79.7770462       6.89877197E-07
   285.000000      -79.7770462      -1.62229408E-05
   288.750000      -79.7770462      -1.34811271E-05
   292.500000      -79.7770462       1.03458297E-05
   296.250000      -79.7770462       2.75268685E-05
   300.000000      -79.7770462       4.20655124E-06
   303.750000      -79.7770462       2.29920261E-06
   307.500000      -79.7770462      -3.67616303E-06
   311.250000      -79.7770462      -1.03816856E-05
   315.000000      -79.7770462       1.80746429E-06
   318.750000      -79.7770462       5.11063263E-07
   322.500000      -79.7770462      -1.00885518E-06
   326.250000      -79.7770462      -8.84686597E-06
   330.000000      -79.7770462      -7.87829049E-06
   333.750000      -79.7770462       1.38534233E-07
   337.500000      -79.7770462      -3.83006409E-07
   341.250000      -79.7770462      -4.48082574E-06
   345.000000      -79.7770462      -1.20059121E-05
   348.750000      -79.7770462      -2.04101671E-05
   352.500000      -79.7770462      -2.06485856E-05
   356.250000      -79.7770462      -6.55208714E-06
   360.000000      -79.7770462       3.93833034E-06
   0.00000000      -76.0702438       5.41354530E-06
   3.75000000      -76.0702438       2.43331306E-06
   7.50000000      -76.0702438       1.60529744E-05
   11.2500000      -76.0702438       5.07081859E-06
   15.0000000      -76.0702438       1.83726661E-06
   18.7500000      -76.0702438       8.83592293E-07
   22.5000000      -76.0702438      -7.25733116E-07
   26.2500000      -76.0702438      -4.80865128E-06
   30.0000000      -76.0702438      -9.20449384E-06
   33.7500000      -76.0702438      -7.78888352E-06
   37.5000000      -76.0702438      -3.02051194E-06
   41.2500000      -76.0702438       1.28592364E-06
   45.0000000      -76.0702438       3.90852802E-06
   48.7500000      -76.0702438       1.47963874E-06
   52.5000000      -76.0702438      -2.12644227E-06
   56.2500000      -76.0702438      -6.20936044E-06
   60.0000000      -76.0702438      -8.69785435E-06
   63.7500000      -76.0702438      -1.08883251E-05
   67.5000000      -76.0702438      -1.03518832E-05
   71.2500000      -76.0702438      -9.57702287E-06
   75.0000000      -76.0702438      -8.86176713E-06
   78.7500000      -76.0702438      -6.92461617E-06
   82.5000000      -76.0702438      -3.37813981E-06
   86.2500000      -76.0702438       1.52434222E-06
   90.0000000      -76.0702438       3.62540595E-06
   93.7500000      -76.0702438       3.19327228E-06
   97.5000000      -76.0702438      -1.35158189E-06
   101.250000      -76.0702438      -7.41635449E-06
   105.000000      -76.0702438      -1.00538600E-05
   108.750000      -76.0702438      -4.39141877E-06
   112.500000      -76.0702438       4.96162102E-07
   116.250000      -76.0702438      -4.40631993E-06
   120.000000      -76.0702438      -2.94600613E-06
   123.750000      -76.0702438       4.17674892E-06
   127.500000      -76.0702438      -3.53204086E-07
   131.250000      -76.0702438      -2.06683762E-06
   135.000000      -76.0702438      -4.98746522E-06
   138.750000      -76.0702438      -6.85011037E-06
   142.500000      -76.0702438      -1.67940743E-06
   146.250000      -76.0702438      -3.13972123E-06
   150.000000      -76.0702438      -1.69430859E-06
   153.750000      -76.0702438       1.49800908E-05
   157.500000      -76.0702438       1.65745150E-05
   161.250000      -76.0702438      -7.37165101E-06
   165.000000      -76.0702438      -4.80865128E-06
   168.750000      -76.0702438       7.27619044E-06
   172.500000      -76.0702438       5.71156852E-06
   176.250000      -76.0702438       4.13204543E-06
   180.000000      -76.0702438       2.85054557E-06
   183.750000      -76.0702438      -1.99233182E-06
   187.500000      -76.0702438      -3.38302925E-07
   191.250000      -76.0702438       2.13040039E-07
   195.000000      -76.0702438      -4.72413376E-07
   198.750000      -76.0702438      -2.51387246E-06
   202.500000      -76.0702438       3.47150490E-07
   206.250000      -76.0702438       9.25804488E-06
   210.000000      -76.0702438      -1.36648305E-06
   213.750000      -76.0702438       7.15698116E-06
   217.500000      -76.0702438       4.57908027E-06
   221.250000      -76.0702438      -4.09339555E-06
   225.000000      -76.0702438      -5.95604070E-06
   228.750000      -76.0702438       1.68825500E-06
   232.500000      -76.0702438       1.24468934E-05
   236.250000      -76.0702438       2.10548751E-06
   240.000000      -76.0702438       6.97816722E-06
   243.750000      -76.0702438      -5.27058728E-06
   247.500000      -76.0702438      -1.73554290E-05
   251.250000      -76.0702438      -5.97094186E-06
   255.000000      -76.0702438       6.45173714E-07
   258.750000      -76.0702438       9.13883559E-06
   262.500000      -76.0702438       5.41354530E-06
   266.250000      -76.0702438       1.98627822E-06
   270.000000      -76.0702438       3.14856879E-06
   273.750000      -76.0702438      -1.02375634E-06
   277.500000      -76.0702438      -4.42611054E-07
   281.250000      -76.0702438       1.45777594E-05
   285.000000      -76.0702438      -4.01888974E-06
   288.750000      -76.0702438      -2.37182248E-05
   292.500000      -76.0702438      -8.25081952E-06
   296.250000      -76.0702438      -4.36161645E-06
   300.000000      -76.0702438       2.72644684E-07
   303.750000      -76.0702438       4.48967330E-06
   307.500000      -76.0702438      -2.15624459E-06
   311.250000      -76.0702438      -3.27383168E-06
   315.000000      -76.0702438      -9.01077874E-06
   318.750000      -76.0702438       4.47477214E-06
   322.500000      -76.0702438      -6.16465695E-06
   326.250000      -76.0702438      -7.41635449E-06
   330.000000      -76.0702438       5.93508594E-06
   333.750000      -76.0702438       1.77666079E-05
   337.500000      -76.0702438      -7.10343011E-06
   341.250000      -76.0702438       1.07730739E-06
   345.000000      -76.0702438       5.21983020E-06
   348.750000      -76.0702438      -3.23401764E-07
   352.500000      -76.0702438      -2.23075040E-06
   356.250000      -76.0702438       3.19327228E-06
   360.000000      -76.0702438       5.41354530E-06
   0.00000000      -72.3615875      -1.54529698E-06
   3.75000000      -72.3615875      -2.61818059E-06
   7.50000000      -72.3615875      -8.29552300E-06
   11.2500000      -72.3615875       8.53789970E-07
   15.0000000      -72.3615875       1.18161552E-06
   18.7500000      -72.3615875       6.17350452E-06
   22.5000000      -72.3615875       3.67010944E-06
   26.2500000      -72.3615875       3.90852802E-06
   30.0000000      -72.3615875       4.06755134E-07
   33.7500000      -72.3615875       3.91853973E-07
   37.5000000      -72.3615875      -3.89968045E-06
   41.2500000      -72.3615875      -7.40634277E-07
   45.0000000      -72.3615875       2.82074325E-06
   48.7500000      -72.3615875      -1.16780866E-05
   52.5000000      -72.3615875       9.21334140E-06
   56.2500000      -72.3615875       5.54765575E-06
   60.0000000      -72.3615875       9.38307494E-08
   63.7500000      -72.3615875      -2.72248872E-06
   67.5000000      -72.3615875      -1.63470395E-06
   71.2500000      -72.3615875      -9.93465073E-06
   75.0000000      -72.3615875      -8.56374390E-06
   78.7500000      -72.3615875      -5.89643605E-06
   82.5000000      -72.3615875      -1.50059350E-06
   86.2500000      -72.3615875       5.97978942E-06
   90.0000000      -72.3615875      -1.23039354E-05
   93.7500000      -72.3615875      -7.25244172E-06
   97.5000000      -72.3615875       1.15181319E-06
   101.250000      -72.3615875      -5.22588380E-06
   105.000000      -72.3615875      -5.86663373E-06
   108.750000      -72.3615875      -6.82030804E-06
   112.500000      -72.3615875      -8.32532533E-06
   116.250000      -72.3615875      -3.13972123E-06
   120.000000      -72.3615875      -3.18442471E-06
   123.750000      -72.3615875       5.97978942E-06
   127.500000      -72.3615875       5.14532439E-06
   131.250000      -72.3615875      -2.57347710E-06
   135.000000      -72.3615875      -3.82517464E-06
   138.750000      -72.3615875      -8.68295319E-06
   142.500000      -72.3615875       2.56742351E-06
   146.250000      -72.3615875       2.76113860E-06
   150.000000      -72.3615875       6.89877197E-07
   153.750000      -72.3615875       5.55766746E-07
   157.500000      -72.3615875       1.23425853E-05
   161.250000      -72.3615875      -2.42248643E-05
   165.000000      -72.3615875       2.79094093E-06
   168.750000      -72.3615875       2.14918982E-05
   172.500000      -72.3615875       8.70670192E-06
   176.250000      -72.3615875       1.55016314E-05
   180.000000      -72.3615875       7.73812644E-06
   183.750000      -72.3615875       2.01608054E-06
   187.500000      -72.3615875      -4.24240716E-06
   191.250000      -72.3615875      -3.33343633E-06
   195.000000      -72.3615875      -1.74390152E-07
   198.750000      -72.3615875       2.13040039E-07
   202.500000      -72.3615875       4.78769653E-06
   206.250000      -72.3615875       1.02266204E-05
   210.000000      -72.3615875       4.35556285E-06
   213.750000      -72.3615875      -1.96252950E-06
   217.500000      -72.3615875       5.85569069E-07
   221.250000      -72.3615875       7.21658580E-06
   225.000000      -72.3615875       3.77441756E-06
   228.750000      -72.3615875      -3.57185490E-06
   232.500000      -72.3615875      -9.34349373E-07
   236.250000      -72.3615875      -1.44587830E-07
   240.000000      -72.3615875       4.08734195E-06
   243.750000      -72.3615875       8.61729495E-06
   247.500000      -72.3615875      -1.39877666E-05
   251.250000      -72.3615875      -5.46430238E-06
   255.000000      -72.3615875      -1.50606502E-05
   258.750000      -72.3615875       1.86706893E-06
   262.500000      -72.3615875      -1.15786679E-06
   266.250000      -72.3615875      -1.44587830E-07
   270.000000      -72.3615875       1.33558642E-05
   273.750000      -72.3615875      -1.58653129E-05
   277.500000      -72.3615875      -3.64636071E-06
   281.250000      -72.3615875       1.05097424E-05
   285.000000      -72.3615875       7.79284164E-07
   288.750000      -72.3615875       1.17763411E-05
   292.500000      -72.3615875       2.18793284E-05
   296.250000      -72.3615875      -2.90677417E-05
   300.000000      -72.3615875      -2.08572019E-05
   303.750000      -72.3615875       1.56904571E-06
   307.500000      -72.3615875       1.02713238E-05
   311.250000      -72.3615875      -8.71275552E-06
   315.000000      -72.3615875      -8.50413926E-06
   318.750000      -72.3615875      -6.06034882E-06
   322.500000      -72.3615875      -2.34995969E-06
   326.250000      -72.3615875       4.07244079E-06
   330.000000      -72.3615875      -1.65954698E-05
   333.750000      -72.3615875      -4.33181413E-06
   337.500000      -72.3615875       6.54603355E-06
   341.250000      -72.3615875      -1.78918708E-05
   345.000000      -72.3615875      -2.64302362E-05
   348.750000      -72.3615875      -2.07528938E-05
   352.500000      -72.3615875      -1.56019814E-06
   356.250000      -72.3615875       1.12100970E-05
   360.000000      -72.3615875      -1.54529698E-06
   0.00000000      -68.6520157       7.66362064E-06
   3.75000000      -68.6520157      -4.79375012E-06
   7.50000000      -68.6520157      -2.05193646E-06
   11.2500000      -68.6520157      -2.78209336E-06
   15.0000000      -68.6520157       1.56904571E-06
   18.7500000      -68.6520157       3.81912105E-06
   22.5000000      -68.6520157       3.41678970E-06
   26.2500000      -68.6520157       2.28430144E-06
   30.0000000      -68.6520157       6.15371391E-07
   33.7500000      -68.6520157       3.13366763E-06
   37.5000000      -68.6520157       1.01223122E-05
   41.2500000      -68.6520157      -2.46916898E-06
   45.0000000      -68.6520157       6.94836490E-06
   48.7500000      -68.6520157      -1.45093072E-05
   52.5000000      -68.6520157       1.46373641E-05
   56.2500000      -68.6520157       4.21656296E-07
   60.0000000      -68.6520157       1.77766196E-06
   63.7500000      -68.6520157       1.69172417E-05
   67.5000000      -68.6520157      -6.55208714E-06
   71.2500000      -68.6520157      -7.69947655E-06
   75.0000000      -68.6520157      -2.72248872E-06
   78.7500000      -68.6520157      -1.11714471E-05
   82.5000000      -68.6520157       7.82753341E-06
   86.2500000      -68.6520157      -3.31853516E-06
   90.0000000      -68.6520157       1.73791777E-05
   93.7500000      -68.6520157      -9.04547051E-07
   97.5000000      -68.6520157      -7.22263940E-06
   101.250000      -68.6520157      -1.04561914E-05
   105.000000      -68.6520157      -1.00538600E-05
   108.750000      -68.6520157      -4.22254670E-05
   112.500000      -68.6520157       9.15373676E-06
   116.250000      -68.6520157       9.28295776E-07
   120.000000      -68.6520157      -7.25244172E-06
   123.750000      -68.6520157       4.01283614E-06
   127.500000      -68.6520157      -6.21424988E-07
   131.250000      -68.6520157       1.22382771E-05
   135.000000      -68.6520157      -8.75745900E-06
   138.750000      -68.6520157      -1.75938476E-05
   142.500000      -68.6520157       9.07923095E-06
   146.250000      -68.6520157      -3.78047116E-06
   150.000000      -68.6520157      -4.71924432E-06
   153.750000      -68.6520157       1.09220855E-06
   157.500000      -68.6520157       1.01968180E-05
   161.250000      -68.6520157       5.33903949E-06
   165.000000      -68.6520157      -1.15786679E-06
   168.750000      -68.6520157      -5.53880818E-06
   172.500000      -68.6520157      -1.11416448E-05
   176.250000      -68.6520157      -9.54722054E-06
   180.000000      -68.6520157      -4.94276173E-06
   183.750000      -68.6520157      -8.23591836E-06
   187.500000      -68.6520157      -5.55370934E-06
   191.250000      -68.6520157      -9.59192403E-06
   195.000000      -68.6520157      -5.71762212E-06
   198.750000      -68.6520157      -1.39628537E-06
   202.500000      -68.6520157       4.90690582E-06
   206.250000      -68.6520157       1.19104516E-05
   210.000000      -68.6520157       1.73295848E-06
   213.750000      -68.6520157      -2.11154111E-06
   217.500000      -68.6520157       1.88197009E-06
   221.250000      -68.6520157      -5.32018021E-07
   225.000000      -68.6520157      -7.40634277E-07
   228.750000      -68.6520157      -1.24827493E-05
   232.500000      -68.6520157       3.71481292E-06
   236.250000      -68.6520157      -4.42122109E-06
   240.000000      -68.6520157      -9.54722054E-06
   243.750000      -68.6520157       1.51738059E-05
   247.500000      -68.6520157      -3.69106419E-06
   251.250000      -68.6520157       7.19679520E-07
   255.000000      -68.6520157       3.61050479E-06
   258.750000      -68.6520157      -4.00398858E-06
   262.500000      -68.6520157      -2.57347710E-06
   266.250000      -68.6520157       1.74785964E-06
   270.000000      -68.6520157      -5.91622666E-07
   273.750000      -68.6520157      -1.76881440E-06
   277.500000      -68.6520157       9.31764953E-06
   281.250000      -68.6520157      -8.47433694E-06
   285.000000      -68.6520157      -4.30201180E-06
   288.750000      -68.6520157       8.93021934E-06
   292.500000      -68.6520157       1.40711199E-05
   296.250000      -68.6520157      -6.25406392E-06
   300.000000      -68.6520157      -8.59843567E-07
   303.750000      -68.6520157       2.10548751E-06
   307.500000      -68.6520157      -5.24078496E-06
   311.250000      -68.6520157       1.21141784E-06
   315.000000      -68.6520157      -3.94438393E-06
   318.750000      -68.6520157       2.89524905E-06
   322.500000      -68.6520157       5.44334762E-06
   326.250000      -68.6520157       3.26777808E-06
   330.000000      -68.6520157      -8.30041245E-07
   333.750000      -68.6520157       9.64547507E-06
   337.500000      -68.6520157       1.01074111E-05
   341.250000      -68.6520157      -8.59843567E-07
   345.000000      -68.6520157      -4.74904664E-06
   348.750000      -68.6520157      -8.59843567E-07
   352.500000      -68.6520157       6.06919639E-06
   356.250000      -68.6520157       1.77766196E-06
   360.000000      -68.6520157       7.66362064E-06
   0.00000000      -64.9419479      -2.93110497E-06
   3.75000000      -64.9419479       1.56904571E-06
   7.50000000      -64.9419479       9.85409133E-06
   11.2500000      -64.9419479      -1.29686669E-07
   15.0000000      -64.9419479       2.22469680E-06
   18.7500000      -64.9419479       2.44821422E-06
   22.5000000      -64.9419479       4.51458618E-07
   26.2500000      -64.9419479       1.34005677E-05
   30.0000000      -64.9419479      -7.81868584E-06
   33.7500000      -64.9419479       2.47801654E-06
   37.5000000      -64.9419479      -9.49250534E-07
   41.2500000      -64.9419479       3.26777808E-06
   45.0000000      -64.9419479       2.13040039E-07
   48.7500000      -64.9419479       1.15081202E-05
   52.5000000      -64.9419479       6.29271381E-06
   56.2500000      -64.9419479      -2.20094807E-06
   60.0000000      -64.9419479       1.31621491E-05
   63.7500000      -64.9419479      -1.02028716E-05
   67.5000000      -64.9419479      -1.63272489E-05
   71.2500000      -64.9419479      -6.40307553E-06
   75.0000000      -64.9419479      -5.85173257E-06
   78.7500000      -64.9419479      -6.41797669E-06
   82.5000000      -64.9419479      -8.04220326E-06
   86.2500000      -64.9419479      -3.15462239E-06
   90.0000000      -64.9419479       1.45479571E-05
   93.7500000      -64.9419479      -9.08528455E-06
   97.5000000      -64.9419479       2.09058635E-06
   101.250000      -64.9419479       2.24306714E-05
   105.000000      -64.9419479       1.23425853E-05
   108.750000      -64.9419479      -1.27509702E-05
   112.500000      -64.9419479      -1.76236499E-05
   116.250000      -64.9419479       1.14336144E-05
   120.000000      -64.9419479      -9.68133099E-06
   123.750000      -64.9419479      -6.92461617E-06
   127.500000      -64.9419479       1.03260390E-06
   131.250000      -64.9419479       6.05429523E-06
   135.000000      -64.9419479       2.17999332E-06
   138.750000      -64.9419479      -1.07691158E-05
   142.500000      -64.9419479      -7.37165101E-06
   146.250000      -64.9419479       2.10150611E-05
   150.000000      -64.9419479       1.59188639E-05
   153.750000      -64.9419479      -9.45781358E-06
   157.500000      -64.9419479      -1.14296563E-06
   161.250000      -64.9419479      -1.60490163E-06
   165.000000      -64.9419479       3.40188853E-06
   168.750000      -64.9419479       1.88197009E-06
   172.500000      -64.9419479      -5.83683141E-06
   176.250000      -64.9419479       1.22631900E-06
   180.000000      -64.9419479      -1.65507663E-05
   183.750000      -64.9419479      -7.10831955E-07
   187.500000      -64.9419479      -1.08336098E-06
   191.250000      -64.9419479       9.91369598E-06
   195.000000      -64.9419479      -6.10505231E-06
   198.750000      -64.9419479       4.21656296E-07
   202.500000      -64.9419479       9.13394615E-07
   206.250000      -64.9419479       5.26453368E-06
   210.000000      -64.9419479      -8.48923810E-06
   213.750000      -64.9419479      -1.52394641E-05
   217.500000      -64.9419479      -5.77722676E-06
   221.250000      -64.9419479       1.78560149E-05
   225.000000      -64.9419479      -5.98584302E-06
   228.750000      -64.9419479       1.03905331E-05
   232.500000      -64.9419479      -1.02624763E-05
   236.250000      -64.9419479      -5.28548844E-06
   240.000000      -64.9419479       1.52781140E-05
   243.750000      -64.9419479      -2.42446549E-06
   247.500000      -64.9419479       3.43169086E-06
   251.250000      -64.9419479       2.93995254E-06
   255.000000      -64.9419479       4.51458618E-07
   258.750000      -64.9419479       4.54927795E-06
   262.500000      -64.9419479       1.07034575E-05
   266.250000      -64.9419479       1.02862250E-05
   270.000000      -64.9419479       8.42357986E-06
   273.750000      -64.9419479       1.09220855E-06
   277.500000      -64.9419479       2.01954972E-05
   281.250000      -64.9419479       1.37730967E-05
   285.000000      -64.9419479      -3.24402936E-06
   288.750000      -64.9419479      -3.38302925E-07
   292.500000      -64.9419479       2.04588287E-06
   296.250000      -64.9419479       2.46658456E-05
   300.000000      -64.9419479       4.87710349E-06
   303.750000      -64.9419479       9.58098099E-07
   307.500000      -64.9419479      -2.19747890E-05
   311.250000      -64.9419479       3.08896415E-06
   315.000000      -64.9419479       1.12100970E-05
   318.750000      -64.9419479       4.01283614E-06
   322.500000      -64.9419479       1.24468934E-05
   326.250000      -64.9419479       1.37581956E-05
   330.000000      -64.9419479      -1.32576097E-05
   333.750000      -64.9419479      -6.81029633E-07
   337.500000      -64.9419479      -3.92948277E-06
   341.250000      -64.9419479       3.13366763E-06
   345.000000      -64.9419479      -9.99425538E-06
   348.750000      -64.9419479      -1.33321155E-05
   352.500000      -64.9419479       1.91177242E-06
   356.250000      -64.9419479       1.61572825E-05
   360.000000      -64.9419479      -2.93110497E-06
   0.00000000      -61.2315712       5.70667908E-07
   3.75000000      -61.2315712       1.09567773E-05
   7.50000000      -61.2315712      -1.32874120E-05
   11.2500000      -61.2315712      -1.41118653E-06
   15.0000000      -61.2315712       1.42003410E-06
   18.7500000      -61.2315712       3.17837112E-06
   22.5000000      -61.2315712      -1.05008949E-05
   26.2500000      -61.2315712       8.58749263E-06
   30.0000000      -61.2315712      -4.77884896E-06
   33.7500000      -61.2315712      -4.85335477E-06
   37.5000000      -61.2315712      -1.08287204E-05
   41.2500000      -61.2315712       9.72999260E-07
   45.0000000      -61.2315712       1.86010730E-05
   48.7500000      -61.2315712      -6.37327321E-06
   52.5000000      -61.2315712      -1.86518300E-05
   56.2500000      -61.2315712       2.16509216E-06
   60.0000000      -61.2315712       6.35231845E-06
   63.7500000      -61.2315712       1.20892655E-05
   67.5000000      -61.2315712      -1.41218770E-05
   71.2500000      -61.2315712       8.20006244E-06
   75.0000000      -61.2315712      -7.89319165E-06
   78.7500000      -61.2315712       5.99469058E-06
   82.5000000      -61.2315712       6.74976036E-07
   86.2500000      -61.2315712      -6.41797669E-06
   90.0000000      -61.2315712       1.44436490E-05
   93.7500000      -61.2315712      -2.45426781E-06
   97.5000000      -61.2315712       2.76113860E-06
   101.250000      -61.2315712       3.17348167E-07
   105.000000      -61.2315712      -3.21422704E-06
   108.750000      -61.2315712       2.95485370E-06
   112.500000      -61.2315712      -2.23075040E-06
   116.250000      -61.2315712      -1.94117893E-05
   120.000000      -61.2315712       8.97492282E-06
   123.750000      -61.2315712       2.56940257E-05
   127.500000      -61.2315712      -1.26217492E-06
   131.250000      -61.2315712      -9.42801125E-06
   135.000000      -61.2315712      -1.67295802E-05
   138.750000      -61.2315712       1.27002131E-05
   142.500000      -61.2315712      -8.51904042E-06
   146.250000      -61.2315712       3.78931873E-06
   150.000000      -61.2315712      -3.73576768E-06
   153.750000      -61.2315712       2.58232467E-06
   157.500000      -61.2315712       1.99570786E-05
   161.250000      -61.2315712       5.53275459E-06
   165.000000      -61.2315712      -1.66450627E-06
   168.750000      -61.2315712       2.44821422E-06
   172.500000      -61.2315712      -1.61980279E-06
   176.250000      -61.2315712      -1.22294296E-05
   180.000000      -61.2315712      -2.34995969E-06
   183.750000      -61.2315712       7.90203921E-06
   187.500000      -61.2315712      -5.47920354E-06
   191.250000      -61.2315712       7.34580681E-07
   195.000000      -61.2315712       1.59884803E-06
   198.750000      -61.2315712       3.80023848E-05
   202.500000      -61.2315712       5.19051682E-05
   206.250000      -61.2315712      -3.10991891E-06
   210.000000      -61.2315712       2.05829274E-05
   213.750000      -61.2315712       5.19796740E-05
   217.500000      -61.2315712      -1.47477258E-05
   221.250000      -61.2315712       5.27943484E-06
   225.000000      -61.2315712      -1.78024638E-05
   228.750000      -61.2315712       2.12832820E-05
   232.500000      -61.2315712       6.15860336E-06
   236.250000      -61.2315712       2.82074325E-06
   240.000000      -61.2315712      -5.92623837E-06
   243.750000      -61.2315712      -1.05355866E-06
   247.500000      -61.2315712      -4.12808731E-07
   251.250000      -61.2315712      -1.49861444E-05
   255.000000      -61.2315712       7.75302760E-06
   258.750000      -61.2315712       1.68825500E-06
   262.500000      -61.2315712       8.11065547E-06
   266.250000      -61.2315712      -6.31366856E-06
   270.000000      -61.2315712       7.70832412E-06
   273.750000      -61.2315712      -1.10671390E-05
   277.500000      -61.2315712       1.36538874E-05
   281.250000      -61.2315712      -1.20804179E-05
   285.000000      -61.2315712      -6.85011037E-06
   288.750000      -61.2315712      -2.12744344E-05
   292.500000      -61.2315712       2.43331306E-06
   296.250000      -61.2315712      -3.48244794E-06
   300.000000      -61.2315712      -5.00236638E-06
   303.750000      -61.2315712      -8.74255784E-06
   307.500000      -61.2315712      -1.54778827E-05
   311.250000      -61.2315712       4.13204543E-06
   315.000000      -61.2315712       1.67533290E-05
   318.750000      -61.2315712      -5.70272096E-06
   322.500000      -61.2315712       5.80097549E-06
   326.250000      -61.2315712      -6.64149411E-06
   330.000000      -61.2315712      -1.01432670E-05
   333.750000      -61.2315712       5.35394065E-06
   337.500000      -61.2315712      -1.34215225E-05
   341.250000      -61.2315712       9.46666114E-06
   345.000000      -61.2315712       5.74137084E-06
   348.750000      -61.2315712      -6.36326149E-07
   352.500000      -61.2315712       2.83564441E-06
   356.250000      -61.2315712      -2.54367478E-06
   360.000000      -61.2315712       5.70667908E-07
   0.00000000      -57.5209885       2.42842361E-07
   3.75000000      -57.5209885      -7.43125565E-06
   7.50000000      -57.5209885       1.51291024E-05
   11.2500000      -57.5209885       1.67335384E-06
   15.0000000      -57.5209885      -5.17116860E-07
   18.7500000      -57.5209885       8.54278915E-06
   22.5000000      -57.5209885      -1.36897434E-05
   26.2500000      -57.5209885       5.40865585E-07
   30.0000000      -57.5209885       5.32413833E-06
   33.7500000      -57.5209885      -1.47079118E-06
   37.5000000      -57.5209885       1.60231721E-05
   41.2500000      -57.5209885       2.99955718E-06
   45.0000000      -57.5209885       1.06240623E-06
   48.7500000      -57.5209885      -1.78620685E-05
   52.5000000      -57.5209885      -4.22750600E-06
   56.2500000      -57.5209885       2.18793284E-05
   60.0000000      -57.5209885      -1.80706847E-05
   63.7500000      -57.5209885      -1.53039582E-06
   67.5000000      -57.5209885       2.62702815E-06
   71.2500000      -57.5209885       4.06755134E-07
   75.0000000      -57.5209885       5.35394065E-06
   78.7500000      -57.5209885       4.96162102E-07
   82.5000000      -57.5209885       1.77766196E-06
   86.2500000      -57.5209885      -1.03865750E-06
   90.0000000      -57.5209885      -1.00836623E-05
   93.7500000      -57.5209885      -2.11999286E-05
   97.5000000      -57.5209885      -4.71924432E-06
   101.250000      -57.5209885      -1.36152375E-05
   105.000000      -57.5209885       5.63706271E-06
   108.750000      -57.5209885       6.15371391E-07
   112.500000      -57.5209885      -2.24565156E-06
   116.250000      -57.5209885       2.27941200E-07
   120.000000      -57.5209885      -5.76232560E-06
   123.750000      -57.5209885      -4.71924432E-06
   127.500000      -57.5209885       1.01521146E-05
   131.250000      -57.5209885      -9.60682519E-06
   135.000000      -57.5209885      -7.98259862E-06
   138.750000      -57.5209885       9.43685882E-06
   142.500000      -57.5209885      -8.56374390E-06
   146.250000      -57.5209885       1.04203355E-05
   150.000000      -57.5209885       1.85216777E-06
   153.750000      -57.5209885      -1.07393134E-05
   157.500000      -57.5209885       4.62378375E-06
   161.250000      -57.5209885       6.00959174E-06
   165.000000      -57.5209885      -1.26019586E-05
   168.750000      -57.5209885      -1.53884757E-05
   172.500000      -57.5209885      -4.00398858E-06
   176.250000      -57.5209885       2.56742351E-06
   180.000000      -57.5209885       2.31310260E-05
   183.750000      -57.5209885       8.34907405E-06
   187.500000      -57.5209885       2.28926074E-05
   191.250000      -57.5209885       4.05802857E-05
   195.000000      -57.5209885      -1.47328246E-05
   198.750000      -57.5209885      -9.19448212E-07
   202.500000      -57.5209885       1.15975272E-05
   206.250000      -57.5209885       1.36042945E-06
   210.000000      -57.5209885      -9.79052857E-07
   213.750000      -57.5209885       2.57238280E-05
   217.500000      -57.5209885       2.70153396E-06
   221.250000      -57.5209885       3.28267924E-06
   225.000000      -57.5209885       1.84222590E-05
   228.750000      -57.5209885       9.64547507E-06
   232.500000      -57.5209885       1.30578410E-05
   236.250000      -57.5209885       1.64355151E-06
   240.000000      -57.5209885      -1.46881212E-05
   243.750000      -57.5209885      -4.87314537E-07
   247.500000      -57.5209885       2.31410377E-06
   251.250000      -57.5209885       9.18353908E-06
   255.000000      -57.5209885      -1.38138421E-06
   258.750000      -57.5209885       2.91015022E-06
   262.500000      -57.5209885       2.21624505E-05
   266.250000      -57.5209885       1.02862250E-05
   270.000000      -57.5209885       1.08731911E-07
   273.750000      -57.5209885       1.88197009E-06
   277.500000      -57.5209885       1.06240623E-06
   281.250000      -57.5209885      -8.59354623E-06
   285.000000      -57.5209885       4.51458618E-07
   288.750000      -57.5209885      -3.95134557E-05
   292.500000      -57.5209885       1.06240623E-06
   296.250000      -57.5209885       9.28295776E-07
   300.000000      -57.5209885       3.65420710E-05
   303.750000      -57.5209885      -3.89323104E-05
   307.500000      -57.5209885      -5.88153489E-06
   311.250000      -57.5209885       5.16022556E-06
   315.000000      -57.5209885       1.03607308E-05
   318.750000      -57.5209885       9.87900421E-07
   322.500000      -57.5209885      -1.32177956E-06
   326.250000      -57.5209885       1.24468934E-05
   330.000000      -57.5209885       2.09058635E-06
   333.750000      -57.5209885       9.22824256E-06
   337.500000      -57.5209885       6.65034167E-06
   341.250000      -57.5209885       1.92667358E-06
   345.000000      -57.5209885      -5.21098264E-06
   348.750000      -57.5209885       1.62865035E-06
   352.500000      -57.5209885      -1.53039582E-06
   356.250000      -57.5209885      -5.38979657E-06
   360.000000      -57.5209885       2.42842361E-07
   0.00000000      -53.8102722       2.67173164E-06
   3.75000000      -53.8102722      -5.01726754E-06
   7.50000000      -53.8102722      -4.72413376E-07
   11.2500000      -53.8102722      -1.28701795E-05
   15.0000000      -53.8102722       1.52930152E-05
   18.7500000      -53.8102722       9.33255069E-06
   22.5000000      -53.8102722      -2.45426781E-06
   26.2500000      -53.8102722       2.96726357E-05
   30.0000000      -53.8102722       1.02564227E-05
   33.7500000      -53.8102722      -1.04412902E-05
   37.5000000      -53.8102722      -9.93465073E-06
   41.2500000      -53.8102722       1.18806493E-05
   45.0000000      -53.8102722       3.31148040E-05
   48.7500000      -53.8102722       4.26813494E-05
   52.5000000      -53.8102722      -3.56391538E-05
   56.2500000      -53.8102722       4.41516750E-06
   60.0000000      -53.8102722       2.47801654E-06
   63.7500000      -53.8102722      -8.47433694E-06
   67.5000000      -53.8102722       9.87900421E-07
   71.2500000      -53.8102722       6.66524284E-06
   75.0000000      -53.8102722       3.28267924E-06
   78.7500000      -53.8102722       2.65683047E-06
   82.5000000      -53.8102722       2.43331306E-06
   86.2500000      -53.8102722       1.16273295E-05
   90.0000000      -53.8102722      -5.98584302E-06
   93.7500000      -53.8102722      -1.44795049E-05
   97.5000000      -53.8102722       1.12846028E-05
   101.250000      -53.8102722      -4.11525834E-05
   105.000000      -53.8102722       6.14370219E-06
   108.750000      -53.8102722      -7.55535439E-07
   112.500000      -53.8102722      -1.22294296E-05
   116.250000      -53.8102722       1.10759865E-05
   120.000000      -53.8102722       2.39803921E-05
   123.750000      -53.8102722      -3.18442471E-06
   127.500000      -53.8102722      -1.51351560E-05
   131.250000      -53.8102722       3.24144494E-05
   135.000000      -53.8102722       4.51947562E-06
   138.750000      -53.8102722      -7.83358701E-06
   142.500000      -53.8102722       4.17674892E-06
   146.250000      -53.8102722       5.44334762E-06
   150.000000      -53.8102722      -1.58057082E-05
   153.750000      -53.8102722       4.77279536E-06
   157.500000      -53.8102722       1.28592364E-06
   161.250000      -53.8102722       1.49453990E-06
   165.000000      -53.8102722      -4.52802051E-05
   168.750000      -53.8102722      -3.94438393E-06
   172.500000      -53.8102722       5.56255691E-06
   176.250000      -53.8102722      -5.35950530E-05
   180.000000      -53.8102722       5.17512672E-06
   183.750000      -53.8102722       1.92567240E-05
   187.500000      -53.8102722       2.65683047E-06
   191.250000      -53.8102722       3.96117102E-05
   195.000000      -53.8102722      -2.66984571E-05
   198.750000      -53.8102722       7.84243457E-06
   202.500000      -53.8102722      -3.39304097E-06
   206.250000      -53.8102722      -2.02164520E-05
   210.000000      -53.8102722      -8.50413926E-06
   213.750000      -53.8102722      -6.91667665E-05
   217.500000      -53.8102722      -4.19423450E-05
   221.250000      -53.8102722       1.36538874E-05
   225.000000      -53.8102722       5.65196387E-06
   228.750000      -53.8102722       1.25661027E-05
   232.500000      -53.8102722       8.55769031E-06
   236.250000      -53.8102722      -1.26913656E-05
   240.000000      -53.8102722      -8.87666829E-06
   243.750000      -53.8102722      -3.02051194E-06
   247.500000      -53.8102722      -1.20208133E-05
   251.250000      -53.8102722       3.62540595E-06
   255.000000      -53.8102722      -5.31529076E-06
   258.750000      -53.8102722       1.74785964E-06
   262.500000      -53.8102722       3.04426067E-06
   266.250000      -53.8102722       1.47863757E-05
   270.000000      -53.8102722       1.19998585E-05
   273.750000      -53.8102722       1.19998585E-05
   277.500000      -53.8102722      -2.68176664E-05
   281.250000      -53.8102722      -1.32874120E-05
   285.000000      -53.8102722       2.20581423E-05
   288.750000      -53.8102722      -2.30923761E-05
   292.500000      -53.8102722       3.17837112E-06
   296.250000      -53.8102722      -2.03703530E-06
   300.000000      -53.8102722      -1.30787957E-05
   303.750000      -53.8102722      -2.08423007E-05
   307.500000      -53.8102722      -1.98588241E-05
   311.250000      -53.8102722       2.88828742E-05
   315.000000      -53.8102722       1.65000092E-05
   318.750000      -53.8102722      -2.84567941E-05
   322.500000      -53.8102722       2.49787699E-05
   326.250000      -53.8102722       1.32664572E-05
   330.000000      -53.8102722      -9.47271474E-06
   333.750000      -53.8102722      -7.00906385E-05
   337.500000      -53.8102722       2.90169846E-05
   341.250000      -53.8102722      -4.71924432E-06
   345.000000      -53.8102722      -1.15786679E-06
   348.750000      -53.8102722       1.21041667E-05
   352.500000      -53.8102722      -7.81868584E-06
   356.250000      -53.8102722      -9.24919732E-06
   360.000000      -53.8102722       2.67173164E-06
   0.00000000      -50.0994530       4.60341107E-05
   3.75000000      -50.0994530      -8.31042416E-06
   7.50000000      -50.0994530      -3.08260787E-05
   11.2500000      -50.0994530      -4.40631993E-06
   15.0000000      -50.0994530       2.35880725E-06
   18.7500000      -50.0994530      -1.38983596E-05
   22.5000000      -50.0994530       1.83030497E-05
   26.2500000      -50.0994530       8.24476592E-06
   30.0000000      -50.0994530      -3.81574500E-05
   33.7500000      -50.0994530       3.71232163E-05
   37.5000000      -50.0994530       9.04693734E-05
   41.2500000      -50.0994530      -3.09154857E-05
   45.0000000      -50.0994530      -4.21062578E-05
   48.7500000      -50.0994530      -1.84283126E-05
   52.5000000      -50.0994530      -1.72411092E-06
   56.2500000      -50.0994530       1.02415215E-05
   60.0000000      -50.0994530      -5.03216870E-06
   63.7500000      -50.0994530       6.36721961E-06
   67.5000000      -50.0994530       3.68501060E-06
   71.2500000      -50.0994530      -2.13787425E-05
   75.0000000      -50.0994530       1.48906838E-05
   78.7500000      -50.0994530       2.37370841E-06
   82.5000000      -50.0994530      -7.86338933E-06
   86.2500000      -50.0994530      -6.16465695E-06
   90.0000000      -50.0994530      -6.34347089E-06
   93.7500000      -50.0994530      -8.15140083E-07
   97.5000000      -50.0994530       7.94185326E-07
   101.250000      -50.0994530      -3.12135089E-05
   105.000000      -50.0994530      -1.56019814E-06
   108.750000      -50.0994530      -1.35705341E-05
   112.500000      -50.0994530      -9.56212170E-06
   116.250000      -50.0994530      -3.69106419E-06
   120.000000      -50.0994530       4.77279536E-06
   123.750000      -50.0994530      -1.35258306E-05
   127.500000      -50.0994530       4.75789420E-06
   131.250000      -50.0994530       8.34907405E-06
   135.000000      -50.0994530       4.99631278E-06
   138.750000      -50.0994530       2.01209914E-05
   142.500000      -50.0994530      -2.66090501E-05
   146.250000      -50.0994530      -2.39466317E-06
   150.000000      -50.0994530      -1.24727376E-06
   153.750000      -50.0994530      -1.28850807E-05
   157.500000      -50.0994530       1.73791777E-05
   161.250000      -50.0994530      -8.15140083E-07
   165.000000      -50.0994530       7.85733573E-06
   168.750000      -50.0994530      -7.44615681E-06
   172.500000      -50.0994530       3.01494729E-05
   176.250000      -50.0994530      -3.57285608E-05
   180.000000      -50.0994530       6.54603355E-06
   183.750000      -50.0994530      -2.13340390E-05
   187.500000      -50.0994530       1.13889109E-05
   191.250000      -50.0994530       4.37046401E-06
   195.000000      -50.0994530       1.71258580E-05
   198.750000      -50.0994530       4.57908027E-06
   202.500000      -50.0994530      -1.96353067E-05
   206.250000      -50.0994530       9.98820178E-06
   210.000000      -50.0994530      -1.49414409E-05
   213.750000      -50.0994530       2.44870316E-05
   217.500000      -50.0994530      -1.98141206E-05
   221.250000      -50.0994530       1.27002131E-05
   225.000000      -50.0994530      -1.96949113E-05
   228.750000      -50.0994530      -1.43006910E-05
   232.500000      -50.0994530      -1.96252950E-06
   236.250000      -50.0994530       2.96975486E-06
   240.000000      -50.0994530      -3.54305375E-05
   243.750000      -50.0994530      -1.43155921E-05
   247.500000      -50.0994530       2.01608054E-06
   251.250000      -50.0994530       6.87385909E-06
   255.000000      -50.0994530       2.29920261E-06
   258.750000      -50.0994530       3.80421989E-06
   262.500000      -50.0994530      -9.86014493E-06
   266.250000      -50.0994530      -7.47595914E-06
   270.000000      -50.0994530      -1.24380458E-05
   273.750000      -50.0994530       1.46473758E-06
   277.500000      -50.0994530      -8.86176713E-06
   281.250000      -50.0994530      -3.11539043E-05
   285.000000      -50.0994530      -2.97829974E-05
   288.750000      -50.0994530       1.16571318E-05
   292.500000      -50.0994530      -2.92167533E-05
   296.250000      -50.0994530       2.01608054E-06
   300.000000      -50.0994530      -1.22294296E-05
   303.750000      -50.0994530       4.91484534E-05
   307.500000      -50.0994530       4.44545876E-05
   311.250000      -50.0994530       2.14918982E-05
   315.000000      -50.0994530      -1.14545692E-05
   318.750000      -50.0994530       6.60074875E-07
   322.500000      -50.0994530      -2.78209336E-06
   326.250000      -50.0994530       6.30272552E-07
   330.000000      -50.0994530       1.99421775E-05
   333.750000      -50.0994530       1.07332598E-05
   337.500000      -50.0994530       4.56417911E-06
   341.250000      -50.0994530       9.30274837E-06
   345.000000      -50.0994530      -2.40311492E-05
   348.750000      -50.0994530      -9.02567990E-06
   352.500000      -50.0994530       1.79305207E-05
   356.250000      -50.0994530      -6.86501153E-06
   360.000000      -50.0994530       4.60341107E-05
   0.00000000      -46.3885536       4.02822625E-05
   3.75000000      -46.3885536      -1.69679988E-05
   7.50000000      -46.3885536       1.46075618E-05
   11.2500000      -46.3885536      -3.52715142E-06
   15.0000000      -46.3885536       1.46473758E-06
   18.7500000      -46.3885536       9.01962630E-06
   22.5000000      -46.3885536      -2.66288407E-06
   26.2500000      -46.3885536      -2.28986610E-05
   30.0000000      -46.3885536      -8.07200558E-06
   33.7500000      -46.3885536      -5.73501457E-05
   37.5000000      -46.3885536       2.74523627E-05
   41.2500000      -46.3885536       5.37678134E-05
   45.0000000      -46.3885536      -2.94600613E-06
   48.7500000      -46.3885536      -1.25721563E-05
   52.5000000      -46.3885536       1.50694977E-05
   56.2500000      -46.3885536       2.20134389E-05
   60.0000000      -46.3885536      -1.05008949E-05
   63.7500000      -46.3885536       1.03260390E-06
   67.5000000      -46.3885536       2.80335080E-05
   71.2500000      -46.3885536       3.35767400E-05
   75.0000000      -46.3885536      -5.03167976E-05
   78.7500000      -46.3885536      -8.48923810E-06
   82.5000000      -46.3885536       3.16991936E-05
   86.2500000      -46.3885536       1.18161552E-06
   90.0000000      -46.3885536      -1.22443307E-05
   93.7500000      -46.3885536      -7.00820237E-08
   97.5000000      -46.3885536       2.16707122E-05
   101.250000      -46.3885536      -1.59994233E-05
   105.000000      -46.3885536       1.37283932E-05
   108.750000      -46.3885536       3.00004613E-05
   112.500000      -46.3885536       2.20283400E-05
   116.250000      -46.3885536       9.46666114E-06
   120.000000      -46.3885536       1.01521146E-05
   123.750000      -46.3885536      -4.64473851E-06
   127.500000      -46.3885536      -1.70723069E-05
   131.250000      -46.3885536      -4.43612225E-06
   135.000000      -46.3885536      -9.75583680E-06
   138.750000      -46.3885536      -5.00236638E-06
   142.500000      -46.3885536       4.75789420E-06
   146.250000      -46.3885536      -1.18718017E-05
   150.000000      -46.3885536       1.03458297E-05
   153.750000      -46.3885536      -1.31682027E-05
   157.500000      -46.3885536       1.74685847E-05
   161.250000      -46.3885536      -7.14813359E-06
   165.000000      -46.3885536      -2.47613061E-05
   168.750000      -46.3885536       4.05653846E-05
   172.500000      -46.3885536      -4.10929788E-05
   176.250000      -46.3885536       4.13849484E-05
   180.000000      -46.3885536      -8.59843567E-07
   183.750000      -46.3885536       1.35793816E-05
   187.500000      -46.3885536      -3.45215667E-05
   191.250000      -46.3885536       2.16558110E-05
   195.000000      -46.3885536      -1.87412370E-05
   198.750000      -46.3885536       8.55769031E-06
   202.500000      -46.3885536      -1.52245630E-05
   206.250000      -46.3885536       5.80097549E-06
   210.000000      -46.3885536      -2.11999286E-05
   213.750000      -46.3885536      -9.44291241E-06
   217.500000      -46.3885536      -2.38970388E-05
   221.250000      -46.3885536      -1.59100164E-05
   225.000000      -46.3885536      -1.19612087E-05
   228.750000      -46.3885536      -1.38089526E-05
   232.500000      -46.3885536       3.05916183E-06
   236.250000      -46.3885536      -4.25730832E-06
   240.000000      -46.3885536       1.79156195E-05
   243.750000      -46.3885536      -6.46268018E-06
   247.500000      -46.3885536      -2.49252189E-05
   251.250000      -46.3885536       1.35197770E-05
   255.000000      -46.3885536       1.63509976E-05
   258.750000      -46.3885536       5.80097549E-06
   262.500000      -46.3885536       2.25945842E-05
   266.250000      -46.3885536      -1.75391324E-06
   270.000000      -46.3885536      -2.64153350E-05
   273.750000      -46.3885536       1.37730967E-05
   277.500000      -46.3885536      -1.61980279E-06
   281.250000      -46.3885536       1.05842482E-05
   285.000000      -46.3885536       5.71156852E-06
   288.750000      -46.3885536      -6.17459882E-05
   292.500000      -46.3885536      -2.29135621E-05
   296.250000      -46.3885536      -2.93508638E-05
   300.000000      -46.3885536       4.71319072E-06
   303.750000      -46.3885536       1.78858172E-05
   307.500000      -46.3885536       5.96488826E-06
   311.250000      -46.3885536       2.48148572E-05
   315.000000      -46.3885536       2.37370841E-06
   318.750000      -46.3885536       9.10903327E-06
   322.500000      -46.3885536      -1.96252950E-06
   326.250000      -46.3885536      -2.91869510E-05
   330.000000      -46.3885536      -6.71599992E-06
   333.750000      -46.3885536       5.75627200E-06
   337.500000      -46.3885536       1.97633635E-05
   341.250000      -46.3885536       1.80646311E-05
   345.000000      -46.3885536       1.04203355E-05
   348.750000      -46.3885536       3.07604205E-05
   352.500000      -46.3885536       5.95941674E-05
   356.250000      -46.3885536       4.71319072E-06
   360.000000      -46.3885536       4.02822625E-05
   0.00000000      -42.6776047      -2.52381433E-05
   3.75000000      -42.6776047      -1.68934930E-05
   7.50000000      -42.6776047      -2.12893356E-05
   11.2500000      -42.6776047      -8.74744728E-07
   15.0000000      -42.6776047       8.25966708E-06
   18.7500000      -42.6776047       1.83237717E-07
   22.5000000      -42.6776047      -1.28552783E-05
   26.2500000      -42.6776047      -4.10780776E-05
   30.0000000      -42.6776047       3.40535771E-05
   33.7500000      -42.6776047      -7.87631143E-05
   37.5000000      -42.6776047       1.49949919E-05
   41.2500000      -42.6776047       2.75268685E-05
   45.0000000      -42.6776047      -5.59841283E-06
   48.7500000      -42.6776047      -2.70758756E-06
   52.5000000      -42.6776047       3.65520827E-06
   56.2500000      -42.6776047       2.15019099E-06
   60.0000000      -42.6776047      -5.01726754E-06
   63.7500000      -42.6776047      -8.11670907E-06
   67.5000000      -42.6776047      -1.26466621E-05
   71.2500000      -42.6776047       1.88543927E-05
   75.0000000      -42.6776047       3.70636117E-05
   78.7500000      -42.6776047       1.10312831E-05
   82.5000000      -42.6776047      -1.28403772E-05
   86.2500000      -42.6776047      -7.75908120E-06
   90.0000000      -42.6776047       4.76434361E-05
   93.7500000      -42.6776047      -1.23039354E-05
   97.5000000      -42.6776047      -1.39628537E-06
   101.250000      -42.6776047       6.85895793E-06
   105.000000      -42.6776047       2.30267178E-05
   108.750000      -42.6776047      -2.61818059E-06
   112.500000      -42.6776047       3.71481292E-06
   116.250000      -42.6776047      -6.17955811E-06
   120.000000      -42.6776047       2.25498807E-05
   123.750000      -42.6776047      -2.38374341E-05
   127.500000      -42.6776047      -3.83006409E-07
   131.250000      -42.6776047      -1.59845222E-05
   135.000000      -42.6776047       1.84371602E-05
   138.750000      -42.6776047       3.79278790E-05
   142.500000      -42.6776047       1.34154689E-05
   146.250000      -42.6776047      -3.81027348E-06
   150.000000      -42.6776047      -3.89472116E-05
   153.750000      -42.6776047      -8.34022649E-06
   157.500000      -42.6776047      -3.10495961E-05
   161.250000      -42.6776047       1.71109568E-05
   165.000000      -42.6776047      -1.25721563E-05
   168.750000      -42.6776047      -8.37002881E-06
   172.500000      -42.6776047       7.34522473E-05
   176.250000      -42.6776047       1.42648350E-05
   180.000000      -42.6776047       2.41294038E-05
   183.750000      -42.6776047      -6.34347089E-06
   187.500000      -42.6776047      -4.13910020E-05
   191.250000      -42.6776047       1.45777594E-05
   195.000000      -42.6776047       5.41354530E-06
   198.750000      -42.6776047      -2.41056550E-05
   202.500000      -42.6776047      -3.85497697E-06
   206.250000      -42.6776047       1.98825728E-05
   210.000000      -42.6776047       2.31410377E-06
   213.750000      -42.6776047       2.86544673E-06
   217.500000      -42.6776047      -8.57864507E-06
   221.250000      -42.6776047      -3.66126187E-06
   225.000000      -42.6776047      -1.71021093E-05
   228.750000      -42.6776047       2.44572293E-05
   232.500000      -42.6776047       1.18508469E-05
   236.250000      -42.6776047       4.05753963E-06
   240.000000      -42.6776047      -9.50251706E-06
   243.750000      -42.6776047      -3.86987813E-06
   247.500000      -42.6776047       1.67086255E-05
   251.250000      -42.6776047      -6.18204940E-05
   255.000000      -42.6776047      -4.63977922E-05
   258.750000      -42.6776047       1.50545966E-05
   262.500000      -42.6776047      -4.92786057E-06
   266.250000      -42.6776047      -1.29297841E-05
   270.000000      -42.6776047       5.70667908E-07
   273.750000      -42.6776047       1.77368056E-05
   277.500000      -42.6776047       1.38178002E-05
   281.250000      -42.6776047       1.67682301E-05
   285.000000      -42.6776047       8.18516128E-06
   288.750000      -42.6776047       4.53437679E-06
   292.500000      -42.6776047       2.25200783E-05
   296.250000      -42.6776047       1.01570738E-04
   300.000000      -42.6776047      -2.84169801E-06
   303.750000      -42.6776047       6.24801032E-06
   307.500000      -42.6776047       3.54989897E-05
   311.250000      -42.6776047      -1.76683534E-05
   315.000000      -42.6776047       2.33992469E-05
   318.750000      -42.6776047      -1.93074811E-05
   322.500000      -42.6776047       8.76630656E-06
   326.250000      -42.6776047       7.51460902E-06
   330.000000      -42.6776047      -5.15535939E-05
   333.750000      -42.6776047       3.22058331E-05
   337.500000      -42.6776047       1.34601723E-05
   341.250000      -42.6776047       1.68725383E-05
   345.000000      -42.6776047      -1.12459529E-05
   348.750000      -42.6776047      -3.03790439E-05
   352.500000      -42.6776047       6.76955096E-06
   356.250000      -42.6776047      -1.54033769E-05
   360.000000      -42.6776047      -2.52381433E-05
   0.00000000      -38.9666100      -5.61133493E-05
   3.75000000      -38.9666100       7.45500438E-06
   7.50000000      -38.9666100       8.98493454E-07
   11.2500000      -38.9666100       1.58394687E-06
   15.0000000      -38.9666100      -7.75908120E-06
   18.7500000      -38.9666100       7.14207999E-06
   22.5000000      -38.9666100       1.23723876E-05
   26.2500000      -38.9666100      -1.24082435E-05
   30.0000000      -38.9666100       5.96388709E-05
   33.7500000      -38.9666100      -3.07366718E-05
   37.5000000      -38.9666100       4.10422217E-05
   41.2500000      -38.9666100      -9.29390080E-06
   45.0000000      -38.9666100      -2.02313531E-05
   48.7500000      -38.9666100      -1.48818363E-05
   52.5000000      -38.9666100      -9.84524377E-06
   56.2500000      -38.9666100       1.94653403E-05
   60.0000000      -38.9666100       1.15826260E-05
   63.7500000      -38.9666100       1.12995040E-05
   67.5000000      -38.9666100      -3.97418626E-06
   71.2500000      -38.9666100      -1.57509930E-06
   75.0000000      -38.9666100      -6.86501153E-06
   78.7500000      -38.9666100      -4.88315709E-06
   82.5000000      -38.9666100      -3.73676885E-05
   86.2500000      -38.9666100      -2.75329221E-05
   90.0000000      -38.9666100      -3.49387992E-05
   93.7500000      -38.9666100      -1.60888303E-05
   97.5000000      -38.9666100       3.46645247E-05
   101.250000      -38.9666100      -4.54043038E-06
   105.000000      -38.9666100       1.88245904E-05
   108.750000      -38.9666100      -1.97098125E-05
   112.500000      -38.9666100       5.85569069E-07
   116.250000      -38.9666100      -2.29582656E-05
   120.000000      -38.9666100      -1.26019586E-05
   123.750000      -38.9666100       2.58430373E-05
   127.500000      -38.9666100       6.20330684E-06
   131.250000      -38.9666100      -1.41665805E-05
   135.000000      -38.9666100      -5.59841283E-06
   138.750000      -38.9666100       4.49910294E-05
   142.500000      -38.9666100      -1.08336098E-06
   146.250000      -38.9666100       1.37581956E-05
   150.000000      -38.9666100      -3.69106419E-06
   153.750000      -38.9666100       1.42797362E-05
   157.500000      -38.9666100      -1.45391095E-05
   161.250000      -38.9666100      -5.74742444E-06
   165.000000      -38.9666100       1.39221083E-05
   168.750000      -38.9666100      -1.99184287E-05
   172.500000      -38.9666100       3.87325417E-05
   176.250000      -38.9666100      -5.11810649E-05
   180.000000      -38.9666100       5.40865585E-07
   183.750000      -38.9666100       1.81093346E-05
   187.500000      -38.9666100       5.14532439E-06
   191.250000      -38.9666100      -1.43304933E-05
   195.000000      -38.9666100      -2.44483817E-05
   198.750000      -38.9666100      -3.04535497E-05
   202.500000      -38.9666100       9.06432979E-06
   206.250000      -38.9666100      -5.18118031E-06
   210.000000      -38.9666100       9.25804488E-06
   213.750000      -38.9666100      -1.36748422E-05
   217.500000      -38.9666100       1.25213992E-05
   221.250000      -38.9666100      -2.63797119E-07
   225.000000      -38.9666100      -1.35109294E-05
   228.750000      -38.9666100       3.71679198E-05
   232.500000      -38.9666100      -5.40469773E-06
   236.250000      -38.9666100      -2.82928813E-05
   240.000000      -38.9666100      -4.02436126E-05
   243.750000      -38.9666100      -8.16837419E-05
   247.500000      -38.9666100      -7.31204636E-06
   251.250000      -38.9666100       1.92865264E-05
   255.000000      -38.9666100      -8.02730210E-06
   258.750000      -38.9666100      -6.76170457E-05
   262.500000      -38.9666100      -4.01244033E-05
   266.250000      -38.9666100       1.26257073E-05
   270.000000      -38.9666100      -2.44036783E-05
   273.750000      -38.9666100      -2.82679684E-06
   277.500000      -38.9666100      -7.26734288E-06
   281.250000      -38.9666100       2.27941200E-07
   285.000000      -38.9666100       1.92667358E-06
   288.750000      -38.9666100       9.77958553E-06
   292.500000      -38.9666100      -2.64451373E-05
   296.250000      -38.9666100      -7.73624051E-05
   300.000000      -38.9666100       5.78607433E-06
   303.750000      -38.9666100       1.18657481E-05
   307.500000      -38.9666100      -2.54318584E-05
   311.250000      -38.9666100      -5.01726754E-06
   315.000000      -38.9666100      -4.29854263E-05
   318.750000      -38.9666100       1.63658988E-05
   322.500000      -38.9666100       2.05382239E-05
   326.250000      -38.9666100       4.42378223E-09
   330.000000      -38.9666100       9.13394615E-07
   333.750000      -38.9666100       3.02090775E-05
   337.500000      -38.9666100       2.11342704E-05
   341.250000      -38.9666100       1.65000092E-05
   345.000000      -38.9666100       1.63360965E-05
   348.750000      -38.9666100      -8.92684329E-05
   352.500000      -38.9666100      -6.47758134E-06
   356.250000      -38.9666100       2.17999332E-06
   360.000000      -38.9666100      -5.61133493E-05
   0.00000000      -35.2555809       1.39023177E-06
   3.75000000      -35.2555809      -9.18959267E-06
   7.50000000      -35.2555809      -4.51062806E-06
   11.2500000      -35.2555809       1.08375680E-05
   15.0000000      -35.2555809      -6.49248250E-06
   18.7500000      -35.2555809       1.42797362E-05
   22.5000000      -35.2555809       3.13713681E-05
   26.2500000      -35.2555809       1.44734513E-05
   30.0000000      -35.2555809      -1.36599410E-05
   33.7500000      -35.2555809      -1.95608009E-05
   37.5000000      -35.2555809       7.94674270E-06
   41.2500000      -35.2555809      -3.88876069E-05
   45.0000000      -35.2555809      -3.04833520E-05
   48.7500000      -35.2555809      -8.29552300E-06
   52.5000000      -35.2555809       1.87053811E-05
   56.2500000      -35.2555809       9.18353908E-06
   60.0000000      -35.2555809       1.53924339E-06
   63.7500000      -35.2555809       2.33843457E-05
   67.5000000      -35.2555809      -3.64438165E-05
   71.2500000      -35.2555809      -1.36599410E-05
   75.0000000      -35.2555809      -2.25857366E-05
   78.7500000      -35.2555809      -2.43887771E-05
   82.5000000      -35.2555809       6.35231845E-06
   86.2500000      -35.2555809       8.30437057E-06
   90.0000000      -35.2555809      -6.06034882E-06
   93.7500000      -35.2555809      -2.89485324E-05
   97.5000000      -35.2555809      -6.21424988E-07
   101.250000      -35.2555809       1.71705615E-05
   105.000000      -35.2555809      -6.04942907E-05
   108.750000      -35.2555809       1.31621491E-05
   112.500000      -35.2555809      -4.57023270E-06
   116.250000      -35.2555809       2.25945842E-05
   120.000000      -35.2555809      -8.72765668E-06
   123.750000      -35.2555809      -1.45093072E-05
   127.500000      -35.2555809       1.03309285E-05
   131.250000      -35.2555809      -1.02624763E-05
   135.000000      -35.2555809      -2.44185794E-05
   138.750000      -35.2555809       9.52626579E-06
   142.500000      -35.2555809       5.53275459E-06
   146.250000      -35.2555809      -3.67865432E-05
   150.000000      -35.2555809       7.49481842E-07
   153.750000      -35.2555809      -2.09168065E-05
   157.500000      -35.2555809      -1.68189872E-05
   161.250000      -35.2555809      -2.43887771E-05
   165.000000      -35.2555809      -3.24402936E-06
   168.750000      -35.2555809      -2.43589748E-05
   172.500000      -35.2555809       3.38747632E-05
   176.250000      -35.2555809      -9.14488919E-06
   180.000000      -35.2555809      -6.58188947E-06
   183.750000      -35.2555809       4.88206279E-05
   187.500000      -35.2555809      -1.05754007E-05
   191.250000      -35.2555809       9.51136462E-06
   195.000000      -35.2555809      -2.78607477E-05
   198.750000      -35.2555809      -4.86031640E-05
   202.500000      -35.2555809      -2.13638414E-05
   206.250000      -35.2555809       1.23723876E-05
   210.000000      -35.2555809      -4.21260484E-06
   213.750000      -35.2555809      -1.16780866E-05
   217.500000      -35.2555809       6.85895793E-06
   221.250000      -35.2555809       1.76276080E-06
   225.000000      -35.2555809       1.94653403E-05
   228.750000      -35.2555809      -3.75066884E-06
   232.500000      -35.2555809       2.62155663E-05
   236.250000      -35.2555809       5.38572203E-05
   240.000000      -35.2555809       5.49599063E-05
   243.750000      -35.2555809       6.66524284E-06
   247.500000      -35.2555809      -2.80097593E-05
   251.250000      -35.2555809       5.90528361E-06
   255.000000      -35.2555809      -1.47079118E-06
   258.750000      -35.2555809      -4.55931295E-05
   262.500000      -35.2555809      -5.70272096E-06
   266.250000      -35.2555809      -4.43563331E-05
   270.000000      -35.2555809       2.95485370E-06
   273.750000      -35.2555809       3.89362685E-06
   277.500000      -35.2555809       1.07332598E-05
   281.250000      -35.2555809       1.07730739E-06
   285.000000      -35.2555809      -1.25423539E-05
   288.750000      -35.2555809      -2.44334806E-05
   292.500000      -35.2555809       1.82136428E-05
   296.250000      -35.2555809      -6.22824300E-05
   300.000000      -35.2555809       1.74834859E-05
   303.750000      -35.2555809       4.68536746E-05
   307.500000      -35.2555809       3.17837112E-06
   311.250000      -35.2555809       1.04750507E-06
   315.000000      -35.2555809      -5.25568612E-06
   318.750000      -35.2555809      -1.36450399E-05
   322.500000      -35.2555809       5.16022556E-06
   326.250000      -35.2555809      -9.99425538E-06
   330.000000      -35.2555809       1.02117192E-05
   333.750000      -35.2555809       2.13577878E-05
   337.500000      -35.2555809      -9.86014493E-06
   341.250000      -35.2555809      -2.20045913E-05
   345.000000      -35.2555809       2.98465602E-06
   348.750000      -35.2555809       1.32664572E-05
   352.500000      -35.2555809      -9.83432401E-05
   356.250000      -35.2555809      -6.03054650E-06
   360.000000      -35.2555809       1.39023177E-06
   0.00000000      -31.5445251      -6.00074418E-06
   3.75000000      -31.5445251      -5.47920354E-06
   7.50000000      -31.5445251      -3.12284101E-05
   11.2500000      -31.5445251       6.41192310E-06
   15.0000000      -31.5445251      -2.87399162E-05
   18.7500000      -31.5445251       3.25038563E-05
   22.5000000      -31.5445251      -1.53735746E-05
   26.2500000      -31.5445251      -7.43125565E-06
   30.0000000      -31.5445251       6.06919639E-06
   33.7500000      -31.5445251      -1.47775281E-05
   37.5000000      -31.5445251      -3.15115321E-05
   41.2500000      -31.5445251      -1.45838130E-05
   45.0000000      -31.5445251      -4.27470077E-05
   48.7500000      -31.5445251       1.50247943E-05
   52.5000000      -31.5445251       6.62698876E-05
   56.2500000      -31.5445251      -3.05429567E-05
   60.0000000      -31.5445251       1.38476025E-05
   63.7500000      -31.5445251       6.26291148E-06
   67.5000000      -31.5445251      -6.46268018E-06
   71.2500000      -31.5445251      -1.01283658E-05
   75.0000000      -31.5445251      -3.05031426E-06
   78.7500000      -31.5445251      -2.40013469E-05
   82.5000000      -31.5445251      -9.53231938E-06
   86.2500000      -31.5445251      -3.60165723E-06
   90.0000000      -31.5445251      -2.58788932E-05
   93.7500000      -31.5445251      -2.26900447E-05
   97.5000000      -31.5445251      -2.37033237E-05
   101.250000      -31.5445251      -1.27658714E-05
   105.000000      -31.5445251      -1.64960511E-06
   108.750000      -31.5445251      -1.56019814E-06
   112.500000      -31.5445251       8.40867870E-06
   116.250000      -31.5445251      -1.08287204E-05
   120.000000      -31.5445251      -9.93954018E-07
   123.750000      -31.5445251       4.65358607E-06
   127.500000      -31.5445251      -2.08870042E-05
   131.250000      -31.5445251      -2.49897130E-06
   135.000000      -31.5445251       1.66788232E-05
   138.750000      -31.5445251       3.29955947E-05
   142.500000      -31.5445251      -2.33158935E-05
   146.250000      -31.5445251       5.45824878E-06
   150.000000      -31.5445251      -2.28241552E-05
   153.750000      -31.5445251       1.33062713E-06
   157.500000      -31.5445251      -2.85163987E-05
   161.250000      -31.5445251       4.87710349E-06
   165.000000      -31.5445251      -1.80259813E-05
   168.750000      -31.5445251      -9.91974957E-06
   172.500000      -31.5445251       1.92269217E-05
   176.250000      -31.5445251       6.54603355E-06
   180.000000      -31.5445251      -1.80408824E-05
   183.750000      -31.5445251       3.25187575E-05
   187.500000      -31.5445251      -1.55076850E-05
   191.250000      -31.5445251       8.08085315E-06
   195.000000      -31.5445251      -6.32361043E-05
   198.750000      -31.5445251       1.65894162E-05
   202.500000      -31.5445251       1.05842482E-05
   206.250000      -31.5445251      -2.53275502E-05
   210.000000      -31.5445251       8.22986476E-06
   213.750000      -31.5445251      -9.08528455E-06
   217.500000      -31.5445251      -6.65639527E-06
   221.250000      -31.5445251       5.53275459E-06
   225.000000      -31.5445251      -4.67454083E-06
   228.750000      -31.5445251      -1.77279580E-05
   232.500000      -31.5445251       2.02849042E-05
   236.250000      -31.5445251       6.49585854E-05
   240.000000      -31.5445251      -3.98908742E-06
   243.750000      -31.5445251       2.18197238E-05
   247.500000      -31.5445251      -1.87263358E-05
   251.250000      -31.5445251       9.15373676E-06
   255.000000      -31.5445251      -1.00985635E-05
   258.750000      -31.5445251      -6.16465695E-06
   262.500000      -31.5445251      -9.97935422E-06
   266.250000      -31.5445251      -2.39417423E-05
   270.000000      -31.5445251       2.27941200E-07
   273.750000      -31.5445251      -7.59516843E-06
   277.500000      -31.5445251       1.30280387E-05
   281.250000      -31.5445251       2.46509444E-05
   285.000000      -31.5445251       9.55606811E-06
   288.750000      -31.5445251      -3.25844157E-05
   292.500000      -31.5445251       4.36499249E-05
   296.250000      -31.5445251       1.02762831E-04
   300.000000      -31.5445251       2.94342171E-05
   303.750000      -31.5445251       3.03580891E-05
   307.500000      -31.5445251       9.46666114E-06
   311.250000      -31.5445251      -3.41490377E-05
   315.000000      -31.5445251      -2.15624459E-06
   318.750000      -31.5445251       6.73278701E-05
   322.500000      -31.5445251       1.08731911E-07
   326.250000      -31.5445251      -7.25244172E-06
   330.000000      -31.5445251      -4.65617049E-05
   333.750000      -31.5445251       2.88232695E-05
   337.500000      -31.5445251      -2.83524860E-05
   341.250000      -31.5445251      -3.52815259E-05
   345.000000      -31.5445251      -1.87859405E-05
   348.750000      -31.5445251      -3.76508106E-05
   352.500000      -31.5445251      -5.61331399E-06
   356.250000      -31.5445251      -6.02707732E-05
   360.000000      -31.5445251      -6.00074418E-06
   0.00000000      -27.8334446      -9.06244386E-05
   3.75000000      -27.8334446      -1.78371556E-06
   7.50000000      -27.8334446      -2.40311492E-05
   11.2500000      -27.8334446      -3.68163455E-05
   15.0000000      -27.8334446       1.00329053E-05
   18.7500000      -27.8334446      -5.12257684E-05
   22.5000000      -27.8334446       7.00994860E-05
   26.2500000      -27.8334446       1.35942828E-05
   30.0000000      -27.8334446      -2.30774749E-05
   33.7500000      -27.8334446       1.15826260E-05
   37.5000000      -27.8334446      -6.06034882E-06
   41.2500000      -27.8334446      -6.68619759E-06
   45.0000000      -27.8334446      -3.43874563E-05
   48.7500000      -27.8334446       7.14405905E-05
   52.5000000      -27.8334446      -1.63868535E-05
   56.2500000      -27.8334446       3.01047694E-05
   60.0000000      -27.8334446      -2.65941489E-05
   63.7500000      -27.8334446       1.61721837E-05
   67.5000000      -27.8334446       2.26940028E-06
   71.2500000      -27.8334446       2.41145026E-05
   75.0000000      -27.8334446      -2.09913123E-05
   78.7500000      -27.8334446      -1.46434177E-05
   82.5000000      -27.8334446      -8.56374390E-06
   86.2500000      -27.8334446      -1.60292257E-05
   90.0000000      -27.8334446      -3.95581592E-05
   93.7500000      -27.8334446      -2.50891317E-05
   97.5000000      -27.8334446      -4.13015950E-05
   101.250000      -27.8334446      -7.65477307E-06
   105.000000      -27.8334446       2.28430144E-06
   108.750000      -27.8334446      -7.56536610E-06
   112.500000      -27.8334446      -1.30340923E-05
   116.250000      -27.8334446       3.06859147E-05
   120.000000      -27.8334446       2.51873862E-05
   123.750000      -27.8334446       4.91272658E-08
   127.500000      -27.8334446       3.90852802E-06
   131.250000      -27.8334446       1.27990497E-04
   135.000000      -27.8334446       4.04312741E-05
   138.750000      -27.8334446       8.52788799E-06
   142.500000      -27.8334446       3.34228389E-06
   146.250000      -27.8334446      -4.58513387E-06
   150.000000      -27.8334446      -1.38834585E-05
   153.750000      -27.8334446      -1.15737785E-05
   157.500000      -27.8334446       1.27102248E-06
   161.250000      -27.8334446      -1.03071798E-05
   165.000000      -27.8334446       6.30761497E-06
   168.750000      -27.8334446       1.62913930E-05
   172.500000      -27.8334446       3.42261046E-08
   176.250000      -27.8334446      -1.73107255E-05
   180.000000      -27.8334446       9.07077920E-05
   183.750000      -27.8334446       1.86308753E-05
   187.500000      -27.8334446      -4.25730832E-06
   191.250000      -27.8334446      -1.89945567E-05
   195.000000      -27.8334446       2.83315312E-05
   198.750000      -27.8334446       3.00749671E-05
   202.500000      -27.8334446      -5.71762212E-06
   206.250000      -27.8334446       2.58430373E-05
   210.000000      -27.8334446       9.24314372E-06
   213.750000      -27.8334446       1.46820676E-05
   217.500000      -27.8334446       5.24963252E-06
   221.250000      -27.8334446      -2.10658181E-05
   225.000000      -27.8334446      -2.67282594E-05
   228.750000      -27.8334446       1.79156195E-05
   232.500000      -27.8334446       7.85186421E-05
   236.250000      -27.8334446      -4.47437633E-05
   240.000000      -27.8334446      -3.82517464E-06
   243.750000      -27.8334446       1.63807999E-05
   247.500000      -27.8334446      -2.93599442E-07
   251.250000      -27.8334446      -8.13161023E-06
   255.000000      -27.8334446       2.13130843E-05
   258.750000      -27.8334446      -3.47599853E-05
   262.500000      -27.8334446      -6.59679063E-06
   266.250000      -27.8334446      -1.85475219E-05
   270.000000      -27.8334446       3.50619666E-06
   273.750000      -27.8334446      -2.22281087E-05
   277.500000      -27.8334446       7.96164386E-06
   281.250000      -27.8334446      -7.55046494E-06
   285.000000      -27.8334446       1.08226668E-05
   288.750000      -27.8334446      -3.28873284E-06
   292.500000      -27.8334446       7.89656769E-05
   296.250000      -27.8334446       7.26128928E-06
   300.000000      -27.8334446       2.34439503E-05
   303.750000      -27.8334446       2.62006652E-05
   307.500000      -27.8334446       6.79935329E-06
   311.250000      -27.8334446      -1.29197724E-06
   315.000000      -27.8334446      -1.86071265E-05
   318.750000      -27.8334446      -3.86193860E-05
   322.500000      -27.8334446       4.74299304E-06
   326.250000      -27.8334446      -3.56093515E-05
   330.000000      -27.8334446      -1.95011962E-05
   333.750000      -27.8334446      -2.15873588E-05
   337.500000      -27.8334446       5.83871733E-05
   341.250000      -27.8334446      -5.90041745E-05
   345.000000      -27.8334446      -4.82902396E-05
   348.750000      -27.8334446      -8.31142534E-05
   352.500000      -27.8334446      -3.15462239E-06
   356.250000      -27.8334446       6.40347134E-05
   360.000000      -27.8334446      -9.06244386E-05
   0.00000000      -24.1223469       3.02935950E-06
   3.75000000      -24.1223469       1.61274802E-05
   7.50000000      -24.1223469       4.42459714E-05
   11.2500000      -24.1223469      -1.38685573E-05
   15.0000000      -24.1223469      -7.10831955E-07
   18.7500000      -24.1223469      -1.00836623E-05
   22.5000000      -24.1223469       4.10273205E-05
   26.2500000      -24.1223469      -1.22890342E-05
   30.0000000      -24.1223469      -1.45589001E-06
   33.7500000      -24.1223469      -3.82468570E-05
   37.5000000      -24.1223469      -7.93789513E-06
   41.2500000      -24.1223469       5.68821561E-05
   45.0000000      -24.1223469      -7.87829049E-06
   48.7500000      -24.1223469       2.67669093E-05
   52.5000000      -24.1223469      -5.59841283E-06
   56.2500000      -24.1223469      -5.37887681E-05
   60.0000000      -24.1223469      -1.94415916E-05
   63.7500000      -24.1223469      -8.34420789E-05
   67.5000000      -24.1223469       9.88389365E-06
   71.2500000      -24.1223469      -2.11552251E-05
   75.0000000      -24.1223469       7.67852180E-06
   78.7500000      -24.1223469       1.55910384E-05
   82.5000000      -24.1223469      -1.04263891E-05
   86.2500000      -24.1223469       1.99421775E-05
   90.0000000      -24.1223469      -6.47758134E-06
   93.7500000      -24.1223469      -2.46420968E-05
   97.5000000      -24.1223469       2.47403514E-05
   101.250000      -24.1223469      -1.07840169E-05
   105.000000      -24.1223469      -3.98263801E-05
   108.750000      -24.1223469       1.19998585E-05
   112.500000      -24.1223469      -1.08336098E-06
   116.250000      -24.1223469       7.39539973E-06
   120.000000      -24.1223469       1.02564227E-05
   123.750000      -24.1223469       7.21658580E-06
   127.500000      -24.1223469       1.70315616E-06
   131.250000      -24.1223469      -1.56268943E-05
   135.000000      -24.1223469       1.01223122E-05
   138.750000      -24.1223469      -8.45943578E-06
   142.500000      -24.1223469      -3.08856834E-05
   146.250000      -24.1223469       2.36376654E-05
   150.000000      -24.1223469      -5.78567851E-05
   153.750000      -24.1223469      -8.50413926E-06
   157.500000      -24.1223469      -1.50755513E-05
   161.250000      -24.1223469       1.18161552E-06
   165.000000      -24.1223469      -1.43900979E-05
   168.750000      -24.1223469      -8.44942406E-07
   172.500000      -24.1223469      -2.28092540E-05
   176.250000      -24.1223469       4.33220994E-05
   180.000000      -24.1223469       2.51277816E-05
   183.750000      -24.1223469       3.82557046E-05
   187.500000      -24.1223469       2.13528983E-06
   191.250000      -24.1223469       1.43542420E-05
   195.000000      -24.1223469      -1.03071798E-05
   198.750000      -24.1223469      -4.72173560E-05
   202.500000      -24.1223469      -4.67405189E-05
   206.250000      -24.1223469       1.08731911E-07
   210.000000      -24.1223469       2.93746125E-05
   213.750000      -24.1223469       2.43082177E-05
   217.500000      -24.1223469      -1.96800102E-05
   221.250000      -24.1223469       9.97527968E-05
   225.000000      -24.1223469      -1.09777320E-05
   228.750000      -24.1223469       3.81513964E-05
   232.500000      -24.1223469       9.48156230E-06
   236.250000      -24.1223469       6.27781264E-06
   240.000000      -24.1223469       1.00627076E-05
   243.750000      -24.1223469       1.09220855E-06
   247.500000      -24.1223469      -5.70272096E-06
   251.250000      -24.1223469       1.66043174E-05
   255.000000      -24.1223469       1.15826260E-05
   258.750000      -24.1223469      -1.47179235E-05
   262.500000      -24.1223469      -1.36599410E-05
   266.250000      -24.1223469      -2.06485856E-05
   270.000000      -24.1223469      -2.58192886E-05
   273.750000      -24.1223469      -7.27430452E-05
   277.500000      -24.1223469       1.09418761E-05
   281.250000      -24.1223469       1.19551551E-05
   285.000000      -24.1223469      -1.83836091E-05
   288.750000      -24.1223469      -2.30625737E-05
   292.500000      -24.1223469       9.80938785E-06
   296.250000      -24.1223469      -5.31629194E-05
   300.000000      -24.1223469      -1.12906564E-05
   303.750000      -24.1223469      -3.85001767E-05
   307.500000      -24.1223469      -2.08173878E-06
   311.250000      -24.1223469      -1.67940743E-06
   315.000000      -24.1223469      -1.05157960E-05
   318.750000      -24.1223469       1.37134921E-05
   322.500000      -24.1223469       6.63294923E-05
   326.250000      -24.1223469       6.00470230E-07
   330.000000      -24.1223469      -3.04982532E-05
   333.750000      -24.1223469      -1.45242084E-05
   337.500000      -24.1223469       1.34452712E-05
   341.250000      -24.1223469       3.99842393E-05
   345.000000      -24.1223469      -7.89866317E-05
   348.750000      -24.1223469      -9.38330777E-06
   352.500000      -24.1223469      -2.13489402E-05
   356.250000      -24.1223469      -2.81736720E-05
   360.000000      -24.1223469       3.02935950E-06
   0.00000000      -20.4112377       3.42621934E-05
   3.75000000      -20.4112377       3.94626986E-05
   7.50000000      -20.4112377      -6.58188947E-06
   11.2500000      -20.4112377      -7.95279630E-06
   15.0000000      -20.4112377      -1.18867029E-05
   18.7500000      -20.4112377       8.05105083E-06
   22.5000000      -20.4112377       9.43685882E-06
   26.2500000      -20.4112377       7.39539973E-06
   30.0000000      -20.4112377       2.27137934E-05
   33.7500000      -20.4112377      -1.13651622E-05
   37.5000000      -20.4112377      -4.09588683E-05
   41.2500000      -20.4112377      -1.23784412E-05
   45.0000000      -20.4112377       2.50781886E-06
   48.7500000      -20.4112377       3.27720772E-05
   52.5000000      -20.4112377      -2.91124452E-05
   56.2500000      -20.4112377      -1.59000047E-06
   60.0000000      -20.4112377      -1.01696001E-04
   63.7500000      -20.4112377      -2.69219745E-05
   67.5000000      -20.4112377       8.67689960E-06
   71.2500000      -20.4112377       5.21286856E-05
   75.0000000      -20.4112377      -1.97843183E-05
   78.7500000      -20.4112377      -4.02585138E-05
   82.5000000      -20.4112377      -5.43848146E-05
   86.2500000      -20.4112377      -1.52394641E-05
   90.0000000      -20.4112377       3.02686822E-05
   93.7500000      -20.4112377      -2.90130265E-06
   97.5000000      -20.4112377       2.71394383E-05
   101.250000      -20.4112377       2.95087229E-05
   105.000000      -20.4112377      -2.49897130E-06
   108.750000      -20.4112377      -2.13936437E-05
   112.500000      -20.4112377       2.85054557E-06
   116.250000      -20.4112377      -1.75938476E-05
   120.000000      -20.4112377      -1.64613593E-05
   123.750000      -20.4112377      -8.47433694E-06
   127.500000      -20.4112377      -9.66642983E-06
   131.250000      -20.4112377      -1.10820401E-05
   135.000000      -20.4112377      -3.70596536E-06
   138.750000      -20.4112377      -2.61918176E-05
   142.500000      -20.4112377      -7.29714520E-06
   146.250000      -20.4112377      -6.53718598E-06
   150.000000      -20.4112377       4.48967330E-06
   153.750000      -20.4112377      -2.36735214E-05
   157.500000      -20.4112377       6.15860336E-06
   161.250000      -20.4112377      -1.18569005E-05
   165.000000      -20.4112377      -6.87991269E-06
   168.750000      -20.4112377      -7.20773824E-06
   172.500000      -20.4112377       2.04637181E-05
   176.250000      -20.4112377      -1.44497026E-05
   180.000000      -20.4112377      -5.16627915E-06
   183.750000      -20.4112377       6.79935329E-06
   187.500000      -20.4112377       1.86706893E-06
   191.250000      -20.4112377      -1.91435684E-05
   195.000000      -20.4112377       2.31012236E-05
   198.750000      -20.4112377      -2.61471141E-05
   202.500000      -20.4112377       4.62576281E-05
   206.250000      -20.4112377       5.26800286E-05
   210.000000      -20.4112377       1.72599684E-05
   213.750000      -20.4112377       7.64771830E-05
   217.500000      -20.4112377       1.83477532E-05
   221.250000      -20.4112377      -1.38089526E-05
   225.000000      -20.4112377       1.93249434E-08
   228.750000      -20.4112377       3.86431348E-05
   232.500000      -20.4112377      -3.73229850E-05
   236.250000      -20.4112377       2.73033511E-05
   240.000000      -20.4112377      -2.63797119E-07
   243.750000      -20.4112377       1.05693471E-05
   247.500000      -20.4112377       1.12100970E-05
   251.250000      -20.4112377      -7.83358701E-06
   255.000000      -20.4112377       4.54927795E-06
   258.750000      -20.4112377      -2.57347710E-06
   262.500000      -20.4112377      -1.94117893E-05
   266.250000      -20.4112377      -1.03965867E-05
   270.000000      -20.4112377       1.04750507E-06
   273.750000      -20.4112377      -4.40583099E-05
   277.500000      -20.4112377      -5.21098264E-06
   281.250000      -20.4112377       2.13528983E-06
   285.000000      -20.4112377       4.74299304E-06
   288.750000      -20.4112377      -2.24069227E-05
   292.500000      -20.4112377      -1.23635400E-05
   296.250000      -20.4112377       5.57943713E-05
   300.000000      -20.4112377      -2.84120906E-05
   303.750000      -20.4112377      -8.89156945E-06
   307.500000      -20.4112377       8.23987648E-07
   311.250000      -20.4112377      -3.69355548E-05
   315.000000      -20.4112377       7.20168464E-06
   318.750000      -20.4112377       1.34750735E-05
   322.500000      -20.4112377      -4.02436126E-05
   326.250000      -20.4112377       2.08511483E-05
   330.000000      -20.4112377       3.84892337E-06
   333.750000      -20.4112377       4.11714427E-06
   337.500000      -20.4112377      -2.88740266E-05
   341.250000      -20.4112377      -5.91133721E-06
   345.000000      -20.4112377      -9.93954018E-07
   348.750000      -20.4112377      -2.05144752E-05
   352.500000      -20.4112377      -3.38808168E-05
   356.250000      -20.4112377       4.68338840E-06
   360.000000      -20.4112377       3.42621934E-05
   0.00000000      -16.7001171       1.97137706E-06
   3.75000000      -16.7001171       1.04501378E-05
   7.50000000      -16.7001171      -4.97256406E-06
   11.2500000      -16.7001171       7.82753341E-06
   15.0000000      -16.7001171      -3.12482007E-06
   18.7500000      -16.7001171       3.28614842E-05
   22.5000000      -16.7001171      -2.54467595E-05
   26.2500000      -16.7001171       2.06078403E-06
   30.0000000      -16.7001171      -1.71766151E-05
   33.7500000      -16.7001171       1.89437997E-05
   37.5000000      -16.7001171      -9.71113332E-06
   41.2500000      -16.7001171       5.74484002E-05
   45.0000000      -16.7001171       6.42682426E-06
   48.7500000      -16.7001171      -6.50738366E-06
   52.5000000      -16.7001171      -5.01826871E-05
   56.2500000      -16.7001171      -6.95989002E-05
   60.0000000      -16.7001171       2.13130843E-05
   63.7500000      -16.7001171      -1.81600917E-05
   67.5000000      -16.7001171       6.94836490E-06
   71.2500000      -16.7001171      -1.04263891E-05
   75.0000000      -16.7001171      -1.78620685E-05
   78.7500000      -16.7001171      -2.05740798E-05
   82.5000000      -16.7001171      -1.92776788E-05
   86.2500000      -16.7001171      -3.96773685E-05
   90.0000000      -16.7001171       8.72209202E-05
   93.7500000      -16.7001171      -2.14979518E-05
   97.5000000      -16.7001171       9.34745185E-06
   101.250000      -16.7001171       1.99272763E-05
   105.000000      -16.7001171       4.81260940E-07
   108.750000      -16.7001171      -1.20506156E-05
   112.500000      -16.7001171      -2.54169572E-05
   116.250000      -16.7001171       9.00472514E-06
   120.000000      -16.7001171      -1.26317609E-05
   123.750000      -16.7001171      -1.07095111E-05
   127.500000      -16.7001171      -8.28062184E-06
   131.250000      -16.7001171       1.27002131E-05
   135.000000      -16.7001171      -2.21834052E-05
   138.750000      -16.7001171      -1.03816856E-05
   142.500000      -16.7001171       1.41903292E-05
   146.250000      -16.7001171       1.24021899E-05
   150.000000      -16.7001171       1.69023406E-05
   153.750000      -16.7001171       1.59884803E-06
   157.500000      -16.7001171       1.14485156E-05
   161.250000      -16.7001171      -1.98290218E-05
   165.000000      -16.7001171       6.12880103E-06
   168.750000      -16.7001171       2.45913398E-05
   172.500000      -16.7001171       9.38668381E-05
   176.250000      -16.7001171      -4.80865128E-06
   180.000000      -16.7001171       2.28430144E-06
   183.750000      -16.7001171       4.54927795E-06
   187.500000      -16.7001171      -2.57347710E-06
   191.250000      -16.7001171      -1.11863483E-05
   195.000000      -16.7001171      -1.52841676E-05
   198.750000      -16.7001171      -1.83091033E-05
   202.500000      -16.7001171       2.89722811E-05
   206.250000      -16.7001171       8.25966708E-06
   210.000000      -16.7001171       5.36337029E-05
   213.750000      -16.7001171      -1.30340923E-05
   217.500000      -16.7001171       1.18508469E-05
   221.250000      -16.7001171       1.33409631E-05
   225.000000      -16.7001171       2.19538342E-05
   228.750000      -16.7001171      -2.27198470E-05
   232.500000      -16.7001171      -4.45202459E-05
   236.250000      -16.7001171       8.52788799E-06
   240.000000      -16.7001171       5.11552207E-06
   243.750000      -16.7001171       8.82591121E-06
   247.500000      -16.7001171       3.22307460E-06
   251.250000      -16.7001171      -1.05754007E-05
   255.000000      -16.7001171      -5.33019193E-06
   258.750000      -16.7001171      -9.48761590E-06
   262.500000      -16.7001171      -1.12806447E-06
   266.250000      -16.7001171      -7.44615681E-06
   270.000000      -16.7001171      -2.13340390E-05
   273.750000      -16.7001171       3.49129550E-06
   277.500000      -16.7001171       1.52483117E-05
   281.250000      -16.7001171       1.87053811E-05
   285.000000      -16.7001171       1.77766196E-06
   288.750000      -16.7001171      -3.10197938E-05
   292.500000      -16.7001171       3.19327228E-06
   296.250000      -16.7001171       3.35171353E-05
   300.000000      -16.7001171      -1.03369821E-05
   303.750000      -16.7001171      -1.59845222E-05
   307.500000      -16.7001171      -5.50900586E-06
   311.250000      -16.7001171      -1.28403772E-05
   315.000000      -16.7001171      -3.33741773E-05
   318.750000      -16.7001171       9.69662797E-05
   322.500000      -16.7001171       1.16571318E-05
   326.250000      -16.7001171       9.16863792E-06
   330.000000      -16.7001171      -2.44781841E-05
   333.750000      -16.7001171      -1.92031730E-05
   337.500000      -16.7001171       7.19679520E-07
   341.250000      -16.7001171       4.51458618E-07
   345.000000      -16.7001171       3.09988391E-05
   348.750000      -16.7001171       2.58877408E-05
   352.500000      -16.7001171       1.88245904E-05
   356.250000      -16.7001171       3.52307688E-05
   360.000000      -16.7001171       1.97137706E-06
   0.00000000      -12.9889879      -2.57745851E-05
   3.75000000      -12.9889879       9.69017856E-06
   7.50000000      -12.9889879       6.33741729E-06
   11.2500000      -12.9889879       1.65845267E-06
   15.0000000      -12.9889879       5.98474871E-05
   18.7500000      -12.9889879      -1.23898732E-04
   22.5000000      -12.9889879       2.66477000E-05
   26.2500000      -12.9889879       9.20339953E-05
   30.0000000      -12.9889879       1.24915969E-05
   33.7500000      -12.9889879       7.38247763E-05
   37.5000000      -12.9889879       5.28141391E-05
   41.2500000      -12.9889879       2.87934672E-05
   45.0000000      -12.9889879      -2.34649051E-05
   48.7500000      -12.9889879       2.81378161E-05
   52.5000000      -12.9889879       1.02117192E-05
   56.2500000      -12.9889879       3.83153092E-05
   60.0000000      -12.9889879       1.98138878E-07
   63.7500000      -12.9889879       4.27260529E-05
   67.5000000      -12.9889879       1.18602766E-04
   71.2500000      -12.9889879      -1.29197724E-06
   75.0000000      -12.9889879      -8.83743633E-05
   78.7500000      -12.9889879      -9.93954018E-07
   82.5000000      -12.9889879       2.05233227E-05
   86.2500000      -12.9889879       1.74536835E-05
   90.0000000      -12.9889879       3.91795766E-05
   93.7500000      -12.9889879       2.27882992E-05
   97.5000000      -12.9889879      -2.70113815E-05
   101.250000      -12.9889879       8.76530539E-05
   105.000000      -12.9889879      -2.37629283E-05
   108.750000      -12.9889879      -1.83985103E-05
   112.500000      -12.9889879      -2.14681495E-05
   116.250000      -12.9889879      -1.70920976E-06
   120.000000      -12.9889879      -4.73414548E-06
   123.750000      -12.9889879       1.36042945E-06
   127.500000      -12.9889879       3.77441756E-06
   131.250000      -12.9889879      -3.60165723E-06
   135.000000      -12.9889879      -1.01581682E-05
   138.750000      -12.9889879       7.79773109E-06
   142.500000      -12.9889879       4.40026633E-06
   146.250000      -12.9889879      -3.29569448E-05
   150.000000      -12.9889879       2.44125258E-05
   153.750000      -12.9889879      -2.70758756E-06
   157.500000      -12.9889879       1.47267710E-05
   161.250000      -12.9889879      -6.63951505E-05
   165.000000      -12.9889879      -1.27658714E-05
   168.750000      -12.9889879       1.59884803E-06
   172.500000      -12.9889879       3.43169086E-06
   176.250000      -12.9889879      -1.83389056E-05
   180.000000      -12.9889879       5.62216155E-06
   183.750000      -12.9889879      -2.00723298E-06
   187.500000      -12.9889879      -3.86987813E-06
   191.250000      -12.9889879      -3.16952355E-06
   195.000000      -12.9889879      -4.79773153E-05
   198.750000      -12.9889879      -1.11316331E-06
   202.500000      -12.9889879      -7.71437772E-06
   206.250000      -12.9889879       3.63185536E-05
   210.000000      -12.9889879       5.72844874E-05
   213.750000      -12.9889879      -1.70920976E-06
   217.500000      -12.9889879       6.42135274E-05
   221.250000      -12.9889879       2.64192931E-06
   225.000000      -12.9889879       1.47863757E-05
   228.750000      -12.9889879       2.73133628E-06
   232.500000      -12.9889879      -3.72633804E-05
   236.250000      -12.9889879      -9.24919732E-06
   240.000000      -12.9889879       1.95845496E-05
   243.750000      -12.9889879       1.37283932E-05
   247.500000      -12.9889879      -2.04846729E-05
   251.250000      -12.9889879      -5.61820343E-07
   255.000000      -12.9889879      -1.48073304E-05
   258.750000      -12.9889879      -1.94762833E-06
   262.500000      -12.9889879       2.70153396E-06
   266.250000      -12.9889879      -4.54043038E-06
   270.000000      -12.9889879      -8.19121487E-06
   273.750000      -12.9889879      -1.84432138E-05
   277.500000      -12.9889879      -1.42112840E-05
   281.250000      -12.9889879       6.66524284E-06
   285.000000      -12.9889879       3.52009665E-05
   288.750000      -12.9889879      -2.23622192E-05
   292.500000      -12.9889879       1.34154689E-05
   296.250000      -12.9889879       2.50681769E-05
   300.000000      -12.9889879       2.88679730E-05
   303.750000      -12.9889879       1.58592593E-05
   307.500000      -12.9889879       8.61729495E-06
   311.250000      -12.9889879       2.75715720E-05
   315.000000      -12.9889879       5.88938128E-05
   318.750000      -12.9889879       7.73812644E-06
   322.500000      -12.9889879      -3.61655839E-06
   326.250000      -12.9889879      -3.93793453E-05
   330.000000      -12.9889879       1.42201316E-05
   333.750000      -12.9889879       6.00470230E-07
   337.500000      -12.9889879       1.09120738E-05
   341.250000      -12.9889879      -1.06797088E-05
   345.000000      -12.9889879       3.47639434E-06
   348.750000      -12.9889879      -1.08734239E-05
   352.500000      -12.9889879      -7.22263940E-06
   356.250000      -12.9889879      -9.04547051E-07
   360.000000      -12.9889879      -2.57745851E-05
   0.00000000      -9.27785301      -7.61006959E-06
   3.75000000      -9.27785301      -1.33470166E-05
   7.50000000      -9.27785301       9.13394615E-07
   11.2500000      -9.27785301       9.92859714E-06
   15.0000000      -9.27785301      -3.09154857E-05
   18.7500000      -9.27785301       3.19525134E-05
   22.5000000      -9.27785301      -2.81289686E-05
   26.2500000      -9.27785301       2.54854094E-05
   30.0000000      -9.27785301      -3.09899915E-05
   33.7500000      -9.27785301      -6.92461617E-06
   37.5000000      -9.27785301       4.87710349E-06
   41.2500000      -9.27785301       4.11167275E-05
   45.0000000      -9.27785301      -3.25893052E-06
   48.7500000      -9.27785301       7.61891715E-06
   52.5000000      -9.27785301      -1.21102203E-05
   56.2500000      -9.27785301      -2.04101671E-05
   60.0000000      -9.27785301       2.30416190E-05
   63.7500000      -9.27785301      -5.50106633E-05
   67.5000000      -9.27785301       1.03607308E-05
   71.2500000      -9.27785301       3.69891059E-05
   75.0000000      -9.27785301      -2.45228875E-05
   78.7500000      -9.27785301       2.35184561E-05
   82.5000000      -9.27785301      -7.44615681E-06
   86.2500000      -9.27785301       2.37568747E-05
   90.0000000      -9.27785301       1.00333942E-04
   93.7500000      -9.27785301       7.32089393E-06
   97.5000000      -9.27785301      -1.20506156E-05
   101.250000      -9.27785301       2.95385253E-05
   105.000000      -9.27785301       4.08734195E-06
   108.750000      -9.27785301       1.49949919E-05
   112.500000      -9.27785301       2.72437464E-05
   116.250000      -9.27785301       2.61112582E-05
   120.000000      -9.27785301      -5.18814195E-05
   123.750000      -9.27785301      -2.76670326E-05
   127.500000      -9.27785301      -2.86952127E-05
   131.250000      -9.27785301      -2.57894862E-05
   135.000000      -9.27785301      -5.56514133E-05
   138.750000      -9.27785301      -1.54480804E-05
   142.500000      -9.27785301       5.74137084E-06
   146.250000      -9.27785301       2.49787699E-05
   150.000000      -9.27785301       5.54765575E-06
   153.750000      -9.27785301       4.27260529E-05
   157.500000      -9.27785301      -3.72086652E-06
   161.250000      -9.27785301      -5.18367160E-05
   165.000000      -9.27785301      -1.38536561E-05
   168.750000      -9.27785301       7.91694038E-06
   172.500000      -9.27785301       9.07923095E-06
   176.250000      -9.27785301       5.29929530E-05
   180.000000      -9.27785301       4.24876343E-05
   183.750000      -9.27785301      -8.39983113E-06
   187.500000      -9.27785301      -1.04561914E-05
   191.250000      -9.27785301      -6.77560456E-06
   195.000000      -9.27785301      -6.80540688E-06
   198.750000      -9.27785301       2.21028458E-05
   202.500000      -9.27785301       1.59784686E-05
   206.250000      -9.27785301       3.02447006E-07
   210.000000      -9.27785301      -1.93074811E-05
   213.750000      -9.27785301       1.97931658E-05
   217.500000      -9.27785301       1.45330559E-05
   221.250000      -9.27785301      -1.31384004E-05
   225.000000      -9.27785301      -1.05306972E-05
   228.750000      -9.27785301      -2.04250682E-05
   232.500000      -9.27785301       2.10548751E-06
   236.250000      -9.27785301      -3.24402936E-06
   240.000000      -9.27785301       3.28267924E-06
   243.750000      -9.27785301       1.03905331E-05
   247.500000      -9.27785301       1.67682301E-05
   251.250000      -9.27785301      -6.49248250E-06
   255.000000      -9.27785301       2.72644684E-07
   258.750000      -9.27785301       1.16671436E-06
   262.500000      -9.27785301      -2.93599442E-07
   266.250000      -9.27785301      -7.63987191E-06
   270.000000      -9.27785301      -1.69083942E-05
   273.750000      -9.27785301       4.42757737E-05
   277.500000      -9.27785301      -2.87995208E-05
   281.250000      -9.27785301       4.53933608E-05
   285.000000      -9.27785301      -4.83796466E-05
   288.750000      -9.27785301       6.57583587E-06
   292.500000      -9.27785301      -5.19410241E-05
   296.250000      -9.27785301       1.48757827E-05
   300.000000      -9.27785301      -3.13029159E-05
   303.750000      -9.27785301      -1.92925800E-05
   307.500000      -9.27785301       2.74821650E-05
   311.250000      -9.27785301      -5.23135532E-05
   315.000000      -9.27785301       1.72301661E-05
   318.750000      -9.27785301      -1.39430631E-05
   322.500000      -9.27785301      -5.29245008E-05
   326.250000      -9.27785301      -5.14343847E-05
   330.000000      -9.27785301      -2.28092540E-05
   333.750000      -9.27785301      -8.65315087E-06
   337.500000      -9.27785301       1.31572597E-06
   341.250000      -9.27785301      -3.76557000E-06
   345.000000      -9.27785301      -1.49712432E-05
   348.750000      -9.27785301      -2.12644227E-06
   352.500000      -9.27785301      -1.44497026E-05
   356.250000      -9.27785301      -3.27383168E-06
   360.000000      -9.27785301      -7.61006959E-06
   0.00000000      -5.56671333      -4.92786057E-06
   3.75000000      -5.56671333      -8.87666829E-06
   7.50000000      -5.56671333      -3.40794213E-06
   11.2500000      -5.56671333      -1.86220277E-05
   15.0000000      -5.56671333       1.36042945E-06
   18.7500000      -5.56671333       1.08827604E-04
   22.5000000      -5.56671333      -2.84169801E-06
   26.2500000      -5.56671333       2.93150079E-05
   30.0000000      -5.56671333       5.11063263E-07
   33.7500000      -5.56671333       5.96239697E-05
   37.5000000      -5.56671333       8.00634734E-06
   41.2500000      -5.56671333       3.05816066E-05
   45.0000000      -5.56671333       9.43196937E-07
   48.7500000      -5.56671333      -4.07849438E-06
   52.5000000      -5.56671333       3.95323150E-06
   56.2500000      -5.56671333       4.23684251E-05
   60.0000000      -5.56671333       1.69172417E-05
   63.7500000      -5.56671333      -1.98290218E-05
   67.5000000      -5.56671333       1.60827767E-05
   71.2500000      -5.56671333      -7.10831955E-07
   75.0000000      -5.56671333      -1.35109294E-05
   78.7500000      -5.56671333      -7.50527252E-05
   82.5000000      -5.56671333       4.04263847E-06
   86.2500000      -5.56671333       6.66524284E-06
   90.0000000      -5.56671333       7.36559741E-06
   93.7500000      -5.56671333      -3.76557000E-06
   97.5000000      -5.56671333      -2.18853820E-05
   101.250000      -5.56671333       1.79901253E-05
   105.000000      -5.56671333      -8.74255784E-06
   108.750000      -5.56671333      -7.92299397E-06
   112.500000      -5.56671333      -9.75583680E-06
   116.250000      -5.56671333       3.58566176E-05
   120.000000      -5.56671333       4.78520524E-05
   123.750000      -5.56671333       8.68781935E-05
   127.500000      -5.56671333      -5.56067098E-05
   131.250000      -5.56671333       5.39615285E-05
   135.000000      -5.56671333       1.97137706E-06
   138.750000      -5.56671333      -6.82030804E-06
   142.500000      -5.56671333      -1.75938476E-05
   146.250000      -5.56671333       8.51298682E-06
   150.000000      -5.56671333       9.90226399E-05
   153.750000      -5.56671333      -1.88306440E-05
   157.500000      -5.56671333      -4.36410774E-05
   161.250000      -5.56671333       2.20283400E-05
   165.000000      -5.56671333       5.49152028E-05
   168.750000      -5.56671333      -1.65805686E-05
   172.500000      -5.56671333      -1.83240045E-05
   176.250000      -5.56671333       5.65394294E-05
   180.000000      -5.56671333       8.72160308E-06
   183.750000      -5.56671333      -7.37165101E-06
   187.500000      -5.56671333      -3.98263801E-05
   191.250000      -5.56671333      -1.67444814E-05
   195.000000      -5.56671333       8.17026012E-06
   198.750000      -5.56671333       2.07170378E-05
   202.500000      -5.56671333       2.27941200E-07
   206.250000      -5.56671333       9.06432979E-06
   210.000000      -5.56671333      -8.45943578E-06
   213.750000      -5.56671333       3.17348167E-07
   217.500000      -5.56671333      -1.80259813E-05
   221.250000      -5.56671333      -1.68636907E-05
   225.000000      -5.56671333      -3.31853516E-06
   228.750000      -5.56671333      -8.93627293E-06
   232.500000      -5.56671333      -1.75044406E-05
   236.250000      -5.56671333      -9.98843461E-08
   240.000000      -5.56671333       6.70994632E-06
   243.750000      -5.56671333       4.50457446E-06
   247.500000      -5.56671333      -9.34349373E-07
   251.250000      -5.56671333      -1.46285165E-05
   255.000000      -5.56671333       4.57908027E-06
   258.750000      -5.56671333       2.52767932E-05
   262.500000      -5.56671333       8.08085315E-06
   266.250000      -5.56671333      -4.57512215E-07
   270.000000      -5.56671333      -2.74137128E-05
   273.750000      -5.56671333      -1.79861672E-06
   277.500000      -5.56671333      -5.81995118E-05
   281.250000      -5.56671333       1.28939282E-05
   285.000000      -5.56671333       1.17912423E-05
   288.750000      -5.56671333       6.62251841E-05
   292.500000      -5.56671333       3.86282336E-05
   296.250000      -5.56671333      -4.36161645E-06
   300.000000      -5.56671333       1.83775555E-05
   303.750000      -5.56671333      -2.03505624E-05
   307.500000      -5.56671333      -4.65617049E-05
   311.250000      -5.56671333       3.21760308E-05
   315.000000      -5.56671333       5.77017199E-05
   318.750000      -5.56671333      -4.34026588E-05
   322.500000      -5.56671333      -5.11363614E-05
   326.250000      -5.56671333       3.24442517E-05
   330.000000      -5.56671333      -1.03220809E-05
   333.750000      -5.56671333       1.48459803E-05
   337.500000      -5.56671333       1.48608815E-05
   341.250000      -5.56671333      -5.11214603E-05
   345.000000      -5.56671333       1.89736020E-05
   348.750000      -5.56671333      -2.16767658E-05
   352.500000      -5.56671333      -1.89647544E-05
   356.250000      -5.56671333      -6.79050572E-06
   360.000000      -5.56671333      -4.92786057E-06
   0.00000000      -1.85557151       3.02447006E-07
   3.75000000      -1.85557151       1.07034575E-05
   7.50000000      -1.85557151       1.74536835E-05
   11.2500000      -1.85557151       4.05753963E-06
   15.0000000      -1.85557151      -7.98259862E-06
   18.7500000      -1.85557151      -4.25730832E-06
   22.5000000      -1.85557151       3.90852802E-06
   26.2500000      -1.85557151       1.67980324E-05
   30.0000000      -1.85557151       7.33479392E-05
   33.7500000      -1.85557151       4.67940699E-05
   37.5000000      -1.85557151       1.27102248E-06
   41.2500000      -1.85557151      -6.67129643E-06
   45.0000000      -1.85557151       9.15373676E-06
   48.7500000      -1.85557151      -1.92180742E-05
   52.5000000      -1.85557151       1.41158234E-05
   56.2500000      -1.85557151      -4.04869206E-06
   60.0000000      -1.85557151      -1.47626270E-05
   63.7500000      -1.85557151       1.30082481E-06
   67.5000000      -1.85557151      -2.76719220E-06
   71.2500000      -1.85557151      -1.84432138E-05
   75.0000000      -1.85557151      -2.09466089E-05
   78.7500000      -1.85557151      -2.68623699E-05
   82.5000000      -1.85557151       1.31621491E-05
   86.2500000      -1.85557151       2.02700030E-05
   90.0000000      -1.85557151       1.84222590E-05
   93.7500000      -1.85557151      -2.48954166E-05
   97.5000000      -1.85557151      -9.48761590E-06
   101.250000      -1.85557151      -2.17512716E-05
   105.000000      -1.85557151      -1.70276035E-05
   108.750000      -1.85557151       2.13875901E-05
   112.500000      -1.85557151       1.30657805E-04
   116.250000      -1.85557151       7.83100259E-05
   120.000000      -1.85557151      -2.07379926E-05
   123.750000      -1.85557151       1.99123751E-05
   127.500000      -1.85557151       4.32475936E-05
   131.250000      -1.85557151       6.40049111E-05
   135.000000      -1.85557151      -4.31940425E-05
   138.750000      -1.85557151       1.31194247E-04
   142.500000      -1.85557151       4.84480988E-05
   146.250000      -1.85557151       3.05667054E-05
   150.000000      -1.85557151      -5.38483728E-05
   153.750000      -1.85557151       8.81745946E-05
   157.500000      -1.85557151       1.12697016E-05
   161.250000      -1.85557151      -5.38979657E-06
   165.000000      -1.85557151       2.83911359E-05
   168.750000      -1.85557151      -1.12806447E-06
   172.500000      -1.85557151       7.83696305E-05
   176.250000      -1.85557151       2.87934672E-05
   180.000000      -1.85557151       3.23250424E-05
   183.750000      -1.85557151      -2.03207601E-05
   187.500000      -1.85557151       4.04759776E-05
   191.250000      -1.85557151      -2.83822883E-05
   195.000000      -1.85557151      -1.20804179E-05
   198.750000      -1.85557151       9.00472514E-06
   202.500000      -1.85557151      -1.50755513E-05
   206.250000      -1.85557151       4.66848724E-06
   210.000000      -1.85557151      -2.44483817E-05
   213.750000      -1.85557151       1.95696484E-05
   217.500000      -1.85557151       2.03445088E-05
   221.250000      -1.85557151       9.55606811E-06
   225.000000      -1.85557151      -1.88902486E-05
   228.750000      -1.85557151      -4.76394780E-06
   232.500000      -1.85557151      -3.97907570E-07
   236.250000      -1.85557151      -2.37976201E-06
   240.000000      -1.85557151      -8.63824971E-06
   243.750000      -1.85557151       7.94185326E-07
   247.500000      -1.85557151      -8.84686597E-06
   251.250000      -1.85557151      -1.71915162E-05
   255.000000      -1.85557151      -1.93272717E-06
   258.750000      -1.85557151       1.82136428E-05
   262.500000      -1.85557151      -1.58355106E-05
   266.250000      -1.85557151      -1.24678481E-05
   270.000000      -1.85557151      -7.62497075E-06
   273.750000      -1.85557151      -8.99587758E-06
   277.500000      -1.85557151      -9.99425538E-06
   281.250000      -1.85557151       2.88034789E-06
   285.000000      -1.85557151       2.22667586E-05
   288.750000      -1.85557151       3.20817344E-06
   292.500000      -1.85557151       2.98961531E-05
   296.250000      -1.85557151       3.02686822E-05
   300.000000      -1.85557151       5.78607433E-06
   303.750000      -1.85557151      -3.59222759E-05
   307.500000      -1.85557151       5.97729813E-05
   311.250000      -1.85557151       2.84656417E-05
   315.000000      -1.85557151      -2.55957711E-05
   318.750000      -1.85557151      -6.49248250E-06
   322.500000      -1.85557151      -2.93657649E-05
   326.250000      -1.85557151      -4.74904664E-06
   330.000000      -1.85557151      -1.63570512E-05
   333.750000      -1.85557151      -4.12808731E-07
   337.500000      -1.85557151       3.66612803E-05
   341.250000      -1.85557151      -5.53880818E-06
   345.000000      -1.85557151      -8.99587758E-06
   348.750000      -1.85557151       9.92859714E-06
   352.500000      -1.85557151      -4.37006820E-05
   356.250000      -1.85557151      -2.08721031E-05
   360.000000      -1.85557151       3.02447006E-07
   0.00000000       1.85557151       1.87500846E-05
   3.75000000       1.85557151       2.38860957E-06
   7.50000000       1.85557151       3.81215941E-05
   11.2500000       1.85557151       7.82753341E-06
   15.0000000       1.85557151       8.54278915E-06
   18.7500000       1.85557151      -9.80054028E-06
   22.5000000       1.85557151      -1.83240045E-05
   26.2500000       1.85557151      -3.70596536E-06
   30.0000000       1.85557151       2.90765893E-05
   33.7500000       1.85557151      -1.46583188E-05
   37.5000000       1.85557151      -1.81451906E-05
   41.2500000       1.85557151       1.93249434E-08
   45.0000000       1.85557151      -1.14296563E-06
   48.7500000       1.85557151       1.31572597E-06
   52.5000000       1.85557151       8.97492282E-06
   56.2500000       1.85557151      -8.99587758E-06
   60.0000000       1.85557151       2.31161248E-05
   63.7500000       1.85557151       1.24319922E-05
   67.5000000       1.85557151      -9.64151695E-07
   71.2500000       1.85557151      -2.16320623E-05
   75.0000000       1.85557151      -2.09913123E-05
   78.7500000       1.85557151       1.39817130E-05
   82.5000000       1.85557151       5.26204240E-05
   86.2500000       1.85557151      -6.00621570E-05
   90.0000000       1.85557151      -2.69815791E-05
   93.7500000       1.85557151       1.34005677E-05
   97.5000000       1.85557151      -2.17661727E-05
   101.250000       1.85557151       1.59188639E-05
   105.000000       1.85557151      -4.61593736E-05
   108.750000       1.85557151       8.60239379E-06
   112.500000       1.85557151      -5.82889188E-05
   116.250000       1.85557151      -1.98886264E-05
   120.000000       1.85557151       1.22631900E-06
   123.750000       1.85557151      -2.10062135E-05
   127.500000       1.85557151       1.11504924E-05
   131.250000       1.85557151       3.67655884E-05
   135.000000       1.85557151       1.36558665E-04
   138.750000       1.85557151      -1.07542146E-05
   142.500000       1.85557151      -3.56391538E-05
   146.250000       1.85557151      -6.73090108E-06
   150.000000       1.85557151      -9.21939500E-06
   153.750000       1.85557151      -1.86518300E-05
   157.500000       1.85557151      -2.88442243E-05
   161.250000       1.85557151      -9.68133099E-06
   165.000000       1.85557151      -7.10890163E-05
   168.750000       1.85557151       8.88551585E-06
   172.500000       1.85557151      -1.30489934E-05
   176.250000       1.85557151      -1.78471673E-05
   180.000000       1.85557151       1.27896201E-05
   183.750000       1.85557151      -2.14234460E-05
   187.500000       1.85557151       2.63645779E-05
   191.250000       1.85557151      -9.98843461E-08
   195.000000       1.85557151      -2.52679456E-05
   198.750000       1.85557151      -1.06052030E-05
   202.500000       1.85557151      -1.74150337E-05
   206.250000       1.85557151      -1.55374873E-05
   210.000000       1.85557151      -2.85462011E-05
   213.750000       1.85557151      -2.83524860E-05
   217.500000       1.85557151      -2.24565156E-06
   221.250000       1.85557151       1.24766957E-05
   225.000000       1.85557151      -7.78888352E-06
   228.750000       1.85557151      -2.14134343E-06
   232.500000       1.85557151       2.64390837E-05
   236.250000       1.85557151       2.80931126E-05
   240.000000       1.85557151       1.86606776E-05
   243.750000       1.85557151      -3.27383168E-06
   247.500000       1.85557151      -9.93954018E-07
   251.250000       1.85557151      -1.51351560E-05
   255.000000       1.85557151       1.27002131E-05
   258.750000       1.85557151       5.57745807E-06
   262.500000       1.85557151       1.53924339E-06
   266.250000       1.85557151      -7.10343011E-06
   270.000000       1.85557151      -3.52715142E-06
   273.750000       1.85557151      -1.70723069E-05
   277.500000       1.85557151      -3.12582124E-05
   281.250000       1.85557151      -1.21847261E-05
   285.000000       1.85557151      -2.65047420E-05
   288.750000       1.85557151       9.63057391E-06
   292.500000       1.85557151       8.05105083E-06
   296.250000       1.85557151      -1.33023132E-05
   300.000000       1.85557151       5.35144936E-05
   303.750000       1.85557151      -1.99631322E-05
   307.500000       1.85557151       4.77626454E-05
   311.250000       1.85557151      -8.41473229E-06
   315.000000       1.85557151      -4.71924432E-06
   318.750000       1.85557151      -4.08843625E-05
   322.500000       1.85557151      -1.89945567E-05
   326.250000       1.85557151       2.49291770E-06
   330.000000       1.85557151       4.72809188E-06
   333.750000       1.85557151       2.01608054E-06
   337.500000       1.85557151       1.47416722E-05
   341.250000       1.85557151      -6.00074418E-06
   345.000000       1.85557151       1.33062713E-06
   348.750000       1.85557151       4.59398143E-06
   352.500000       1.85557151      -2.19093636E-07
   356.250000       1.85557151      -6.67129643E-06
   360.000000       1.85557151       1.87500846E-05
   0.00000000       5.56671333      -1.83538068E-05
   3.75000000       5.56671333      -5.11959661E-05
   7.50000000       5.56671333       1.87500846E-05
   11.2500000       5.56671333       1.09418761E-05
   15.0000000       5.56671333      -2.11105216E-05
   18.7500000       5.56671333       4.13204543E-06
   22.5000000       5.56671333      -4.50417865E-05
   26.2500000       5.56671333       5.07081859E-06
   30.0000000       5.56671333      -2.21983064E-05
   33.7500000       5.56671333       9.66037624E-06
   37.5000000       5.56671333       2.00315844E-05
   41.2500000       5.56671333       7.72322528E-06
   45.0000000       5.56671333       1.63509976E-05
   48.7500000       5.56671333      -1.74895395E-05
   52.5000000       5.56671333       3.10386531E-06
   56.2500000       5.56671333       2.28926074E-05
   60.0000000       5.56671333      -2.57894862E-05
   63.7500000       5.56671333       5.97978942E-06
   67.5000000       5.56671333      -8.86176713E-06
   71.2500000       5.56671333      -3.99753917E-05
   75.0000000       5.56671333       9.85409133E-06
   78.7500000       5.56671333       4.53784596E-05
   82.5000000       5.56671333      -2.71156896E-05
   86.2500000       5.56671333       8.49410426E-05
   90.0000000       5.56671333       4.27409541E-05
   93.7500000       5.56671333      -5.51808625E-08
   97.5000000       5.56671333       2.61261594E-05
   101.250000       5.56671333      -1.66450627E-06
   105.000000       5.56671333      -4.81114257E-05
   108.750000       5.56671333      -4.12419904E-05
   112.500000       5.56671333       2.85054557E-06
   116.250000       5.56671333       4.93670814E-06
   120.000000       5.56671333      -1.09479297E-05
   123.750000       5.56671333      -1.59398187E-05
   127.500000       5.56671333      -1.29297841E-05
   131.250000       5.56671333      -1.70574058E-05
   135.000000       5.56671333      -6.82030804E-06
   138.750000       5.56671333      -7.56536610E-06
   142.500000       5.56671333      -1.76236499E-05
   146.250000       5.56671333      -2.75478233E-05
   150.000000       5.56671333      -2.21834052E-05
   153.750000       5.56671333      -4.10482753E-05
   157.500000       5.56671333      -9.44291241E-06
   161.250000       5.56671333      -2.96339858E-05
   165.000000       5.56671333      -2.64302362E-05
   168.750000       5.56671333       1.70315616E-06
   172.500000       5.56671333      -7.56536610E-06
   176.250000       5.56671333      -5.15137799E-06
   180.000000       5.56671333      -8.31042416E-06
   183.750000       5.56671333      -1.40771735E-05
   187.500000       5.56671333      -4.09339555E-06
   191.250000       5.56671333       2.15019099E-06
   195.000000       5.56671333       3.02090775E-05
   198.750000       5.56671333       4.17872798E-05
   202.500000       5.56671333       6.24551903E-05
   206.250000       5.56671333       3.48880421E-05
   210.000000       5.56671333       5.59284817E-05
   213.750000       5.56671333       2.20581423E-05
   217.500000       5.56671333      -1.43900979E-05
   221.250000       5.56671333       2.64192931E-06
   225.000000       5.56671333       9.91369598E-06
   228.750000       5.56671333      -2.24218238E-05
   232.500000       5.56671333      -1.27211679E-05
   236.250000       5.56671333       1.28939282E-05
   240.000000       5.56671333       8.69180076E-06
   243.750000       5.56671333       1.35495793E-05
   247.500000       5.56671333      -6.10505231E-06
   251.250000       5.56671333       5.45824878E-06
   255.000000       5.56671333      -1.16184819E-05
   258.750000       5.56671333       4.98141162E-06
   262.500000       5.56671333      -1.48222316E-05
   266.250000       5.56671333      -2.61818059E-06
   270.000000       5.56671333       8.31927173E-06
   273.750000       5.56671333      -2.02213414E-06
   277.500000       5.56671333      -1.03220809E-05
   281.250000       5.56671333      -8.00744165E-05
   285.000000       5.56671333      -1.51053537E-05
   288.750000       5.56671333       5.20492904E-06
   292.500000       5.56671333       9.10903327E-06
   296.250000       5.56671333       5.25964424E-07
   300.000000       5.56671333      -1.70276035E-05
   303.750000       5.56671333      -3.14221252E-05
   307.500000       5.56671333       2.67520081E-05
   311.250000       5.56671333       2.16707122E-05
   315.000000       5.56671333       1.48757827E-05
   318.750000       5.56671333       2.40250956E-05
   322.500000       5.56671333       8.24476592E-06
   326.250000       5.56671333       2.24008691E-05
   330.000000       5.56671333      -2.34798063E-05
   333.750000       5.56671333      -1.82793010E-05
   337.500000       5.56671333       4.50457446E-06
   341.250000       5.56671333       1.79256313E-06
   345.000000       5.56671333      -4.01989091E-05
   348.750000       5.56671333       7.91694038E-06
   352.500000       5.56671333      -2.20343936E-05
   356.250000       5.56671333       1.03458297E-05
   360.000000       5.56671333      -1.83538068E-05
   0.00000000       9.27785301       2.71394383E-05
   3.75000000       9.27785301      -3.10793985E-05
   7.50000000       9.27785301      -2.07081903E-05
   11.2500000       9.27785301       5.81587665E-06
   15.0000000       9.27785301       7.82753341E-06
   18.7500000       9.27785301       1.57400500E-05
   22.5000000       9.27785301      -7.40145333E-06
   26.2500000       9.27785301      -7.07362778E-06
   30.0000000       9.27785301       5.07081859E-06
   33.7500000       9.27785301      -7.61006959E-06
   37.5000000       9.27785301      -2.45824922E-05
   41.2500000       9.27785301       1.93908345E-05
   45.0000000       9.27785301      -5.73252328E-06
   48.7500000       9.27785301      -1.57461036E-05
   52.5000000       9.27785301      -4.97505534E-05
   56.2500000       9.27785301       2.38860957E-06
   60.0000000       9.27785301      -1.65060628E-05
   63.7500000       9.27785301      -1.28701795E-05
   67.5000000       9.27785301      -1.40473712E-05
   71.2500000       9.27785301       1.37581956E-05
   75.0000000       9.27785301      -3.76657117E-05
   78.7500000       9.27785301       5.87149989E-05
   82.5000000       9.27785301      -5.95604070E-06
   86.2500000       9.27785301      -2.85312999E-05
   90.0000000       9.27785301       4.43204772E-05
   93.7500000       9.27785301      -1.32576097E-05
   97.5000000       9.27785301      -2.91124452E-05
   101.250000       9.27785301      -2.70758756E-06
   105.000000       9.27785301      -8.22101720E-06
   108.750000       9.27785301       2.96975486E-06
   112.500000       9.27785301      -2.84120906E-05
   116.250000       9.27785301      -1.27211679E-05
   120.000000       9.27785301       2.44125258E-05
   123.750000       9.27785301       2.10548751E-06
   127.500000       9.27785301      -1.53586734E-05
   131.250000       9.27785301       2.40101945E-05
   135.000000       9.27785301       1.68278348E-05
   138.750000       9.27785301       1.30727421E-05
   142.500000       9.27785301      -1.72362197E-05
   146.250000       9.27785301      -7.70436600E-07
   150.000000       9.27785301      -5.73252328E-06
   153.750000       9.27785301      -1.25721563E-05
   157.500000       9.27785301      -8.80216248E-06
   161.250000       9.27785301      -6.44777901E-06
   165.000000       9.27785301      -1.14098657E-05
   168.750000       9.27785301      -9.63662751E-06
   172.500000       9.27785301      -1.26764644E-05
   176.250000       9.27785301       6.08409755E-06
   180.000000       9.27785301       2.09554564E-05
   183.750000       9.27785301       1.19651668E-06
   187.500000       9.27785301      -5.35999425E-06
   191.250000       9.27785301       6.79537188E-05
   195.000000       9.27785301      -8.01240094E-06
   198.750000       9.27785301      -5.07687218E-06
   202.500000       9.27785301      -8.13857187E-05
   206.250000       9.27785301      -1.95011962E-05
   210.000000       9.27785301      -3.05578578E-05
   213.750000       9.27785301      -1.27062667E-05
   217.500000       9.27785301      -3.54901422E-05
   221.250000       9.27785301       3.92342918E-06
   225.000000       9.27785301      -1.33917201E-05
   228.750000       9.27785301       3.21313273E-05
   232.500000       9.27785301      -8.89645889E-07
   236.250000       9.27785301      -3.49734910E-06
   240.000000       9.27785301       8.68691131E-07
   243.750000       9.27785301      -2.60327943E-06
   247.500000       9.27785301       5.33903949E-06
   251.250000       9.27785301      -3.49734910E-06
   255.000000       9.27785301       1.18806493E-05
   258.750000       9.27785301       4.92180698E-06
   262.500000       9.27785301       3.91853973E-07
   266.250000       9.27785301       3.04426067E-06
   270.000000       9.27785301      -1.60490163E-06
   273.750000       9.27785301      -5.56861050E-06
   277.500000       9.27785301      -1.54331792E-05
   281.250000       9.27785301      -1.42410863E-05
   285.000000       9.27785301      -1.28552783E-05
   288.750000       9.27785301      -2.03703530E-06
   292.500000       9.27785301      -9.47271474E-06
   296.250000       9.27785301       8.53789970E-07
   300.000000       9.27785301      -8.28062184E-06
   303.750000       9.27785301       3.92540824E-05
   307.500000       9.27785301      -3.23608983E-05
   311.250000       9.27785301      -4.86825593E-06
   315.000000       9.27785301      -1.79812778E-05
   318.750000       9.27785301       1.05266226E-04
   322.500000       9.27785301       3.36959492E-05
   326.250000       9.27785301       4.40522563E-05
   330.000000       9.27785301       1.16124284E-05
   333.750000       9.27785301      -9.86014493E-06
   337.500000       9.27785301      -2.62067188E-05
   341.250000       9.27785301      -3.16158403E-05
   345.000000       9.27785301      -8.65315087E-06
   348.750000       9.27785301      -1.74299348E-05
   352.500000       9.27785301       1.43542420E-05
   356.250000       9.27785301      -1.79067720E-05
   360.000000       9.27785301       2.71394383E-05
   0.00000000       12.9889879       1.68427359E-05
   3.75000000       12.9889879       1.04203355E-05
   7.50000000       12.9889879      -3.54205258E-06
   11.2500000       12.9889879      -2.50444282E-05
   15.0000000       12.9889879       7.09737651E-06
   18.7500000       12.9889879       8.09575431E-06
   22.5000000       12.9889879       3.01345717E-05
   26.2500000       12.9889879      -1.51947606E-05
   30.0000000       12.9889879      -1.33172143E-05
   33.7500000       12.9889879      -2.63308175E-06
   37.5000000       12.9889879       6.51623122E-06
   41.2500000       12.9889879       4.65358607E-06
   45.0000000       12.9889879       1.90481078E-05
   48.7500000       12.9889879       7.93184154E-06
   52.5000000       12.9889879       7.30599277E-06
   56.2500000       12.9889879       1.22829806E-05
   60.0000000       12.9889879       1.95647590E-06
   63.7500000       12.9889879       2.47254502E-05
   67.5000000       12.9889879       5.07081859E-06
   71.2500000       12.9889879      -1.13055576E-05
   75.0000000       12.9889879      -3.16009391E-05
   78.7500000       12.9889879       7.32089393E-06
   82.5000000       12.9889879       3.65122687E-05
   86.2500000       12.9889879      -3.24354041E-05
   90.0000000       12.9889879      -9.39820893E-06
   93.7500000       12.9889879       1.54718291E-05
   97.5000000       12.9889879       7.27619044E-06
   101.250000       12.9889879       2.06276309E-05
   105.000000       12.9889879      -2.14234460E-05
   108.750000       12.9889879      -1.17276795E-06
   112.500000       12.9889879       1.11057889E-05
   116.250000       12.9889879      -3.92948277E-06
   120.000000       12.9889879       5.11552207E-06
   123.750000       12.9889879      -1.08436216E-05
   127.500000       12.9889879      -2.18604691E-06
   131.250000       12.9889879       7.61891715E-06
   135.000000       12.9889879      -1.26913656E-05
   138.750000       12.9889879      -6.90971501E-06
   142.500000       12.9889879       4.86220233E-06
   146.250000       12.9889879       3.68501060E-06
   150.000000       12.9889879      -2.99070962E-06
   153.750000       12.9889879      -1.27707608E-06
   157.500000       12.9889879      -1.30787957E-05
   161.250000       12.9889879      -6.44777901E-06
   165.000000       12.9889879       2.25449912E-06
   168.750000       12.9889879      -1.08287204E-05
   172.500000       12.9889879       3.14607751E-05
   176.250000       12.9889879       1.84371602E-05
   180.000000       12.9889879       2.59324443E-05
   183.750000       12.9889879       1.22680794E-05
   187.500000       12.9889879      -4.86478675E-05
   191.250000       12.9889879       7.91694038E-06
   195.000000       12.9889879       4.22641169E-05
   198.750000       12.9889879       6.23657834E-05
   202.500000       12.9889879       1.34899747E-05
   206.250000       12.9889879       6.24801032E-06
   210.000000       12.9889879       4.63172328E-05
   213.750000       12.9889879       4.96651046E-06
   217.500000       12.9889879      -6.81029633E-07
   221.250000       12.9889879       1.48459803E-05
   225.000000       12.9889879       5.88193070E-05
   228.750000       12.9889879       1.03999628E-04
   232.500000       12.9889879       1.63807999E-05
   236.250000       12.9889879      -3.17946542E-05
   240.000000       12.9889879       2.34737527E-05
   243.750000       12.9889879       5.50295226E-06
   247.500000       12.9889879       2.62702815E-06
   251.250000       12.9889879      -4.40631993E-06
   255.000000       12.9889879       1.24617945E-05
   258.750000       12.9889879      -3.55497468E-05
   262.500000       12.9889879      -3.02051194E-06
   266.250000       12.9889879       1.67235266E-05
   270.000000       12.9889879      -1.64911617E-05
   273.750000       12.9889879       1.63211953E-05
   277.500000       12.9889879      -5.27058728E-06
   281.250000       12.9889879      -1.07393134E-05
   285.000000       12.9889879      -1.70425046E-05
   288.750000       12.9889879      -2.48656143E-05
   292.500000       12.9889879      -2.65941489E-05
   296.250000       12.9889879      -3.28973401E-05
   300.000000       12.9889879      -3.27930320E-05
   303.750000       12.9889879      -7.92299397E-06
   307.500000       12.9889879       1.73295848E-06
   311.250000       12.9889879       1.50944106E-06
   315.000000       12.9889879       1.40711199E-05
   318.750000       12.9889879       3.94030940E-05
   322.500000       12.9889879       1.12548005E-05
   326.250000       12.9889879      -9.93954018E-07
   330.000000       12.9889879      -5.44940121E-06
   333.750000       12.9889879       5.07081859E-06
   337.500000       12.9889879       9.39215533E-06
   341.250000       12.9889879      -1.54629815E-05
   345.000000       12.9889879       3.20817344E-06
   348.750000       12.9889879      -9.79052857E-07
   352.500000       12.9889879       2.09058635E-06
   356.250000       12.9889879       2.29671132E-05
   360.000000       12.9889879       1.68427359E-05
   0.00000000       16.7001171      -9.98843461E-08
   3.75000000       16.7001171       1.45032536E-05
   7.50000000       16.7001171      -2.35543121E-05
   11.2500000       16.7001171      -1.60143245E-05
   15.0000000       16.7001171       7.64383003E-07
   18.7500000       16.7001171       1.53435394E-07
   22.5000000       16.7001171       2.27435958E-05
   26.2500000       16.7001171       2.05233227E-05
   30.0000000       16.7001171       1.77517068E-05
   33.7500000       16.7001171      -2.44185794E-05
   37.5000000       16.7001171      -3.27383168E-06
   41.2500000       16.7001171      -2.14134343E-06
   45.0000000       16.7001171      -7.44615681E-06
   48.7500000       16.7001171      -3.37813981E-06
   52.5000000       16.7001171      -3.91458161E-06
   56.2500000       16.7001171      -7.65477307E-06
   60.0000000       16.7001171       2.95485370E-06
   63.7500000       16.7001171       3.93136870E-05
   67.5000000       16.7001171       1.42003410E-06
   71.2500000       16.7001171       6.99306838E-06
   75.0000000       16.7001171       5.60923945E-05
   78.7500000       16.7001171      -2.22430099E-05
   82.5000000       16.7001171       2.13577878E-05
   86.2500000       16.7001171       3.02537810E-05
   90.0000000       16.7001171       3.58070247E-06
   93.7500000       16.7001171       1.46473758E-06
   97.5000000       16.7001171      -4.43612225E-06
   101.250000       16.7001171       1.92865264E-05
   105.000000       16.7001171      -6.77560456E-06
   108.750000       16.7001171      -5.01726754E-06
   112.500000       16.7001171      -1.78769697E-05
   116.250000       16.7001171      -1.54033769E-05
   120.000000       16.7001171      -1.96055043E-05
   123.750000       16.7001171      -9.46775544E-05
   127.500000       16.7001171       2.32651364E-05
   131.250000       16.7001171       1.78858172E-05
   135.000000       16.7001171      -4.52552922E-06
   138.750000       16.7001171      -2.73738988E-06
   142.500000       16.7001171      -2.21584924E-06
   146.250000       16.7001171       2.49291770E-06
   150.000000       16.7001171      -7.85337761E-07
   153.750000       16.7001171       9.71998088E-06
   157.500000       16.7001171      -6.71599992E-06
   161.250000       16.7001171       1.47416722E-05
   165.000000       16.7001171      -2.60279048E-05
   168.750000       16.7001171      -4.44904435E-05
   172.500000       16.7001171      -2.85312999E-05
   176.250000       16.7001171      -1.96055043E-05
   180.000000       16.7001171       3.16395890E-05
   183.750000       16.7001171       2.22220551E-05
   187.500000       16.7001171       7.09737651E-06
   191.250000       16.7001171      -8.22101720E-06
   195.000000       16.7001171       1.38625037E-05
   198.750000       16.7001171      -6.87991269E-06
   202.500000       16.7001171       9.21334140E-06
   206.250000       16.7001171       1.51738059E-05
   210.000000       16.7001171      -2.10211147E-05
   213.750000       16.7001171      -5.50900586E-06
   217.500000       16.7001171       4.54927795E-06
   221.250000       16.7001171       2.34886538E-05
   225.000000       16.7001171      -1.21847261E-05
   228.750000       16.7001171      -4.19770367E-06
   232.500000       16.7001171       8.57259147E-06
   236.250000       16.7001171      -1.21251214E-05
   240.000000       16.7001171       2.12038867E-06
   243.750000       16.7001171       6.60074875E-07
   247.500000       16.7001171       2.12832820E-05
   251.250000       16.7001171      -9.49250534E-07
   255.000000       16.7001171      -6.04544766E-06
   258.750000       16.7001171      -2.03505624E-05
   262.500000       16.7001171      -3.27383168E-06
   266.250000       16.7001171       6.00470230E-07
   270.000000       16.7001171       3.62051651E-07
   273.750000       16.7001171      -8.38492997E-06
   277.500000       16.7001171      -8.60844739E-06
   281.250000       16.7001171      -1.68934930E-05
   285.000000       16.7001171       3.04176938E-05
   288.750000       16.7001171       9.86899249E-06
   292.500000       16.7001171      -1.14843715E-05
   296.250000       16.7001171      -2.80544627E-05
   300.000000       16.7001171       4.62725293E-05
   303.750000       16.7001171      -3.79339326E-05
   307.500000       16.7001171      -5.00932802E-05
   311.250000       16.7001171      -9.02567990E-06
   315.000000       16.7001171      -6.26251567E-05
   318.750000       16.7001171      -2.48895958E-07
   322.500000       16.7001171       2.25200783E-05
   326.250000       16.7001171      -5.38979657E-06
   330.000000       16.7001171       2.17999332E-06
   333.750000       16.7001171       5.05591743E-06
   337.500000       16.7001171      -4.95766290E-06
   341.250000       16.7001171      -1.66103709E-05
   345.000000       16.7001171      -1.54182781E-05
   348.750000       16.7001171       1.84371602E-05
   352.500000       16.7001171       3.66016757E-05
   356.250000       16.7001171       1.17018353E-05
   360.000000       16.7001171      -9.98843461E-08
   0.00000000       20.4112377       4.41118609E-05
   3.75000000       20.4112377       2.40250956E-05
   7.50000000       20.4112377       1.09418761E-05
   11.2500000       20.4112377      -1.52394641E-05
   15.0000000       20.4112377       8.09575431E-06
   18.7500000       20.4112377       2.07568519E-06
   22.5000000       20.4112377      -1.12608541E-05
   26.2500000       20.4112377       1.06736552E-05
   30.0000000       20.4112377      -9.47271474E-06
   33.7500000       20.4112377      -4.97256406E-06
   37.5000000       20.4112377      -1.24827493E-05
   41.2500000       20.4112377      -1.85822137E-06
   45.0000000       20.4112377      -2.48407014E-06
   48.7500000       20.4112377      -1.71915162E-05
   52.5000000       20.4112377      -2.34500039E-05
   56.2500000       20.4112377      -1.50308479E-05
   60.0000000       20.4112377      -1.17525924E-05
   63.7500000       20.4112377       2.85054557E-06
   67.5000000       20.4112377      -2.29035504E-06
   71.2500000       20.4112377       1.35644805E-05
   75.0000000       20.4112377      -1.45689119E-05
   78.7500000       20.4112377       1.19402539E-05
   82.5000000       20.4112377      -2.15128530E-05
   86.2500000       20.4112377       3.09392344E-05
   90.0000000       20.4112377       1.25959050E-05
   93.7500000       20.4112377      -2.54367478E-06
   97.5000000       20.4112377       1.40711199E-05
   101.250000       20.4112377      -3.21422704E-06
   105.000000       20.4112377      -1.72411092E-06
   108.750000       20.4112377      -6.01564534E-06
   112.500000       20.4112377       2.97024380E-05
   116.250000       20.4112377       1.64851081E-05
   120.000000       20.4112377      -3.34833749E-06
   123.750000       20.4112377      -2.34947074E-05
   127.500000       20.4112377       1.74785964E-06
   131.250000       20.4112377      -6.10505231E-06
   135.000000       20.4112377       1.07630622E-05
   138.750000       20.4112377       2.01358926E-05
   142.500000       20.4112377      -1.28999818E-05
   146.250000       20.4112377       2.13279855E-05
   150.000000       20.4112377      -2.12148298E-05
   153.750000       20.4112377       9.28784721E-06
   157.500000       20.4112377       2.16509216E-06
   161.250000       20.4112377      -2.39417423E-05
   165.000000       20.4112377      -1.09628309E-05
   168.750000       20.4112377      -6.21424988E-07
   172.500000       20.4112377      -1.66103709E-05
   176.250000       20.4112377      -2.04548705E-05
   180.000000       20.4112377       1.95647590E-06
   183.750000       20.4112377       2.64539849E-05
   187.500000       20.4112377      -5.80702908E-06
   191.250000       20.4112377      -3.86987813E-06
   195.000000       20.4112377       3.62540595E-06
   198.750000       20.4112377       2.71096360E-05
   202.500000       20.4112377       9.89879481E-06
   206.250000       20.4112377       2.45764386E-05
   210.000000       20.4112377      -1.55225862E-05
   213.750000       20.4112377       9.13883559E-06
   217.500000       20.4112377       1.42052304E-05
   221.250000       20.4112377       1.71705615E-05
   225.000000       20.4112377      -4.11227811E-05
   228.750000       20.4112377      -4.18976415E-05
   232.500000       20.4112377       6.18840568E-06
   236.250000       20.4112377       4.15488612E-05
   240.000000       20.4112377      -5.94113953E-06
   243.750000       20.4112377      -5.05701173E-05
   247.500000       20.4112377       2.09107529E-05
   251.250000       20.4112377      -2.11154111E-06
   255.000000       20.4112377       1.89736020E-05
   258.750000       20.4112377      -1.35705341E-05
   262.500000       20.4112377      -2.03505624E-05
   266.250000       20.4112377       8.42357986E-06
   270.000000       20.4112377       8.83592293E-07
   273.750000       20.4112377      -1.88455451E-05
   277.500000       20.4112377      -2.90130265E-06
   281.250000       20.4112377       2.06574332E-05
   285.000000       20.4112377      -3.35082877E-05
   288.750000       20.4112377       8.46828334E-06
   292.500000       20.4112377      -1.24678481E-05
   296.250000       20.4112377       3.31744086E-05
   300.000000       20.4112377      -1.32427085E-05
   303.750000       20.4112377      -4.42122109E-06
   307.500000       20.4112377       7.93184154E-06
   311.250000       20.4112377      -3.81574500E-05
   315.000000       20.4112377      -9.77073796E-06
   318.750000       20.4112377      -2.01270450E-05
   322.500000       20.4112377      -7.66967423E-06
   326.250000       20.4112377      -2.54765619E-05
   330.000000       20.4112377      -2.31966842E-05
   333.750000       20.4112377      -8.47433694E-06
   337.500000       20.4112377      -3.73974908E-05
   341.250000       20.4112377       5.16022556E-06
   345.000000       20.4112377       8.55769031E-06
   348.750000       20.4112377      -4.31691296E-06
   352.500000       20.4112377       2.77603976E-06
   356.250000       20.4112377       1.56357419E-05
   360.000000       20.4112377       4.41118609E-05
   0.00000000       24.1223469       2.68712174E-05
   3.75000000       24.1223469      -4.90501989E-05
   7.50000000       24.1223469      -1.20506156E-05
   11.2500000       24.1223469      -1.89796556E-05
   15.0000000       24.1223469      -1.92478765E-05
   18.7500000       24.1223469       3.89362685E-06
   22.5000000       24.1223469      -1.09628309E-05
   26.2500000       24.1223469      -3.31208576E-05
   30.0000000       24.1223469      -1.10373367E-05
   33.7500000       24.1223469      -1.19612087E-05
   37.5000000       24.1223469      -1.28105748E-05
   41.2500000       24.1223469      -4.13809903E-06
   45.0000000       24.1223469      -1.60490163E-06
   48.7500000       24.1223469      -1.05157960E-05
   52.5000000       24.1223469      -4.13809903E-06
   56.2500000       24.1223469      -5.91622666E-07
   60.0000000       24.1223469      -5.18118031E-06
   63.7500000       24.1223469       9.36235301E-06
   67.5000000       24.1223469      -1.55076850E-05
   71.2500000       24.1223469      -3.25893052E-06
   75.0000000       24.1223469       1.52434222E-06
   78.7500000       24.1223469       1.45628583E-05
   82.5000000       24.1223469      -1.92031730E-05
   86.2500000       24.1223469      -1.68040860E-05
   90.0000000       24.1223469      -5.95604070E-06
   93.7500000       24.1223469      -1.41963828E-05
   97.5000000       24.1223469       1.15677249E-05
   101.250000       24.1223469      -5.18118031E-06
   105.000000       24.1223469      -2.41354574E-05
   108.750000       24.1223469      -6.35837205E-06
   112.500000       24.1223469      -4.21260484E-06
   116.250000       24.1223469      -9.21939500E-06
   120.000000       24.1223469       1.30131375E-05
   123.750000       24.1223469       4.96651046E-06
   127.500000       24.1223469       5.72646968E-06
   131.250000       24.1223469      -1.99035276E-05
   135.000000       24.1223469       8.68691131E-07
   138.750000       24.1223469       1.85861718E-05
   142.500000       24.1223469      -8.83196481E-06
   146.250000       24.1223469       5.99469058E-06
   150.000000       24.1223469      -3.67616303E-06
   153.750000       24.1223469       1.07630622E-05
   157.500000       24.1223469       2.33396422E-05
   161.250000       24.1223469      -1.08138192E-05
   165.000000       24.1223469       6.65034167E-06
   168.750000       24.1223469      -1.13055576E-05
   172.500000       24.1223469      -1.64166559E-05
   176.250000       24.1223469       1.02117192E-05
   180.000000       24.1223469      -4.61444724E-05
   183.750000       24.1223469       2.95981299E-05
   187.500000       24.1223469       9.77958553E-06
   191.250000       24.1223469       4.22194134E-05
   195.000000       24.1223469      -2.42099632E-05
   198.750000       24.1223469       1.95845496E-05
   202.500000       24.1223469      -1.73852313E-05
   206.250000       24.1223469      -2.94600613E-06
   210.000000       24.1223469      -4.87314537E-07
   213.750000       24.1223469      -1.27509702E-05
   217.500000       24.1223469      -1.33768190E-05
   221.250000       24.1223469       1.62865035E-06
   225.000000       24.1223469       2.28479039E-05
   228.750000       24.1223469       2.04488169E-05
   232.500000       24.1223469       6.26291148E-06
   236.250000       24.1223469       2.01507937E-05
   240.000000       24.1223469      -9.35350545E-06
   243.750000       24.1223469      -4.96909488E-05
   247.500000       24.1223469      -2.88740266E-05
   251.250000       24.1223469       2.13279855E-05
   255.000000       24.1223469      -3.13476194E-05
   258.750000       24.1223469       4.08485066E-05
   262.500000       24.1223469      -6.98422082E-06
   266.250000       24.1223469      -4.09588683E-05
   270.000000       24.1223469       4.41516750E-06
   273.750000       24.1223469      -4.43612225E-06
   277.500000       24.1223469       2.87338626E-05
   281.250000       24.1223469       1.04352366E-05
   285.000000       24.1223469       2.27584969E-05
   288.750000       24.1223469      -1.31533016E-05
   292.500000       24.1223469      -8.44942406E-07
   296.250000       24.1223469       5.92018478E-06
   300.000000       24.1223469      -2.82630790E-05
   303.750000       24.1223469       1.68725383E-05
   307.500000       24.1223469      -1.43453944E-05
   311.250000       24.1223469       4.96699940E-05
   315.000000       24.1223469      -2.57894862E-05
   318.750000       24.1223469       1.92716252E-05
   322.500000       24.1223469       1.02266204E-05
   326.250000       24.1223469      -5.50900586E-06
   330.000000       24.1223469      -1.51798595E-05
   333.750000       24.1223469      -1.72660220E-05
   337.500000       24.1223469      -4.53845132E-05
   341.250000       24.1223469      -5.70272096E-06
   345.000000       24.1223469      -3.55695374E-06
   348.750000       24.1223469      -1.16482843E-05
   352.500000       24.1223469       7.42520206E-06
   356.250000       24.1223469      -2.30923761E-05
   360.000000       24.1223469       2.68712174E-05
   0.00000000       27.8334446      -2.30178703E-05
   3.75000000       27.8334446      -1.30936969E-05
   7.50000000       27.8334446       8.09086487E-07
   11.2500000       27.8334446       1.67335384E-06
   15.0000000       27.8334446      -2.43589748E-05
   18.7500000       27.8334446      -1.78620685E-05
   22.5000000       27.8334446      -8.28062184E-06
   26.2500000       27.8334446      -1.51798595E-05
   30.0000000       27.8334446      -3.00561078E-06
   33.7500000       27.8334446      -9.47271474E-06
   37.5000000       27.8334446       6.36721961E-06
   41.2500000       27.8334446       8.94512050E-06
   45.0000000       27.8334446       6.27781264E-06
   48.7500000       27.8334446       9.28784721E-06
   52.5000000       27.8334446      -5.51808625E-08
   56.2500000       27.8334446      -1.86518300E-05
   60.0000000       27.8334446      -5.65801747E-06
   63.7500000       27.8334446       1.38028990E-05
   67.5000000       27.8334446      -1.29197724E-06
   71.2500000       27.8334446      -1.24380458E-05
   75.0000000       27.8334446       9.39215533E-06
   78.7500000       27.8334446      -1.73852313E-05
   82.5000000       27.8334446       3.32787167E-05
   86.2500000       27.8334446       5.68374526E-05
   90.0000000       27.8334446       3.59162223E-05
   93.7500000       27.8334446       2.73331534E-05
   97.5000000       27.8334446      -7.37165101E-06
   101.250000       27.8334446      -9.38330777E-06
   105.000000       27.8334446      -1.44646037E-05
   108.750000       27.8334446       1.36836898E-05
   112.500000       27.8334446      -1.31831039E-05
   116.250000       27.8334446       1.01074111E-05
   120.000000       27.8334446       1.23633072E-07
   123.750000       27.8334446      -4.92786057E-06
   127.500000       27.8334446      -2.08572019E-05
   131.250000       27.8334446       1.29684340E-05
   135.000000       27.8334446      -1.90839637E-05
   138.750000       27.8334446       2.98961531E-05
   142.500000       27.8334446      -9.87504609E-06
   146.250000       27.8334446      -1.43304933E-05
   150.000000       27.8334446      -1.11416448E-05
   153.750000       27.8334446       6.74976036E-07
   157.500000       27.8334446       1.91077124E-05
   161.250000       27.8334446       3.60503327E-05
   165.000000       27.8334446       1.18657481E-05
   168.750000       27.8334446      -6.53718598E-06
   172.500000       27.8334446      -6.53718598E-06
   176.250000       27.8334446      -1.92329753E-05
   180.000000       27.8334446      -1.43900979E-05
   183.750000       27.8334446      -2.18704809E-05
   187.500000       27.8334446      -3.62202991E-05
   191.250000       27.8334446      -1.90839637E-05
   195.000000       27.8334446       1.56208407E-05
   198.750000       27.8334446      -2.61173118E-05
   202.500000       27.8334446      -2.68027652E-05
   206.250000       27.8334446      -1.34960283E-05
   210.000000       27.8334446      -8.22101720E-06
   213.750000       27.8334446      -3.40794213E-06
   217.500000       27.8334446       1.89736020E-05
   221.250000       27.8334446       2.10548751E-06
   225.000000       27.8334446      -8.29552300E-06
   228.750000       27.8334446       5.16667496E-05
   232.500000       27.8334446      -2.23075040E-06
   236.250000       27.8334446      -1.04859937E-05
   240.000000       27.8334446       1.80646311E-05
   243.750000       27.8334446      -7.66967423E-06
   247.500000       27.8334446      -1.46881212E-05
   251.250000       27.8334446      -2.83226836E-05
   255.000000       27.8334446      -4.72024549E-05
   258.750000       27.8334446      -2.28390563E-05
   262.500000       27.8334446      -7.55535439E-07
   266.250000       27.8334446       4.03865706E-05
   270.000000       27.8334446      -2.35692132E-05
   273.750000       27.8334446       1.85414683E-05
   277.500000       27.8334446      -2.13638414E-05
   281.250000       27.8334446      -2.84418929E-05
   285.000000       27.8334446       2.66178977E-05
   288.750000       27.8334446       3.92342918E-06
   292.500000       27.8334446      -3.97907570E-07
   296.250000       27.8334446      -8.20611604E-06
   300.000000       27.8334446      -1.86518300E-05
   303.750000       27.8334446      -1.08336098E-06
   307.500000       27.8334446      -7.53954519E-05
   311.250000       27.8334446      -5.74742444E-06
   315.000000       27.8334446       2.39803921E-05
   318.750000       27.8334446      -3.07068694E-05
   322.500000       27.8334446      -1.20804179E-05
   326.250000       27.8334446       7.52951019E-06
   330.000000       27.8334446       1.70315616E-06
   333.750000       27.8334446      -4.45202459E-05
   337.500000       27.8334446      -3.32847703E-05
   341.250000       27.8334446       1.89288985E-05
   345.000000       27.8334446       1.99570786E-05
   348.750000       27.8334446      -2.20343936E-05
   352.500000       27.8334446       4.08485066E-05
   356.250000       27.8334446      -1.64057361E-04
   360.000000       27.8334446      -2.30178703E-05
   0.00000000       31.5445251       3.63781583E-05
   3.75000000       31.5445251       1.62913930E-05
   7.50000000       31.5445251       5.30923717E-06
   11.2500000       31.5445251       1.62913930E-05
   15.0000000       31.5445251      -1.70127023E-05
   18.7500000       31.5445251      -8.48923810E-06
   22.5000000       31.5445251      -1.80259813E-05
   26.2500000       31.5445251      -9.57702287E-06
   30.0000000       31.5445251       1.61374919E-06
   33.7500000       31.5445251       1.21141784E-06
   37.5000000       31.5445251      -1.27360690E-05
   41.2500000       31.5445251      -1.46732200E-05
   45.0000000       31.5445251      -5.62821515E-06
   48.7500000       31.5445251      -3.38302925E-07
   52.5000000       31.5445251      -4.09339555E-06
   56.2500000       31.5445251      -1.24231447E-05
   60.0000000       31.5445251      -4.86825593E-06
   63.7500000       31.5445251       1.19651668E-06
   67.5000000       31.5445251      -1.69430859E-06
   71.2500000       31.5445251       7.29109161E-06
   75.0000000       31.5445251      -9.71113332E-06
   78.7500000       31.5445251      -3.90366185E-05
   82.5000000       31.5445251       7.51460902E-06
   86.2500000       31.5445251      -9.63662751E-06
   90.0000000       31.5445251      -1.31234992E-05
   93.7500000       31.5445251      -4.18231357E-05
   97.5000000       31.5445251      -2.34500039E-05
   101.250000       31.5445251      -1.72660220E-05
   105.000000       31.5445251       7.60401599E-06
   108.750000       31.5445251       3.19376122E-05
   112.500000       31.5445251      -1.74390152E-07
   116.250000       31.5445251       5.62216155E-06
   120.000000       31.5445251      -1.14785507E-07
   123.750000       31.5445251       3.61050479E-06
   127.500000       31.5445251      -2.63308175E-06
   131.250000       31.5445251      -1.78769697E-05
   135.000000       31.5445251      -9.77073796E-06
   138.750000       31.5445251      -4.57512215E-07
   142.500000       31.5445251      -1.39628537E-06
   146.250000       31.5445251       1.03458297E-05
   150.000000       31.5445251       6.50133006E-06
   153.750000       31.5445251       1.40115153E-05
   157.500000       31.5445251       1.21488702E-05
   161.250000       31.5445251       9.58098099E-07
   165.000000       31.5445251      -1.66252721E-05
   168.750000       31.5445251       8.87061469E-06
   172.500000       31.5445251       1.54718291E-05
   176.250000       31.5445251      -9.02567990E-06
   180.000000       31.5445251      -5.40718902E-05
   183.750000       31.5445251      -1.89291313E-07
   187.500000       31.5445251       3.32936179E-05
   191.250000       31.5445251       6.15860336E-06
   195.000000       31.5445251       1.29237305E-05
   198.750000       31.5445251      -1.88455451E-05
   202.500000       31.5445251      -1.31085981E-05
   206.250000       31.5445251       1.70315616E-06
   210.000000       31.5445251      -1.90292485E-06
   213.750000       31.5445251      -1.21698249E-05
   217.500000       31.5445251       1.08673703E-05
   221.250000       31.5445251       8.01428687E-05
   225.000000       31.5445251       1.54718291E-05
   228.750000       31.5445251       4.31085937E-06
   232.500000       31.5445251      -1.06797088E-05
   236.250000       31.5445251      -2.72796024E-05
   240.000000       31.5445251      -2.24565156E-06
   243.750000       31.5445251       6.36721961E-06
   247.500000       31.5445251      -3.60861886E-05
   251.250000       31.5445251      -1.18270982E-05
   255.000000       31.5445251       3.99097335E-05
   258.750000       31.5445251      -1.42608769E-06
   262.500000       31.5445251      -6.60822261E-05
   266.250000       31.5445251       1.68427359E-05
   270.000000       31.5445251       2.68712174E-05
   273.750000       31.5445251       5.32413833E-06
   277.500000       31.5445251       3.15203797E-05
   281.250000       31.5445251       6.57583587E-06
   285.000000       31.5445251      -4.27709892E-07
   288.750000       31.5445251      -3.09750903E-05
   292.500000       31.5445251       2.87040602E-05
   296.250000       31.5445251      -1.09926332E-05
   300.000000       31.5445251       3.12372576E-05
   303.750000       31.5445251      -7.31006730E-05
   307.500000       31.5445251      -3.06521542E-06
   311.250000       31.5445251       5.86553942E-05
   315.000000       31.5445251       1.32068526E-05
   318.750000       31.5445251       7.20962416E-05
   322.500000       31.5445251      -4.40631993E-06
   326.250000       31.5445251       1.52036082E-05
   330.000000       31.5445251       3.61050479E-06
   333.750000       31.5445251      -9.44291241E-06
   337.500000       31.5445251      -1.49414409E-05
   341.250000       31.5445251       6.24801032E-06
   345.000000       31.5445251      -8.44453461E-06
   348.750000       31.5445251       1.34005677E-05
   352.500000       31.5445251      -1.63491117E-04
   356.250000       31.5445251       1.81838404E-05
   360.000000       31.5445251       3.63781583E-05
   0.00000000       35.2555809       1.67533290E-05
   3.75000000       35.2555809       1.24617945E-05
   7.50000000       35.2555809       1.49353873E-05
   11.2500000       35.2555809       1.56904571E-06
   15.0000000       35.2555809      -4.51062806E-06
   18.7500000       35.2555809       1.17316376E-05
   22.5000000       35.2555809       1.40562188E-05
   26.2500000       35.2555809       4.93670814E-06
   30.0000000       35.2555809       7.38049857E-06
   33.7500000       35.2555809      -5.50900586E-06
   37.5000000       35.2555809       9.55606811E-06
   41.2500000       35.2555809      -2.84169801E-06
   45.0000000       35.2555809      -1.73901208E-06
   48.7500000       35.2555809      -3.38063110E-05
   52.5000000       35.2555809       1.87202822E-05
   56.2500000       35.2555809      -2.31370796E-05
   60.0000000       35.2555809      -1.11714471E-05
   63.7500000       35.2555809      -1.25721563E-05
   67.5000000       35.2555809       3.83451115E-05
   71.2500000       35.2555809       1.37283932E-05
   75.0000000       35.2555809      -8.48923810E-06
   78.7500000       35.2555809       7.88713805E-06
   82.5000000       35.2555809      -5.21645416E-05
   86.2500000       35.2555809      -1.54529698E-06
   90.0000000       35.2555809      -1.54480804E-05
   93.7500000       35.2555809       5.69666736E-06
   97.5000000       35.2555809       2.66477000E-05
   101.250000       35.2555809       2.43976247E-05
   105.000000       35.2555809      -3.12731136E-05
   108.750000       35.2555809      -1.04710925E-05
   112.500000       35.2555809       2.28430144E-06
   116.250000       35.2555809      -7.98259862E-06
   120.000000       35.2555809       5.29433601E-06
   123.750000       35.2555809       6.94836490E-06
   127.500000       35.2555809       7.34580681E-07
   131.250000       35.2555809      -3.47599853E-05
   135.000000       35.2555809      -4.00398858E-06
   138.750000       35.2555809       5.71156852E-06
   142.500000       35.2555809       9.86899249E-06
   146.250000       35.2555809       3.80619895E-05
   150.000000       35.2555809       1.24021899E-05
   153.750000       35.2555809      -2.52877362E-06
   157.500000       35.2555809       2.03892123E-05
   161.250000       35.2555809      -1.34513248E-05
   165.000000       35.2555809       1.21786725E-05
   168.750000       35.2555809      -2.55361665E-05
   172.500000       35.2555809       4.47824132E-05
   176.250000       35.2555809       2.77354848E-05
   180.000000       35.2555809      -1.08237611E-04
   183.750000       35.2555809       3.30253970E-05
   187.500000       35.2555809      -5.94363082E-05
   191.250000       35.2555809      -2.16767658E-05
   195.000000       35.2555809      -4.68944199E-06
   198.750000       35.2555809      -5.39377797E-05
   202.500000       35.2555809      -1.07393134E-05
   206.250000       35.2555809      -3.69206537E-05
   210.000000       35.2555809      -3.08856834E-05
   213.750000       35.2555809      -2.29731668E-05
   217.500000       35.2555809      -5.19608147E-06
   221.250000       35.2555809       6.11289870E-05
   225.000000       35.2555809       2.03892123E-05
   228.750000       35.2555809       1.39668118E-05
   232.500000       35.2555809      -1.38685573E-05
   236.250000       35.2555809       1.15677249E-05
   240.000000       35.2555809       4.26615588E-06
   243.750000       35.2555809      -1.89945567E-05
   247.500000       35.2555809      -1.03816856E-05
   251.250000       35.2555809       1.08673703E-05
   255.000000       35.2555809      -7.65279401E-05
   258.750000       35.2555809      -2.94700731E-05
   262.500000       35.2555809       8.73650424E-06
   266.250000       35.2555809      -7.87829049E-06
   270.000000       35.2555809       6.12332951E-05
   273.750000       35.2555809       1.36985909E-05
   277.500000       35.2555809       1.79901253E-05
   281.250000       35.2555809      -1.12459529E-05
   285.000000       35.2555809      -1.57312024E-05
   288.750000       35.2555809       2.22220551E-05
   292.500000       35.2555809       1.99421775E-05
   296.250000       35.2555809      -7.52166379E-05
   300.000000       35.2555809      -8.49917997E-05
   303.750000       35.2555809       4.06547915E-05
   307.500000       35.2555809       1.25213992E-05
   311.250000       35.2555809      -2.55063642E-05
   315.000000       35.2555809      -7.95279630E-06
   318.750000       35.2555809       3.08349263E-05
   322.500000       35.2555809       2.19091307E-05
   326.250000       35.2555809       2.23263633E-05
   330.000000       35.2555809      -6.22426160E-06
   333.750000       35.2555809       5.65196387E-06
   337.500000       35.2555809      -2.53785402E-08
   341.250000       35.2555809      -1.73256267E-05
   345.000000       35.2555809       1.56804454E-05
   348.750000       35.2555809      -3.32251657E-05
   352.500000       35.2555809       4.37046401E-06
   356.250000       35.2555809      -1.35258306E-05
   360.000000       35.2555809       1.67533290E-05
   0.00000000       38.9666100      -1.82196964E-05
   3.75000000       38.9666100      -4.95766290E-06
   7.50000000       38.9666100       7.13064801E-05
   11.2500000       38.9666100      -3.03541310E-06
   15.0000000       38.9666100       3.05916183E-06
   18.7500000       38.9666100      -3.95928510E-06
   22.5000000       38.9666100      -6.81029633E-07
   26.2500000       38.9666100       1.14932191E-05
   30.0000000       38.9666100       6.00470230E-07
   33.7500000       38.9666100      -1.21847261E-05
   37.5000000       38.9666100       1.47963874E-06
   41.2500000       38.9666100       2.42842361E-07
   45.0000000       38.9666100       8.54278915E-06
   48.7500000       38.9666100      -7.47994054E-05
   52.5000000       38.9666100      -1.00836623E-05
   56.2500000       38.9666100      -1.88157428E-05
   60.0000000       38.9666100      -4.51062806E-06
   63.7500000       38.9666100       1.64355151E-06
   67.5000000       38.9666100      -1.49712432E-05
   71.2500000       38.9666100      -6.77560456E-06
   75.0000000       38.9666100       1.13293063E-05
   78.7500000       38.9666100       1.53675210E-05
   82.5000000       38.9666100      -2.59832013E-05
   86.2500000       38.9666100       8.87061469E-06
   90.0000000       38.9666100      -2.16022599E-05
   93.7500000       38.9666100       1.06587540E-05
   97.5000000       38.9666100      -4.75898851E-05
   101.250000       38.9666100      -1.95757020E-05
   105.000000       38.9666100      -1.04773790E-08
   108.750000       38.9666100      -6.52228482E-06
   112.500000       38.9666100       6.30272552E-07
   116.250000       38.9666100       7.09737651E-06
   120.000000       38.9666100       7.24638812E-06
   123.750000       38.9666100      -7.90809281E-06
   127.500000       38.9666100      -1.57312024E-05
   131.250000       38.9666100       7.41030090E-06
   135.000000       38.9666100      -1.12012494E-05
   138.750000       38.9666100       6.99306838E-06
   142.500000       38.9666100       2.01507937E-05
   146.250000       38.9666100      -1.82047952E-05
   150.000000       38.9666100       4.87710349E-06
   153.750000       38.9666100       2.13279855E-05
   157.500000       38.9666100       1.16273295E-05
   161.250000       38.9666100       2.96428334E-05
   165.000000       38.9666100      -1.21847261E-05
   168.750000       38.9666100       2.15664040E-05
   172.500000       38.9666100       3.08896415E-06
   176.250000       38.9666100       8.44046008E-05
   180.000000       38.9666100      -3.76061071E-05
   183.750000       38.9666100      -1.19910110E-05
   187.500000       38.9666100       1.39668118E-05
   191.250000       38.9666100      -1.21633755E-04
   195.000000       38.9666100      -8.74255784E-06
   198.750000       38.9666100       3.02537810E-05
   202.500000       38.9666100       9.57096927E-06
   206.250000       38.9666100       6.11389987E-06
   210.000000       38.9666100      -5.64113725E-05
   213.750000       38.9666100      -5.45785297E-05
   217.500000       38.9666100      -9.96445306E-06
   221.250000       38.9666100       1.89139973E-05
   225.000000       38.9666100       6.00113999E-05
   228.750000       38.9666100       1.63062941E-05
   232.500000       38.9666100       1.34005677E-05
   236.250000       38.9666100      -5.43450005E-06
   240.000000       38.9666100       7.83547293E-05
   243.750000       38.9666100      -3.89968045E-06
   247.500000       38.9666100       1.96292531E-05
   251.250000       38.9666100      -6.70657028E-05
   255.000000       38.9666100       2.57685315E-05
   258.750000       38.9666100      -1.75044406E-05
   262.500000       38.9666100      -9.99425538E-06
   266.250000       38.9666100       1.10312831E-05
   270.000000       38.9666100       4.25125472E-06
   273.750000       38.9666100       2.87636649E-05
   277.500000       38.9666100       1.84967648E-05
   281.250000       38.9666100       4.09528147E-05
   285.000000       38.9666100       2.33396422E-05
   288.750000       38.9666100      -1.78024638E-05
   292.500000       38.9666100      -3.02598346E-05
   296.250000       38.9666100       1.24468934E-05
   300.000000       38.9666100       3.42323910E-05
   303.750000       38.9666100      -4.83845361E-06
   307.500000       38.9666100       2.49489676E-05
   311.250000       38.9666100       4.41118609E-05
   315.000000       38.9666100       5.12942206E-05
   318.750000       38.9666100      -3.51921190E-05
   322.500000       38.9666100       2.31161248E-05
   326.250000       38.9666100      -9.24870837E-05
   330.000000       38.9666100       1.48012768E-05
   333.750000       38.9666100       2.35880725E-06
   337.500000       38.9666100       4.91272658E-08
   341.250000       38.9666100      -1.57908071E-05
   345.000000       38.9666100       7.97654502E-06
   348.750000       38.9666100      -2.04250682E-05
   352.500000       38.9666100       1.55314337E-05
   356.250000       38.9666100       4.14892565E-05
   360.000000       38.9666100      -1.82196964E-05
   0.00000000       42.6776047       7.79284164E-07
   3.75000000       42.6776047       1.39072072E-05
   7.50000000       42.6776047      -2.50593293E-05
   11.2500000       42.6776047      -1.49414409E-05
   15.0000000       42.6776047       3.05916183E-06
   18.7500000       42.6776047      -2.26006377E-05
   22.5000000       42.6776047      -7.00820237E-08
   26.2500000       42.6776047       1.91226136E-05
   30.0000000       42.6776047       2.48595607E-05
   33.7500000       42.6776047      -4.09339555E-06
   37.5000000       42.6776047      -3.91260255E-05
   41.2500000       42.6776047       2.40101945E-05
   45.0000000       42.6776047      -2.04548705E-05
   48.7500000       42.6776047       2.83564441E-06
   52.5000000       42.6776047       6.74976036E-07
   56.2500000       42.6776047      -5.85173257E-06
   60.0000000       42.6776047       6.45173714E-07
   63.7500000       42.6776047      -1.02326740E-05
   67.5000000       42.6776047      -1.26217492E-06
   71.2500000       42.6776047       5.51089179E-05
   75.0000000       42.6776047      -3.20479739E-05
   78.7500000       42.6776047       2.75268685E-05
   82.5000000       42.6776047       1.84818637E-05
   86.2500000       42.6776047      -1.76087487E-05
   90.0000000       42.6776047       4.86220233E-06
   93.7500000       42.6776047      -2.40013469E-05
   97.5000000       42.6776047       1.46969687E-05
   101.250000       42.6776047      -2.39119399E-05
   105.000000       42.6776047      -5.73252328E-06
   108.750000       42.6776047       1.05693471E-05
   112.500000       42.6776047       5.63706271E-06
   116.250000       42.6776047       1.29982363E-05
   120.000000       42.6776047       2.00117938E-06
   123.750000       42.6776047      -1.44199003E-05
   127.500000       42.6776047       1.23425853E-05
   131.250000       42.6776047       6.53113239E-06
   135.000000       42.6776047       4.50357329E-05
   138.750000       42.6776047      -1.26317609E-05
   142.500000       42.6776047       3.93833034E-06
   146.250000       42.6776047      -1.45987142E-05
   150.000000       42.6776047      -7.01402314E-06
   153.750000       42.6776047      -2.73738988E-06
   157.500000       42.6776047       3.45453154E-05
   161.250000       42.6776047       2.64688861E-05
   165.000000       42.6776047       2.50085723E-05
   168.750000       42.6776047      -3.25248111E-05
   172.500000       42.6776047       3.91944777E-05
   176.250000       42.6776047       6.92054164E-05
   180.000000       42.6776047       8.90041701E-06
   183.750000       42.6776047       1.45330559E-05
   187.500000       42.6776047      -3.44321597E-05
   191.250000       42.6776047       1.48459803E-05
   195.000000       42.6776047       5.85361850E-05
   198.750000       42.6776047       1.00776087E-05
   202.500000       42.6776047      -2.68027652E-05
   206.250000       42.6776047       2.46311538E-06
   210.000000       42.6776047       3.25634610E-05
   213.750000       42.6776047       4.78769653E-06
   217.500000       42.6776047      -1.20024430E-04
   221.250000       42.6776047       2.34290492E-05
   225.000000       42.6776047       2.67967116E-05
   228.750000       42.6776047      -2.89336313E-05
   232.500000       42.6776047      -1.13353599E-05
   236.250000       42.6776047       9.92859714E-06
   240.000000       42.6776047      -2.20641959E-05
   243.750000       42.6776047       8.22986476E-06
   247.500000       42.6776047       3.01792752E-05
   251.250000       42.6776047       2.24157702E-05
   255.000000       42.6776047       2.08809506E-05
   258.750000       42.6776047      -1.63272489E-05
   262.500000       42.6776047       1.91177242E-06
   266.250000       42.6776047      -2.98873056E-05
   270.000000       42.6776047       2.70649325E-05
   273.750000       42.6776047       1.15230214E-05
   277.500000       42.6776047       5.27098309E-05
   281.250000       42.6776047       6.82964455E-05
   285.000000       42.6776047      -4.31642402E-05
   288.750000       42.6776047      -7.39947427E-05
   292.500000       42.6776047      -3.09005845E-05
   296.250000       42.6776047      -6.94945920E-05
   300.000000       42.6776047       2.40351073E-06
   303.750000       42.6776047      -6.14975579E-06
   307.500000       42.6776047       9.46666114E-06
   311.250000       42.6776047       7.54192006E-05
   315.000000       42.6776047       6.06223475E-05
   318.750000       42.6776047      -9.60335601E-05
   322.500000       42.6776047       2.96577346E-05
   326.250000       42.6776047       3.70189082E-05
   330.000000       42.6776047      -4.20913566E-05
   333.750000       42.6776047      -1.22592319E-05
   337.500000       42.6776047      -5.70521224E-05
   341.250000       42.6776047      -2.35394109E-05
   345.000000       42.6776047      -9.74093564E-06
   348.750000       42.6776047       8.76630656E-06
   352.500000       42.6776047       9.34745185E-06
   356.250000       42.6776047       2.25449912E-06
   360.000000       42.6776047       7.79284164E-07
   0.00000000       46.3885536      -2.64798291E-06
   3.75000000       46.3885536      -3.30165494E-05
   7.50000000       46.3885536      -3.98908742E-06
   11.2500000       46.3885536       3.22803389E-05
   15.0000000       46.3885536       1.89139973E-05
   18.7500000       46.3885536      -3.11688054E-05
   22.5000000       46.3885536       1.13442075E-05
   26.2500000       46.3885536      -6.33553136E-05
   30.0000000       46.3885536       2.79441010E-05
   33.7500000       46.3885536      -1.11565460E-05
   37.5000000       46.3885536      -2.58837827E-06
   41.2500000       46.3885536      -9.50251706E-06
   45.0000000       46.3885536       1.72152650E-05
   48.7500000       46.3885536      -2.79650558E-05
   52.5000000       46.3885536      -7.69947655E-06
   56.2500000       46.3885536       1.36389863E-05
   60.0000000       46.3885536       2.01060902E-05
   63.7500000       46.3885536      -5.07687218E-06
   67.5000000       46.3885536       9.48156230E-06
   71.2500000       46.3885536      -2.49103177E-05
   75.0000000       46.3885536       3.04426067E-06
   78.7500000       46.3885536       2.80931126E-05
   82.5000000       46.3885536      -5.80702908E-06
   86.2500000       46.3885536      -1.02177728E-05
   90.0000000       46.3885536       3.07753216E-05
   93.7500000       46.3885536       8.39377753E-06
   97.5000000       46.3885536       4.86418139E-05
   101.250000       46.3885536      -4.72024549E-05
   105.000000       46.3885536       2.58232467E-06
   108.750000       46.3885536      -1.47079118E-06
   112.500000       46.3885536      -1.97396148E-05
   116.250000       46.3885536       4.98141162E-06
   120.000000       46.3885536       1.13442075E-05
   123.750000       46.3885536      -2.13042367E-05
   127.500000       46.3885536      -7.17793591E-06
   131.250000       46.3885536       3.45304143E-05
   135.000000       46.3885536      -1.61484350E-05
   138.750000       46.3885536       1.42936362E-04
   142.500000       46.3885536       1.32515561E-05
   146.250000       46.3885536       1.52185094E-05
   150.000000       46.3885536      -3.58626712E-05
   153.750000       46.3885536       1.65447127E-05
   157.500000       46.3885536       6.32251613E-06
   161.250000       46.3885536       3.97160184E-05
   165.000000       46.3885536      -5.83683141E-06
   168.750000       46.3885536      -2.23026145E-05
   172.500000       46.3885536       6.90366141E-06
   176.250000       46.3885536       9.01962630E-06
   180.000000       46.3885536       1.73493754E-05
   183.750000       46.3885536      -8.69785435E-06
   187.500000       46.3885536       5.99070918E-05
   191.250000       46.3885536      -1.00836623E-05
   195.000000       46.3885536       3.44659202E-06
   198.750000       46.3885536      -3.28824390E-05
   202.500000       46.3885536       2.29671132E-05
   206.250000       46.3885536       1.81987416E-05
   210.000000       46.3885536       4.10224311E-06
   213.750000       46.3885536       1.56357419E-05
   217.500000       46.3885536       5.10062091E-06
   221.250000       46.3885536      -8.74255784E-06
   225.000000       46.3885536      -4.16443218E-05
   228.750000       46.3885536      -6.81981910E-05
   232.500000       46.3885536       1.29684340E-05
   236.250000       46.3885536       3.83153092E-05
   240.000000       46.3885536      -3.00214160E-05
   243.750000       46.3885536      -1.11863483E-05
   247.500000       46.3885536      -2.41801608E-05
   251.250000       46.3885536      -3.21224798E-05
   255.000000       46.3885536       2.05233227E-05
   258.750000       46.3885536      -3.24652065E-05
   262.500000       46.3885536       1.08226668E-05
   266.250000       46.3885536       1.03260390E-06
   270.000000       46.3885536      -1.79216731E-05
   273.750000       46.3885536       1.65745150E-05
   277.500000       46.3885536       7.10978638E-05
   281.250000       46.3885536       8.46877228E-05
   285.000000       46.3885536      -2.80395616E-05
   288.750000       46.3885536      -3.48244794E-06
   292.500000       46.3885536       5.02660405E-05
   296.250000       46.3885536       3.32340132E-05
   300.000000       46.3885536       1.93610322E-05
   303.750000       46.3885536      -5.94113953E-06
   307.500000       46.3885536      -7.90809281E-06
   311.250000       46.3885536       1.60529744E-05
   315.000000       46.3885536      -2.01568473E-05
   318.750000       46.3885536       1.85563695E-05
   322.500000       46.3885536       1.27002131E-05
   326.250000       46.3885536      -1.31930457E-04
   330.000000       46.3885536       3.63036525E-05
   333.750000       46.3885536      -4.38049901E-05
   337.500000       46.3885536      -3.20032705E-05
   341.250000       46.3885536       5.93557488E-05
   345.000000       46.3885536      -1.09593617E-04
   348.750000       46.3885536       4.78769653E-06
   352.500000       46.3885536      -1.28403772E-05
   356.250000       46.3885536      -1.15141738E-05
   360.000000       46.3885536      -2.64798291E-06
   0.00000000       50.0994530       1.18657481E-05
   3.75000000       50.0994530       1.25363003E-05
   7.50000000       50.0994530      -2.31370796E-05
   11.2500000       50.0994530      -1.66252721E-05
   15.0000000       50.0994530      -1.31682027E-05
   18.7500000       50.0994530      -1.47924293E-05
   22.5000000       50.0994530       2.13726889E-05
   26.2500000       50.0994530      -1.44587830E-07
   30.0000000       50.0994530      -3.19585670E-05
   33.7500000       50.0994530       1.52036082E-05
   37.5000000       50.0994530       2.73778569E-05
   41.2500000       50.0994530       2.55003106E-05
   45.0000000       50.0994530      -1.51549466E-06
   48.7500000       50.0994530       1.25959050E-05
   52.5000000       50.0994530      -4.45102341E-06
   56.2500000       50.0994530      -4.25730832E-06
   60.0000000       50.0994530      -2.27645505E-05
   63.7500000       50.0994530       5.77117316E-06
   67.5000000       50.0994530       5.01915347E-05
   71.2500000       50.0994530      -1.95458997E-05
   75.0000000       50.0994530       7.97107350E-05
   78.7500000       50.0994530       3.39492690E-05
   82.5000000       50.0994530       6.22465741E-05
   86.2500000       50.0994530      -1.94564927E-05
   90.0000000       50.0994530       5.12495171E-05
   93.7500000       50.0994530      -7.23754056E-06
   97.5000000       50.0994530      -5.03216870E-06
   101.250000       50.0994530      -1.74895395E-05
   105.000000       50.0994530      -4.88315709E-06
   108.750000       50.0994530      -1.45589001E-06
   112.500000       50.0994530      -2.12644227E-06
   116.250000       50.0994530       1.38327014E-05
   120.000000       50.0994530       1.41456258E-05
   123.750000       50.0994530       5.89038245E-06
   127.500000       50.0994530      -4.25730832E-06
   131.250000       50.0994530      -1.79861672E-06
   135.000000       50.0994530      -4.06459440E-05
   138.750000       50.0994530      -4.73812688E-05
   142.500000       50.0994530      -1.78322662E-05
   146.250000       50.0994530      -1.56715978E-05
   150.000000       50.0994530       2.53065955E-05
   153.750000       50.0994530       1.21141784E-06
   157.500000       50.0994530      -1.11118425E-05
   161.250000       50.0994530       1.88692939E-05
   165.000000       50.0994530       2.06127297E-05
   168.750000       50.0994530       1.26704108E-05
   172.500000       50.0994530      -1.24678481E-05
   176.250000       50.0994530       1.03260390E-06
   180.000000       50.0994530      -2.79699452E-06
   183.750000       50.0994530       3.10386531E-06
   187.500000       50.0994530      -1.85624231E-05
   191.250000       50.0994530       1.00627076E-05
   195.000000       50.0994530      -2.98127998E-05
   198.750000       50.0994530       2.41841190E-06
   202.500000       50.0994530       1.98138878E-07
   206.250000       50.0994530      -2.42446549E-06
   210.000000       50.0994530      -2.23026145E-05
   213.750000       50.0994530       6.44172542E-06
   217.500000       50.0994530       3.20121180E-05
   221.250000       50.0994530       3.16246878E-05
   225.000000       50.0994530       4.43502795E-05
   228.750000       50.0994530       3.71381175E-05
   232.500000       50.0994530       4.49165236E-05
   236.250000       50.0994530      -1.75426947E-04
   240.000000       50.0994530       1.55781163E-04
   243.750000       50.0994530       3.08200251E-05
   247.500000       50.0994530       6.52715098E-05
   251.250000       50.0994530       1.42499339E-05
   255.000000       50.0994530       4.61980235E-05
   258.750000       50.0994530       3.67010944E-06
   262.500000       50.0994530      -3.73229850E-05
   266.250000       50.0994530      -4.34671529E-06
   270.000000       50.0994530       1.34005677E-05
   273.750000       50.0994530      -1.12608541E-05
   277.500000       50.0994530       7.91694038E-06
   281.250000       50.0994530       3.72971408E-06
   285.000000       50.0994530       2.79291999E-05
   288.750000       50.0994530      -3.81027348E-06
   292.500000       50.0994530       2.26243865E-05
   296.250000       50.0994530       1.89666403E-04
   300.000000       50.0994530      -1.20208133E-05
   303.750000       50.0994530      -1.41516794E-05
   307.500000       50.0994530       1.85116660E-05
   311.250000       50.0994530       1.05395447E-05
   315.000000       50.0994530       1.03309285E-05
   318.750000       50.0994530       1.43189682E-04
   322.500000       50.0994530       2.10448634E-05
   326.250000       50.0994530       9.19892918E-05
   330.000000       50.0994530       5.27992379E-05
   333.750000       50.0994530       3.21611296E-05
   337.500000       50.0994530      -5.17622102E-05
   341.250000       50.0994530      -1.53139699E-05
   345.000000       50.0994530       5.85569069E-07
   348.750000       50.0994530       7.79773109E-06
   352.500000       50.0994530       2.96975486E-06
   356.250000       50.0994530       7.49970786E-06
   360.000000       50.0994530       1.18657481E-05
   0.00000000       53.8102722      -1.14545692E-05
   3.75000000       53.8102722      -2.97580846E-06
   7.50000000       53.8102722      -1.30936969E-05
   11.2500000       53.8102722       1.20594632E-05
   15.0000000       53.8102722      -4.57023270E-06
   18.7500000       53.8102722      -6.28386624E-06
   22.5000000       53.8102722       1.89437997E-05
   26.2500000       53.8102722      -3.44023574E-05
   30.0000000       53.8102722      -1.43006910E-05
   33.7500000       53.8102722      -8.51904042E-06
   37.5000000       53.8102722      -6.79050572E-06
   41.2500000       53.8102722      -8.42963345E-06
   45.0000000       53.8102722       1.08077656E-05
   48.7500000       53.8102722      -2.34995969E-06
   52.5000000       53.8102722       3.84892337E-06
   56.2500000       53.8102722       4.95160930E-06
   60.0000000       53.8102722       8.67689960E-06
   63.7500000       53.8102722      -1.07393134E-05
   67.5000000       53.8102722      -3.00561078E-06
   71.2500000       53.8102722       3.81364953E-05
   75.0000000       53.8102722      -3.83958686E-05
   78.7500000       53.8102722       9.92859714E-06
   82.5000000       53.8102722      -3.80978454E-05
   86.2500000       53.8102722       1.26853120E-05
   90.0000000       53.8102722       9.67527740E-06
   93.7500000       53.8102722      -1.38685573E-05
   97.5000000       53.8102722      -1.24082435E-05
   101.250000       53.8102722       1.21786725E-05
   105.000000       53.8102722      -2.64798291E-06
   108.750000       53.8102722      -2.16618646E-05
   112.500000       53.8102722      -2.72796024E-05
   116.250000       53.8102722       3.01494729E-05
   120.000000       53.8102722      -4.24240716E-06
   123.750000       53.8102722       8.46828334E-06
   127.500000       53.8102722       1.27151143E-05
   131.250000       53.8102722       5.29333483E-05
   135.000000       53.8102722       6.03690278E-05
   138.750000       53.8102722       2.98961531E-05
   142.500000       53.8102722       2.50830781E-05
   146.250000       53.8102722       2.28628051E-05
   150.000000       53.8102722       5.16022556E-06
   153.750000       53.8102722      -3.06323636E-05
   157.500000       53.8102722      -2.26751436E-05
   161.250000       53.8102722      -5.76721504E-07
   165.000000       53.8102722       7.63381831E-06
   168.750000       53.8102722       9.16863792E-06
   172.500000       53.8102722       4.28105704E-06
   176.250000       53.8102722      -5.55370934E-06
   180.000000       53.8102722       9.55606811E-06
   183.750000       53.8102722      -3.07664741E-05
   187.500000       53.8102722      -3.06472648E-05
   191.250000       53.8102722      -1.78173650E-05
   195.000000       53.8102722      -6.60375226E-05
   198.750000       53.8102722      -6.28784765E-05
   202.500000       53.8102722       4.44098841E-05
   206.250000       53.8102722       1.25512015E-05
   210.000000       53.8102722       3.57076060E-05
   213.750000       53.8102722      -3.39255203E-05
   217.500000       53.8102722       3.47150490E-07
   221.250000       53.8102722      -1.36897434E-05
   225.000000       53.8102722       1.00280158E-06
   228.750000       53.8102722       9.92859714E-06
   232.500000       53.8102722      -2.20094807E-06
   236.250000       53.8102722       4.36052214E-05
   240.000000       53.8102722      -1.14898430E-04
   243.750000       53.8102722      -1.10075343E-05
   247.500000       53.8102722       4.89547383E-05
   251.250000       53.8102722       1.90034043E-05
   255.000000       53.8102722      -1.45838130E-05
   258.750000       53.8102722      -1.33321155E-05
   262.500000       53.8102722      -7.52066262E-06
   266.250000       53.8102722      -1.29893888E-05
   270.000000       53.8102722      -8.60844739E-06
   273.750000       53.8102722       4.31085937E-06
   277.500000       53.8102722      -4.70434316E-06
   281.250000       53.8102722      -6.73090108E-06
   285.000000       53.8102722      -1.36450399E-05
   288.750000       53.8102722      -4.86825593E-06
   292.500000       53.8102722      -2.67133582E-05
   296.250000       53.8102722      -8.42963345E-06
   300.000000       53.8102722       1.02862250E-05
   303.750000       53.8102722      -1.37940515E-05
   307.500000       53.8102722       1.94157474E-06
   311.250000       53.8102722      -5.60686458E-05
   315.000000       53.8102722       3.36661469E-05
   318.750000       53.8102722      -1.86965335E-05
   322.500000       53.8102722       8.00385606E-05
   326.250000       53.8102722       3.95670068E-05
   330.000000       53.8102722       9.76468436E-06
   333.750000       53.8102722       1.93312299E-05
   337.500000       53.8102722      -1.51798595E-05
   341.250000       53.8102722       5.87149989E-05
   345.000000       53.8102722      -2.13787425E-05
   348.750000       53.8102722       1.99719798E-05
   352.500000       53.8102722       5.11552207E-06
   356.250000       53.8102722      -3.52715142E-06
   360.000000       53.8102722      -1.14545692E-05
   0.00000000       57.5209885       2.65135895E-05
   3.75000000       57.5209885      -1.10522378E-05
   7.50000000       57.5209885       6.57583587E-06
   11.2500000       57.5209885      -3.86987813E-06
   15.0000000       57.5209885      -2.57347710E-06
   18.7500000       57.5209885      -7.07362778E-06
   22.5000000       57.5209885       1.79305207E-05
   26.2500000       57.5209885       7.90203921E-06
   30.0000000       57.5209885       1.90928113E-05
   33.7500000       57.5209885       4.92527615E-05
   37.5000000       57.5209885       5.13042323E-06
   41.2500000       57.5209885      -1.89291313E-07
   45.0000000       57.5209885      -7.04382546E-06
   48.7500000       57.5209885      -1.50059350E-06
   52.5000000       57.5209885       2.04588287E-06
   56.2500000       57.5209885      -5.43450005E-06
   60.0000000       57.5209885       7.45500438E-06
   63.7500000       57.5209885       1.68825500E-06
   67.5000000       57.5209885      -1.57509930E-06
   71.2500000       57.5209885      -2.57347710E-06
   75.0000000       57.5209885       1.11802947E-05
   78.7500000       57.5209885       4.08187043E-05
   82.5000000       57.5209885       1.90928113E-05
   86.2500000       57.5209885      -1.03071798E-05
   90.0000000       57.5209885       1.20445620E-05
   93.7500000       57.5209885      -4.39141877E-06
   97.5000000       57.5209885       2.82074325E-06
   101.250000       57.5209885      -5.88153489E-06
   105.000000       57.5209885       1.13293063E-05
   108.750000       57.5209885      -1.68487895E-05
   112.500000       57.5209885      -3.17201484E-05
   116.250000       57.5209885      -1.12161506E-05
   120.000000       57.5209885      -1.01283658E-05
   123.750000       57.5209885       1.21935736E-05
   127.500000       57.5209885      -1.12459529E-05
   131.250000       57.5209885      -7.49086030E-06
   135.000000       57.5209885      -2.55808700E-05
   138.750000       57.5209885       9.40456521E-05
   142.500000       57.5209885      -3.67120374E-05
   146.250000       57.5209885       4.08734195E-06
   150.000000       57.5209885       3.11876647E-06
   153.750000       57.5209885       5.39864413E-06
   157.500000       57.5209885      -1.58504117E-05
   161.250000       57.5209885       8.12555663E-06
   165.000000       57.5209885       7.82753341E-06
   168.750000       57.5209885       3.68501060E-06
   172.500000       57.5209885      -1.11863483E-05
   176.250000       57.5209885      -9.33860429E-06
   180.000000       57.5209885      -6.28386624E-06
   183.750000       57.5209885      -2.44632829E-05
   187.500000       57.5209885       1.90779101E-05
   191.250000       57.5209885      -4.25979961E-05
   195.000000       57.5209885      -9.31427348E-05
   198.750000       57.5209885       7.93184154E-06
   202.500000       57.5209885       1.84222590E-05
   206.250000       57.5209885       2.45764386E-05
   210.000000       57.5209885       1.88990962E-05
   213.750000       57.5209885       3.72275244E-05
   217.500000       57.5209885      -4.13761009E-05
   221.250000       57.5209885       8.78120773E-06
   225.000000       57.5209885       1.11057889E-05
   228.750000       57.5209885      -1.65656675E-05
   232.500000       57.5209885       4.48569190E-05
   236.250000       57.5209885       6.67765271E-05
   240.000000       57.5209885      -5.76481689E-05
   243.750000       57.5209885      -9.45781358E-06
   247.500000       57.5209885       1.29684340E-05
   251.250000       57.5209885       5.64202201E-05
   255.000000       57.5209885      -1.57014001E-05
   258.750000       57.5209885       3.23797576E-06
   262.500000       57.5209885      -8.20611604E-06
   266.250000       57.5209885       2.87487637E-05
   270.000000       57.5209885      -1.57014001E-05
   273.750000       57.5209885      -1.32874120E-05
   277.500000       57.5209885      -1.18419994E-05
   281.250000       57.5209885       2.44821422E-06
   285.000000       57.5209885      -1.39281619E-05
   288.750000       57.5209885      -3.90813220E-05
   292.500000       57.5209885       5.50295226E-06
   296.250000       57.5209885       3.74361407E-05
   300.000000       57.5209885       1.83328521E-05
   303.750000       57.5209885      -2.95147765E-05
   307.500000       57.5209885       4.54927795E-06
   311.250000       57.5209885       3.13713681E-05
   315.000000       57.5209885      -2.00227369E-05
   318.750000       57.5209885       7.56576192E-05
   322.500000       57.5209885      -1.09479297E-05
   326.250000       57.5209885      -3.75912059E-05
   330.000000       57.5209885       6.00959174E-06
   333.750000       57.5209885      -2.72498000E-05
   337.500000       57.5209885      -2.03505624E-05
   341.250000       57.5209885       7.00249802E-05
   345.000000       57.5209885       5.26453368E-06
   348.750000       57.5209885      -1.94762833E-06
   352.500000       57.5209885       9.31764953E-06
   356.250000       57.5209885      -1.59249175E-05
   360.000000       57.5209885       2.65135895E-05
   0.00000000       61.2315712       1.68336555E-07
   3.75000000       61.2315712       1.40513293E-06
   7.50000000       61.2315712       1.12846028E-05
   11.2500000       61.2315712       4.77279536E-06
   15.0000000       61.2315712      -1.05903018E-05
   18.7500000       61.2315712       1.91077124E-05
   22.5000000       61.2315712      -4.15400136E-05
   26.2500000       61.2315712      -9.77918971E-05
   30.0000000       61.2315712       7.49970786E-06
   33.7500000       61.2315712       1.81987416E-05
   37.5000000       61.2315712       2.47801654E-06
   41.2500000       61.2315712      -1.41118653E-06
   45.0000000       61.2315712      -4.27709892E-07
   48.7500000       61.2315712       3.96813266E-06
   52.5000000       61.2315712      -6.06523827E-07
   56.2500000       61.2315712       1.37879979E-05
   60.0000000       61.2315712      -3.28873284E-06
   63.7500000       61.2315712       1.44287478E-05
   67.5000000       61.2315712      -9.26409848E-06
   71.2500000       61.2315712      -9.32370313E-06
   75.0000000       61.2315712       1.92120206E-05
   78.7500000       61.2315712       1.25064980E-05
   82.5000000       61.2315712       3.40684783E-05
   86.2500000       61.2315712      -1.81451906E-05
   90.0000000       61.2315712      -1.45093072E-05
   93.7500000       61.2315712      -1.01283658E-05
   97.5000000       61.2315712      -8.54884274E-06
   101.250000       61.2315712       1.40711199E-05
   105.000000       61.2315712       4.35556285E-06
   108.750000       61.2315712       8.98982398E-06
   112.500000       61.2315712       9.33255069E-06
   116.250000       61.2315712      -2.02313531E-05
   120.000000       61.2315712      -1.66450627E-06
   123.750000       61.2315712      -1.51649583E-05
   127.500000       61.2315712       4.63868491E-06
   131.250000       61.2315712      -8.42963345E-06
   135.000000       61.2315712      -1.49414409E-05
   138.750000       61.2315712      -3.60165723E-06
   142.500000       61.2315712       7.79773109E-06
   146.250000       61.2315712       5.51785342E-06
   150.000000       61.2315712       7.51460902E-06
   153.750000       61.2315712      -1.38138421E-06
   157.500000       61.2315712      -2.11154111E-06
   161.250000       61.2315712       7.19679520E-07
   165.000000       61.2315712      -1.25721563E-05
   168.750000       61.2315712      -9.35350545E-06
   172.500000       61.2315712      -3.39304097E-06
   176.250000       61.2315712      -4.52552922E-06
   180.000000       61.2315712      -1.23784412E-05
   183.750000       61.2315712      -9.51741822E-06
   187.500000       61.2315712      -7.83358701E-06
   191.250000       61.2315712       5.05591743E-06
   195.000000       61.2315712       8.02124850E-06
   198.750000       61.2315712      -4.54043038E-06
   202.500000       61.2315712       6.02449290E-06
   206.250000       61.2315712       4.24131285E-05
   210.000000       61.2315712      -2.55659688E-05
   213.750000       61.2315712       5.16667496E-05
   217.500000       61.2315712      -1.44098885E-06
   221.250000       61.2315712       3.43217980E-05
   225.000000       61.2315712       1.54718291E-05
   228.750000       61.2315712      -2.46916898E-06
   232.500000       61.2315712      -1.37940515E-05
   236.250000       61.2315712       6.54603355E-06
   240.000000       61.2315712       1.24468934E-05
   243.750000       61.2315712      -6.72445167E-05
   247.500000       61.2315712      -2.46122945E-05
   251.250000       61.2315712       1.68725383E-05
   255.000000       61.2315712      -9.48761590E-06
   258.750000       61.2315712       7.24638812E-06
   262.500000       61.2315712      -1.12310518E-05
   266.250000       61.2315712       1.68336555E-07
   270.000000       61.2315712       1.01521146E-05
   273.750000       61.2315712       1.05991494E-05
   277.500000       61.2315712      -3.02051194E-06
   281.250000       61.2315712      -7.25244172E-06
   285.000000       61.2315712      -9.30880196E-06
   288.750000       61.2315712       3.06263100E-05
   292.500000       61.2315712       9.97330062E-06
   296.250000       61.2315712       2.56344210E-05
   300.000000       61.2315712       2.03445088E-05
   303.750000       61.2315712       3.96564137E-05
   307.500000       61.2315712       2.01507937E-05
   311.250000       61.2315712      -1.94762833E-06
   315.000000       61.2315712       2.78695952E-05
   318.750000       61.2315712      -3.07962764E-05
   322.500000       61.2315712       5.86058013E-06
   326.250000       61.2315712       4.12657391E-05
   330.000000       61.2315712      -3.61010898E-05
   333.750000       61.2315712      -9.32370313E-06
   337.500000       61.2315712       1.98627822E-06
   341.250000       61.2315712      -1.35556329E-05
   345.000000       61.2315712      -7.20773824E-06
   348.750000       61.2315712       1.18061434E-05
   352.500000       61.2315712       1.29088294E-05
   356.250000       61.2315712      -1.45540107E-05
   360.000000       61.2315712       1.68336555E-07
   0.00000000       64.9419479      -1.51549466E-06
   3.75000000       64.9419479       2.82570254E-05
   7.50000000       64.9419479      -2.19093636E-07
   11.2500000       64.9419479       2.07617413E-05
   15.0000000       64.9419479       5.14532439E-06
   18.7500000       64.9419479       2.85252463E-05
   22.5000000       64.9419479      -5.55370934E-06
   26.2500000       64.9419479      -3.34337819E-05
   30.0000000       64.9419479      -1.54529698E-06
   33.7500000       64.9419479      -1.73405278E-05
   37.5000000       64.9419479       4.86220233E-06
   41.2500000       64.9419479      -2.66288407E-06
   45.0000000       64.9419479      -9.99425538E-06
   48.7500000       64.9419479       1.39221083E-05
   52.5000000       64.9419479      -1.56417955E-05
   56.2500000       64.9419479      -1.52245630E-05
   60.0000000       64.9419479       7.63381831E-06
   63.7500000       64.9419479       3.28267924E-06
   67.5000000       64.9419479      -1.24380458E-05
   71.2500000       64.9419479      -2.91273464E-05
   75.0000000       64.9419479      -2.17363704E-05
   78.7500000       64.9419479      -4.01888974E-06
   82.5000000       64.9419479       8.22986476E-06
   86.2500000       64.9419479       3.28267924E-06
   90.0000000       64.9419479       1.41605269E-05
   93.7500000       64.9419479      -5.73252328E-06
   97.5000000       64.9419479      -1.64613593E-05
   101.250000       64.9419479       1.65447127E-05
   105.000000       64.9419479       1.40513293E-06
   108.750000       64.9419479      -4.28711064E-06
   112.500000       64.9419479       1.93249434E-08
   116.250000       64.9419479       3.40188853E-06
   120.000000       64.9419479      -1.87312253E-06
   123.750000       64.9419479      -1.44098885E-06
   127.500000       64.9419479      -9.34349373E-07
   131.250000       64.9419479      -8.77236016E-06
   135.000000       64.9419479       5.84567897E-06
   138.750000       64.9419479       3.62540595E-06
   142.500000       64.9419479      -4.43612225E-06
   146.250000       64.9419479      -6.13485463E-06
   150.000000       64.9419479       5.41354530E-06
   153.750000       64.9419479       9.01962630E-06
   157.500000       64.9419479       3.17348167E-07
   161.250000       64.9419479      -7.04382546E-06
   165.000000       64.9419479      -1.31831039E-05
   168.750000       64.9419479       1.42946374E-05
   172.500000       64.9419479      -2.29035504E-06
   176.250000       64.9419479       1.13691203E-06
   180.000000       64.9419479       8.53789970E-07
   183.750000       64.9419479       9.76468436E-06
   187.500000       64.9419479       3.76952812E-07
   191.250000       64.9419479       1.06240623E-06
   195.000000       64.9419479      -1.61484350E-05
   198.750000       64.9419479      -2.96090730E-06
   202.500000       64.9419479       5.11552207E-06
   206.250000       64.9419479      -3.81027348E-06
   210.000000       64.9419479      -1.41367782E-05
   213.750000       64.9419479      -1.58951152E-05
   217.500000       64.9419479      -4.61493619E-06
   221.250000       64.9419479      -3.03541310E-06
   225.000000       64.9419479       1.83237717E-07
   228.750000       64.9419479      -1.43006910E-05
   232.500000       64.9419479       1.66490208E-05
   236.250000       64.9419479       2.95485370E-06
   240.000000       64.9419479       1.15677249E-05
   243.750000       64.9419479       1.76622998E-05
   247.500000       64.9419479       1.94157474E-06
   251.250000       64.9419479      -3.15115321E-05
   255.000000       64.9419479      -1.35109294E-05
   258.750000       64.9419479       6.32251613E-06
   262.500000       64.9419479      -6.03054650E-06
   266.250000       64.9419479      -2.93508638E-05
   270.000000       64.9419479       1.25512015E-05
   273.750000       64.9419479      -7.17793591E-06
   277.500000       64.9419479      -2.95296777E-05
   281.250000       64.9419479       2.81080138E-05
   285.000000       64.9419479       1.43542420E-05
   288.750000       64.9419479       5.71354758E-05
   292.500000       64.9419479       4.28899657E-05
   296.250000       64.9419479      -3.93942464E-05
   300.000000       64.9419479       5.62216155E-06
   303.750000       64.9419479       1.99123751E-05
   307.500000       64.9419479      -9.08032525E-05
   311.250000       64.9419479       5.64500224E-05
   315.000000       64.9419479       8.40171706E-05
   318.750000       64.9419479       1.20296609E-05
   322.500000       64.9419479       1.03309285E-05
   326.250000       64.9419479       1.10759865E-05
   330.000000       64.9419479      -1.68636907E-05
   333.750000       64.9419479       3.54393851E-05
   337.500000       64.9419479       5.65096270E-05
   341.250000       64.9419479       2.98465602E-06
   345.000000       64.9419479       1.05693471E-05
   348.750000       64.9419479       1.85216777E-06
   352.500000       64.9419479       6.82915561E-06
   356.250000       64.9419479      -6.00074418E-06
   360.000000       64.9419479      -1.51549466E-06
   0.00000000       68.6520157      -3.34833749E-06
   3.75000000       68.6520157       1.23633072E-07
   7.50000000       68.6520157       3.58070247E-06
   11.2500000       68.6520157       1.09220855E-06
   15.0000000       68.6520157       7.05267303E-06
   18.7500000       68.6520157       6.01902138E-05
   22.5000000       68.6520157      -2.18853820E-05
   26.2500000       68.6520157      -1.75391324E-06
   30.0000000       68.6520157      -1.84730161E-05
   33.7500000       68.6520157       1.53377187E-05
   37.5000000       68.6520157       6.63544051E-06
   41.2500000       68.6520157       5.21983020E-06
   45.0000000       68.6520157      -1.13651622E-05
   48.7500000       68.6520157       6.18840568E-06
   52.5000000       68.6520157       1.37533061E-06
   56.2500000       68.6520157      -8.75745900E-06
   60.0000000       68.6520157      -1.69530977E-05
   63.7500000       68.6520157      -1.55970920E-05
   67.5000000       68.6520157      -1.17674936E-05
   71.2500000       68.6520157      -7.53556378E-06
   75.0000000       68.6520157      -1.04561914E-05
   78.7500000       68.6520157       2.40351073E-06
   82.5000000       68.6520157      -3.09501775E-06
   86.2500000       68.6520157       4.66848724E-06
   90.0000000       68.6520157      -7.63987191E-06
   93.7500000       68.6520157      -1.44587830E-07
   97.5000000       68.6520157      -7.13323243E-06
   101.250000       68.6520157      -5.17116860E-07
   105.000000       68.6520157       3.49129550E-06
   108.750000       68.6520157       2.09058635E-06
   112.500000       68.6520157       3.59560363E-06
   116.250000       68.6520157       3.62051651E-07
   120.000000       68.6520157      -6.74580224E-06
   123.750000       68.6520157      -2.97580846E-06
   127.500000       68.6520157       1.43542420E-05
   131.250000       68.6520157       2.71643512E-06
   135.000000       68.6520157      -1.67295802E-05
   138.750000       68.6520157      -9.53231938E-06
   142.500000       68.6520157      -1.09826215E-06
   146.250000       68.6520157       2.07568519E-06
   150.000000       68.6520157      -2.26055272E-06
   153.750000       68.6520157       9.77958553E-06
   157.500000       68.6520157       2.10548751E-06
   161.250000       68.6520157      -1.71766151E-05
   165.000000       68.6520157       1.06587540E-05
   168.750000       68.6520157       1.10461842E-05
   172.500000       68.6520157      -8.11670907E-06
   176.250000       68.6520157      -5.55370934E-06
   180.000000       68.6520157       1.64355151E-06
   183.750000       68.6520157      -2.19093636E-07
   187.500000       68.6520157      -1.27956737E-05
   191.250000       68.6520157       8.30437057E-06
   195.000000       68.6520157       2.16509216E-06
   198.750000       68.6520157       2.99955718E-06
   202.500000       68.6520157      -8.10180791E-06
   206.250000       68.6520157      -1.17276795E-06
   210.000000       68.6520157       7.48480670E-06
   213.750000       68.6520157      -1.32177956E-06
   217.500000       68.6520157      -2.96090730E-06
   221.250000       68.6520157      -1.20208133E-05
   225.000000       68.6520157       1.35495793E-05
   228.750000       68.6520157      -3.06521542E-06
   232.500000       68.6520157      -4.45102341E-06
   236.250000       68.6520157       2.15019099E-06
   240.000000       68.6520157       3.11627518E-05
   243.750000       68.6520157       4.71319072E-06
   247.500000       68.6520157       5.25964424E-07
   251.250000       68.6520157       2.22469680E-06
   255.000000       68.6520157       8.17026012E-06
   258.750000       68.6520157      -1.63421500E-05
   262.500000       68.6520157      -3.62053979E-05
   266.250000       68.6520157       2.12087762E-05
   270.000000       68.6520157       9.49646346E-06
   273.750000       68.6520157      -2.00823415E-05
   277.500000       68.6520157      -3.26887239E-05
   281.250000       68.6520157       2.75268685E-05
   285.000000       68.6520157      -2.37927306E-05
   288.750000       68.6520157       5.30078541E-05
   292.500000       68.6520157       8.88004433E-05
   296.250000       68.6520157       1.27449166E-05
   300.000000       68.6520157      -5.33019193E-06
   303.750000       68.6520157       4.53337561E-05
   307.500000       68.6520157       9.02905595E-05
   311.250000       68.6520157       3.82259022E-05
   315.000000       68.6520157      -6.68123830E-05
   318.750000       68.6520157       8.21396243E-05
   322.500000       68.6520157      -3.10793985E-05
   326.250000       68.6520157       1.97633635E-05
   330.000000       68.6520157      -1.08336098E-06
   333.750000       68.6520157       1.37283932E-05
   337.500000       68.6520157      -3.52219213E-05
   341.250000       68.6520157       2.87785660E-05
   345.000000       68.6520157       2.69904267E-05
   348.750000       68.6520157       7.39539973E-06
   352.500000       68.6520157       1.99421775E-05
   356.250000       68.6520157      -4.03379090E-06
   360.000000       68.6520157      -3.34833749E-06
   0.00000000       72.3615875       5.47314994E-06
   3.75000000       72.3615875       1.22084748E-05
   7.50000000       72.3615875      -2.23075040E-06
   11.2500000       72.3615875       6.96326606E-06
   15.0000000       72.3615875      -4.58513387E-06
   18.7500000       72.3615875       6.63544051E-06
   22.5000000       72.3615875       1.54569279E-05
   26.2500000       72.3615875       1.00478064E-05
   30.0000000       72.3615875       3.35718505E-06
   33.7500000       72.3615875       1.37134921E-05
   37.5000000       72.3615875      -2.30525620E-06
   41.2500000       72.3615875       9.43196937E-07
   45.0000000       72.3615875       5.47314994E-06
   48.7500000       72.3615875       2.95485370E-06
   52.5000000       72.3615875      -2.91620381E-06
   56.2500000       72.3615875      -1.17972959E-05
   60.0000000       72.3615875      -1.14545692E-05
   63.7500000       72.3615875      -1.00687612E-05
   67.5000000       72.3615875      -3.25893052E-06
   71.2500000       72.3615875       6.05429523E-06
   75.0000000       72.3615875       9.71998088E-06
   78.7500000       72.3615875      -4.95766290E-06
   82.5000000       72.3615875       3.40188853E-06
   86.2500000       72.3615875      -3.22912820E-06
   90.0000000       72.3615875      -2.91620381E-06
   93.7500000       72.3615875       7.30599277E-06
   97.5000000       72.3615875      -2.48895958E-07
   101.250000       72.3615875       1.61374919E-06
   105.000000       72.3615875       4.75789420E-06
   108.750000       72.3615875      -3.73576768E-06
   112.500000       72.3615875      -1.34066213E-05
   116.250000       72.3615875      -8.48923810E-06
   120.000000       72.3615875      -1.00240577E-05
   123.750000       72.3615875       2.06078403E-06
   127.500000       72.3615875       5.32413833E-06
   131.250000       72.3615875       4.53437679E-06
   135.000000       72.3615875      -2.04192474E-07
   138.750000       72.3615875       6.30761497E-06
   142.500000       72.3615875      -3.15462239E-06
   146.250000       72.3615875      -1.33668073E-06
   150.000000       72.3615875       3.44659202E-06
   153.750000       72.3615875       2.62702815E-06
   157.500000       72.3615875       3.19327228E-06
   161.250000       72.3615875       4.75789420E-06
   165.000000       72.3615875       8.53789970E-07
   168.750000       72.3615875      -8.37002881E-06
   172.500000       72.3615875      -5.38979657E-06
   176.250000       72.3615875      -4.30201180E-06
   180.000000       72.3615875       3.10386531E-06
   183.750000       72.3615875       2.41841190E-06
   187.500000       72.3615875       2.25449912E-06
   191.250000       72.3615875       6.84405677E-06
   195.000000       72.3615875       5.16022556E-06
   198.750000       72.3615875       3.58070247E-06
   202.500000       72.3615875       1.39023177E-06
   206.250000       72.3615875      -5.91133721E-06
   210.000000       72.3615875       5.23473136E-06
   213.750000       72.3615875       2.92505138E-06
   217.500000       72.3615875       3.62051651E-07
   221.250000       72.3615875       8.66199844E-06
   225.000000       72.3615875       4.99631278E-06
   228.750000       72.3615875      -8.92137177E-06
   232.500000       72.3615875      -4.68944199E-06
   236.250000       72.3615875      -2.15624459E-06
   240.000000       72.3615875      -1.31533016E-05
   243.750000       72.3615875       2.71643512E-06
   247.500000       72.3615875       1.08375680E-05
   251.250000       72.3615875      -1.27956737E-05
   255.000000       72.3615875       8.96002166E-06
   258.750000       72.3615875       1.18161552E-06
   262.500000       72.3615875       1.34303700E-05
   266.250000       72.3615875      -4.31691296E-06
   270.000000       72.3615875      -2.52877362E-06
   273.750000       72.3615875      -5.70272096E-06
   277.500000       72.3615875      -1.37046445E-05
   281.250000       72.3615875       1.95547473E-05
   285.000000       72.3615875       4.66152560E-05
   288.750000       72.3615875      -5.86663373E-06
   292.500000       72.3615875      -3.94389499E-05
   296.250000       72.3615875      -2.82679684E-06
   300.000000       72.3615875       5.12197148E-05
   303.750000       72.3615875       4.65556514E-05
   307.500000       72.3615875       6.30065333E-05
   311.250000       72.3615875       4.36557457E-07
   315.000000       72.3615875      -1.23039354E-05
   318.750000       72.3615875       7.00796954E-06
   322.500000       72.3615875       3.20419203E-05
   326.250000       72.3615875      -1.48222316E-05
   330.000000       72.3615875      -3.91260255E-05
   333.750000       72.3615875       4.20853030E-05
   337.500000       72.3615875      -2.74584163E-05
   341.250000       72.3615875      -5.94113953E-06
   345.000000       72.3615875      -8.11670907E-06
   348.750000       72.3615875      -1.60292257E-05
   352.500000       72.3615875      -8.02730210E-06
   356.250000       72.3615875      -9.04547051E-07
   360.000000       72.3615875       5.47314994E-06
   0.00000000       76.0702438      -1.62676442E-05
   3.75000000       76.0702438       3.92342918E-06
   7.50000000       76.0702438      -2.53785402E-08
   11.2500000       76.0702438       1.31572597E-06
   15.0000000       76.0702438       3.10386531E-06
   18.7500000       76.0702438       9.60077159E-06
   22.5000000       76.0702438       1.14634167E-05
   26.2500000       76.0702438      -4.36161645E-06
   30.0000000       76.0702438      -1.66401733E-05
   33.7500000       76.0702438       3.25287692E-06
   37.5000000       76.0702438       8.48318450E-06
   41.2500000       76.0702438       1.60529744E-05
   45.0000000       76.0702438       8.98493454E-07
   48.7500000       76.0702438       1.09220855E-06
   52.5000000       76.0702438       3.04426067E-06
   56.2500000       76.0702438       2.92505138E-06
   60.0000000       76.0702438       5.81587665E-06
   63.7500000       76.0702438      -4.97256406E-06
   67.5000000       76.0702438      -8.49831849E-08
   71.2500000       76.0702438      -4.46592458E-06
   75.0000000       76.0702438      -3.13972123E-06
   78.7500000       76.0702438      -7.87829049E-06
   82.5000000       76.0702438      -6.17955811E-06
   86.2500000       76.0702438      -2.87150033E-06
   90.0000000       76.0702438      -3.57185490E-06
   93.7500000       76.0702438       2.19489448E-06
   97.5000000       76.0702438       9.24314372E-06
   101.250000       76.0702438      -6.67129643E-06
   105.000000       76.0702438      -9.26409848E-06
   108.750000       76.0702438      -6.11995347E-06
   112.500000       76.0702438       1.98627822E-06
   116.250000       76.0702438      -1.59488991E-07
   120.000000       76.0702438      -2.90130265E-06
   123.750000       76.0702438      -2.88640149E-06
   127.500000       76.0702438       1.98627822E-06
   131.250000       76.0702438       2.53762119E-06
   135.000000       76.0702438      -9.79052857E-07
   138.750000       76.0702438       9.48156230E-06
   142.500000       76.0702438       3.46149318E-06
   146.250000       76.0702438       7.49481842E-07
   150.000000       76.0702438       3.42261046E-08
   153.750000       76.0702438       2.49291770E-06
   157.500000       76.0702438       1.22631900E-06
   161.250000       76.0702438      -5.76721504E-07
   165.000000       76.0702438      -2.08173878E-06
   168.750000       76.0702438      -8.23591836E-06
   172.500000       76.0702438      -3.24402936E-06
   176.250000       76.0702438       4.72809188E-06
   180.000000       76.0702438       5.66686504E-06
   183.750000       76.0702438       2.85054557E-06
   187.500000       76.0702438      -4.62983735E-06
   191.250000       76.0702438      -1.03071798E-05
   195.000000       76.0702438      -7.86338933E-06
   198.750000       76.0702438      -6.90971501E-06
   202.500000       76.0702438       6.32251613E-06
   206.250000       76.0702438       1.88197009E-06
   210.000000       76.0702438      -6.32856973E-06
   213.750000       76.0702438      -7.40634277E-07
   217.500000       76.0702438       2.52272002E-06
   221.250000       76.0702438      -1.01581682E-05
   225.000000       76.0702438       1.97186600E-05
   228.750000       76.0702438      -4.91295941E-06
   232.500000       76.0702438       5.50295226E-06
   236.250000       76.0702438      -1.42608769E-06
   240.000000       76.0702438      -9.44291241E-06
   243.750000       76.0702438      -2.78698280E-07
   247.500000       76.0702438      -3.42284329E-06
   251.250000       76.0702438      -1.57014001E-05
   255.000000       76.0702438      -2.29731668E-05
   258.750000       76.0702438       1.76772010E-05
   262.500000       76.0702438       1.71805732E-06
   266.250000       76.0702438       1.92269217E-05
   270.000000       76.0702438      -1.85326207E-05
   273.750000       76.0702438       1.38327014E-05
   277.500000       76.0702438       2.22816598E-05
   281.250000       76.0702438       6.15371391E-07
   285.000000       76.0702438       1.38625037E-05
   288.750000       76.0702438      -2.24665273E-05
   292.500000       76.0702438      -4.07204498E-05
   296.250000       76.0702438       3.32191121E-05
   300.000000       76.0702438       5.22329938E-05
   303.750000       76.0702438       5.25012147E-05
   307.500000       76.0702438       1.95249449E-05
   311.250000       76.0702438       1.31621491E-05
   315.000000       76.0702438      -5.07687218E-06
   318.750000       76.0702438       3.11876647E-06
   322.500000       76.0702438      -6.29231799E-05
   326.250000       76.0702438      -3.20032705E-05
   330.000000       76.0702438       6.48095738E-05
   333.750000       76.0702438      -2.39466317E-06
   337.500000       76.0702438      -7.15807546E-05
   341.250000       76.0702438       5.52430283E-05
   345.000000       76.0702438      -2.94104684E-05
   348.750000       76.0702438       6.78445213E-06
   352.500000       76.0702438       4.96651046E-06
   356.250000       76.0702438      -1.21698249E-05
   360.000000       76.0702438      -1.62676442E-05
   0.00000000       79.7770462      -4.02797014E-08
   3.75000000       79.7770462       4.10224311E-06
   7.50000000       79.7770462       4.31085937E-06
   11.2500000       79.7770462       4.50457446E-06
   15.0000000       79.7770462       1.96590554E-05
   18.7500000       79.7770462       1.21190678E-05
   22.5000000       79.7770462       5.13042323E-06
   26.2500000       79.7770462      -1.99233182E-06
   30.0000000       79.7770462      -3.91458161E-06
   33.7500000       79.7770462      -3.22912820E-06
   37.5000000       79.7770462       7.34580681E-07
   41.2500000       79.7770462      -3.23401764E-07
   45.0000000       79.7770462       1.02117192E-05
   48.7500000       79.7770462       1.21190678E-05
   52.5000000       79.7770462       2.82074325E-06
   56.2500000       79.7770462      -2.29035504E-06
   60.0000000       79.7770462      -4.98746522E-06
   63.7500000       79.7770462      -3.82517464E-06
   67.5000000       79.7770462      -4.57512215E-07
   71.2500000       79.7770462      -4.10829671E-06
   75.0000000       79.7770462      -4.01888974E-06
   78.7500000       79.7770462       1.47963874E-06
   82.5000000       79.7770462       2.31410377E-06
   86.2500000       79.7770462      -9.04547051E-07
   90.0000000       79.7770462       1.00280158E-06
   93.7500000       79.7770462       1.27102248E-06
   97.5000000       79.7770462      -5.07687218E-06
   101.250000       79.7770462       7.38049857E-06
   105.000000       79.7770462       1.13691203E-06
   108.750000       79.7770462      -9.11508687E-06
   112.500000       79.7770462      -9.77073796E-06
   116.250000       79.7770462      -4.97256406E-06
   120.000000       79.7770462       2.25449912E-06
   123.750000       79.7770462       4.91272658E-08
   127.500000       79.7770462       4.41516750E-06
   131.250000       79.7770462       3.89362685E-06
   135.000000       79.7770462      -9.87504609E-06
   138.750000       79.7770462      -7.17793591E-06
   142.500000       79.7770462       4.84730117E-06
   146.250000       79.7770462       8.09086487E-07
   150.000000       79.7770462      -5.97094186E-06
   153.750000       79.7770462      -7.87829049E-06
   157.500000       79.7770462      -2.46916898E-06
   161.250000       79.7770462      -1.99233182E-06
   165.000000       79.7770462      -8.74744728E-07
   168.750000       79.7770462       1.83726661E-06
   172.500000       79.7770462       2.27941200E-07
   176.250000       79.7770462      -1.18766911E-06
   180.000000       79.7770462      -1.29686669E-07
   183.750000       79.7770462       3.56580131E-06
   187.500000       79.7770462       4.89200465E-06
   191.250000       79.7770462      -1.24727376E-06
   195.000000       79.7770462      -6.13485463E-06
   198.750000       79.7770462      -5.79212792E-06
   202.500000       79.7770462      -3.84007581E-06
   206.250000       79.7770462      -3.49734910E-06
   210.000000       79.7770462      -1.61484350E-05
   213.750000       79.7770462      -1.29744876E-05
   217.500000       79.7770462       1.55314337E-05
   221.250000       79.7770462      -2.91620381E-06
   225.000000       79.7770462       4.04263847E-06
   228.750000       79.7770462      -2.69268639E-06
   232.500000       79.7770462       2.31410377E-06
   236.250000       79.7770462      -1.36301387E-05
   240.000000       79.7770462      -2.00723298E-06
   243.750000       79.7770462       2.96130311E-05
   247.500000       79.7770462       2.72586476E-05
   251.250000       79.7770462      -4.72413376E-07
   255.000000       79.7770462      -7.40145333E-06
   258.750000       79.7770462       1.43840443E-05
   262.500000       79.7770462       1.09269749E-05
   266.250000       79.7770462       9.16863792E-06
   270.000000       79.7770462       4.32576053E-06
   273.750000       79.7770462      -3.82517464E-06
   277.500000       79.7770462       1.92667358E-06
   281.250000       79.7770462       2.01507937E-05
   285.000000       79.7770462       1.85861718E-05
   288.750000       79.7770462       8.17026012E-06
   292.500000       79.7770462      -1.42608769E-06
   296.250000       79.7770462       2.74672639E-05
   300.000000       79.7770462       4.78371512E-05
   303.750000       79.7770462       3.05667054E-05
   307.500000       79.7770462       9.82428901E-06
   311.250000       79.7770462      -2.78209336E-06
   315.000000       79.7770462      -1.79663766E-05
   318.750000       79.7770462       3.26777808E-06
   322.500000       79.7770462       1.31572597E-06
   326.250000       79.7770462       2.10597645E-05
   330.000000       79.7770462       1.63062941E-05
   333.750000       79.7770462      -2.59235967E-05
   337.500000       79.7770462       4.05753963E-06
   341.250000       79.7770462      -1.30489934E-05
   345.000000       79.7770462       7.88713805E-06
   348.750000       79.7770462       4.57908027E-06
   352.500000       79.7770462      -5.33019193E-06
   356.250000       79.7770462      -5.22588380E-06
   360.000000       79.7770462      -4.02797014E-08
   0.00000000       83.4789200       1.88543927E-05
   3.75000000       83.4789200       1.49055850E-05
   7.50000000       83.4789200       6.85895793E-06
   11.2500000       83.4789200      -2.61818059E-06
   15.0000000       83.4789200      -3.60165723E-06
   18.7500000       83.4789200       1.28592364E-06
   22.5000000       83.4789200       2.52272002E-06
   26.2500000       83.4789200      -8.30041245E-07
   30.0000000       83.4789200      -3.51225026E-06
   33.7500000       83.4789200      -3.82517464E-06
   37.5000000       83.4789200      -3.46754678E-06
   41.2500000       83.4789200      -1.97743066E-06
   45.0000000       83.4789200       5.55766746E-07
   48.7500000       83.4789200       3.81912105E-06
   52.5000000       83.4789200       6.68014400E-06
   56.2500000       83.4789200       8.25966708E-06
   60.0000000       83.4789200       6.69504516E-06
   63.7500000       83.4789200       2.25449912E-06
   67.5000000       83.4789200      -1.75391324E-06
   71.2500000       83.4789200      -2.61818059E-06
   75.0000000       83.4789200      -3.15462239E-06
   78.7500000       83.4789200      -3.92948277E-06
   82.5000000       83.4789200      -2.81189568E-06
   86.2500000       83.4789200       1.01770274E-06
   90.0000000       83.4789200       3.83402221E-06
   93.7500000       83.4789200       2.83564441E-06
   97.5000000       83.4789200      -7.00820237E-08
   101.250000       83.4789200       4.91272658E-08
   105.000000       83.4789200       4.42378223E-09
   108.750000       83.4789200      -5.25568612E-06
   112.500000       83.4789200      -5.91133721E-06
   116.250000       83.4789200       2.77603976E-06
   120.000000       83.4789200       6.70994632E-06
   123.750000       83.4789200      -4.27709892E-07
   127.500000       83.4789200      -1.99233182E-06
   131.250000       83.4789200       4.91272658E-08
   135.000000       83.4789200      -3.16952355E-06
   138.750000       83.4789200      -7.71437772E-06
   142.500000       83.4789200      -9.91974957E-06
   146.250000       83.4789200      -8.42963345E-06
   150.000000       83.4789200      -6.07524998E-06
   153.750000       83.4789200      -4.46592458E-06
   157.500000       83.4789200      -2.49897130E-06
   161.250000       83.4789200      -3.38302925E-07
   165.000000       83.4789200       1.46473758E-06
   168.750000       83.4789200       2.25449912E-06
   172.500000       83.4789200       3.32738273E-06
   176.250000       83.4789200       3.69991176E-06
   180.000000       83.4789200       1.98627822E-06
   183.750000       83.4789200      -4.72413376E-07
   187.500000       83.4789200      -1.20257027E-06
   191.250000       83.4789200       3.62051651E-07
   195.000000       83.4789200       4.90690582E-06
   198.750000       83.4789200       1.07779633E-05
   202.500000       83.4789200       1.15677249E-05
   206.250000       83.4789200       2.61212699E-06
   210.000000       83.4789200      -5.47920354E-06
   213.750000       83.4789200       2.46311538E-06
   217.500000       83.4789200       1.40413176E-05
   221.250000       83.4789200       1.05991494E-05
   225.000000       83.4789200       3.81912105E-06
   228.750000       83.4789200       4.78769653E-06
   232.500000       83.4789200       9.40705650E-06
   236.250000       83.4789200       7.05267303E-06
   240.000000       83.4789200      -7.16303475E-06
   243.750000       83.4789200      -2.63797119E-07
   247.500000       83.4789200       3.01792752E-05
   251.250000       83.4789200       4.04163729E-05
   255.000000       83.4789200      -9.36840661E-06
   258.750000       83.4789200      -2.75478233E-05
   262.500000       83.4789200      -1.02326740E-05
   266.250000       83.4789200      -2.56404746E-05
   270.000000       83.4789200      -1.44646037E-05
   273.750000       83.4789200       2.06127297E-05
   277.500000       83.4789200       8.78120773E-06
   281.250000       83.4789200       1.98138878E-07
   285.000000       83.4789200       1.27102248E-06
   288.750000       83.4789200      -2.93599442E-07
   292.500000       83.4789200      -7.25733116E-07
   296.250000       83.4789200      -6.65639527E-06
   300.000000       83.4789200      -5.24078496E-06
   303.750000       83.4789200      -3.86987813E-06
   307.500000       83.4789200      -8.41473229E-06
   311.250000       83.4789200      -1.32725108E-05
   315.000000       83.4789200      -9.63662751E-06
   318.750000       83.4789200      -3.21422704E-06
   322.500000       83.4789200      -4.10829671E-06
   326.250000       83.4789200      -1.93272717E-06
   330.000000       83.4789200      -1.08336098E-06
   333.750000       83.4789200      -1.24380458E-05
   337.500000       83.4789200      -1.01879705E-05
   341.250000       83.4789200      -9.91974957E-06
   345.000000       83.4789200      -3.15462239E-06
   348.750000       83.4789200       7.67852180E-06
   352.500000       83.4789200       1.91822182E-05
   356.250000       83.4789200       2.24157702E-05
   360.000000       83.4789200       1.88543927E-05
   0.00000000       87.1590958       1.05991494E-05
   3.75000000       87.1590958       5.68176620E-06
   7.50000000       87.1590958       7.19679520E-07
   11.2500000       87.1590958      -2.51387246E-06
   15.0000000       87.1590958      -3.86987813E-06
   18.7500000       87.1590958      -4.98746522E-06
   22.5000000       87.1590958      -5.62821515E-06
   26.2500000       87.1590958      -5.46430238E-06
   30.0000000       87.1590958      -5.22588380E-06
   33.7500000       87.1590958      -5.03216870E-06
   37.5000000       87.1590958      -4.55533154E-06
   41.2500000       87.1590958      -3.94438393E-06
   45.0000000       87.1590958      -3.48244794E-06
   48.7500000       87.1590958      -3.10991891E-06
   52.5000000       87.1590958      -2.73738988E-06
   56.2500000       87.1590958      -2.72248872E-06
   60.0000000       87.1590958      -2.76719220E-06
   63.7500000       87.1590958      -2.54367478E-06
   67.5000000       87.1590958      -2.39466317E-06
   71.2500000       87.1590958      -2.34995969E-06
   75.0000000       87.1590958      -2.11154111E-06
   78.7500000       87.1590958      -1.90292485E-06
   82.5000000       87.1590958      -2.06683762E-06
   86.2500000       87.1590958      -2.81189568E-06
   90.0000000       87.1590958      -4.24240716E-06
   93.7500000       87.1590958      -6.03054650E-06
   97.5000000       87.1590958      -7.74418004E-06
   101.250000       87.1590958      -8.93627293E-06
   105.000000       87.1590958      -8.84686597E-06
   108.750000       87.1590958      -7.04382546E-06
   112.500000       87.1590958      -3.91458161E-06
   116.250000       87.1590958      -4.12808731E-07
   120.000000       87.1590958       2.41841190E-06
   123.750000       87.1590958       4.72809188E-06
   127.500000       87.1590958       7.32089393E-06
   131.250000       87.1590958       1.07779633E-05
   135.000000       87.1590958       1.49949919E-05
   138.750000       87.1590958       1.84967648E-05
   142.500000       87.1590958       1.96292531E-05
   146.250000       87.1590958       1.76026952E-05
   150.000000       87.1590958       1.30429398E-05
   153.750000       87.1590958       8.21496360E-06
   157.500000       87.1590958       4.69828956E-06
   161.250000       87.1590958       3.26777808E-06
   165.000000       87.1590958       4.40026633E-06
   168.750000       87.1590958       6.75464980E-06
   172.500000       87.1590958       9.07923095E-06
   176.250000       87.1590958       1.16124284E-05
   180.000000       87.1590958       1.36389863E-05
   183.750000       87.1590958       1.43542420E-05
   187.500000       87.1590958       1.45330559E-05
   191.250000       87.1590958       1.38625037E-05
   195.000000       87.1590958       1.14336144E-05
   198.750000       87.1590958       7.96164386E-06
   202.500000       87.1590958       3.98303382E-06
   206.250000       87.1590958       4.91272658E-08
   210.000000       87.1590958      -2.91620381E-06
   213.750000       87.1590958      -5.97094186E-06
   217.500000       87.1590958      -9.20449384E-06
   221.250000       87.1590958      -1.10373367E-05
   225.000000       87.1590958      -1.25274528E-05
   228.750000       87.1590958      -1.43006910E-05
   232.500000       87.1590958      -1.45391095E-05
   236.250000       87.1590958      -1.34066213E-05
   240.000000       87.1590958      -1.00389589E-05
   243.750000       87.1590958      -1.51549466E-06
   247.500000       87.1590958       1.06438529E-05
   251.250000       87.1590958       2.19985377E-05
   255.000000       87.1590958       2.92405020E-05
   258.750000       87.1590958       2.96428334E-05
   262.500000       87.1590958       2.35631596E-05
   266.250000       87.1590958       1.39817130E-05
   270.000000       87.1590958       2.03098170E-06
   273.750000       87.1590958      -1.20953191E-05
   277.500000       87.1590958      -2.61769164E-05
   281.250000       87.1590958      -3.73229850E-05
   285.000000       87.1590958      -4.27321065E-05
   288.750000       87.1590958      -3.99008859E-05
   292.500000       87.1590958      -2.99171079E-05
   296.250000       87.1590958      -1.80259813E-05
   300.000000       87.1590958      -8.25081952E-06
   303.750000       87.1590958      -2.42446549E-06
   307.500000       87.1590958      -2.75229104E-06
   311.250000       87.1590958      -8.84686597E-06
   315.000000       87.1590958      -1.64613593E-05
   318.750000       87.1590958      -2.25857366E-05
   322.500000       87.1590958      -2.63855327E-05
   326.250000       87.1590958      -2.64153350E-05
   330.000000       87.1590958      -2.22877134E-05
   333.750000       87.1590958      -1.53735746E-05
   337.500000       87.1590958      -6.85011037E-06
   341.250000       87.1590958       1.77766196E-06
   345.000000       87.1590958       8.98982398E-06
   348.750000       87.1590958       1.43393409E-05
   352.500000       87.1590958       1.66788232E-05
   356.250000       87.1590958       1.48459803E-05
   360.000000       87.1590958       1.05991494E-05
