   0.00000000      -87.1590958      -8.52392986E-07
   3.75000000      -87.1590958      -4.60748561E-06
   7.50000000      -87.1590958      -3.50479968E-06
   11.2500000      -87.1590958       2.20490620E-07
   15.0000000      -87.1590958      -7.75326043E-08
   18.7500000      -87.1590958      -2.64053233E-06
   22.5000000      -87.1590958      -2.31270678E-06
   26.2500000      -87.1590958      -2.19349749E-06
   30.0000000      -87.1590958      -3.71341594E-06
   33.7500000      -87.1590958      -2.99816020E-06
   37.5000000      -87.1590958      -4.45847400E-06
   41.2500000      -87.1590958      -1.26541127E-05
   45.0000000      -87.1590958      -1.98662747E-05
   48.7500000      -87.1590958      -2.09391583E-05
   52.5000000      -87.1590958      -1.92702282E-05
   56.2500000      -87.1590958      -1.58429611E-05
   60.0000000      -87.1590958      -1.21176708E-05
   63.7500000      -87.1590958      -1.11043919E-05
   67.5000000      -87.1590958      -1.05977524E-05
   71.2500000      -87.1590958      -8.48178752E-06
   75.0000000      -87.1590958      -6.12740405E-06
   78.7500000      -87.1590958      -3.59420665E-06
   82.5000000      -87.1590958       1.31083652E-07
   86.2500000      -87.1590958       5.37629239E-06
   90.0000000      -87.1590958       9.60822217E-06
   93.7500000      -87.1590958       8.74395482E-06
   97.5000000      -87.1590958       5.25708310E-06
   101.250000      -87.1590958       4.72064130E-06
   105.000000      -87.1590958       5.01866452E-06
   108.750000      -87.1590958       3.05171125E-06
   112.500000      -87.1590958       2.51526944E-06
   116.250000      -87.1590958       2.84309499E-06
   120.000000      -87.1590958       1.20396726E-06
   123.750000      -87.1590958       1.29337423E-06
   127.500000      -87.1590958       4.88711521E-07
   131.250000      -87.1590958      -7.17048533E-06
   135.000000      -87.1590958      -1.37567986E-05
   138.750000      -87.1590958      -1.47402752E-05
   142.500000      -87.1590958      -1.83165539E-05
   146.250000      -87.1590958      -2.49624718E-05
   150.000000      -87.1590958      -2.71380413E-05
   153.750000      -87.1590958      -2.01642979E-05
   157.500000      -87.1590958      -9.10763629E-06
   161.250000      -87.1590958      -3.38559039E-06
   165.000000      -87.1590958      -5.54369763E-07
   168.750000      -87.1590958       3.52854840E-06
   172.500000      -87.1590958       6.35976903E-06
   176.250000      -87.1590958       1.17241871E-05
   180.000000      -87.1590958       2.01582443E-05
   183.750000      -87.1590958       2.33768951E-05
   187.500000      -87.1590958       1.73568260E-05
   191.250000      -87.1590958      -4.63728793E-06
   195.000000      -87.1590958      -3.19064129E-05
   198.750000      -87.1590958      -1.14322174E-05
   202.500000      -87.1590958       6.27159607E-05
   206.250000      -87.1590958       1.00684119E-04
   210.000000      -87.1590958       5.17785084E-05
   213.750000      -87.1590958      -2.49922741E-05
   217.500000      -87.1590958      -4.93705738E-05
   221.250000      -87.1590958      -4.93531115E-06
   225.000000      -87.1590958       3.97383701E-05
   228.750000      -87.1590958       3.07976734E-05
   232.500000      -87.1590958       1.42871868E-05
   236.250000      -87.1590958       2.12013256E-05
   240.000000      -87.1590958       1.44660007E-05
   243.750000      -87.1590958      -2.87895091E-06
   247.500000      -87.1590958      -3.26638110E-06
   251.250000      -87.1590958       4.58909199E-07
   255.000000      -87.1590958      -1.56764872E-06
   258.750000      -87.1590958      -2.61073001E-06
   262.500000      -87.1590958      -1.98488124E-06
   266.250000      -87.1590958       9.05944034E-07
   270.000000      -87.1590958       6.30016439E-06
   273.750000      -87.1590958       1.47342216E-05
   277.500000      -87.1590958       1.84893142E-05
   281.250000      -87.1590958       3.14111821E-06
   285.000000      -87.1590958      -1.50084961E-05
   288.750000      -87.1590958      -1.12236012E-05
   292.500000      -87.1590958      -2.49152072E-06
   296.250000      -87.1590958      -7.91554339E-06
   300.000000      -87.1590958      -1.32203568E-05
   303.750000      -87.1590958      -9.79308970E-06
   307.500000      -87.1590958      -8.95862468E-06
   311.250000      -87.1590958      -1.28031243E-05
   315.000000      -87.1590958      -9.61427577E-06
   318.750000      -87.1590958       9.35746357E-07
   322.500000      -87.1590958       4.89945523E-06
   326.250000      -87.1590958      -1.41863711E-06
   330.000000      -87.1590958      -1.16408337E-05
   333.750000      -87.1590958      -2.09987629E-05
   337.500000      -87.1590958      -2.15650070E-05
   341.250000      -87.1590958      -1.11341942E-05
   345.000000      -87.1590958      -1.06100924E-06
   348.750000      -87.1590958       2.03843229E-06
   352.500000      -87.1590958       2.72388570E-06
   356.250000      -87.1590958       2.54507177E-06
   360.000000      -87.1590958      -8.52392986E-07
   0.00000000      -83.4789200       1.59139745E-06
   3.75000000      -83.4789200       7.19423406E-06
   7.50000000      -83.4789200      -1.09081157E-06
   11.2500000      -83.4789200      -4.75649722E-06
   15.0000000      -83.4789200       3.09897587E-07
   18.7500000      -83.4789200       4.60143201E-06
   22.5000000      -83.4789200      -1.82569493E-05
   26.2500000      -83.4789200      -7.46850856E-06
   30.0000000      -83.4789200       7.31344335E-06
   33.7500000      -83.4789200      -3.25024594E-05
   37.5000000      -83.4789200      -5.35130966E-05
   41.2500000      -83.4789200       3.42845451E-05
   45.0000000      -83.4789200       7.79028051E-06
   48.7500000      -83.4789200      -6.13974407E-07
   52.5000000      -83.4789200       3.69502231E-07
   56.2500000      -83.4789200       1.68080442E-06
   60.0000000      -83.4789200       2.09803693E-06
   63.7500000      -83.4789200       6.06174581E-06
   67.5000000      -83.4789200       1.67607795E-05
   71.2500000      -83.4789200       1.03532802E-05
   75.0000000      -83.4789200       8.35652463E-06
   78.7500000      -83.4789200       9.51881520E-06
   82.5000000      -83.4789200       5.40609471E-06
   86.2500000      -83.4789200       4.72064130E-06
   90.0000000      -83.4789200       5.76372258E-06
   93.7500000      -83.4789200       8.16537067E-07
   97.5000000      -83.4789200      -3.05776484E-06
   101.250000      -83.4789200       6.44917600E-06
   105.000000      -83.4789200       5.48316166E-07
   108.750000      -83.4789200      -7.62986019E-07
   112.500000      -83.4789200      -6.39562495E-06
   116.250000      -83.4789200      -7.23008998E-06
   120.000000      -83.4789200      -2.61843670E-05
   123.750000      -83.4789200      -1.64688099E-05
   127.500000      -83.4789200      -4.13064845E-06
   131.250000      -83.4789200       9.78703611E-06
   135.000000      -83.4789200       1.12473499E-05
   138.750000      -83.4789200       3.88617627E-06
   142.500000      -83.4789200       8.05850141E-06
   146.250000      -83.4789200       6.35976903E-06
   150.000000      -83.4789200       9.81683843E-06
   153.750000      -83.4789200       1.04724895E-05
   157.500000      -83.4789200      -1.17600430E-05
   161.250000      -83.4789200      -1.53363217E-05
   165.000000      -83.4789200       7.25383870E-06
   168.750000      -83.4789200       3.58815305E-06
   172.500000      -83.4789200       9.36980359E-06
   176.250000      -83.4789200      -9.91229899E-06
   180.000000      -83.4789200      -3.98163684E-06
   183.750000      -83.4789200      -4.04124148E-06
   187.500000      -83.4789200      -8.52392986E-07
   191.250000      -83.4789200      -9.01822932E-06
   195.000000      -83.4789200      -7.17048533E-06
   198.750000      -83.4789200      -8.15396197E-06
   202.500000      -83.4789200      -4.54788096E-06
   206.250000      -83.4789200      -6.36582263E-06
   210.000000      -83.4789200       8.76141712E-07
   213.750000      -83.4789200      -8.22590664E-07
   217.500000      -83.4789200      -1.89547427E-06
   221.250000      -83.4789200       7.14790076E-08
   225.000000      -83.4789200       3.29012983E-06
   228.750000      -83.4789200       1.17416494E-06
   232.500000      -83.4789200       3.23052518E-06
   236.250000      -83.4789200       1.77021138E-06
   240.000000      -83.4789200       2.63447873E-06
   243.750000      -83.4789200       2.60467641E-06
   247.500000      -83.4789200       1.04724895E-05
   251.250000      -83.4789200       1.95025932E-05
   255.000000      -83.4789200       1.65819656E-05
   258.750000      -83.4789200       6.71739690E-06
   262.500000      -83.4789200      -8.15396197E-06
   266.250000      -83.4789200      -7.92788342E-07
   270.000000      -83.4789200       9.54861753E-06
   273.750000      -83.4789200      -5.82938083E-06
   277.500000      -83.4789200       3.61795537E-06
   281.250000      -83.4789200       1.22010242E-05
   285.000000      -83.4789200       1.35297887E-06
   288.750000      -83.4789200       1.38278119E-06
   292.500000      -83.4789200       2.12783925E-06
   296.250000      -83.4789200       4.98886220E-06
   300.000000      -83.4789200       5.07826917E-06
   303.750000      -83.4789200      -6.87246211E-06
   307.500000      -83.4789200       6.32996671E-06
   311.250000      -83.4789200       1.59139745E-06
   315.000000      -83.4789200      -4.35160473E-07
   318.750000      -83.4789200      -4.48827632E-06
   322.500000      -83.4789200       4.58909199E-07
   326.250000      -83.4789200      -7.73672946E-06
   330.000000      -83.4789200      -3.56440432E-06
   333.750000      -83.4789200       1.18743628E-08
   337.500000      -83.4789200       3.31993215E-06
   341.250000      -83.4789200      -2.16369517E-06
   345.000000      -83.4789200      -1.18021853E-06
   348.750000      -83.4789200       2.96230428E-06
   352.500000      -83.4789200      -2.19349749E-06
   356.250000      -83.4789200      -2.46171840E-06
   360.000000      -83.4789200       1.59139745E-06
   0.00000000      -79.7770462       3.46894376E-06
   3.75000000      -79.7770462       1.17539894E-05
   7.50000000      -79.7770462       8.17771070E-06
   11.2500000      -79.7770462       1.68080442E-06
   15.0000000      -79.7770462      -4.45847400E-06
   18.7500000      -79.7770462      -3.62277497E-05
   22.5000000      -79.7770462       2.68339645E-05
   26.2500000      -79.7770462       2.12783925E-06
   30.0000000      -79.7770462       2.51526944E-06
   33.7500000      -79.7770462       1.56159513E-06
   37.5000000      -79.7770462       3.99304554E-07
   41.2500000      -79.7770462       2.27685086E-06
   45.0000000      -79.7770462       3.85637395E-06
   48.7500000      -79.7770462       1.30056869E-05
   52.5000000      -79.7770462       1.03234779E-05
   56.2500000      -79.7770462       1.10387336E-05
   60.0000000      -79.7770462       8.56514089E-06
   63.7500000      -79.7770462       8.83336179E-06
   67.5000000      -79.7770462       1.05320942E-05
   71.2500000      -79.7770462       1.57773029E-05
   75.0000000      -79.7770462       3.43914144E-06
   78.7500000      -79.7770462       2.90393364E-05
   82.5000000      -79.7770462       3.50892078E-05
   86.2500000      -79.7770462       6.86640851E-06
   90.0000000      -79.7770462       1.38997566E-05
   93.7500000      -79.7770462       1.19328033E-05
   97.5000000      -79.7770462       1.41679775E-05
   101.250000      -79.7770462       6.24055974E-06
   105.000000      -79.7770462      -2.43191607E-06
   108.750000      -79.7770462      -7.37910159E-06
   112.500000      -79.7770462      -1.83761586E-05
   116.250000      -79.7770462       2.99210660E-06
   120.000000      -79.7770462      -3.17275990E-05
   123.750000      -79.7770462      -1.48594845E-05
   127.500000      -79.7770462      -7.49831088E-06
   131.250000      -79.7770462      -9.71602276E-07
   135.000000      -79.7770462       1.30652916E-05
   138.750000      -79.7770462       8.76141712E-07
   142.500000      -79.7770462      -8.63079913E-06
   146.250000      -79.7770462      -1.35903247E-06
   150.000000      -79.7770462      -1.53784640E-06
   153.750000      -79.7770462       7.86734745E-07
   157.500000      -79.7770462      -1.83463562E-05
   161.250000      -79.7770462      -2.61073001E-06
   165.000000      -79.7770462      -2.60055531E-05
   168.750000      -79.7770462      -2.34250911E-06
   172.500000      -79.7770462       4.98886220E-06
   176.250000      -79.7770462       3.09897587E-07
   180.000000      -79.7770462       3.64775769E-06
   183.750000      -79.7770462       1.74040906E-06
   187.500000      -79.7770462      -6.30621798E-06
   191.250000      -79.7770462      -3.74321826E-06
   195.000000      -79.7770462       7.79028051E-06
   198.750000      -79.7770462       7.67107122E-06
   202.500000      -79.7770462       3.99304554E-07
   206.250000      -79.7770462      -1.02103222E-05
   210.000000      -79.7770462      -9.01822932E-06
   213.750000      -79.7770462      -1.32923014E-06
   217.500000      -79.7770462      -1.80606730E-06
   221.250000      -79.7770462      -5.84172085E-07
   225.000000      -79.7770462       2.57487409E-06
   228.750000      -79.7770462      -1.18021853E-06
   232.500000      -79.7770462      -7.14068301E-06
   236.250000      -79.7770462       4.57162969E-06
   240.000000      -79.7770462      -4.77302819E-08
   243.750000      -79.7770462       6.59818761E-06
   247.500000      -79.7770462       9.42940824E-06
   251.250000      -79.7770462       1.22010242E-05
   255.000000      -79.7770462       1.60753261E-05
   258.750000      -79.7770462       9.69762914E-06
   262.500000      -79.7770462       1.14559662E-05
   266.250000      -79.7770462      -1.53065193E-05
   270.000000      -79.7770462      -2.64227856E-05
   273.750000      -79.7770462       2.43603718E-05
   277.500000      -79.7770462      -7.32720364E-05
   281.250000      -79.7770462       4.03046142E-05
   285.000000      -79.7770462       7.84988515E-06
   288.750000      -79.7770462       7.34324567E-06
   292.500000      -79.7770462       3.05171125E-06
   296.250000      -79.7770462       9.35746357E-07
   300.000000      -79.7770462       3.61795537E-06
   303.750000      -79.7770462      -5.84172085E-07
   307.500000      -79.7770462       1.47218816E-06
   311.250000      -79.7770462      -3.23657878E-06
   315.000000      -79.7770462      -1.71666034E-06
   318.750000      -79.7770462      -3.05776484E-06
   322.500000      -79.7770462      -1.83586963E-06
   326.250000      -79.7770462       9.84664075E-06
   330.000000      -79.7770462       5.91273420E-06
   333.750000      -79.7770462      -1.98488124E-06
   337.500000      -79.7770462      -2.04448588E-06
   341.250000      -79.7770462      -2.75974162E-06
   345.000000      -79.7770462      -5.08432277E-06
   348.750000      -79.7770462      -8.45198520E-06
   352.500000      -79.7770462      -4.45847400E-06
   356.250000      -79.7770462      -3.41539271E-06
   360.000000      -79.7770462       3.46894376E-06
   0.00000000      -76.0702438       2.78174412E-05
   3.75000000      -76.0702438       1.38278119E-06
   7.50000000      -76.0702438      -2.62737740E-05
   11.2500000      -76.0702438      -1.09081157E-06
   15.0000000      -76.0702438       1.14436261E-06
   18.7500000      -76.0702438      -4.96511348E-06
   22.5000000      -76.0702438       1.56159513E-06
   26.2500000      -76.0702438       3.37953679E-06
   30.0000000      -76.0702438       2.17675697E-05
   33.7500000      -76.0702438       1.53898727E-05
   37.5000000      -76.0702438       2.01582443E-05
   41.2500000      -76.0702438       2.23636162E-05
   45.0000000      -76.0702438       1.87277328E-05
   48.7500000      -76.0702438       1.97708141E-05
   52.5000000      -76.0702438       2.05754768E-05
   56.2500000      -76.0702438      -1.59025658E-05
   60.0000000      -76.0702438       9.75723378E-06
   63.7500000      -76.0702438       4.51202504E-06
   67.5000000      -76.0702438       8.83336179E-06
   71.2500000      -76.0702438       1.83701050E-05
   75.0000000      -76.0702438      -9.41799954E-07
   78.7500000      -76.0702438       1.09195244E-05
   82.5000000      -76.0702438       6.38957135E-06
   86.2500000      -76.0702438       9.45921056E-06
   90.0000000      -76.0702438      -3.71341594E-06
   93.7500000      -76.0702438      -5.41214831E-06
   97.5000000      -76.0702438       2.54507177E-06
   101.250000      -76.0702438      -9.01822932E-06
   105.000000      -76.0702438       7.31344335E-06
   108.750000      -76.0702438      -3.50479968E-06
   112.500000      -76.0702438       2.03843229E-06
   116.250000      -76.0702438       5.10807149E-06
   120.000000      -76.0702438       5.40609471E-06
   123.750000      -76.0702438       6.67525455E-07
   127.500000      -76.0702438       1.74040906E-06
   131.250000      -76.0702438      -1.50979031E-05
   135.000000      -76.0702438       5.49550168E-06
   138.750000      -76.0702438       6.03194349E-06
   142.500000      -76.0702438       1.50199048E-06
   146.250000      -76.0702438       1.25288498E-05
   150.000000      -76.0702438       4.78024594E-06
   153.750000      -76.0702438       8.65454786E-06
   157.500000      -76.0702438       1.04426872E-05
   161.250000      -76.0702438      -1.34289730E-05
   165.000000      -76.0702438      -9.71602276E-07
   168.750000      -76.0702438       3.12447082E-05
   172.500000      -76.0702438       2.70425808E-05
   176.250000      -76.0702438       1.64627563E-05
   180.000000      -76.0702438       3.67756002E-06
   183.750000      -76.0702438       1.20396726E-06
   187.500000      -76.0702438      -7.70692714E-06
   191.250000      -76.0702438       1.24096405E-05
   195.000000      -76.0702438       1.26778614E-05
   198.750000      -76.0702438       1.78038608E-05
   202.500000      -76.0702438      -1.07334927E-07
   206.250000      -76.0702438      -4.72669490E-06
   210.000000      -76.0702438      -4.94765118E-07
   213.750000      -76.0702438      -1.02401245E-05
   217.500000      -76.0702438      -5.76977618E-06
   221.250000      -76.0702438       1.20396726E-06
   225.000000      -76.0702438       5.48316166E-07
   228.750000      -76.0702438       7.13586342E-05
   232.500000      -76.0702438       1.78634655E-05
   236.250000      -76.0702438       4.58180439E-05
   240.000000      -76.0702438       1.65100209E-06
   243.750000      -76.0702438      -6.51483424E-06
   247.500000      -76.0702438      -6.05762471E-05
   251.250000      -76.0702438       1.21414196E-05
   255.000000      -76.0702438       2.02476513E-05
   258.750000      -76.0702438      -7.23008998E-06
   262.500000      -76.0702438      -6.54463656E-06
   266.250000      -76.0702438       1.35297887E-06
   270.000000      -76.0702438       3.91597860E-06
   273.750000      -76.0702438       2.50292942E-07
   277.500000      -76.0702438      -2.78954394E-06
   281.250000      -76.0702438       1.01744663E-05
   285.000000      -76.0702438      -6.73579052E-07
   288.750000      -76.0702438      -1.68685801E-06
   292.500000      -76.0702438       9.05944034E-07
   296.250000      -76.0702438      -1.59745105E-06
   300.000000      -76.0702438      -3.75555828E-07
   303.750000      -76.0702438       1.17416494E-06
   307.500000      -76.0702438      -3.56440432E-06
   311.250000      -76.0702438       4.09479253E-06
   315.000000      -76.0702438      -9.37585719E-06
   318.750000      -76.0702438      -3.29618342E-06
   322.500000      -76.0702438       2.90269963E-06
   326.250000      -76.0702438       4.75044362E-06
   330.000000      -76.0702438      -5.35254367E-06
   333.750000      -76.0702438      -6.73579052E-07
   337.500000      -76.0702438       8.77375714E-06
   341.250000      -76.0702438       2.33645551E-06
   345.000000      -76.0702438       2.43305694E-05
   348.750000      -76.0702438       7.14790076E-08
   352.500000      -76.0702438       1.37209427E-05
   356.250000      -76.0702438      -6.06779940E-06
   360.000000      -76.0702438       2.78174412E-05
   0.00000000      -72.3615875       3.14533245E-05
   3.75000000      -72.3615875      -7.66396988E-05
   7.50000000      -72.3615875       8.84949695E-05
   11.2500000      -72.3615875      -6.12915028E-05
   15.0000000      -72.3615875       7.10606109E-05
   18.7500000      -72.3615875      -1.47700775E-05
   22.5000000      -72.3615875      -1.76907051E-05
   26.2500000      -72.3615875       2.09331047E-05
   30.0000000      -72.3615875      -3.02796252E-06
   33.7500000      -72.3615875       1.47218816E-06
   37.5000000      -72.3615875       1.46448147E-05
   41.2500000      -72.3615875       3.17092054E-06
   45.0000000      -72.3615875       6.44917600E-06
   48.7500000      -72.3615875      -1.59919728E-05
   52.5000000      -72.3615875       4.27360646E-06
   56.2500000      -72.3615875       4.95905988E-06
   60.0000000      -72.3615875       8.38632695E-06
   63.7500000      -72.3615875      -9.07783397E-06
   67.5000000      -72.3615875      -5.91878779E-06
   71.2500000      -72.3615875      -6.87246211E-06
   75.0000000      -72.3615875       2.78349034E-06
   78.7500000      -72.3615875       3.09764873E-05
   82.5000000      -72.3615875      -5.85918315E-06
   86.2500000      -72.3615875       1.13963615E-05
   90.0000000      -72.3615875       1.51216518E-05
   93.7500000      -72.3615875       1.93237793E-05
   97.5000000      -72.3615875       1.30056869E-05
   101.250000      -72.3615875       1.78634655E-05
   105.000000      -72.3615875       1.10387336E-05
   108.750000      -72.3615875       1.04426872E-05
   112.500000      -72.3615875       6.15115277E-06
   116.250000      -72.3615875      -1.09553803E-05
   120.000000      -72.3615875      -1.32501591E-05
   123.750000      -72.3615875       8.74395482E-06
   127.500000      -72.3615875       3.04400455E-05
   131.250000      -72.3615875       3.01718246E-05
   135.000000      -72.3615875       8.02869909E-06
   138.750000      -72.3615875       1.04426872E-05
   142.500000      -72.3615875       1.97882764E-06
   146.250000      -72.3615875      -6.60424121E-06
   150.000000      -72.3615875      -5.32274134E-06
   153.750000      -72.3615875      -2.99816020E-06
   157.500000      -72.3615875       1.58965122E-05
   161.250000      -72.3615875      -1.38883479E-06
   165.000000      -72.3615875       2.50756275E-05
   168.750000      -72.3615875      -1.58429611E-05
   172.500000      -72.3615875      -3.95183451E-06
   176.250000      -72.3615875       9.95351002E-07
   180.000000      -72.3615875       5.40609471E-06
   183.750000      -72.3615875       3.14111821E-06
   187.500000      -72.3615875       4.18419950E-06
   191.250000      -72.3615875       1.68080442E-06
   195.000000      -72.3615875       2.03843229E-06
   198.750000      -72.3615875      -9.71602276E-07
   202.500000      -72.3615875       1.05495565E-06
   206.250000      -72.3615875      -3.59420665E-06
   210.000000      -72.3615875      -3.41539271E-06
   213.750000      -72.3615875       2.15764157E-06
   217.500000      -72.3615875       7.19423406E-06
   221.250000      -72.3615875      -4.78629954E-06
   225.000000      -72.3615875       4.81004827E-06
   228.750000      -72.3615875       9.66782682E-06
   232.500000      -72.3615875      -1.35903247E-06
   236.250000      -72.3615875       4.45242040E-06
   240.000000      -72.3615875      -8.39238055E-06
   243.750000      -72.3615875       2.99210660E-06
   247.500000      -72.3615875       6.21075742E-06
   251.250000      -72.3615875      -6.24661334E-06
   255.000000      -72.3615875       2.72388570E-06
   258.750000      -72.3615875       3.26156151E-05
   262.500000      -72.3615875      -2.07007397E-05
   266.250000      -72.3615875       8.16537067E-07
   270.000000      -72.3615875       1.18743628E-08
   273.750000      -72.3615875      -6.66384585E-06
   277.500000      -72.3615875      -5.68036921E-06
   281.250000      -72.3615875      -2.72993930E-06
   285.000000      -72.3615875      -1.59745105E-06
   288.750000      -72.3615875      -1.41863711E-06
   292.500000      -72.3615875       1.80124771E-05
   296.250000      -72.3615875      -6.93679322E-05
   300.000000      -72.3615875       2.66428106E-06
   303.750000      -72.3615875      -4.87570651E-06
   307.500000      -72.3615875       5.79352491E-06
   311.250000      -72.3615875      -3.80282290E-06
   315.000000      -72.3615875      -1.00911129E-05
   318.750000      -72.3615875      -9.58447345E-06
   322.500000      -72.3615875      -9.73348506E-06
   326.250000      -72.3615875       2.87289731E-06
   330.000000      -72.3615875       1.11456029E-06
   333.750000      -72.3615875       5.61471097E-06
   337.500000      -72.3615875      -2.60055531E-05
   341.250000      -72.3615875      -4.71950043E-05
   345.000000      -72.3615875       2.71915924E-05
   348.750000      -72.3615875       5.68449032E-05
   352.500000      -72.3615875       4.20331489E-05
   356.250000      -72.3615875       5.07826917E-06
   360.000000      -72.3615875       3.14533245E-05
   0.00000000      -68.6520157       1.64329540E-05
   3.75000000      -68.6520157      -8.22590664E-07
   7.50000000      -68.6520157       2.18744390E-06
   11.2500000      -68.6520157      -4.10084613E-06
   15.0000000      -68.6520157      -1.00613106E-05
   18.7500000      -68.6520157      -9.82289203E-06
   22.5000000      -68.6520157      -8.51158984E-06
   26.2500000      -68.6520157      -9.37585719E-06
   30.0000000      -68.6520157       1.79826748E-05
   33.7500000      -68.6520157      -3.15951183E-07
   37.5000000      -68.6520157       6.21075742E-06
   41.2500000      -68.6520157       2.24704854E-06
   45.0000000      -68.6520157      -2.52132304E-06
   48.7500000      -68.6520157      -1.37567986E-05
   52.5000000      -68.6520157       6.03194349E-06
   56.2500000      -68.6520157      -2.23696698E-05
   60.0000000      -68.6520157      -2.34723557E-05
   63.7500000      -68.6520157      -1.40846241E-05
   67.5000000      -68.6520157      -7.43870623E-06
   71.2500000      -68.6520157       2.82048713E-05
   75.0000000      -68.6520157      -4.13064845E-06
   78.7500000      -68.6520157       1.28638698E-04
   82.5000000      -68.6520157       2.21549999E-05
   86.2500000      -68.6520157      -3.71218193E-05
   90.0000000      -68.6520157      -2.01642979E-05
   93.7500000      -68.6520157      -7.75326043E-08
   97.5000000      -68.6520157      -1.07169617E-05
   101.250000      -68.6520157      -1.78099144E-05
   105.000000      -68.6520157      -2.45750416E-05
   108.750000      -68.6520157      -1.69158448E-05
   112.500000      -68.6520157      -1.76012982E-05
   116.250000      -68.6520157      -2.16369517E-06
   120.000000      -68.6520157      -1.67668331E-05
   123.750000      -68.6520157      -1.47700775E-05
   127.500000      -68.6520157       3.14111821E-06
   131.250000      -68.6520157      -2.00450886E-05
   135.000000      -68.6520157      -2.37405766E-05
   138.750000      -68.6520157       2.00390350E-05
   142.500000      -68.6520157       1.66713726E-05
   146.250000      -68.6520157      -1.56764872E-06
   150.000000      -68.6520157      -1.32923014E-06
   153.750000      -68.6520157       1.32317655E-06
   157.500000      -68.6520157      -1.64390076E-05
   161.250000      -68.6520157      -1.30415428E-05
   165.000000      -68.6520157      -7.05127604E-06
   168.750000      -68.6520157       2.63447873E-06
   172.500000      -68.6520157      -1.07334927E-07
   176.250000      -68.6520157       8.59494321E-06
   180.000000      -68.6520157      -1.98488124E-06
   183.750000      -68.6520157      -2.25310214E-06
   187.500000      -68.6520157      -6.60424121E-06
   191.250000      -68.6520157       2.44199764E-05
   195.000000      -68.6520157       4.98886220E-06
   198.750000      -68.6520157       6.12135045E-06
   202.500000      -68.6520157      -4.04124148E-06
   206.250000      -68.6520157      -4.04124148E-06
   210.000000      -68.6520157       9.07178037E-06
   213.750000      -68.6520157       8.77375714E-06
   217.500000      -68.6520157      -2.10409053E-06
   221.250000      -68.6520157       7.37304799E-06
   225.000000      -68.6520157      -4.35160473E-07
   228.750000      -68.6520157      -6.78305514E-06
   232.500000      -68.6520157       2.12783925E-06
   236.250000      -68.6520157       8.59494321E-06
   240.000000      -68.6520157      -1.03593338E-05
   243.750000      -68.6520157       3.29012983E-06
   247.500000      -68.6520157      -1.29942782E-06
   251.250000      -68.6520157      -1.10745896E-05
   255.000000      -68.6520157       1.71184074E-05
   258.750000      -68.6520157       1.29337423E-06
   262.500000      -68.6520157      -5.17372973E-06
   266.250000      -68.6520157      -4.63728793E-06
   270.000000      -68.6520157      -8.27317126E-06
   273.750000      -68.6520157       5.73392026E-06
   277.500000      -68.6520157      -2.64053233E-06
   281.250000      -68.6520157       6.62798993E-06
   285.000000      -68.6520157       4.33321111E-06
   288.750000      -68.6520157       1.06811058E-05
   292.500000      -68.6520157      -2.19349749E-06
   296.250000      -68.6520157       9.65548679E-07
   300.000000      -68.6520157       2.75368802E-06
   303.750000      -68.6520157       2.78349034E-06
   307.500000      -68.6520157       3.31993215E-06
   311.250000      -68.6520157      -7.82613643E-06
   315.000000      -68.6520157       1.05495565E-06
   318.750000      -68.6520157       5.19747846E-06
   322.500000      -68.6520157       8.50553624E-06
   326.250000      -68.6520157      -5.23333438E-06
   330.000000      -68.6520157      -2.22206581E-05
   333.750000      -68.6520157      -4.16045077E-06
   337.500000      -68.6520157       1.96516048E-05
   341.250000      -68.6520157      -6.30621798E-06
   345.000000      -68.6520157       4.51202504E-06
   348.750000      -68.6520157      -1.32923014E-06
   352.500000      -68.6520157       3.55835073E-06
   356.250000      -68.6520157       6.74719922E-06
   360.000000      -68.6520157       1.64329540E-05
   0.00000000      -64.9419479       5.01866452E-06
   3.75000000      -64.9419479      -2.58092768E-06
   7.50000000      -64.9419479       1.18743628E-08
   11.2500000      -64.9419479      -7.02147372E-06
   15.0000000      -64.9419479      -1.00315083E-05
   18.7500000      -64.9419479      -1.65705569E-06
   22.5000000      -64.9419479      -1.76609028E-05
   26.2500000      -64.9419479      -3.44519503E-06
   30.0000000      -64.9419479       9.84664075E-06
   33.7500000      -64.9419479       9.95351002E-07
   37.5000000      -64.9419479       3.79676931E-06
   41.2500000      -64.9419479       4.86965291E-06
   45.0000000      -64.9419479      -6.96186908E-06
   48.7500000      -64.9419479      -6.66384585E-06
   52.5000000      -64.9419479      -1.36077870E-05
   56.2500000      -64.9419479      -2.13389285E-06
   60.0000000      -64.9419479      -2.44856346E-05
   63.7500000      -64.9419479       1.60885975E-07
   67.5000000      -64.9419479      -2.49152072E-06
   71.2500000      -64.9419479      -2.25310214E-06
   75.0000000      -64.9419479       7.86734745E-07
   78.7500000      -64.9419479       3.52854840E-06
   82.5000000      -64.9419479      -1.92527659E-06
   86.2500000      -64.9419479      -1.29223336E-05
   90.0000000      -64.9419479      -1.49488915E-05
   93.7500000      -64.9419479      -6.27641566E-06
   97.5000000      -64.9419479       8.05850141E-06
   101.250000      -64.9419479      -4.96511348E-06
   105.000000      -64.9419479       5.94253652E-06
   108.750000      -64.9419479      -1.23982318E-06
   112.500000      -64.9419479      -5.85918315E-06
   116.250000      -64.9419479      -6.78305514E-06
   120.000000      -64.9419479       9.13138501E-06
   123.750000      -64.9419479       1.35297887E-06
   127.500000      -64.9419479      -2.40211375E-06
   131.250000      -64.9419479       1.71780121E-05
   135.000000      -64.9419479       2.24704854E-06
   138.750000      -64.9419479      -2.22329982E-06
   142.500000      -64.9419479      -5.73997386E-06
   146.250000      -64.9419479      -9.58447345E-06
   150.000000      -64.9419479      -1.11639965E-05
   153.750000      -64.9419479      -3.23657878E-06
   157.500000      -64.9419479       6.35976903E-06
   161.250000      -64.9419479       6.35976903E-06
   165.000000      -64.9419479       3.05171125E-06
   168.750000      -64.9419479      -8.33277591E-06
   172.500000      -64.9419479       2.90269963E-06
   176.250000      -64.9419479      -4.04124148E-06
   180.000000      -64.9419479      -1.63197983E-05
   183.750000      -64.9419479      -3.41539271E-06
   187.500000      -64.9419479       5.19747846E-06
   191.250000      -64.9419479      -9.52486880E-06
   195.000000      -64.9419479      -2.25310214E-06
   198.750000      -64.9419479      -1.41144264E-05
   202.500000      -64.9419479      -2.25310214E-06
   206.250000      -64.9419479       3.09897587E-07
   210.000000      -64.9419479      -2.46048439E-05
   213.750000      -64.9419479      -1.42336357E-05
   217.500000      -64.9419479       1.65819656E-05
   221.250000      -64.9419479      -2.17140187E-05
   225.000000      -64.9419479      -5.53135760E-06
   228.750000      -64.9419479      -3.56440432E-06
   232.500000      -64.9419479       3.05171125E-06
   236.250000      -64.9419479       9.65548679E-07
   240.000000      -64.9419479       8.92276876E-06
   243.750000      -64.9419479      -2.28290446E-06
   247.500000      -64.9419479      -7.34929927E-06
   251.250000      -64.9419479       2.57487409E-06
   255.000000      -64.9419479      -2.30849255E-05
   258.750000      -64.9419479      -1.51575077E-05
   262.500000      -64.9419479       5.26725780E-05
   266.250000      -64.9419479      -5.51522244E-05
   270.000000      -64.9419479       1.90853607E-05
   273.750000      -64.9419479      -5.05452044E-06
   277.500000      -64.9419479       2.00092327E-05
   281.250000      -64.9419479      -8.22590664E-07
   285.000000      -64.9419479       1.02936756E-05
   288.750000      -64.9419479       1.02515332E-06
   292.500000      -64.9419479       4.98886220E-06
   296.250000      -64.9419479       1.22606289E-05
   300.000000      -64.9419479       1.02340709E-05
   303.750000      -64.9419479      -5.47175296E-06
   307.500000      -64.9419479      -1.02699269E-05
   311.250000      -64.9419479      -1.95507891E-06
   315.000000      -64.9419479      -1.00140460E-06
   318.750000      -64.9419479       1.59561168E-05
   322.500000      -64.9419479      -3.83262523E-06
   326.250000      -64.9419479      -4.10084613E-06
   330.000000      -64.9419479       3.02190892E-06
   333.750000      -64.9419479      -2.56346539E-07
   337.500000      -64.9419479       1.08475797E-06
   341.250000      -64.9419479       1.39891636E-05
   345.000000      -64.9419479       1.59263145E-05
   348.750000      -64.9419479      -3.83262523E-06
   352.500000      -64.9419479       3.67756002E-06
   356.250000      -64.9419479       9.99565236E-06
   360.000000      -64.9419479       5.01866452E-06
   0.00000000      -61.2315712       6.77700154E-06
   3.75000000      -61.2315712       3.21089756E-05
   7.50000000      -61.2315712      -2.09689606E-05
   11.2500000      -61.2315712       2.92777549E-05
   15.0000000      -61.2315712       3.37953679E-06
   18.7500000      -61.2315712      -1.44124497E-05
   22.5000000      -61.2315712       1.08599197E-05
   26.2500000      -61.2315712      -6.72345050E-06
   30.0000000      -61.2315712       4.09479253E-06
   33.7500000      -61.2315712       7.86734745E-07
   37.5000000      -61.2315712      -2.25310214E-06
   41.2500000      -61.2315712       4.92925756E-06
   45.0000000      -61.2315712      -3.26638110E-06
   48.7500000      -61.2315712       2.36625783E-06
   52.5000000      -61.2315712       6.32996671E-06
   56.2500000      -61.2315712       8.26711766E-06
   60.0000000      -61.2315712      -1.66939571E-07
   63.7500000      -61.2315712       2.54630577E-05
   67.5000000      -61.2315712       2.90269963E-06
   71.2500000      -61.2315712      -8.83941539E-06
   75.0000000      -61.2315712       1.62119977E-06
   78.7500000      -61.2315712      -1.23560894E-05
   82.5000000      -61.2315712      -4.99491580E-06
   86.2500000      -61.2315712       1.56580936E-05
   90.0000000      -61.2315712      -7.49831088E-06
   93.7500000      -61.2315712      -5.94859011E-06
   97.5000000      -61.2315712       1.21414196E-05
   101.250000      -61.2315712      -6.33602031E-06
   105.000000      -61.2315712      -4.64962795E-07
   108.750000      -61.2315712       4.83985059E-06
   112.500000      -61.2315712       4.66103666E-06
   116.250000      -61.2315712      -5.84172085E-07
   120.000000      -61.2315712       7.37304799E-06
   123.750000      -61.2315712      -2.70013697E-06
   127.500000      -61.2315712       3.79676931E-06
   131.250000      -61.2315712      -7.33183697E-07
   135.000000      -61.2315712       5.34649007E-06
   138.750000      -61.2315712       6.32996671E-06
   142.500000      -61.2315712      -1.71840657E-05
   146.250000      -61.2315712       3.34973447E-06
   150.000000      -61.2315712       6.67525455E-07
   153.750000      -61.2315712      -6.27641566E-06
   157.500000      -61.2315712       6.27036206E-06
   161.250000      -61.2315712      -4.48827632E-06
   165.000000      -61.2315712      -4.05358151E-07
   168.750000      -61.2315712       1.05618965E-05
   172.500000      -61.2315712       5.16767614E-06
   176.250000      -61.2315712       6.35976903E-06
   180.000000      -61.2315712       1.68080442E-06
   183.750000      -61.2315712      -1.79279596E-08
   187.500000      -61.2315712       3.11131589E-06
   191.250000      -61.2315712      -1.31309498E-05
   195.000000      -61.2315712      -2.13563908E-05
   198.750000      -61.2315712      -1.66939571E-07
   202.500000      -61.2315712      -1.53784640E-06
   206.250000      -61.2315712       2.75790226E-05
   210.000000      -61.2315712       2.50160228E-05
   213.750000      -61.2315712      -4.04124148E-06
   217.500000      -61.2315712       7.46245496E-06
   221.250000      -61.2315712       5.07826917E-06
   225.000000      -61.2315712      -8.27317126E-06
   228.750000      -61.2315712       6.74719922E-06
   232.500000      -61.2315712      -2.56346539E-07
   236.250000      -61.2315712       3.85637395E-06
   240.000000      -61.2315712       1.41258352E-06
   243.750000      -61.2315712      -6.15720637E-06
   247.500000      -61.2315712      -1.74646266E-06
   251.250000      -61.2315712       2.87289731E-06
   255.000000      -61.2315712       2.30665319E-06
   258.750000      -61.2315712      -3.38559039E-06
   262.500000      -61.2315712      -3.68361361E-06
   266.250000      -61.2315712       3.05171125E-06
   270.000000      -61.2315712       7.64126889E-06
   273.750000      -61.2315712      -8.42218287E-06
   277.500000      -61.2315712      -1.57833565E-05
   281.250000      -61.2315712      -1.00315083E-05
   285.000000      -61.2315712      -9.31625254E-06
   288.750000      -61.2315712       5.16767614E-06
   292.500000      -61.2315712       1.78932678E-05
   296.250000      -61.2315712      -3.56440432E-06
   300.000000      -61.2315712      -6.60424121E-06
   303.750000      -61.2315712      -7.85593875E-06
   307.500000      -61.2315712      -3.17697413E-06
   311.250000      -61.2315712      -8.08120240E-05
   315.000000      -61.2315712      -5.13673294E-05
   318.750000      -61.2315712      -5.26313670E-06
   322.500000      -61.2315712       1.46448147E-05
   326.250000      -61.2315712       1.15453731E-05
   330.000000      -61.2315712       1.41258352E-06
   333.750000      -61.2315712      -1.33097637E-05
   337.500000      -61.2315712      -1.21002086E-06
   341.250000      -61.2315712       1.26357190E-06
   345.000000      -61.2315712       2.16483604E-05
   348.750000      -61.2315712      -2.25782860E-05
   352.500000      -61.2315712       2.30788719E-05
   356.250000      -61.2315712       1.76846515E-05
   360.000000      -61.2315712       6.77700154E-06
   0.00000000      -57.5209885       2.67147552E-05
   3.75000000      -57.5209885       1.44238584E-06
   7.50000000      -57.5209885      -1.50382984E-05
   11.2500000      -57.5209885       1.66415703E-05
   15.0000000      -57.5209885      -6.13974407E-07
   18.7500000      -57.5209885       1.34229194E-05
   22.5000000      -57.5209885      -1.62725337E-06
   26.2500000      -57.5209885       1.28864776E-05
   30.0000000      -57.5209885      -6.13974407E-07
   33.7500000      -57.5209885       1.37209427E-05
   37.5000000      -57.5209885       1.02042686E-05
   41.2500000      -57.5209885      -2.56346539E-07
   45.0000000      -57.5209885       4.03518789E-06
   48.7500000      -57.5209885      -2.67033465E-06
   52.5000000      -57.5209885       5.22728078E-06
   56.2500000      -57.5209885       5.46569936E-06
   60.0000000      -57.5209885       6.47897832E-06
   63.7500000      -57.5209885       3.82657163E-06
   67.5000000      -57.5209885       2.80095264E-07
   71.2500000      -57.5209885       7.19423406E-06
   75.0000000      -57.5209885      -7.82613643E-06
   78.7500000      -57.5209885       8.95257108E-06
   82.5000000      -57.5209885      -2.34250911E-06
   86.2500000      -57.5209885       3.26032750E-06
   90.0000000      -57.5209885      -2.22329982E-06
   93.7500000      -57.5209885       5.48316166E-07
   97.5000000      -57.5209885      -4.84590419E-06
   101.250000      -57.5209885       6.83660619E-06
   105.000000      -57.5209885      -2.89559830E-05
   108.750000      -57.5209885      -1.58131588E-05
   112.500000      -57.5209885      -1.07765663E-05
   116.250000      -57.5209885      -8.72020610E-06
   120.000000      -57.5209885      -6.75325282E-06
   123.750000      -57.5209885       1.00254547E-05
   127.500000      -57.5209885       1.80720817E-05
   131.250000      -57.5209885       1.32317655E-06
   135.000000      -57.5209885       2.30665319E-06
   138.750000      -57.5209885       6.50878064E-06
   142.500000      -57.5209885      -1.47824176E-06
   146.250000      -57.5209885      -5.53135760E-06
   150.000000      -57.5209885       3.02190892E-06
   153.750000      -57.5209885       6.77700154E-06
   157.500000      -57.5209885       7.01542012E-06
   161.250000      -57.5209885       7.07502477E-06
   165.000000      -57.5209885      -2.33233441E-05
   168.750000      -57.5209885      -1.00140460E-06
   172.500000      -57.5209885       1.40487682E-05
   176.250000      -57.5209885      -2.84914859E-06
   180.000000      -57.5209885       2.45566480E-06
   183.750000      -57.5209885       6.80680387E-06
   187.500000      -57.5209885      -1.65705569E-06
   191.250000      -57.5209885       2.24704854E-06
   195.000000      -57.5209885      -7.91554339E-06
   198.750000      -57.5209885       1.16347801E-05
   202.500000      -57.5209885       3.39699909E-07
   206.250000      -57.5209885      -3.79264820E-05
   210.000000      -57.5209885       2.82346737E-05
   213.750000      -57.5209885       2.90269963E-06
   217.500000      -57.5209885       9.07178037E-06
   221.250000      -57.5209885      -1.95507891E-06
   225.000000      -57.5209885       2.15764157E-06
   228.750000      -57.5209885       2.54507177E-06
   232.500000      -57.5209885      -2.19349749E-06
   236.250000      -57.5209885      -1.15041621E-06
   240.000000      -57.5209885      -3.23657878E-06
   243.750000      -57.5209885       9.65548679E-07
   247.500000      -57.5209885      -1.21772755E-05
   251.250000      -57.5209885       5.40609471E-06
   255.000000      -57.5209885      -4.35160473E-07
   258.750000      -57.5209885      -1.84953678E-05
   262.500000      -57.5209885      -2.34250911E-06
   266.250000      -57.5209885       5.91273420E-06
   270.000000      -57.5209885       2.99210660E-06
   273.750000      -57.5209885       1.53179280E-06
   277.500000      -57.5209885      -1.91808213E-05
   281.250000      -57.5209885       1.10685360E-05
   285.000000      -57.5209885      -6.87246211E-06
   288.750000      -57.5209885       3.82657163E-06
   292.500000      -57.5209885       2.47179996E-05
   296.250000      -57.5209885      -4.96511348E-06
   300.000000      -57.5209885      -1.96576584E-05
   303.750000      -57.5209885       1.67011749E-05
   307.500000      -57.5209885       6.83660619E-06
   311.250000      -57.5209885       1.00552570E-05
   315.000000      -57.5209885       1.13665592E-05
   318.750000      -57.5209885      -9.31501854E-05
   322.500000      -57.5209885       7.14790076E-08
   326.250000      -57.5209885       1.30950939E-05
   330.000000      -57.5209885       8.50553624E-06
   333.750000      -57.5209885       1.74164306E-05
   337.500000      -57.5209885      -1.91808213E-05
   341.250000      -57.5209885      -1.02699269E-05
   345.000000      -57.5209885      -2.15352047E-05
   348.750000      -57.5209885      -9.16724093E-06
   352.500000      -57.5209885      -2.42174137E-05
   356.250000      -57.5209885       9.93604772E-06
   360.000000      -57.5209885       2.67147552E-05
   0.00000000      -53.8102722      -4.26650513E-05
   3.75000000      -53.8102722       1.30950939E-05
   7.50000000      -53.8102722       1.08599197E-05
   11.2500000      -53.8102722      -1.11341942E-05
   15.0000000      -53.8102722      -5.38234599E-06
   18.7500000      -53.8102722       2.27685086E-06
   22.5000000      -53.8102722      -2.93855555E-06
   26.2500000      -53.8102722       4.27360646E-06
   30.0000000      -53.8102722      -1.20580662E-05
   33.7500000      -53.8102722       3.07678711E-05
   37.5000000      -53.8102722      -2.00748909E-05
   41.2500000      -53.8102722      -3.22342385E-05
   45.0000000      -53.8102722       9.90624540E-06
   48.7500000      -53.8102722      -2.67033465E-06
   52.5000000      -53.8102722      -1.39356125E-05
   56.2500000      -53.8102722       2.33470928E-05
   60.0000000      -53.8102722       2.66428106E-06
   63.7500000      -53.8102722      -2.19349749E-06
   67.5000000      -53.8102722       5.01866452E-06
   71.2500000      -53.8102722      -1.06100924E-06
   75.0000000      -53.8102722      -9.11997631E-07
   78.7500000      -53.8102722      -1.41863711E-06
   82.5000000      -53.8102722       3.67756002E-06
   86.2500000      -53.8102722       4.83985059E-06
   90.0000000      -53.8102722       8.86316411E-06
   93.7500000      -53.8102722       2.24704854E-06
   97.5000000      -53.8102722       4.88711521E-07
   101.250000      -53.8102722       9.20712482E-05
   105.000000      -53.8102722      -1.33991707E-05
   108.750000      -53.8102722      -8.24336894E-06
   112.500000      -53.8102722      -1.74646266E-06
   116.250000      -53.8102722       1.44238584E-06
   120.000000      -53.8102722       2.27685086E-06
   123.750000      -53.8102722       9.42940824E-06
   127.500000      -53.8102722       7.27130100E-07
   131.250000      -53.8102722       1.14857685E-05
   135.000000      -53.8102722      -9.71602276E-07
   138.750000      -53.8102722       8.16537067E-07
   142.500000      -53.8102722       4.36301343E-06
   146.250000      -53.8102722      -2.72993930E-06
   150.000000      -53.8102722      -1.00140460E-06
   153.750000      -53.8102722       8.77375714E-06
   157.500000      -53.8102722       6.44917600E-06
   161.250000      -53.8102722      -8.51158984E-06
   165.000000      -53.8102722       2.27510463E-05
   168.750000      -53.8102722       7.99889676E-06
   172.500000      -53.8102722       6.59818761E-06
   176.250000      -53.8102722      -1.17898453E-05
   180.000000      -53.8102722      -6.96186908E-06
   183.750000      -53.8102722       2.51526944E-06
   187.500000      -53.8102722       6.98561780E-06
   191.250000      -53.8102722       2.31980812E-05
   195.000000      -53.8102722      -3.61383427E-05
   198.750000      -53.8102722      -6.45522960E-06
   202.500000      -53.8102722       2.09803693E-06
   206.250000      -53.8102722      -1.78695191E-05
   210.000000      -53.8102722      -2.84914859E-06
   213.750000      -53.8102722      -1.80606730E-06
   217.500000      -53.8102722      -1.38883479E-06
   221.250000      -53.8102722      -7.79633410E-06
   225.000000      -53.8102722       1.04128849E-05
   228.750000      -53.8102722       6.00214116E-06
   232.500000      -53.8102722       9.45921056E-06
   236.250000      -53.8102722       8.71415250E-06
   240.000000      -53.8102722      -7.31949694E-06
   243.750000      -53.8102722       5.16767614E-06
   247.500000      -53.8102722      -1.16110314E-05
   251.250000      -53.8102722      -2.49326695E-05
   255.000000      -53.8102722       9.16118734E-06
   258.750000      -53.8102722      -3.98163684E-06
   262.500000      -53.8102722      -1.98364723E-05
   266.250000      -53.8102722      -7.08107837E-06
   270.000000      -53.8102722      -3.26638110E-06
   273.750000      -53.8102722       1.92641746E-05
   277.500000      -53.8102722       3.17092054E-06
   281.250000      -53.8102722      -1.76311005E-05
   285.000000      -53.8102722       2.12783925E-06
   288.750000      -53.8102722       2.33645551E-06
   292.500000      -53.8102722      -2.04623211E-05
   296.250000      -53.8102722       1.72674190E-05
   300.000000      -53.8102722       1.60885975E-07
   303.750000      -53.8102722       9.42940824E-06
   307.500000      -53.8102722      -1.40250195E-05
   311.250000      -53.8102722       1.47218816E-06
   315.000000      -53.8102722       2.86817085E-05
   318.750000      -53.8102722      -2.38597859E-05
   322.500000      -53.8102722       1.84595119E-05
   326.250000      -53.8102722      -1.32799614E-05
   330.000000      -53.8102722      -5.24567440E-07
   333.750000      -53.8102722       2.39431392E-05
   337.500000      -53.8102722      -2.37231143E-06
   341.250000      -53.8102722       9.72743146E-06
   345.000000      -53.8102722      -3.35578807E-06
   348.750000      -53.8102722      -4.07104380E-06
   352.500000      -53.8102722      -2.88963784E-05
   356.250000      -53.8102722      -7.71761406E-05
   360.000000      -53.8102722      -4.26650513E-05
   0.00000000      -50.0994530       1.35719310E-05
   3.75000000      -50.0994530      -4.66709025E-06
   7.50000000      -50.0994530      -9.41799954E-07
   11.2500000      -50.0994530       1.02340709E-05
   15.0000000      -50.0994530      -7.25989230E-06
   18.7500000      -50.0994530       4.48222272E-06
   22.5000000      -50.0994530      -1.28627289E-05
   26.2500000      -50.0994530      -4.39886935E-06
   30.0000000      -50.0994530      -1.05041312E-04
   33.7500000      -50.0994530      -1.17600430E-05
   37.5000000      -50.0994530       4.22715675E-05
   41.2500000      -50.0994530       4.88876831E-05
   45.0000000      -50.0994530      -1.13726128E-05
   48.7500000      -50.0994530      -2.35021580E-05
   52.5000000      -50.0994530      -6.63404353E-06
   56.2500000      -50.0994530       4.72064130E-06
   60.0000000      -50.0994530       1.05320942E-05
   63.7500000      -50.0994530       3.64775769E-06
   67.5000000      -50.0994530       1.29758846E-05
   71.2500000      -50.0994530       1.28864776E-05
   75.0000000      -50.0994530       1.57176983E-05
   78.7500000      -50.0994530      -1.13428105E-05
   82.5000000      -50.0994530      -4.16045077E-06
   86.2500000      -50.0994530      -3.62575520E-05
   90.0000000      -50.0994530      -7.23008998E-06
   93.7500000      -50.0994530       5.67431562E-06
   97.5000000      -50.0994530      -4.36906703E-06
   101.250000      -50.0994530      -1.44124497E-05
   105.000000      -50.0994530      -9.10763629E-06
   108.750000      -50.0994530       6.18095510E-06
   112.500000      -50.0994530      -1.95507891E-06
   116.250000      -50.0994530       1.16943847E-05
   120.000000      -50.0994530       3.46894376E-06
   123.750000      -50.0994530      -6.81285746E-06
   127.500000      -50.0994530       5.07826917E-06
   131.250000      -50.0994530      -2.09689606E-05
   135.000000      -50.0994530      -2.46171840E-06
   138.750000      -50.0994530      -7.02147372E-06
   142.500000      -50.0994530      -5.02471812E-06
   146.250000      -50.0994530      -1.98488124E-06
   150.000000      -50.0994530       2.36625783E-06
   153.750000      -50.0994530       1.36911403E-05
   157.500000      -50.0994530       1.24692451E-05
   161.250000      -50.0994530      -2.66910065E-05
   165.000000      -50.0994530      -9.40565951E-06
   168.750000      -50.0994530      -3.86242755E-06
   172.500000      -50.0994530      -9.73348506E-06
   176.250000      -50.0994530      -7.49831088E-06
   180.000000      -50.0994530       7.73067586E-06
   183.750000      -50.0994530      -5.38234599E-06
   187.500000      -50.0994530      -4.27966006E-06
   191.250000      -50.0994530      -1.70946587E-05
   195.000000      -50.0994530      -4.78629954E-06
   198.750000      -50.0994530       4.42261808E-06
   202.500000      -50.0994530      -5.23333438E-06
   206.250000      -50.0994530       1.67905819E-05
   210.000000      -50.0994530      -8.82195309E-07
   213.750000      -50.0994530      -2.55112536E-06
   217.500000      -50.0994530      -1.32923014E-06
   221.250000      -50.0994530       9.34000127E-06
   225.000000      -50.0994530      -1.30415428E-05
   228.750000      -50.0994530       2.19165813E-05
   232.500000      -50.0994530       7.49225728E-06
   236.250000      -50.0994530       5.97233884E-06
   240.000000      -50.0994530      -1.39356125E-05
   243.750000      -50.0994530       1.09791290E-05
   247.500000      -50.0994530       3.37953679E-06
   251.250000      -50.0994530      -4.24985774E-06
   255.000000      -50.0994530      -1.87635887E-05
   258.750000      -50.0994530      -1.39058102E-05
   262.500000      -50.0994530      -4.45847400E-06
   266.250000      -50.0994530      -1.20878685E-05
   270.000000      -50.0994530       1.08301174E-05
   273.750000      -50.0994530      -2.31270678E-06
   277.500000      -50.0994530      -8.42218287E-06
   281.250000      -50.0994530       2.08735000E-05
   285.000000      -50.0994530       7.11500179E-05
   288.750000      -50.0994530      -1.55151356E-05
   292.500000      -50.0994530       1.12473499E-05
   296.250000      -50.0994530      -2.93855555E-06
   300.000000      -50.0994530       1.63733494E-05
   303.750000      -50.0994530       2.78349034E-06
   307.500000      -50.0994530       8.47573392E-06
   311.250000      -50.0994530      -2.04448588E-06
   315.000000      -50.0994530      -1.35903247E-06
   318.750000      -50.0994530       1.26778614E-05
   322.500000      -50.0994530       4.00538556E-06
   326.250000      -50.0994530       5.22728078E-06
   330.000000      -50.0994530       1.24394428E-05
   333.750000      -50.0994530      -7.33183697E-07
   337.500000      -50.0994530      -1.16408337E-05
   341.250000      -50.0994530      -2.61545647E-05
   345.000000      -50.0994530      -1.06871594E-05
   348.750000      -50.0994530      -1.82569493E-05
   352.500000      -50.0994530       4.12459485E-06
   356.250000      -50.0994530       2.35557090E-05
   360.000000      -50.0994530       1.35719310E-05
   0.00000000      -46.3885536       3.64775769E-06
   3.75000000      -46.3885536       5.10807149E-06
   7.50000000      -46.3885536      -1.53784640E-06
   11.2500000      -46.3885536       7.19423406E-06
   15.0000000      -46.3885536      -6.27641566E-06
   18.7500000      -46.3885536      -8.86921771E-06
   22.5000000      -46.3885536       1.17641641E-04
   26.2500000      -46.3885536      -4.77910507E-05
   30.0000000      -46.3885536      -4.56452835E-05
   33.7500000      -46.3885536      -4.57942951E-05
   37.5000000      -46.3885536      -2.42174137E-05
   41.2500000      -46.3885536       3.67581379E-05
   45.0000000      -46.3885536       3.94578092E-06
   48.7500000      -46.3885536       1.32441055E-05
   52.5000000      -46.3885536       2.26616394E-05
   56.2500000      -46.3885536       1.84893142E-05
   60.0000000      -46.3885536       1.30056869E-05
   63.7500000      -46.3885536       3.43914144E-06
   67.5000000      -46.3885536      -3.48866452E-05
   71.2500000      -46.3885536      -2.43366230E-05
   75.0000000      -46.3885536      -8.75000842E-06
   78.7500000      -46.3885536       1.11281406E-05
   82.5000000      -46.3885536      -9.37585719E-06
   86.2500000      -46.3885536      -1.34289730E-05
   90.0000000      -46.3885536      -7.11088069E-06
   93.7500000      -46.3885536      -1.11937989E-05
   97.5000000      -46.3885536       3.37953679E-06
   101.250000      -46.3885536      -3.53634823E-05
   105.000000      -46.3885536       9.25059430E-06
   108.750000      -46.3885536       7.28364103E-06
   112.500000      -46.3885536       8.17771070E-06
   116.250000      -46.3885536       7.64126889E-06
   120.000000      -46.3885536      -9.22684558E-06
   123.750000      -46.3885536       1.74040906E-06
   127.500000      -46.3885536       4.18419950E-06
   131.250000      -46.3885536       1.47044193E-05
   135.000000      -46.3885536      -2.34250911E-06
   138.750000      -46.3885536      -1.50804408E-06
   142.500000      -46.3885536      -9.10763629E-06
   146.250000      -46.3885536       7.64126889E-06
   150.000000      -46.3885536       1.12473499E-05
   153.750000      -46.3885536      -6.09760173E-06
   157.500000      -46.3885536      -1.79291237E-05
   161.250000      -46.3885536       9.05944034E-07
   165.000000      -46.3885536       2.29298603E-05
   168.750000      -46.3885536       4.39404976E-05
   172.500000      -46.3885536       7.14790076E-08
   176.250000      -46.3885536      -4.54788096E-06
   180.000000      -46.3885536       6.30016439E-06
   183.750000      -46.3885536      -6.12740405E-06
   187.500000      -46.3885536      -9.82463825E-05
   191.250000      -46.3885536      -6.03799708E-06
   195.000000      -46.3885536       1.72376167E-05
   198.750000      -46.3885536       1.48534309E-05
   202.500000      -46.3885536      -3.29618342E-06
   206.250000      -46.3885536       2.15764157E-06
   210.000000      -46.3885536      -6.63404353E-06
   213.750000      -46.3885536      -1.89547427E-06
   217.500000      -46.3885536      -5.94859011E-06
   221.250000      -46.3885536       3.14111821E-06
   225.000000      -46.3885536      -5.68036921E-06
   228.750000      -46.3885536       2.66428106E-06
   232.500000      -46.3885536       1.85489189E-05
   236.250000      -46.3885536       5.04846685E-06
   240.000000      -46.3885536       8.26711766E-06
   243.750000      -46.3885536       3.40933912E-06
   247.500000      -46.3885536      -8.72020610E-06
   251.250000      -46.3885536       1.41083729E-05
   255.000000      -46.3885536      -4.30946238E-06
   258.750000      -46.3885536       3.69502231E-07
   262.500000      -46.3885536      -7.75326043E-08
   266.250000      -46.3885536      -2.51710881E-05
   270.000000      -46.3885536       7.27130100E-07
   273.750000      -46.3885536      -9.70368274E-06
   277.500000      -46.3885536       4.78024594E-06
   281.250000      -46.3885536      -5.41214831E-06
   285.000000      -46.3885536       2.96651851E-05
   288.750000      -46.3885536      -5.72383869E-05
   292.500000      -46.3885536       9.75846779E-05
   296.250000      -46.3885536      -4.33926471E-06
   300.000000      -46.3885536      -2.04448588E-06
   303.750000      -46.3885536      -6.69241417E-05
   307.500000      -46.3885536       6.06174581E-06
   311.250000      -46.3885536      -7.50005711E-05
   315.000000      -46.3885536      -3.83735169E-05
   318.750000      -46.3885536       3.02190892E-06
   322.500000      -46.3885536       9.31019895E-06
   326.250000      -46.3885536      -2.37703789E-05
   330.000000      -46.3885536       1.53898727E-05
   333.750000      -46.3885536       8.50553624E-06
   337.500000      -46.3885536      -8.83941539E-06
   341.250000      -46.3885536       3.76696698E-06
   345.000000      -46.3885536       4.92925756E-06
   348.750000      -46.3885536       8.95257108E-06
   352.500000      -46.3885536       1.62119977E-06
   356.250000      -46.3885536       1.02340709E-05
   360.000000      -46.3885536       3.64775769E-06
   0.00000000      -42.6776047       1.21116173E-05
   3.75000000      -42.6776047       2.39729416E-05
   7.50000000      -42.6776047       3.11851036E-05
   11.2500000      -42.6776047       2.90269963E-06
   15.0000000      -42.6776047       1.18743628E-08
   18.7500000      -42.6776047       1.42871868E-05
   22.5000000      -42.6776047      -6.13974407E-07
   26.2500000      -42.6776047      -1.23560894E-05
   30.0000000      -42.6776047       4.78024594E-06
   33.7500000      -42.6776047      -3.42011917E-05
   37.5000000      -42.6776047       1.13963615E-05
   41.2500000      -42.6776047      -1.74820889E-05
   45.0000000      -42.6776047       1.45852100E-05
   48.7500000      -42.6776047       1.52408611E-05
   52.5000000      -42.6776047       5.67431562E-06
   56.2500000      -42.6776047       3.79676931E-06
   60.0000000      -42.6776047      -1.35481823E-05
   63.7500000      -42.6776047      -1.11341942E-05
   67.5000000      -42.6776047      -5.05452044E-06
   71.2500000      -42.6776047       3.23052518E-06
   75.0000000      -42.6776047       7.84988515E-06
   78.7500000      -42.6776047      -2.04448588E-06
   82.5000000      -42.6776047       4.92925756E-06
   86.2500000      -42.6776047      -3.08756717E-06
   90.0000000      -42.6776047       1.31083652E-07
   93.7500000      -42.6776047      -8.21356662E-06
   97.5000000      -42.6776047       4.78147995E-05
   101.250000      -42.6776047      -8.54139216E-06
   105.000000      -42.6776047      -1.29223336E-05
   108.750000      -42.6776047       2.75194179E-05
   112.500000      -42.6776047       9.66782682E-06
   116.250000      -42.6776047      -7.92788342E-07
   120.000000      -42.6776047       8.35652463E-06
   123.750000      -42.6776047       1.32317655E-06
   127.500000      -42.6776047      -5.54369763E-07
   131.250000      -42.6776047       2.18744390E-06
   135.000000      -42.6776047       1.18433964E-05
   138.750000      -42.6776047       2.29298603E-05
   142.500000      -42.6776047       1.74040906E-06
   146.250000      -42.6776047       1.53302681E-05
   150.000000      -42.6776047       2.80558597E-05
   153.750000      -42.6776047      -3.08756717E-06
   157.500000      -42.6776047       2.20953953E-05
   161.250000      -42.6776047      -1.89722050E-05
   165.000000      -42.6776047       2.05158722E-05
   168.750000      -42.6776047      -2.57075299E-05
   172.500000      -42.6776047      -2.66314019E-05
   176.250000      -42.6776047       8.47398769E-05
   180.000000      -42.6776047       5.49550168E-06
   183.750000      -42.6776047       4.58180439E-05
   187.500000      -42.6776047       1.61051285E-05
   191.250000      -42.6776047       3.06188595E-05
   195.000000      -42.6776047       1.69395935E-05
   198.750000      -42.6776047      -1.23982318E-06
   202.500000      -42.6776047      -1.73926819E-05
   206.250000      -42.6776047       9.13138501E-06
   210.000000      -42.6776047      -6.63404353E-06
   213.750000      -42.6776047      -1.19090546E-05
   217.500000      -42.6776047       3.17092054E-06
   221.250000      -42.6776047      -1.50804408E-06
   225.000000      -42.6776047      -1.74646266E-06
   228.750000      -42.6776047      -9.76328738E-06
   232.500000      -42.6776047       7.79028051E-06
   236.250000      -42.6776047       6.68759458E-06
   240.000000      -42.6776047      -5.14392741E-06
   243.750000      -42.6776047      -2.50518788E-05
   247.500000      -42.6776047      -7.03381374E-07
   251.250000      -42.6776047       2.85923015E-05
   255.000000      -42.6776047      -4.07875050E-05
   258.750000      -42.6776047       1.02515332E-06
   262.500000      -42.6776047      -1.44843943E-06
   266.250000      -42.6776047       3.73716466E-06
   270.000000      -42.6776047      -1.40846241E-05
   273.750000      -42.6776047      -2.96835788E-06
   277.500000      -42.6776047      -1.33097637E-05
   281.250000      -42.6776047       1.53302681E-05
   285.000000      -42.6776047      -1.09553803E-05
   288.750000      -42.6776047      -6.00994099E-05
   292.500000      -42.6776047       1.97243644E-04
   296.250000      -42.6776047       1.65223610E-05
   300.000000      -42.6776047      -3.64661682E-05
   303.750000      -42.6776047       1.71060674E-06
   307.500000      -42.6776047       1.59139745E-06
   311.250000      -42.6776047       1.04128849E-05
   315.000000      -42.6776047       1.84297096E-05
   318.750000      -42.6776047      -2.07428820E-06
   322.500000      -42.6776047       1.63435470E-05
   326.250000      -42.6776047      -3.53460200E-06
   330.000000      -42.6776047       9.28039663E-06
   333.750000      -42.6776047      -8.51158984E-06
   337.500000      -42.6776047       8.16537067E-07
   341.250000      -42.6776047      -1.47824176E-06
   345.000000      -42.6776047      -1.44843943E-06
   348.750000      -42.6776047      -6.00819476E-06
   352.500000      -42.6776047       1.39593612E-05
   356.250000      -42.6776047      -9.82289203E-06
   360.000000      -42.6776047       1.21116173E-05
   0.00000000      -38.9666100       5.34649007E-06
   3.75000000      -38.9666100       2.27685086E-06
   7.50000000      -38.9666100       8.74395482E-06
   11.2500000      -38.9666100      -9.85269435E-06
   15.0000000      -38.9666100      -2.84914859E-06
   18.7500000      -38.9666100      -1.04189385E-05
   22.5000000      -38.9666100      -1.66939571E-07
   26.2500000      -38.9666100       2.53140461E-05
   30.0000000      -38.9666100       1.47218816E-06
   33.7500000      -38.9666100       5.52530400E-06
   37.5000000      -38.9666100       1.28268730E-05
   41.2500000      -38.9666100       1.71482097E-05
   45.0000000      -38.9666100       3.69502231E-07
   48.7500000      -38.9666100      -5.29293902E-06
   52.5000000      -38.9666100      -7.85593875E-06
   56.2500000      -38.9666100      -8.30297358E-06
   60.0000000      -38.9666100       8.16537067E-07
   63.7500000      -38.9666100       5.22728078E-06
   67.5000000      -38.9666100       5.18513843E-07
   71.2500000      -38.9666100       4.18419950E-06
   75.0000000      -38.9666100       2.54507177E-06
   78.7500000      -38.9666100       1.31083652E-07
   82.5000000      -38.9666100       5.58490865E-06
   86.2500000      -38.9666100       4.51202504E-06
   90.0000000      -38.9666100       1.50620472E-05
   93.7500000      -38.9666100       3.35394870E-05
   97.5000000      -38.9666100      -1.48594845E-05
   101.250000      -38.9666100      -3.89222987E-06
   105.000000      -38.9666100       1.44958030E-05
   108.750000      -38.9666100       1.19328033E-05
   112.500000      -38.9666100      -5.84172085E-07
   116.250000      -38.9666100       8.95257108E-06
   120.000000      -38.9666100      -3.11017502E-05
   123.750000      -38.9666100      -6.78305514E-06
   127.500000      -38.9666100      -3.14717181E-06
   131.250000      -38.9666100       1.11579429E-05
   135.000000      -38.9666100       2.12311279E-05
   138.750000      -38.9666100       2.03843229E-06
   142.500000      -38.9666100       3.64775769E-06
   146.250000      -38.9666100      -4.16045077E-06
   150.000000      -38.9666100      -5.73997386E-06
   153.750000      -38.9666100       8.20751302E-06
   157.500000      -38.9666100       3.43914144E-06
   161.250000      -38.9666100       8.23731534E-06
   165.000000      -38.9666100      -1.00315083E-05
   168.750000      -38.9666100      -2.25782860E-05
   172.500000      -38.9666100      -5.23333438E-06
   176.250000      -38.9666100       4.88711521E-07
   180.000000      -38.9666100      -7.20028765E-06
   183.750000      -38.9666100      -3.29792965E-05
   187.500000      -38.9666100      -3.16083897E-05
   191.250000      -38.9666100      -1.27137173E-05
   195.000000      -38.9666100      -5.97839244E-06
   198.750000      -38.9666100       2.00862996E-06
   202.500000      -38.9666100      -1.92527659E-06
   206.250000      -38.9666100      -6.21681102E-06
   210.000000      -38.9666100      -7.62986019E-07
   213.750000      -38.9666100       6.56838529E-06
   217.500000      -38.9666100       6.07920811E-07
   221.250000      -38.9666100      -5.47175296E-06
   225.000000      -38.9666100      -5.23333438E-06
   228.750000      -38.9666100      -2.81934626E-06
   232.500000      -38.9666100      -8.57119448E-06
   236.250000      -38.9666100      -2.72993930E-06
   240.000000      -38.9666100      -1.02699269E-05
   243.750000      -38.9666100       1.57475006E-05
   247.500000      -38.9666100       1.53004657E-05
   251.250000      -38.9666100       2.10821163E-05
   255.000000      -38.9666100      -1.00315083E-05
   258.750000      -38.9666100       3.23052518E-06
   262.500000      -38.9666100      -4.81610186E-06
   266.250000      -38.9666100      -1.71666034E-06
   270.000000      -38.9666100       1.95621978E-05
   273.750000      -38.9666100      -7.70692714E-06
   277.500000      -38.9666100       3.69502231E-07
   281.250000      -38.9666100      -2.72993930E-06
   285.000000      -38.9666100      -4.51807864E-06
   288.750000      -38.9666100      -1.49190892E-05
   292.500000      -38.9666100      -8.45969189E-05
   296.250000      -38.9666100      -4.39763535E-05
   300.000000      -38.9666100       2.50292942E-07
   303.750000      -38.9666100       6.14046585E-05
   307.500000      -38.9666100       1.58667099E-05
   311.250000      -38.9666100       3.37953679E-06
   315.000000      -38.9666100       1.38103496E-05
   318.750000      -38.9666100       3.73716466E-06
   322.500000      -38.9666100      -7.43870623E-06
   326.250000      -38.9666100      -8.85606278E-05
   330.000000      -38.9666100       3.09764873E-05
   333.750000      -38.9666100       4.78024594E-06
   337.500000      -38.9666100      -2.43191607E-06
   341.250000      -38.9666100      -1.69158448E-05
   345.000000      -38.9666100      -2.93855555E-06
   348.750000      -38.9666100      -3.50479968E-06
   352.500000      -38.9666100       1.47218816E-06
   356.250000      -38.9666100      -2.58092768E-06
   360.000000      -38.9666100       5.34649007E-06
   0.00000000      -35.2555809       4.36301343E-06
   3.75000000      -35.2555809       1.27374660E-05
   7.50000000      -35.2555809       1.78634655E-05
   11.2500000      -35.2555809      -7.91554339E-06
   15.0000000      -35.2555809      -1.29942782E-06
   18.7500000      -35.2555809      -5.05452044E-06
   22.5000000      -35.2555809      -7.43870623E-06
   26.2500000      -35.2555809      -7.82613643E-06
   30.0000000      -35.2555809       4.48941719E-05
   33.7500000      -35.2555809      -2.89261807E-05
   37.5000000      -35.2555809       1.09195244E-05
   41.2500000      -35.2555809      -8.80961306E-06
   45.0000000      -35.2555809      -1.50804408E-06
   48.7500000      -35.2555809       2.54507177E-06
   52.5000000      -35.2555809       2.63447873E-06
   56.2500000      -35.2555809      -7.70692714E-06
   60.0000000      -35.2555809      -9.01822932E-06
   63.7500000      -35.2555809       8.23731534E-06
   67.5000000      -35.2555809       1.75654422E-05
   71.2500000      -35.2555809       2.45566480E-06
   75.0000000      -35.2555809       5.01866452E-06
   78.7500000      -35.2555809      -7.64732249E-06
   82.5000000      -35.2555809       6.77700154E-06
   86.2500000      -35.2555809      -1.41863711E-06
   90.0000000      -35.2555809       9.05944034E-07
   93.7500000      -35.2555809       1.00850593E-05
   97.5000000      -35.2555809       1.40487682E-05
   101.250000      -35.2555809      -1.51277054E-05
   105.000000      -35.2555809       3.21685802E-05
   108.750000      -35.2555809       1.87873375E-05
   112.500000      -35.2555809      -2.56346539E-07
   116.250000      -35.2555809      -4.87570651E-06
   120.000000      -35.2555809       2.03072559E-05
   123.750000      -35.2555809       3.82657163E-06
   127.500000      -35.2555809       1.62839424E-05
   131.250000      -35.2555809      -3.83139122E-05
   135.000000      -35.2555809       4.58909199E-07
   138.750000      -35.2555809      -1.93000305E-05
   142.500000      -35.2555809      -1.07334927E-07
   146.250000      -35.2555809       2.24704854E-06
   150.000000      -35.2555809       2.39606015E-06
   153.750000      -35.2555809      -4.07104380E-06
   157.500000      -35.2555809      -5.35254367E-06
   161.250000      -35.2555809      -3.45753506E-07
   165.000000      -35.2555809      -1.21772755E-05
   168.750000      -35.2555809       2.34364998E-05
   172.500000      -35.2555809      -5.89967240E-05
   176.250000      -35.2555809      -3.01778782E-05
   180.000000      -35.2555809      -1.28925312E-05
   183.750000      -35.2555809      -4.66709025E-06
   187.500000      -35.2555809       2.03843229E-06
   191.250000      -35.2555809      -8.60099681E-06
   195.000000      -35.2555809      -9.67388041E-06
   198.750000      -35.2555809       1.94902532E-06
   202.500000      -35.2555809      -7.14068301E-06
   206.250000      -35.2555809       1.02515332E-06
   210.000000      -35.2555809       1.22904312E-05
   213.750000      -35.2555809       5.22728078E-06
   217.500000      -35.2555809      -1.47998799E-05
   221.250000      -35.2555809       3.39699909E-07
   225.000000      -35.2555809       9.81683843E-06
   228.750000      -35.2555809       1.94902532E-06
   232.500000      -35.2555809       9.42940824E-06
   236.250000      -35.2555809      -1.07467640E-05
   240.000000      -35.2555809       2.27685086E-06
   243.750000      -35.2555809       1.25586521E-05
   247.500000      -35.2555809       1.03234779E-05
   251.250000      -35.2555809       2.84309499E-06
   255.000000      -35.2555809       3.37953679E-06
   258.750000      -35.2555809      -6.15720637E-06
   262.500000      -35.2555809       7.90948980E-06
   266.250000      -35.2555809       1.38278119E-06
   270.000000      -35.2555809       1.64031517E-05
   273.750000      -35.2555809       1.92939769E-05
   277.500000      -35.2555809       6.03194349E-06
   281.250000      -35.2555809       1.04426872E-05
   285.000000      -35.2555809      -1.80781353E-05
   288.750000      -35.2555809       7.86734745E-07
   292.500000      -35.2555809      -5.11289109E-05
   296.250000      -35.2555809      -6.72345050E-06
   300.000000      -35.2555809      -1.45018566E-05
   303.750000      -35.2555809      -2.19822396E-05
   307.500000      -35.2555809       2.06946861E-05
   311.250000      -35.2555809      -1.74820889E-05
   315.000000      -35.2555809      -1.00017060E-05
   318.750000      -35.2555809      -4.53174580E-05
   322.500000      -35.2555809      -3.04460991E-05
   326.250000      -35.2555809       3.87548935E-05
   330.000000      -35.2555809      -1.53065193E-05
   333.750000      -35.2555809       7.16443174E-06
   337.500000      -35.2555809      -8.54139216E-06
   341.250000      -35.2555809       4.09479253E-06
   345.000000      -35.2555809       4.33321111E-06
   348.750000      -35.2555809       1.22904312E-05
   352.500000      -35.2555809       5.79352491E-06
   356.250000      -35.2555809       5.67431562E-06
   360.000000      -35.2555809       4.36301343E-06
   0.00000000      -31.5445251       1.04128849E-05
   3.75000000      -31.5445251      -1.35481823E-05
   7.50000000      -31.5445251      -4.93531115E-06
   11.2500000      -31.5445251      -3.11736949E-06
   15.0000000      -31.5445251      -1.84953678E-05
   18.7500000      -31.5445251      -2.82109249E-05
   22.5000000      -31.5445251      -1.33097637E-05
   26.2500000      -31.5445251       1.83403026E-05
   30.0000000      -31.5445251       1.11456029E-06
   33.7500000      -31.5445251       3.39269172E-05
   37.5000000      -31.5445251      -1.77626498E-06
   41.2500000      -31.5445251       8.53533857E-06
   45.0000000      -31.5445251      -1.93596352E-05
   48.7500000      -31.5445251       2.33172905E-05
   52.5000000      -31.5445251       3.09897587E-07
   56.2500000      -31.5445251       9.48901288E-06
   60.0000000      -31.5445251      -1.17004383E-05
   63.7500000      -31.5445251       6.07920811E-07
   67.5000000      -31.5445251      -2.75974162E-06
   71.2500000      -31.5445251       9.63802449E-06
   75.0000000      -31.5445251       5.25708310E-06
   78.7500000      -31.5445251      -1.15812290E-05
   82.5000000      -31.5445251       3.85637395E-06
   86.2500000      -31.5445251       1.08599197E-05
   90.0000000      -31.5445251       1.18731987E-05
   93.7500000      -31.5445251      -1.26839150E-05
   97.5000000      -31.5445251      -1.08659733E-05
   101.250000      -31.5445251       1.08599197E-05
   105.000000      -31.5445251       2.41219532E-05
   108.750000      -31.5445251      -7.25989230E-06
   112.500000      -31.5445251      -3.00884712E-05
   116.250000      -31.5445251      -3.77178658E-05
   120.000000      -31.5445251      -2.26676930E-05
   123.750000      -31.5445251      -1.54853333E-05
   127.500000      -31.5445251       1.39593612E-05
   131.250000      -31.5445251      -3.03864945E-05
   135.000000      -31.5445251      -5.05452044E-06
   138.750000      -31.5445251      -8.45075119E-05
   142.500000      -31.5445251      -4.69689257E-06
   146.250000      -31.5445251       8.32672231E-06
   150.000000      -31.5445251      -5.79957850E-06
   153.750000      -31.5445251      -1.29223336E-05
   157.500000      -31.5445251       2.54507177E-06
   161.250000      -31.5445251       1.24096405E-05
   165.000000      -31.5445251       1.99198257E-05
   168.750000      -31.5445251      -2.37231143E-06
   172.500000      -31.5445251       2.70425808E-05
   176.250000      -31.5445251      -8.45198520E-06
   180.000000      -31.5445251       2.33645551E-06
   183.750000      -31.5445251      -1.63496006E-05
   187.500000      -31.5445251       7.93929212E-06
   191.250000      -31.5445251       3.64775769E-06
   195.000000      -31.5445251       1.58071052E-05
   198.750000      -31.5445251       3.87548935E-05
   202.500000      -31.5445251      -6.87246211E-06
   206.250000      -31.5445251      -2.81934626E-06
   210.000000      -31.5445251      -1.15216244E-05
   213.750000      -31.5445251       9.35746357E-07
   217.500000      -31.5445251      -1.49488915E-05
   221.250000      -31.5445251       4.95905988E-06
   225.000000      -31.5445251       6.50878064E-06
   228.750000      -31.5445251       1.80001371E-06
   232.500000      -31.5445251      -2.89261807E-05
   236.250000      -31.5445251       3.39699909E-07
   240.000000      -31.5445251       3.43914144E-06
   243.750000      -31.5445251      -2.58092768E-06
   247.500000      -31.5445251       2.42586248E-06
   251.250000      -31.5445251       1.49130356E-05
   255.000000      -31.5445251      -1.80606730E-06
   258.750000      -31.5445251       7.27130100E-07
   262.500000      -31.5445251       1.41258352E-06
   266.250000      -31.5445251      -6.13974407E-07
   270.000000      -31.5445251      -1.03120692E-06
   273.750000      -31.5445251      -2.83003319E-05
   277.500000      -31.5445251      -1.82867516E-05
   281.250000      -31.5445251      -9.61427577E-06
   285.000000      -31.5445251       1.82508957E-05
   288.750000      -31.5445251       1.66117679E-05
   292.500000      -31.5445251       4.15563118E-05
   296.250000      -31.5445251       5.55510633E-06
   300.000000      -31.5445251       3.91423237E-05
   303.750000      -31.5445251      -1.07765663E-05
   307.500000      -31.5445251       1.00850593E-05
   311.250000      -31.5445251       1.84893142E-05
   315.000000      -31.5445251       1.44958030E-05
   318.750000      -31.5445251       2.06946861E-05
   322.500000      -31.5445251      -1.65705569E-06
   326.250000      -31.5445251      -4.64962795E-07
   330.000000      -31.5445251       3.26454174E-05
   333.750000      -31.5445251      -5.82938083E-06
   337.500000      -31.5445251       1.14899827E-04
   341.250000      -31.5445251       9.10158269E-06
   345.000000      -31.5445251      -1.39356125E-05
   348.750000      -31.5445251      -1.12061389E-06
   352.500000      -31.5445251      -5.68036921E-06
   356.250000      -31.5445251      -8.54139216E-06
   360.000000      -31.5445251       1.04128849E-05
   0.00000000      -27.8334446      -1.32923014E-06
   3.75000000      -27.8334446      -3.20677646E-06
   7.50000000      -27.8334446       1.90555584E-05
   11.2500000      -27.8334446       6.86640851E-06
   15.0000000      -27.8334446       1.13963615E-05
   18.7500000      -27.8334446      -1.67966355E-05
   22.5000000      -27.8334446      -3.92973889E-05
   26.2500000      -27.8334446       1.48832332E-05
   30.0000000      -27.8334446       2.16185581E-05
   33.7500000      -27.8334446      -5.47175296E-06
   37.5000000      -27.8334446       6.59818761E-06
   41.2500000      -27.8334446      -7.79633410E-06
   45.0000000      -27.8334446      -1.61111820E-05
   48.7500000      -27.8334446       1.58369076E-05
   52.5000000      -27.8334446      -6.18700869E-06
   56.2500000      -27.8334446       5.19747846E-06
   60.0000000      -27.8334446      -5.38234599E-06
   63.7500000      -27.8334446       7.14790076E-08
   67.5000000      -27.8334446      -6.69364817E-06
   71.2500000      -27.8334446      -6.54463656E-06
   75.0000000      -27.8334446      -1.14918221E-05
   78.7500000      -27.8334446      -4.48827632E-06
   82.5000000      -27.8334446      -4.36906703E-06
   86.2500000      -27.8334446       1.94902532E-06
   90.0000000      -27.8334446      -1.01805199E-05
   93.7500000      -27.8334446      -1.02401245E-05
   97.5000000      -27.8334446       9.31019895E-06
   101.250000      -27.8334446       1.64627563E-05
   105.000000      -27.8334446      -1.79589260E-05
   108.750000      -27.8334446      -1.77205075E-05
   112.500000      -27.8334446       1.01281330E-07
   116.250000      -27.8334446       1.69395935E-05
   120.000000      -27.8334446      -1.81079376E-05
   123.750000      -27.8334446       2.20490620E-07
   127.500000      -27.8334446       1.94727909E-05
   131.250000      -27.8334446      -6.90103043E-05
   135.000000      -27.8334446       2.02476513E-05
   138.750000      -27.8334446       2.36153137E-05
   142.500000      -27.8334446      -8.33277591E-06
   146.250000      -27.8334446       1.25288498E-05
   150.000000      -27.8334446      -1.98364723E-05
   153.750000      -27.8334446       2.45987903E-05
   157.500000      -27.8334446      -3.22342385E-05
   161.250000      -27.8334446      -1.22070778E-05
   165.000000      -27.8334446      -2.25186814E-05
   168.750000      -27.8334446       1.09195244E-05
   172.500000      -27.8334446       2.90269963E-06
   176.250000      -27.8334446       1.79528724E-05
   180.000000      -27.8334446      -4.66883648E-05
   183.750000      -27.8334446       4.89945523E-06
   187.500000      -27.8334446       6.65779226E-06
   191.250000      -27.8334446      -1.43826474E-05
   195.000000      -27.8334446       1.35719310E-05
   198.750000      -27.8334446       1.77021138E-06
   202.500000      -27.8334446       7.87968747E-06
   206.250000      -27.8334446       2.11715233E-05
   210.000000      -27.8334446       1.71060674E-06
   213.750000      -27.8334446       4.83985059E-06
   217.500000      -27.8334446      -6.12740405E-06
   221.250000      -27.8334446      -4.13064845E-06
   225.000000      -27.8334446       1.34825241E-05
   228.750000      -27.8334446       1.20520126E-05
   232.500000      -27.8334446      -3.61383427E-05
   236.250000      -27.8334446       2.45566480E-06
   240.000000      -27.8334446       4.92925756E-06
   243.750000      -27.8334446       6.47897832E-06
   247.500000      -27.8334446      -5.76977618E-06
   251.250000      -27.8334446       1.26182567E-05
   255.000000      -27.8334446       4.89945523E-06
   258.750000      -27.8334446      -8.12415965E-06
   262.500000      -27.8334446       1.54196750E-05
   266.250000      -27.8334446       4.30340879E-06
   270.000000      -27.8334446      -9.34605487E-06
   273.750000      -27.8334446       1.08475797E-06
   277.500000      -27.8334446       3.29012983E-06
   281.250000      -27.8334446      -7.03381374E-07
   285.000000      -27.8334446       4.45242040E-06
   288.750000      -27.8334446       1.50199048E-06
   292.500000      -27.8334446       2.78770458E-05
   296.250000      -27.8334446       2.59398948E-05
   300.000000      -27.8334446      -2.35319603E-05
   303.750000      -27.8334446      -1.86145771E-05
   307.500000      -27.8334446      -6.45522960E-06
   311.250000      -27.8334446       1.18743628E-08
   315.000000      -27.8334446      -2.56346539E-07
   318.750000      -27.8334446      -9.11997631E-07
   322.500000      -27.8334446       2.20490620E-07
   326.250000      -27.8334446       6.50878064E-06
   330.000000      -27.8334446       3.99469864E-05
   333.750000      -27.8334446       6.07920811E-07
   337.500000      -27.8334446       1.63435470E-05
   341.250000      -27.8334446      -2.78954394E-06
   345.000000      -27.8334446       1.34527218E-05
   348.750000      -27.8334446      -2.31270678E-06
   352.500000      -27.8334446       1.35297887E-06
   356.250000      -27.8334446      -7.33183697E-07
   360.000000      -27.8334446      -1.32923014E-06
   0.00000000      -24.1223469      -1.14024151E-05
   3.75000000      -24.1223469       1.33931171E-05
   7.50000000      -24.1223469       1.88942067E-06
   11.2500000      -24.1223469      -1.86443795E-05
   15.0000000      -24.1223469       9.84664075E-06
   18.7500000      -24.1223469       1.14559662E-05
   22.5000000      -24.1223469      -2.86148861E-07
   26.2500000      -24.1223469      -8.33277591E-06
   30.0000000      -24.1223469       6.03194349E-06
   33.7500000      -24.1223469      -5.08432277E-06
   37.5000000      -24.1223469       1.75356399E-05
   41.2500000      -24.1223469       1.19328033E-05
   45.0000000      -24.1223469       1.33037101E-05
   48.7500000      -24.1223469      -1.24454964E-05
   52.5000000      -24.1223469      -3.74321826E-06
   56.2500000      -24.1223469       6.62798993E-06
   60.0000000      -24.1223469      -7.58771785E-06
   63.7500000      -24.1223469       4.83985059E-06
   67.5000000      -24.1223469       2.26020347E-05
   71.2500000      -24.1223469      -2.01642979E-05
   75.0000000      -24.1223469      -1.53363217E-05
   78.7500000      -24.1223469      -8.57119448E-06
   82.5000000      -24.1223469      -8.09435733E-06
   86.2500000      -24.1223469       1.69991981E-05
   90.0000000      -24.1223469      -1.02401245E-05
   93.7500000      -24.1223469       6.18095510E-06
   97.5000000      -24.1223469       4.18419950E-06
   101.250000      -24.1223469      -1.38883479E-06
   105.000000      -24.1223469      -2.45452393E-05
   108.750000      -24.1223469      -6.43776730E-07
   112.500000      -24.1223469      -8.42218287E-06
   116.250000      -24.1223469      -1.31905545E-05
   120.000000      -24.1223469       1.59561168E-05
   123.750000      -24.1223469      -3.60191334E-05
   127.500000      -24.1223469       4.74273693E-05
   131.250000      -24.1223469       3.09168827E-05
   135.000000      -24.1223469       8.20751302E-06
   138.750000      -24.1223469       1.96814071E-05
   142.500000      -24.1223469      -1.18792523E-05
   146.250000      -24.1223469       4.69083898E-06
   150.000000      -24.1223469      -8.00495036E-06
   153.750000      -24.1223469      -9.58447345E-06
   157.500000      -24.1223469      -2.17140187E-05
   161.250000      -24.1223469      -4.05358151E-07
   165.000000      -24.1223469      -1.45316590E-05
   168.750000      -24.1223469      -1.26243103E-05
   172.500000      -24.1223469       4.74273693E-05
   176.250000      -24.1223469       6.98561780E-06
   180.000000      -24.1223469      -1.16706360E-05
   183.750000      -24.1223469       7.84988515E-06
   187.500000      -24.1223469      -5.88898547E-06
   191.250000      -24.1223469      -2.25310214E-06
   195.000000      -24.1223469       7.55186193E-06
   198.750000      -24.1223469      -1.98488124E-06
   202.500000      -24.1223469      -1.63496006E-05
   206.250000      -24.1223469       1.23500358E-05
   210.000000      -24.1223469       1.47938263E-05
   213.750000      -24.1223469       1.53302681E-05
   217.500000      -24.1223469       1.53302681E-05
   221.250000      -24.1223469      -5.20825852E-05
   225.000000      -24.1223469      -4.66709025E-06
   228.750000      -24.1223469      -2.84914859E-06
   232.500000      -24.1223469       6.65779226E-06
   236.250000      -24.1223469       1.71780121E-05
   240.000000      -24.1223469       5.28688543E-06
   243.750000      -24.1223469      -1.44843943E-06
   247.500000      -24.1223469       6.41937368E-06
   251.250000      -24.1223469       4.18419950E-06
   255.000000      -24.1223469      -1.31607521E-05
   258.750000      -24.1223469      -1.17004383E-05
   262.500000      -24.1223469      -1.62601937E-05
   266.250000      -24.1223469       1.69097912E-05
   270.000000      -24.1223469       1.06215011E-05
   273.750000      -24.1223469       4.21400182E-06
   277.500000      -24.1223469      -6.33602031E-06
   281.250000      -24.1223469       8.38632695E-06
   285.000000      -24.1223469      -7.62986019E-07
   288.750000      -24.1223469      -5.32274134E-06
   292.500000      -24.1223469       4.82618343E-05
   296.250000      -24.1223469       6.56961929E-05
   300.000000      -24.1223469      -7.52811320E-06
   303.750000      -24.1223469      -1.08659733E-05
   307.500000      -24.1223469      -1.38760079E-05
   311.250000      -24.1223469      -3.79562844E-05
   315.000000      -24.1223469       2.16185581E-05
   318.750000      -24.1223469       2.60467641E-06
   322.500000      -24.1223469      -1.86567195E-06
   326.250000      -24.1223469       5.49550168E-06
   330.000000      -24.1223469       9.10158269E-06
   333.750000      -24.1223469       7.25383870E-06
   337.500000      -24.1223469      -1.31011475E-05
   341.250000      -24.1223469       1.52706634E-05
   345.000000      -24.1223469       3.20072286E-06
   348.750000      -24.1223469       7.43265264E-06
   352.500000      -24.1223469      -2.07428820E-06
   356.250000      -24.1223469      -4.33926471E-06
   360.000000      -24.1223469      -1.14024151E-05
   0.00000000      -20.4112377      -1.88529957E-05
   3.75000000      -20.4112377       9.95351002E-07
   7.50000000      -20.4112377      -2.84914859E-06
   11.2500000      -20.4112377      -2.33233441E-05
   15.0000000      -20.4112377      -5.17372973E-06
   18.7500000      -20.4112377       1.14631606E-04
   22.5000000      -20.4112377      -3.12805641E-05
   26.2500000      -20.4112377      -3.31879128E-05
   30.0000000      -20.4112377      -1.81377400E-05
   33.7500000      -20.4112377       2.94565689E-05
   37.5000000      -20.4112377       5.25831711E-05
   41.2500000      -20.4112377       4.18841373E-05
   45.0000000      -20.4112377      -1.84655655E-05
   48.7500000      -20.4112377      -2.18928326E-05
   52.5000000      -20.4112377      -1.73628796E-05
   56.2500000      -20.4112377      -1.93894375E-05
   60.0000000      -20.4112377      -1.08957756E-05
   63.7500000      -20.4112377       1.53179280E-06
   67.5000000      -20.4112377       3.25858127E-05
   71.2500000      -20.4112377      -1.50382984E-05
   75.0000000      -20.4112377       4.86965291E-06
   78.7500000      -20.4112377       9.81683843E-06
   82.5000000      -20.4112377      -5.56115992E-06
   86.2500000      -20.4112377       2.87711155E-05
   90.0000000      -20.4112377      -2.17736233E-05
   93.7500000      -20.4112377       1.90257560E-05
   97.5000000      -20.4112377       1.14559662E-05
   101.250000      -20.4112377       2.15764157E-06
   105.000000      -20.4112377      -1.23982318E-06
   108.750000      -20.4112377       2.18744390E-06
   112.500000      -20.4112377       5.61471097E-06
   116.250000      -20.4112377       2.42113601E-05
   120.000000      -20.4112377       4.89945523E-06
   123.750000      -20.4112377       3.67756002E-06
   127.500000      -20.4112377      -2.80917156E-05
   131.250000      -20.4112377      -7.25989230E-06
   135.000000      -20.4112377      -1.23858918E-05
   138.750000      -20.4112377      -1.97470654E-05
   142.500000      -20.4112377      -5.85918315E-06
   146.250000      -20.4112377       1.91747677E-05
   150.000000      -20.4112377       6.09154813E-06
   153.750000      -20.4112377       1.73270237E-05
   157.500000      -20.4112377       7.82008283E-06
   161.250000      -20.4112377      -1.81675423E-05
   165.000000      -20.4112377      -1.47402752E-05
   168.750000      -20.4112377      -3.95358074E-05
   172.500000      -20.4112377       2.33768951E-05
   176.250000      -20.4112377       6.38957135E-06
   180.000000      -20.4112377      -5.08432277E-06
   183.750000      -20.4112377       4.58909199E-07
   187.500000      -20.4112377      -6.54463656E-06
   191.250000      -20.4112377      -1.89547427E-06
   195.000000      -20.4112377      -1.07334927E-07
   198.750000      -20.4112377      -6.45522960E-06
   202.500000      -20.4112377       2.47776043E-05
   206.250000      -20.4112377      -5.22613991E-05
   210.000000      -20.4112377      -5.76258171E-05
   213.750000      -20.4112377      -3.20677646E-06
   217.500000      -20.4112377      -5.97839244E-06
   221.250000      -20.4112377       1.03532802E-05
   225.000000      -20.4112377       1.14261638E-05
   228.750000      -20.4112377       5.48316166E-07
   232.500000      -20.4112377       1.05495565E-06
   236.250000      -20.4112377      -1.92527659E-06
   240.000000      -20.4112377       5.37629239E-06
   243.750000      -20.4112377      -3.41539271E-06
   247.500000      -20.4112377      -6.06779940E-06
   251.250000      -20.4112377      -1.37137249E-07
   255.000000      -20.4112377       1.36017334E-05
   258.750000      -20.4112377       8.14790837E-06
   262.500000      -20.4112377       9.95351002E-07
   266.250000      -20.4112377       1.08475797E-06
   270.000000      -20.4112377      -2.46171840E-06
   273.750000      -20.4112377       1.28268730E-05
   277.500000      -20.4112377       2.66428106E-06
   281.250000      -20.4112377       6.12135045E-06
   285.000000      -20.4112377      -9.85269435E-06
   288.750000      -20.4112377      -2.55287159E-05
   292.500000      -20.4112377      -1.95074128E-04
   296.250000      -20.4112377      -1.66774262E-05
   300.000000      -20.4112377       1.64925586E-05
   303.750000      -20.4112377      -1.51277054E-05
   307.500000      -20.4112377      -1.50084961E-05
   311.250000      -20.4112377      -7.92788342E-07
   315.000000      -20.4112377       2.29298603E-05
   318.750000      -20.4112377       6.86640851E-06
   322.500000      -20.4112377       1.36911403E-05
   326.250000      -20.4112377      -5.65056689E-06
   330.000000      -20.4112377      -4.93531115E-06
   333.750000      -20.4112377      -7.91554339E-06
   337.500000      -20.4112377      -1.73330773E-05
   341.250000      -20.4112377       3.58815305E-06
   345.000000      -20.4112377      -1.86567195E-06
   348.750000      -20.4112377      -2.04921234E-05
   352.500000      -20.4112377      -3.11736949E-06
   356.250000      -20.4112377      -1.59745105E-06
   360.000000      -20.4112377      -1.88529957E-05
   0.00000000      -16.7001171      -7.40890391E-06
   3.75000000      -16.7001171       7.31344335E-06
   7.50000000      -16.7001171       1.41258352E-06
   11.2500000      -16.7001171      -7.43870623E-06
   15.0000000      -16.7001171      -2.35915650E-05
   18.7500000      -16.7001171      -4.59433068E-05
   22.5000000      -16.7001171       1.18135940E-05
   26.2500000      -16.7001171       7.14790076E-08
   30.0000000      -16.7001171      -4.10259236E-05
   33.7500000      -16.7001171       1.32441055E-05
   37.5000000      -16.7001171       1.34825241E-05
   41.2500000      -16.7001171      -3.35157383E-05
   45.0000000      -16.7001171      -4.94897831E-05
   48.7500000      -16.7001171      -1.73926819E-05
   52.5000000      -16.7001171      -3.95358074E-05
   56.2500000      -16.7001171       9.90624540E-06
   60.0000000      -16.7001171      -2.09391583E-05
   63.7500000      -16.7001171      -1.04189385E-05
   67.5000000      -16.7001171       6.21075742E-06
   71.2500000      -16.7001171       1.36911403E-05
   75.0000000      -16.7001171       3.79676931E-06
   78.7500000      -16.7001171       1.72376167E-05
   82.5000000      -16.7001171       3.82780563E-05
   86.2500000      -16.7001171      -1.05083454E-05
   90.0000000      -16.7001171      -2.51114834E-05
   93.7500000      -16.7001171      -1.10149849E-05
   97.5000000      -16.7001171       7.07502477E-06
   101.250000      -16.7001171      -2.13389285E-06
   105.000000      -16.7001171      -1.53065193E-05
   108.750000      -16.7001171       3.64775769E-06
   112.500000      -16.7001171       3.80098354E-05
   116.250000      -16.7001171      -2.42174137E-05
   120.000000      -16.7001171      -1.70648564E-05
   123.750000      -16.7001171      -1.92527659E-06
   127.500000      -16.7001171       2.60591041E-05
   131.250000      -16.7001171      -2.26544216E-07
   135.000000      -16.7001171       5.82332723E-06
   138.750000      -16.7001171       4.48222272E-06
   142.500000      -16.7001171       2.55524646E-05
   146.250000      -16.7001171      -1.95086468E-05
   150.000000      -16.7001171       6.06174581E-06
   153.750000      -16.7001171       1.01281330E-07
   157.500000      -16.7001171      -1.13130081E-05
   161.250000      -16.7001171       4.92925756E-06
   165.000000      -16.7001171       9.36980359E-06
   168.750000      -16.7001171       4.21400182E-06
   172.500000      -16.7001171      -1.19686592E-05
   176.250000      -16.7001171      -1.46508683E-05
   180.000000      -16.7001171      -4.69689257E-06
   183.750000      -16.7001171      -6.73579052E-07
   187.500000      -16.7001171       1.12175476E-05
   191.250000      -16.7001171      -1.67072285E-05
   195.000000      -16.7001171      -1.74646266E-06
   198.750000      -16.7001171       5.94253652E-06
   202.500000      -16.7001171      -2.89857853E-05
   206.250000      -16.7001171       3.25560104E-05
   210.000000      -16.7001171       4.00538556E-06
   213.750000      -16.7001171      -8.80961306E-06
   217.500000      -16.7001171       6.59818761E-06
   221.250000      -16.7001171      -8.33277591E-06
   225.000000      -16.7001171      -6.87246211E-06
   228.750000      -16.7001171       1.23376958E-06
   232.500000      -16.7001171       1.93535816E-05
   236.250000      -16.7001171      -1.16408337E-05
   240.000000      -16.7001171       5.70411794E-06
   243.750000      -16.7001171       1.68080442E-06
   247.500000      -16.7001171       5.25708310E-06
   251.250000      -16.7001171      -1.06275547E-05
   255.000000      -16.7001171      -1.53065193E-05
   258.750000      -16.7001171       1.43169891E-05
   262.500000      -16.7001171      -1.90318096E-05
   266.250000      -16.7001171       1.94902532E-06
   270.000000      -16.7001171      -1.04189385E-05
   273.750000      -16.7001171       9.04197805E-06
   277.500000      -16.7001171      -1.11639965E-05
   281.250000      -16.7001171       1.24096405E-05
   285.000000      -16.7001171       5.37629239E-06
   288.750000      -16.7001171       2.87289731E-06
   292.500000      -16.7001171       2.73108017E-05
   296.250000      -16.7001171      -1.83586963E-06
   300.000000      -16.7001171      -7.94534571E-06
   303.750000      -16.7001171      -1.32799614E-05
   307.500000      -16.7001171       1.87873375E-05
   311.250000      -16.7001171       3.76696698E-06
   315.000000      -16.7001171       3.23771965E-05
   318.750000      -16.7001171      -3.88205517E-05
   322.500000      -16.7001171      -6.73579052E-07
   326.250000      -16.7001171      -8.42218287E-06
   330.000000      -16.7001171       2.65359413E-05
   333.750000      -16.7001171       2.60467641E-06
   337.500000      -16.7001171       2.03843229E-06
   341.250000      -16.7001171       3.85637395E-06
   345.000000      -16.7001171       5.01866452E-06
   348.750000      -16.7001171      -1.18494499E-05
   352.500000      -16.7001171       8.29691999E-06
   356.250000      -16.7001171       8.62474553E-06
   360.000000      -16.7001171      -7.40890391E-06
   0.00000000      -12.9889879      -4.48827632E-06
   3.75000000      -12.9889879      -1.20282639E-05
   7.50000000      -12.9889879      -2.07428820E-06
   11.2500000      -12.9889879       8.35652463E-06
   15.0000000      -12.9889879      -2.80023087E-05
   18.7500000      -12.9889879       7.16443174E-06
   22.5000000      -12.9889879      -2.38299835E-05
   26.2500000      -12.9889879      -1.56343449E-05
   30.0000000      -12.9889879       2.39133369E-05
   33.7500000      -12.9889879       2.24704854E-06
   37.5000000      -12.9889879       3.93807422E-05
   41.2500000      -12.9889879       7.70087354E-06
   45.0000000      -12.9889879      -1.42932404E-05
   48.7500000      -12.9889879       2.10821163E-05
   52.5000000      -12.9889879      -6.48503192E-06
   56.2500000      -12.9889879      -2.04027165E-05
   60.0000000      -12.9889879      -1.35779846E-05
   63.7500000      -12.9889879      -4.22005542E-06
   67.5000000      -12.9889879       3.94578092E-06
   71.2500000      -12.9889879      -2.58863438E-05
   75.0000000      -12.9889879      -1.41740311E-05
   78.7500000      -12.9889879      -6.78305514E-06
   82.5000000      -12.9889879      -1.02997292E-05
   86.2500000      -12.9889879      -2.88963784E-05
   90.0000000      -12.9889879      -2.49152072E-06
   93.7500000      -12.9889879       1.41083729E-05
   97.5000000      -12.9889879       3.23052518E-06
   101.250000      -12.9889879       1.68501865E-05
   105.000000      -12.9889879       2.06823461E-06
   108.750000      -12.9889879      -1.10149849E-05
   112.500000      -12.9889879       4.95905988E-06
   116.250000      -12.9889879       3.40933912E-06
   120.000000      -12.9889879      -2.29657162E-05
   123.750000      -12.9889879      -6.21681102E-06
   127.500000      -12.9889879      -9.41799954E-07
   131.250000      -12.9889879       3.14111821E-06
   135.000000      -12.9889879       5.73392026E-06
   138.750000      -12.9889879       1.41258352E-06
   142.500000      -12.9889879      -3.74321826E-06
   146.250000      -12.9889879       2.49862205E-05
   150.000000      -12.9889879       8.56514089E-06
   153.750000      -12.9889879      -6.54463656E-06
   157.500000      -12.9889879       1.18743628E-08
   161.250000      -12.9889879       3.55835073E-06
   165.000000      -12.9889879       1.12771522E-05
   168.750000      -12.9889879      -2.46171840E-06
   172.500000      -12.9889879       8.71415250E-06
   176.250000      -12.9889879       1.38997566E-05
   180.000000      -12.9889879      -2.10409053E-06
   183.750000      -12.9889879      -5.29293902E-06
   187.500000      -12.9889879       4.03518789E-06
   191.250000      -12.9889879       9.69762914E-06
   195.000000      -12.9889879       1.70290004E-05
   198.750000      -12.9889879      -3.68361361E-06
   202.500000      -12.9889879       8.95257108E-06
   206.250000      -12.9889879      -1.55151356E-05
   210.000000      -12.9889879       3.58815305E-06
   213.750000      -12.9889879       9.57841985E-06
   217.500000      -12.9889879      -1.35481823E-05
   221.250000      -12.9889879       2.49266159E-05
   225.000000      -12.9889879       9.95351002E-07
   228.750000      -12.9889879      -8.86921771E-06
   232.500000      -12.9889879      -2.46942509E-05
   236.250000      -12.9889879      -3.11736949E-06
   240.000000      -12.9889879      -3.11736949E-06
   243.750000      -12.9889879       2.42586248E-06
   247.500000      -12.9889879      -6.30621798E-06
   251.250000      -12.9889879       1.22904312E-05
   255.000000      -12.9889879      -5.84172085E-07
   258.750000      -12.9889879      -7.61752017E-06
   262.500000      -12.9889879       6.98561780E-06
   266.250000      -12.9889879       4.45242040E-06
   270.000000      -12.9889879      -7.55791552E-06
   273.750000      -12.9889879      -2.58092768E-06
   277.500000      -12.9889879       5.67431562E-06
   281.250000      -12.9889879       2.80095264E-07
   285.000000      -12.9889879      -1.74224842E-05
   288.750000      -12.9889879       2.85326969E-05
   292.500000      -12.9889879       1.74760353E-05
   296.250000      -12.9889879       5.91273420E-06
   300.000000      -12.9889879       7.76047818E-06
   303.750000      -12.9889879      -1.07334927E-07
   307.500000      -12.9889879      -1.10447872E-05
   311.250000      -12.9889879      -1.31607521E-05
   315.000000      -12.9889879      -1.74522866E-05
   318.750000      -12.9889879      -2.08795536E-05
   322.500000      -12.9889879      -5.17372973E-06
   326.250000      -12.9889879      -3.38137615E-05
   330.000000      -12.9889879      -1.17898453E-05
   333.750000      -12.9889879      -8.92882235E-06
   337.500000      -12.9889879      -1.11937989E-05
   341.250000      -12.9889879       1.57176983E-05
   345.000000      -12.9889879      -5.23333438E-06
   348.750000      -12.9889879       1.24692451E-05
   352.500000      -12.9889879       1.56159513E-06
   356.250000      -12.9889879      -9.46526416E-06
   360.000000      -12.9889879      -4.48827632E-06
   0.00000000      -9.27785301      -8.82195309E-07
   3.75000000      -9.27785301      -3.45753506E-07
   7.50000000      -9.27785301      -5.50155528E-06
   11.2500000      -9.27785301       1.70588028E-05
   15.0000000      -9.27785301      -1.05083454E-05
   18.7500000      -9.27785301      -4.90550883E-06
   22.5000000      -9.27785301       2.55822670E-05
   26.2500000      -9.27785301       4.06499021E-06
   30.0000000      -9.27785301       3.98277771E-05
   33.7500000      -9.27785301      -1.51873101E-05
   37.5000000      -9.27785301      -8.75000842E-06
   41.2500000      -9.27785301       3.05171125E-06
   45.0000000      -9.27785301      -1.33097637E-05
   48.7500000      -9.27785301       6.06174581E-06
   52.5000000      -9.27785301      -1.10745896E-05
   56.2500000      -9.27785301       1.41977798E-05
   60.0000000      -9.27785301       1.67905819E-05
   63.7500000      -9.27785301       1.32441055E-05
   67.5000000      -9.27785301      -1.33395661E-05
   71.2500000      -9.27785301      -9.41799954E-07
   75.0000000      -9.27785301      -2.93855555E-06
   78.7500000      -9.27785301       1.41258352E-06
   82.5000000      -9.27785301      -5.94859011E-06
   86.2500000      -9.27785301       1.13367569E-05
   90.0000000      -9.27785301      -1.99854840E-05
   93.7500000      -9.27785301      -6.93206675E-06
   97.5000000      -9.27785301       1.34527218E-05
   101.250000      -9.27785301       8.46339390E-07
   105.000000      -9.27785301      -2.46644486E-05
   108.750000      -9.27785301       3.43914144E-06
   112.500000      -9.27785301      -2.79427040E-05
   116.250000      -9.27785301      -5.50155528E-06
   120.000000      -9.27785301      -8.86921771E-06
   123.750000      -9.27785301      -3.62400897E-06
   127.500000      -9.27785301      -6.48503192E-06
   131.250000      -9.27785301      -5.94859011E-06
   135.000000      -9.27785301      -2.93732155E-05
   138.750000      -9.27785301       1.99496280E-05
   142.500000      -9.27785301      -3.56440432E-06
   146.250000      -9.27785301       2.14397442E-05
   150.000000      -9.27785301      -1.90318096E-05
   153.750000      -9.27785301       6.62798993E-06
   157.500000      -9.27785301      -1.12061389E-06
   161.250000      -9.27785301       3.02190892E-06
   165.000000      -9.27785301       6.37723133E-07
   168.750000      -9.27785301      -1.61707867E-05
   172.500000      -9.27785301       3.02190892E-06
   176.250000      -9.27785301      -2.04325188E-05
   180.000000      -9.27785301       4.48222272E-06
   183.750000      -9.27785301       2.44795810E-05
   187.500000      -9.27785301       4.00538556E-06
   191.250000      -9.27785301       1.84297096E-05
   195.000000      -9.27785301       3.17092054E-06
   198.750000      -9.27785301      -2.80023087E-05
   202.500000      -9.27785301       1.10387336E-05
   206.250000      -9.27785301       8.53533857E-06
   210.000000      -9.27785301      -4.75649722E-06
   213.750000      -9.27785301      -1.23858918E-05
   217.500000      -9.27785301       2.57487409E-06
   221.250000      -9.27785301      -4.94765118E-07
   225.000000      -9.27785301      -1.69754494E-05
   228.750000      -9.27785301      -5.11412509E-06
   232.500000      -9.27785301      -1.09081157E-06
   236.250000      -9.27785301      -4.27966006E-06
   240.000000      -9.27785301       6.06174581E-06
   243.750000      -9.27785301      -4.81610186E-06
   247.500000      -9.27785301       3.85637395E-06
   251.250000      -9.27785301       7.73067586E-06
   255.000000      -9.27785301       1.86085235E-05
   258.750000      -9.27785301       6.06174581E-06
   262.500000      -9.27785301      -1.14024151E-05
   266.250000      -9.27785301      -2.25310214E-06
   270.000000      -9.27785301       1.00552570E-05
   273.750000      -9.27785301       2.09331047E-05
   277.500000      -9.27785301       5.88293187E-06
   281.250000      -9.27785301       8.83336179E-06
   285.000000      -9.27785301       3.19599640E-05
   288.750000      -9.27785301       1.31845009E-05
   292.500000      -9.27785301       8.59494321E-06
   296.250000      -9.27785301      -4.04124148E-06
   300.000000      -9.27785301      -1.73330773E-05
   303.750000      -9.27785301      -2.80917156E-05
   307.500000      -9.27785301      -9.43546183E-06
   311.250000      -9.27785301      -6.72345050E-06
   315.000000      -9.27785301      -8.92882235E-06
   318.750000      -9.27785301      -1.53959263E-05
   322.500000      -9.27785301       2.87711155E-05
   326.250000      -9.27785301       6.06174581E-06
   330.000000      -9.27785301       1.31083652E-07
   333.750000      -9.27785301      -1.37866009E-05
   337.500000      -9.27785301      -1.51575077E-05
   341.250000      -9.27785301      -8.03475268E-06
   345.000000      -9.27785301      -2.28763092E-05
   348.750000      -9.27785301      -2.78954394E-06
   352.500000      -9.27785301       4.88711521E-07
   356.250000      -9.27785301       4.57162969E-06
   360.000000      -9.27785301      -8.82195309E-07
   0.00000000      -5.56671333       2.12783925E-06
   3.75000000      -5.56671333      -4.72669490E-06
   7.50000000      -5.56671333       1.16049778E-05
   11.2500000      -5.56671333       7.67107122E-06
   15.0000000      -5.56671333       1.08301174E-05
   18.7500000      -5.56671333       9.35746357E-07
   22.5000000      -5.56671333      -2.05815304E-05
   26.2500000      -5.56671333       1.11281406E-05
   30.0000000      -5.56671333      -8.83941539E-06
   33.7500000      -5.56671333      -9.41799954E-07
   37.5000000      -5.56671333       3.23052518E-06
   41.2500000      -5.56671333      -6.24661334E-06
   45.0000000      -5.56671333       8.62474553E-06
   48.7500000      -5.56671333      -9.52486880E-06
   52.5000000      -5.56671333      -1.21474732E-05
   56.2500000      -5.56671333       4.05132305E-05
   60.0000000      -5.56671333       1.95920002E-05
   63.7500000      -5.56671333       1.19924080E-05
   67.5000000      -5.56671333       8.74395482E-06
   71.2500000      -5.56671333       9.81683843E-06
   75.0000000      -5.56671333       1.07407104E-05
   78.7500000      -5.56671333      -4.04124148E-06
   82.5000000      -5.56671333      -9.91229899E-06
   86.2500000      -5.56671333       3.16023361E-05
   90.0000000      -5.56671333       1.50199048E-06
   93.7500000      -5.56671333      -1.38164032E-05
   97.5000000      -5.56671333      -2.31270678E-06
   101.250000      -5.56671333      -1.13130081E-05
   105.000000      -5.56671333       6.92601316E-06
   108.750000      -5.56671333      -8.52392986E-07
   112.500000      -5.56671333       8.05675518E-05
   116.250000      -5.56671333       2.52246391E-05
   120.000000      -5.56671333      -1.49190892E-05
   123.750000      -5.56671333      -4.27544583E-05
   127.500000      -5.56671333      -3.08756717E-06
   131.250000      -5.56671333      -3.83262523E-06
   135.000000      -5.56671333      -1.14024151E-05
   138.750000      -5.56671333       4.98886220E-06
   142.500000      -5.56671333      -1.18494499E-05
   146.250000      -5.56671333      -1.71666034E-06
   150.000000      -5.56671333       3.60130798E-05
   153.750000      -5.56671333       6.27036206E-06
   157.500000      -5.56671333      -5.56115992E-06
   161.250000      -5.56671333       4.03518789E-06
   165.000000      -5.56671333       9.45921056E-06
   168.750000      -5.56671333      -2.25484837E-05
   172.500000      -5.56671333       1.13665592E-05
   176.250000      -5.56671333       1.14559662E-05
   180.000000      -5.56671333      -8.21356662E-06
   183.750000      -5.56671333       7.31344335E-06
   187.500000      -5.56671333      -2.04325188E-05
   191.250000      -5.56671333       1.57176983E-05
   195.000000      -5.56671333      -1.86741818E-05
   198.750000      -5.56671333       1.01148617E-05
   202.500000      -5.56671333       3.40933912E-06
   206.250000      -5.56671333       9.19098966E-06
   210.000000      -5.56671333       2.06823461E-06
   213.750000      -5.56671333       5.67431562E-06
   217.500000      -5.56671333       6.89621083E-06
   221.250000      -5.56671333       1.05495565E-06
   225.000000      -5.56671333      -3.59420665E-06
   228.750000      -5.56671333       6.21075742E-06
   232.500000      -5.56671333       1.08897220E-05
   236.250000      -5.56671333      -7.82613643E-06
   240.000000      -5.56671333      -1.25647057E-05
   243.750000      -5.56671333       2.33645551E-06
   247.500000      -5.56671333      -4.84590419E-06
   251.250000      -5.56671333      -1.18021853E-06
   255.000000      -5.56671333      -2.13389285E-06
   258.750000      -5.56671333       8.44593160E-06
   262.500000      -5.56671333      -8.22590664E-07
   266.250000      -5.56671333      -2.40211375E-06
   270.000000      -5.56671333       6.59818761E-06
   273.750000      -5.56671333       3.40933912E-06
   277.500000      -5.56671333       7.90948980E-06
   281.250000      -5.56671333       1.00850593E-05
   285.000000      -5.56671333       1.22606289E-05
   288.750000      -5.56671333      -2.44260300E-05
   292.500000      -5.56671333      -2.19226349E-05
   296.250000      -5.56671333      -1.13428105E-05
   300.000000      -5.56671333      -5.84172085E-07
   303.750000      -5.56671333      -1.98066700E-05
   307.500000      -5.56671333      -1.36971939E-05
   311.250000      -5.56671333      -2.03133095E-05
   315.000000      -5.56671333      -2.82705296E-05
   318.750000      -5.56671333       9.26672947E-05
   322.500000      -5.56671333      -3.87013424E-05
   326.250000      -5.56671333      -5.85918315E-06
   330.000000      -5.56671333      -1.74224842E-05
   333.750000      -5.56671333      -1.30415428E-05
   337.500000      -5.56671333      -6.99167140E-06
   341.250000      -5.56671333      -2.64227856E-05
   345.000000      -5.56671333       3.52854840E-06
   348.750000      -5.56671333       1.05320942E-05
   352.500000      -5.56671333      -2.90875323E-06
   356.250000      -5.56671333       1.59139745E-06
   360.000000      -5.56671333       2.12783925E-06
   0.00000000      -1.85557151      -3.43800057E-05
   3.75000000      -1.85557151       7.49225728E-06
   7.50000000      -1.85557151      -2.16246117E-05
   11.2500000      -1.85557151       6.86640851E-06
   15.0000000      -1.85557151      -3.10123432E-05
   18.7500000      -1.85557151      -9.71602276E-07
   22.5000000      -1.85557151       1.08003151E-05
   26.2500000      -1.85557151      -5.27084339E-05
   30.0000000      -1.85557151      -3.50058544E-05
   33.7500000      -1.85557151       6.15115277E-06
   37.5000000      -1.85557151       1.37209427E-05
   41.2500000      -1.85557151      -8.15396197E-06
   45.0000000      -1.85557151       9.34000127E-06
   48.7500000      -1.85557151       4.60143201E-06
   52.5000000      -1.85557151      -2.49152072E-06
   56.2500000      -1.85557151       6.80680387E-06
   60.0000000      -1.85557151      -1.53784640E-06
   63.7500000      -1.85557151      -1.53784640E-06
   67.5000000      -1.85557151       1.23500358E-05
   71.2500000      -1.85557151      -3.44519503E-06
   75.0000000      -1.85557151       7.01542012E-06
   78.7500000      -1.85557151      -4.07104380E-06
   82.5000000      -1.85557151      -9.40565951E-06
   86.2500000      -1.85557151       4.21400182E-06
   90.0000000      -1.85557151      -1.38462055E-05
   93.7500000      -1.85557151       7.28364103E-06
   97.5000000      -1.85557151       3.61795537E-06
   101.250000      -1.85557151      -9.07783397E-06
   105.000000      -1.85557151      -1.05083454E-05
   108.750000      -1.85557151       9.05944034E-07
   112.500000      -1.85557151       1.25586521E-05
   116.250000      -1.85557151      -2.23994721E-05
   120.000000      -1.85557151       6.44146930E-05
   123.750000      -1.85557151       1.12473499E-05
   127.500000      -1.85557151       2.00862996E-06
   131.250000      -1.85557151       8.35652463E-06
   135.000000      -1.85557151       1.44361984E-05
   138.750000      -1.85557151      -1.18021853E-06
   142.500000      -1.85557151       7.84988515E-06
   146.250000      -1.85557151       9.99565236E-06
   150.000000      -1.85557151      -6.69364817E-06
   153.750000      -1.85557151       1.83999073E-05
   157.500000      -1.85557151      -5.05452044E-06
   161.250000      -1.85557151       3.44931614E-05
   165.000000      -1.85557151      -3.50654591E-05
   168.750000      -1.85557151       9.66782682E-06
   172.500000      -1.85557151      -7.92788342E-07
   176.250000      -1.85557151      -2.28167046E-05
   180.000000      -1.85557151      -2.35021580E-05
   183.750000      -1.85557151       7.86734745E-07
   187.500000      -1.85557151       5.31668775E-06
   191.250000      -1.85557151       6.98561780E-06
   195.000000      -1.85557151      -6.48503192E-06
   198.750000      -1.85557151      -1.00911129E-05
   202.500000      -1.85557151      -3.77302058E-06
   206.250000      -1.85557151       4.60143201E-06
   210.000000      -1.85557151      -3.17697413E-06
   213.750000      -1.85557151       1.32317655E-06
   217.500000      -1.85557151       2.45566480E-06
   221.250000      -1.85557151      -7.11088069E-06
   225.000000      -1.85557151      -5.54369763E-07
   228.750000      -1.85557151       1.18743628E-08
   232.500000      -1.85557151       3.91597860E-06
   236.250000      -1.85557151       9.54861753E-06
   240.000000      -1.85557151       9.69762914E-06
   243.750000      -1.85557151       3.05171125E-06
   247.500000      -1.85557151      -3.95183451E-06
   251.250000      -1.85557151      -5.44195063E-06
   255.000000      -1.85557151      -3.11736949E-06
   258.750000      -1.85557151      -1.70350540E-05
   262.500000      -1.85557151      -9.19704325E-06
   266.250000      -1.85557151       7.01542012E-06
   270.000000      -1.85557151       5.70411794E-06
   273.750000      -1.85557151      -2.00748909E-05
   277.500000      -1.85557151       3.23175918E-05
   281.250000      -1.85557151       4.93943226E-05
   285.000000      -1.85557151      -1.02997292E-05
   288.750000      -1.85557151       3.40933912E-06
   292.500000      -1.85557151      -1.64986122E-05
   296.250000      -1.85557151       4.00538556E-06
   300.000000      -1.85557151      -2.44260300E-05
   303.750000      -1.85557151      -1.59745105E-06
   307.500000      -1.85557151       2.20059883E-05
   311.250000      -1.85557151      -2.07305420E-05
   315.000000      -1.85557151      -1.14322174E-05
   318.750000      -1.85557151       7.70087354E-06
   322.500000      -1.85557151      -2.80917156E-05
   326.250000      -1.85557151       5.16767614E-06
   330.000000      -1.85557151       1.03830826E-05
   333.750000      -1.85557151      -1.46210659E-05
   337.500000      -1.85557151      -2.19349749E-06
   341.250000      -1.85557151       1.47218816E-06
   345.000000      -1.85557151       5.37629239E-06
   348.750000      -1.85557151       2.69408338E-06
   352.500000      -1.85557151      -8.72020610E-06
   356.250000      -1.85557151       7.10482709E-06
   360.000000      -1.85557151      -3.43800057E-05
   0.00000000       1.85557151      -8.18376429E-06
   3.75000000       1.85557151      -1.27733219E-05
   7.50000000       1.85557151       9.35746357E-07
   11.2500000       1.85557151      -2.77042855E-05
   15.0000000       1.85557151       1.14436261E-06
   18.7500000       1.85557151       2.51352321E-05
   22.5000000       1.85557151       3.62813007E-05
   26.2500000       1.85557151      -2.49028672E-05
   30.0000000       1.85557151      -6.24661334E-06
   33.7500000       1.85557151       8.44593160E-06
   37.5000000       1.85557151      -1.34587754E-05
   41.2500000       1.85557151      -1.01805199E-05
   45.0000000       1.85557151      -8.12415965E-06
   48.7500000       1.85557151       4.57162969E-06
   52.5000000       1.85557151      -4.22005542E-06
   56.2500000       1.85557151       1.60885975E-07
   60.0000000       1.85557151      -6.66384585E-06
   63.7500000       1.85557151      -1.58131588E-05
   67.5000000       1.85557151      -7.03381374E-07
   71.2500000       1.85557151      -7.91554339E-06
   75.0000000       1.85557151      -9.79308970E-06
   78.7500000       1.85557151      -7.31949694E-06
   82.5000000       1.85557151       8.89296643E-06
   86.2500000       1.85557151       2.65657436E-05
   90.0000000       1.85557151       5.61471097E-06
   93.7500000       1.85557151       2.16483604E-05
   97.5000000       1.85557151       5.88293187E-06
   101.250000       1.85557151       3.67756002E-06
   105.000000       1.85557151       1.56878959E-05
   108.750000       1.85557151       5.67431562E-06
   112.500000       1.85557151       1.60455238E-05
   116.250000       1.85557151      -5.94859011E-06
   120.000000       1.85557151       2.92181503E-05
   123.750000       1.85557151       2.41219532E-05
   127.500000       1.85557151      -7.91554339E-06
   131.250000       1.85557151      -1.16110314E-05
   135.000000       1.85557151       9.90624540E-06
   138.750000       1.85557151       3.37953679E-06
   142.500000       1.85557151      -2.05219258E-05
   146.250000       1.85557151       2.29000580E-05
   150.000000       1.85557151       1.01148617E-05
   153.750000       1.85557151      -5.79957850E-06
   157.500000       1.85557151      -4.39886935E-06
   161.250000       1.85557151       5.46569936E-06
   165.000000       1.85557151      -1.83586963E-06
   168.750000       1.85557151       4.29106876E-07
   172.500000       1.85557151      -5.82938083E-06
   176.250000       1.85557151      -5.17372973E-06
   180.000000       1.85557151       1.12473499E-05
   183.750000       1.85557151       9.81683843E-06
   187.500000       1.85557151      -1.73032749E-05
   191.250000       1.85557151       2.15764157E-06
   195.000000       1.85557151       3.67756002E-06
   198.750000       1.85557151       1.17416494E-06
   202.500000       1.85557151      -7.62986019E-07
   206.250000       1.85557151       1.06215011E-05
   210.000000       1.85557151      -4.05358151E-07
   213.750000       1.85557151       4.58909199E-07
   217.500000       1.85557151      -2.81934626E-06
   221.250000       1.85557151       7.79028051E-06
   225.000000       1.85557151       3.99304554E-07
   228.750000       1.85557151       3.67756002E-06
   232.500000       1.85557151      -1.43230427E-05
   236.250000       1.85557151      -3.45753506E-07
   240.000000       1.85557151       6.44917600E-06
   243.750000       1.85557151      -1.44843943E-06
   247.500000       1.85557151       4.57162969E-06
   251.250000       1.85557151       5.37629239E-06
   255.000000       1.85557151      -4.66709025E-06
   258.750000       1.85557151      -4.33926471E-06
   262.500000       1.85557151      -2.31270678E-06
   266.250000       1.85557151       1.65100209E-06
   270.000000       1.85557151       7.76047818E-06
   273.750000       1.85557151      -1.03295315E-05
   277.500000       1.85557151       3.90231144E-05
   281.250000       1.85557151       3.02190892E-06
   285.000000       1.85557151       3.99304554E-07
   288.750000       1.85557151      -3.80282290E-06
   292.500000       1.85557151      -1.77801121E-05
   296.250000       1.85557151      -6.27641566E-06
   300.000000       1.85557151       1.32143032E-05
   303.750000       1.85557151      -3.75555828E-07
   307.500000       1.85557151      -1.13862799E-04
   311.250000       1.85557151      -2.30849255E-05
   315.000000       1.85557151      -7.75326043E-08
   318.750000       1.85557151       2.27685086E-06
   322.500000       1.85557151       1.20818149E-05
   326.250000       1.85557151       9.19098966E-06
   330.000000       1.85557151       2.17675697E-05
   333.750000       1.85557151       1.62119977E-06
   337.500000       1.85557151       1.74040906E-06
   341.250000       1.85557151       1.47218816E-06
   345.000000       1.85557151       3.91597860E-06
   348.750000       1.85557151       8.46339390E-07
   352.500000       1.85557151       1.41258352E-06
   356.250000       1.85557151      -2.12371815E-05
   360.000000       1.85557151      -8.18376429E-06
   0.00000000       5.56671333       7.14790076E-08
   3.75000000       5.56671333       3.23052518E-06
   7.50000000       5.56671333      -7.79633410E-06
   11.2500000       5.56671333       4.76359855E-05
   15.0000000       5.56671333      -2.81934626E-06
   18.7500000       5.56671333      -3.30985058E-05
   22.5000000       5.56671333       1.46448147E-05
   26.2500000       5.56671333      -5.65827359E-05
   30.0000000       5.56671333       2.51526944E-06
   33.7500000       5.56671333       1.81912910E-05
   37.5000000       5.56671333       2.47179996E-05
   41.2500000       5.56671333      -1.12061389E-06
   45.0000000       5.56671333       9.96585004E-06
   48.7500000       5.56671333       1.97882764E-06
   52.5000000       5.56671333      -3.20677646E-06
   56.2500000       5.56671333       3.82657163E-06
   60.0000000       5.56671333       1.82981603E-06
   63.7500000       5.56671333       5.37629239E-06
   67.5000000       5.56671333      -1.38760079E-05
   71.2500000       5.56671333      -8.12415965E-06
   75.0000000       5.56671333       1.88469421E-05
   78.7500000       5.56671333       1.41381752E-05
   82.5000000       5.56671333       7.70087354E-06
   86.2500000       5.56671333      -3.22044361E-05
   90.0000000       5.56671333       1.53600704E-05
   93.7500000       5.56671333      -2.92540062E-05
   97.5000000       5.56671333      -1.20580662E-05
   101.250000       5.56671333      -7.94534571E-06
   105.000000       5.56671333      -4.04124148E-06
   108.750000       5.56671333       2.72388570E-06
   112.500000       5.56671333       9.99565236E-06
   116.250000       5.56671333       9.04197805E-06
   120.000000       5.56671333      -4.22005542E-06
   123.750000       5.56671333      -2.22329982E-06
   127.500000       5.56671333       1.36613380E-05
   131.250000       5.56671333       2.03370582E-05
   135.000000       5.56671333      -4.93531115E-06
   138.750000       5.56671333       7.13462941E-06
   142.500000       5.56671333      -3.86242755E-06
   146.250000       5.56671333      -3.29618342E-06
   150.000000       5.56671333       1.09791290E-05
   153.750000       5.56671333      -4.33926471E-06
   157.500000       5.56671333      -5.24567440E-07
   161.250000       5.56671333       5.18513843E-07
   165.000000       5.56671333       2.30665319E-06
   168.750000       5.56671333       2.14099418E-05
   172.500000       5.56671333      -1.41863711E-06
   176.250000       5.56671333       6.77700154E-06
   180.000000       5.56671333      -1.10149849E-05
   183.750000       5.56671333      -1.50804408E-06
   187.500000       5.56671333       7.90948980E-06
   191.250000       5.56671333      -1.00017060E-05
   195.000000       5.56671333      -5.68036921E-06
   198.750000       5.56671333       1.75952446E-05
   202.500000       5.56671333      -4.13064845E-06
   206.250000       5.56671333      -5.85918315E-06
   210.000000       5.56671333      -2.19524372E-05
   213.750000       5.56671333      -2.28465069E-05
   217.500000       5.56671333      -2.52306927E-05
   221.250000       5.56671333       4.69083898E-06
   225.000000       5.56671333      -6.03799708E-06
   228.750000       5.56671333      -1.44843943E-06
   232.500000       5.56671333       8.16537067E-07
   236.250000       5.56671333      -4.54788096E-06
   240.000000       5.56671333       1.11579429E-05
   243.750000       5.56671333       1.17539894E-05
   247.500000       5.56671333      -1.18021853E-06
   251.250000       5.56671333      -8.80961306E-06
   255.000000       5.56671333      -8.57119448E-06
   258.750000       5.56671333      -1.83586963E-06
   262.500000       5.56671333       1.06513035E-05
   266.250000       5.56671333       1.77740585E-05
   270.000000       5.56671333       6.09154813E-06
   273.750000       5.56671333       6.38957135E-06
   277.500000       5.56671333       2.75368802E-06
   281.250000       5.56671333       1.16943847E-05
   285.000000       5.56671333       5.86032402E-05
   288.750000       5.56671333       7.84988515E-06
   292.500000       5.56671333       1.46746170E-05
   296.250000       5.56671333       4.33321111E-06
   300.000000       5.56671333       4.14967071E-05
   303.750000       5.56671333       1.56159513E-06
   307.500000       5.56671333      -3.08756717E-06
   311.250000       5.56671333       1.15155708E-05
   315.000000       5.56671333       9.35746357E-07
   318.750000       5.56671333       2.96230428E-06
   322.500000       5.56671333       7.25383870E-06
   326.250000       5.56671333       2.76982319E-05
   330.000000       5.56671333       1.02515332E-06
   333.750000       5.56671333       4.63123433E-06
   337.500000       5.56671333       7.58166425E-06
   341.250000       5.56671333      -3.53460200E-06
   345.000000       5.56671333       3.55835073E-06
   348.750000       5.56671333       4.58909199E-07
   352.500000       5.56671333       2.09629070E-05
   356.250000       5.56671333      -3.95183451E-06
   360.000000       5.56671333       7.14790076E-08
   0.00000000       9.27785301       1.61647331E-05
   3.75000000       9.27785301       4.54604160E-05
   7.50000000       9.27785301      -6.89208973E-05
   11.2500000       9.27785301      -3.49760521E-05
   15.0000000       9.27785301      -4.81610186E-06
   18.7500000       9.27785301      -1.87039841E-05
   22.5000000       9.27785301      -2.35915650E-05
   26.2500000       9.27785301       5.85312955E-06
   30.0000000       9.27785301       1.91922300E-06
   33.7500000       9.27785301       2.64763366E-05
   37.5000000       9.27785301       1.89363491E-05
   41.2500000       9.27785301       2.32874881E-05
   45.0000000       9.27785301      -1.17898453E-05
   48.7500000       9.27785301      -7.20028765E-06
   52.5000000       9.27785301       5.19747846E-06
   56.2500000       9.27785301       6.07920811E-07
   60.0000000       9.27785301      -1.19090546E-05
   63.7500000       9.27785301      -3.44519503E-06
   67.5000000       9.27785301       5.07826917E-06
   71.2500000       9.27785301       4.29106876E-07
   75.0000000       9.27785301      -3.50479968E-06
   78.7500000       9.27785301      -2.01046932E-05
   82.5000000       9.27785301      -5.79957850E-06
   86.2500000       9.27785301       1.48534309E-05
   90.0000000       9.27785301       1.55090820E-05
   93.7500000       9.27785301       1.08897220E-05
   97.5000000       9.27785301       2.50458252E-05
   101.250000       9.27785301      -7.46850856E-06
   105.000000       9.27785301      -1.89126004E-05
   108.750000       9.27785301       5.85312955E-06
   112.500000       9.27785301      -1.69754494E-05
   116.250000       9.27785301      -2.40211375E-06
   120.000000       9.27785301       1.99794304E-05
   123.750000       9.27785301      -1.91510189E-05
   127.500000       9.27785301      -1.62601937E-05
   131.250000       9.27785301       4.27360646E-06
   135.000000       9.27785301       2.25722324E-05
   138.750000       9.27785301       8.14790837E-06
   142.500000       9.27785301      -2.43191607E-06
   146.250000       9.27785301       2.36625783E-06
   150.000000       9.27785301       2.33645551E-06
   153.750000       9.27785301       3.52854840E-06
   157.500000       9.27785301      -1.71666034E-06
   161.250000       9.27785301      -2.29061116E-05
   165.000000       9.27785301      -6.27641566E-06
   168.750000       9.27785301       1.33037101E-05
   172.500000       9.27785301      -1.05977524E-05
   176.250000       9.27785301      -1.14322174E-05
   180.000000       9.27785301       3.29012983E-06
   183.750000       9.27785301       2.67147552E-05
   187.500000       9.27785301      -7.37910159E-06
   191.250000       9.27785301       3.29012983E-06
   195.000000       9.27785301      -1.95980538E-05
   198.750000       9.27785301      -3.35753430E-05
   202.500000       9.27785301      -1.69754494E-05
   206.250000       9.27785301      -6.96186908E-06
   210.000000       9.27785301      -1.36673916E-05
   213.750000       9.27785301      -1.98488124E-06
   217.500000       9.27785301      -1.98488124E-06
   221.250000       9.27785301      -3.36349476E-05
   225.000000       9.27785301      -5.24567440E-07
   228.750000       9.27785301      -1.03593338E-05
   232.500000       9.27785301       2.93250196E-06
   236.250000       9.27785301       5.61471097E-06
   240.000000       9.27785301      -2.70013697E-06
   243.750000       9.27785301       1.46150123E-05
   247.500000       9.27785301       3.39699909E-07
   251.250000       9.27785301      -7.82613643E-06
   255.000000       9.27785301      -1.11043919E-05
   258.750000       9.27785301      -4.19025309E-06
   262.500000       9.27785301      -2.46171840E-06
   266.250000       9.27785301       1.23376958E-06
   270.000000       9.27785301      -6.15720637E-06
   273.750000       9.27785301       1.70290004E-05
   277.500000       9.27785301       7.67107122E-06
   281.250000       9.27785301      -5.47175296E-06
   285.000000       9.27785301       1.02515332E-06
   288.750000       9.27785301       2.61187088E-05
   292.500000       9.27785301      -2.45452393E-05
   296.250000       9.27785301      -1.91510189E-05
   300.000000       9.27785301       3.14235222E-05
   303.750000       9.27785301      -7.23008998E-06
   307.500000       9.27785301      -6.43776730E-07
   311.250000       9.27785301       1.95920002E-05
   315.000000       9.27785301      -2.53797043E-05
   318.750000       9.27785301      -1.10447872E-05
   322.500000       9.27785301      -1.33693684E-05
   326.250000       9.27785301       9.75723378E-06
   330.000000       9.27785301      -3.71341594E-06
   333.750000       9.27785301       3.46894376E-06
   337.500000       9.27785301      -9.46526416E-06
   341.250000       9.27785301      -1.47824176E-06
   345.000000       9.27785301       1.03532802E-05
   348.750000       9.27785301       5.58912288E-05
   352.500000       9.27785301      -4.10084613E-06
   356.250000       9.27785301       5.94675075E-05
   360.000000       9.27785301       1.61647331E-05
   0.00000000       12.9889879      -2.46171840E-06
   3.75000000       12.9889879      -5.91878779E-06
   7.50000000       12.9889879       6.09154813E-06
   11.2500000       12.9889879       1.61051285E-05
   15.0000000       12.9889879      -1.24454964E-05
   18.7500000       12.9889879      -1.44720543E-05
   22.5000000       12.9889879       3.44335567E-05
   26.2500000       12.9889879       1.34527218E-05
   30.0000000       12.9889879      -3.44519503E-06
   33.7500000       12.9889879       2.48372089E-05
   37.5000000       12.9889879       2.84134876E-05
   41.2500000       12.9889879      -2.57969368E-05
   45.0000000       12.9889879      -1.07467640E-05
   48.7500000       12.9889879       8.17771070E-06
   52.5000000       12.9889879      -1.25945080E-05
   56.2500000       12.9889879       1.09195244E-05
   60.0000000       12.9889879      -8.60099681E-06
   63.7500000       12.9889879       6.53858297E-06
   67.5000000       12.9889879       6.18095510E-06
   71.2500000       12.9889879       8.95257108E-06
   75.0000000       12.9889879      -1.95682514E-05
   78.7500000       12.9889879      -2.12073792E-05
   82.5000000       12.9889879       3.34973447E-06
   86.2500000       12.9889879      -1.53784640E-06
   90.0000000       12.9889879      -3.83262523E-06
   93.7500000       12.9889879      -1.75416935E-05
   97.5000000       12.9889879      -7.97514804E-06
   101.250000       12.9889879       5.19747846E-06
   105.000000       12.9889879       3.37953679E-06
   108.750000       12.9889879       1.86383259E-05
   112.500000       12.9889879      -2.64053233E-06
   116.250000       12.9889879       1.89065468E-05
   120.000000       12.9889879       4.95905988E-06
   123.750000       12.9889879      -1.17302407E-05
   127.500000       12.9889879       2.87289731E-06
   131.250000       12.9889879       7.25383870E-06
   135.000000       12.9889879      -2.49028672E-05
   138.750000       12.9889879       9.65548679E-07
   142.500000       12.9889879       3.49874608E-06
   146.250000       12.9889879       8.29691999E-06
   150.000000       12.9889879      -2.08497513E-05
   153.750000       12.9889879      -8.24336894E-06
   157.500000       12.9889879       6.00214116E-06
   161.250000       12.9889879       1.77021138E-06
   165.000000       12.9889879       3.61795537E-06
   168.750000       12.9889879      -5.56115992E-06
   172.500000       12.9889879      -1.06871594E-05
   176.250000       12.9889879       3.66389286E-05
   180.000000       12.9889879       8.53533857E-06
   183.750000       12.9889879       8.44593160E-06
   187.500000       12.9889879      -4.66709025E-06
   191.250000       12.9889879      -6.27518166E-05
   195.000000       12.9889879       2.49266159E-05
   198.750000       12.9889879       5.54739963E-05
   202.500000       12.9889879      -1.66774262E-05
   206.250000       12.9889879       5.07826917E-06
   210.000000       12.9889879      -9.85269435E-06
   213.750000       12.9889879      -2.61073001E-06
   217.500000       12.9889879       2.50458252E-05
   221.250000       12.9889879       1.16049778E-05
   225.000000       12.9889879      -1.92702282E-05
   228.750000       12.9889879      -4.66709025E-06
   232.500000       12.9889879      -5.44195063E-06
   236.250000       12.9889879      -2.54691113E-05
   240.000000       12.9889879      -1.74646266E-06
   243.750000       12.9889879       2.93250196E-06
   247.500000       12.9889879      -4.96511348E-06
   251.250000       12.9889879       1.25586521E-05
   255.000000       12.9889879       1.88171398E-05
   258.750000       12.9889879       1.31845009E-05
   262.500000       12.9889879       4.42261808E-06
   266.250000       12.9889879       1.65100209E-06
   270.000000       12.9889879       1.27374660E-05
   273.750000       12.9889879       5.25235664E-05
   277.500000       12.9889879      -5.14392741E-06
   281.250000       12.9889879      -3.77302058E-06
   285.000000       12.9889879      -1.19686592E-05
   288.750000       12.9889879      -1.01507176E-05
   292.500000       12.9889879      -1.04487408E-05
   296.250000       12.9889879      -3.59420665E-06
   300.000000       12.9889879      -1.84655655E-05
   303.750000       12.9889879      -1.23262871E-05
   307.500000       12.9889879       4.00538556E-06
   311.250000       12.9889879      -1.06100924E-06
   315.000000       12.9889879      -1.29942782E-06
   318.750000       12.9889879      -4.24985774E-06
   322.500000       12.9889879      -8.12415965E-06
   326.250000       12.9889879       3.20072286E-06
   330.000000       12.9889879      -2.13389285E-06
   333.750000       12.9889879      -1.41863711E-06
   337.500000       12.9889879      -1.32923014E-06
   341.250000       12.9889879       2.08436977E-05
   345.000000       12.9889879       9.28039663E-06
   348.750000       12.9889879       4.59372532E-05
   352.500000       12.9889879      -5.93841542E-05
   356.250000       12.9889879       2.48074066E-05
   360.000000       12.9889879      -2.46171840E-06
   0.00000000       16.7001171       5.01095783E-05
   3.75000000       16.7001171       1.11456029E-06
   7.50000000       16.7001171      -1.18494499E-05
   11.2500000       16.7001171      -8.86921771E-06
   15.0000000       16.7001171       4.24380414E-06
   18.7500000       16.7001171       2.70425808E-05
   22.5000000       16.7001171       3.97558324E-06
   26.2500000       16.7001171      -6.15720637E-06
   30.0000000       16.7001171       2.93250196E-06
   33.7500000       16.7001171      -3.52442730E-05
   37.5000000       16.7001171      -1.57237519E-05
   41.2500000       16.7001171       1.07705127E-05
   45.0000000       16.7001171      -3.11911572E-05
   48.7500000       16.7001171      -1.19388569E-05
   52.5000000       16.7001171       1.23500358E-05
   56.2500000       16.7001171      -5.32274134E-06
   60.0000000       16.7001171       1.17416494E-06
   63.7500000       16.7001171       3.85637395E-06
   67.5000000       16.7001171       6.47897832E-06
   71.2500000       16.7001171      -1.21772755E-05
   75.0000000       16.7001171      -1.13428105E-05
   78.7500000       16.7001171       5.34649007E-06
   82.5000000       16.7001171      -1.20282639E-05
   86.2500000       16.7001171       4.89945523E-06
   90.0000000       16.7001171       5.31668775E-06
   93.7500000       16.7001171      -1.23858918E-05
   97.5000000       16.7001171       2.32576858E-05
   101.250000       16.7001171       1.00552570E-05
   105.000000       16.7001171       3.20072286E-06
   108.750000       16.7001171       2.88307201E-05
   112.500000       16.7001171      -5.35254367E-06
   116.250000       16.7001171       2.40623485E-05
   120.000000       16.7001171      -5.38234599E-06
   123.750000       16.7001171       1.36864139E-04
   127.500000       16.7001171      -4.13064845E-06
   131.250000       16.7001171      -1.26243103E-05
   135.000000       16.7001171      -2.99816020E-06
   138.750000       16.7001171       2.80095264E-07
   142.500000       16.7001171      -1.55449379E-05
   146.250000       16.7001171       3.34973447E-06
   150.000000       16.7001171      -9.73348506E-06
   153.750000       16.7001171      -8.95862468E-06
   157.500000       16.7001171       5.40609471E-06
   161.250000       16.7001171       8.16537067E-07
   165.000000       16.7001171       4.30340879E-06
   168.750000       16.7001171       5.94253652E-06
   172.500000       16.7001171      -2.22329982E-06
   176.250000       16.7001171       1.89661514E-05
   180.000000       16.7001171      -6.72345050E-06
   183.750000       16.7001171      -4.17709816E-05
   187.500000       16.7001171      -1.25647057E-05
   191.250000       16.7001171       3.36884987E-05
   195.000000       16.7001171      -8.24336894E-06
   198.750000       16.7001171      -2.45154370E-05
   202.500000       16.7001171      -1.29521359E-05
   206.250000       16.7001171      -1.00017060E-05
   210.000000       16.7001171       1.44238584E-06
   213.750000       16.7001171      -9.16724093E-06
   217.500000       16.7001171      -1.16706360E-05
   221.250000       16.7001171      -4.57768328E-06
   225.000000       16.7001171      -2.07603443E-05
   228.750000       16.7001171      -5.27978409E-05
   232.500000       16.7001171       1.53600704E-05
   236.250000       16.7001171      -1.14620198E-05
   240.000000       16.7001171       7.87968747E-06
   243.750000       16.7001171      -1.15216244E-05
   247.500000       16.7001171      -1.24156941E-05
   251.250000       16.7001171      -2.22329982E-06
   255.000000       16.7001171      -3.11736949E-06
   258.750000       16.7001171      -1.49190892E-05
   262.500000       16.7001171      -8.84712208E-05
   266.250000       16.7001171       1.11456029E-06
   270.000000       16.7001171      -1.26962550E-06
   273.750000       16.7001171      -1.06871594E-05
   277.500000       16.7001171       7.87968747E-06
   281.250000       16.7001171      -3.38559039E-06
   285.000000       16.7001171       4.14967071E-05
   288.750000       16.7001171       4.29106876E-07
   292.500000       16.7001171      -7.11088069E-06
   296.250000       16.7001171      -1.56764872E-06
   300.000000       16.7001171       1.14261638E-05
   303.750000       16.7001171       9.87644307E-06
   307.500000       16.7001171       8.46339390E-07
   311.250000       16.7001171      -1.00017060E-05
   315.000000       16.7001171       9.57841985E-06
   318.750000       16.7001171       3.43914144E-06
   322.500000       16.7001171      -2.37231143E-06
   326.250000       16.7001171       8.26711766E-06
   330.000000       16.7001171      -9.61427577E-06
   333.750000       16.7001171      -1.02699269E-05
   337.500000       16.7001171      -5.20353206E-06
   341.250000       16.7001171       1.39295589E-05
   345.000000       16.7001171      -1.98364723E-05
   348.750000       16.7001171      -2.66910065E-05
   352.500000       16.7001171      -2.36511696E-05
   356.250000       16.7001171      -3.18170059E-05
   360.000000       16.7001171       5.01095783E-05
   0.00000000       20.4112377       2.75368802E-06
   3.75000000       20.4112377      -4.19025309E-06
   7.50000000       20.4112377      -7.49831088E-06
   11.2500000       20.4112377       7.67107122E-06
   15.0000000       20.4112377       3.73716466E-06
   18.7500000       20.4112377      -2.25310214E-06
   22.5000000       20.4112377       8.29691999E-06
   26.2500000       20.4112377       2.84432899E-05
   30.0000000       20.4112377      -2.56346539E-07
   33.7500000       20.4112377      -3.05776484E-06
   37.5000000       20.4112377      -3.48270405E-05
   41.2500000       20.4112377       2.62975227E-05
   45.0000000       20.4112377      -7.02147372E-06
   48.7500000       20.4112377       6.89621083E-06
   52.5000000       20.4112377       8.89296643E-06
   56.2500000       20.4112377      -1.26839150E-05
   60.0000000       20.4112377      -6.39562495E-06
   63.7500000       20.4112377      -6.93206675E-06
   67.5000000       20.4112377      -6.81285746E-06
   71.2500000       20.4112377       1.95920002E-05
   75.0000000       20.4112377      -9.76328738E-06
   78.7500000       20.4112377      -1.11341942E-05
   82.5000000       20.4112377       6.27036206E-06
   86.2500000       20.4112377      -2.84914859E-06
   90.0000000       20.4112377      -1.40548218E-05
   93.7500000       20.4112377      -1.33395661E-05
   97.5000000       20.4112377      -1.27137173E-05
   101.250000       20.4112377       1.49726402E-05
   105.000000       20.4112377      -2.95818318E-05
   108.750000       20.4112377       1.12175476E-05
   112.500000       20.4112377       2.43007671E-05
   116.250000       20.4112377      -4.99666203E-05
   120.000000       20.4112377       2.54507177E-06
   123.750000       20.4112377       4.06324398E-05
   127.500000       20.4112377       2.07840931E-05
   131.250000       20.4112377       3.69667541E-05
   135.000000       20.4112377      -1.88827980E-05
   138.750000       20.4112377      -1.90020073E-05
   142.500000       20.4112377      -3.11736949E-06
   146.250000       20.4112377      -7.03381374E-07
   150.000000       20.4112377      -1.06275547E-05
   153.750000       20.4112377       1.19924080E-05
   157.500000       20.4112377      -1.55151356E-05
   161.250000       20.4112377       1.97882764E-06
   165.000000       20.4112377       1.09195244E-05
   168.750000       20.4112377       4.15439717E-06
   172.500000       20.4112377      -1.83586963E-06
   176.250000       20.4112377       2.84309499E-06
   180.000000       20.4112377       2.33645551E-06
   183.750000       20.4112377      -3.83262523E-06
   187.500000       20.4112377      -1.06100924E-06
   191.250000       20.4112377       2.18744390E-06
   195.000000       20.4112377      -3.10719479E-05
   198.750000       20.4112377      -1.31011475E-05
   202.500000       20.4112377       3.65793239E-05
   206.250000       20.4112377       6.83660619E-06
   210.000000       20.4112377       1.18135940E-05
   213.750000       20.4112377       1.85961835E-06
   217.500000       20.4112377      -9.01822932E-06
   221.250000       20.4112377      -2.71678437E-05
   225.000000       20.4112377      -4.93531115E-06
   228.750000       20.4112377       6.65779226E-06
   232.500000       20.4112377      -8.09435733E-06
   236.250000       20.4112377      -7.76653178E-06
   240.000000       20.4112377       1.22904312E-05
   243.750000       20.4112377       4.88711521E-07
   247.500000       20.4112377       2.75368802E-06
   251.250000       20.4112377       2.69408338E-06
   255.000000       20.4112377      -2.82705296E-05
   258.750000       20.4112377      -2.19822396E-05
   262.500000       20.4112377       2.31384765E-05
   266.250000       20.4112377      -1.59745105E-06
   270.000000       20.4112377      -7.33183697E-07
   273.750000       20.4112377       3.40933912E-06
   277.500000       20.4112377      -1.21002086E-06
   281.250000       20.4112377       6.67525455E-07
   285.000000       20.4112377       1.76250469E-05
   288.750000       20.4112377      -2.22329982E-06
   292.500000       20.4112377      -2.33233441E-05
   296.250000       20.4112377      -7.88574107E-06
   300.000000       20.4112377       1.94429886E-05
   303.750000       20.4112377       9.51881520E-06
   307.500000       20.4112377       6.03194349E-06
   311.250000       20.4112377       7.27130100E-07
   315.000000       20.4112377       1.65100209E-06
   318.750000       20.4112377       3.47613823E-05
   322.500000       20.4112377      -9.10763629E-06
   326.250000       20.4112377      -4.87570651E-06
   330.000000       20.4112377       6.09154813E-06
   333.750000       20.4112377      -4.90550883E-06
   337.500000       20.4112377      -5.94859011E-06
   341.250000       20.4112377      -1.96576584E-05
   345.000000       20.4112377      -7.25989230E-06
   348.750000       20.4112377       7.19423406E-06
   352.500000       20.4112377      -9.43546183E-06
   356.250000       20.4112377      -9.67388041E-06
   360.000000       20.4112377       2.75368802E-06
   0.00000000       24.1223469       2.01284420E-05
   3.75000000       24.1223469       1.95920002E-05
   7.50000000       24.1223469       2.32874881E-05
   11.2500000       24.1223469       9.19098966E-06
   15.0000000       24.1223469      -2.43191607E-06
   18.7500000       24.1223469       9.75723378E-06
   22.5000000       24.1223469      -9.73348506E-06
   26.2500000       24.1223469      -1.09553803E-05
   30.0000000       24.1223469       1.00552570E-05
   33.7500000       24.1223469       8.53533857E-06
   37.5000000       24.1223469       1.44660007E-05
   41.2500000       24.1223469       1.25586521E-05
   45.0000000       24.1223469       4.15439717E-06
   48.7500000       24.1223469       1.67607795E-05
   52.5000000       24.1223469       2.51526944E-06
   56.2500000       24.1223469      -6.43776730E-07
   60.0000000       24.1223469      -1.05977524E-05
   63.7500000       24.1223469      -8.89902003E-06
   67.5000000       24.1223469       7.35342037E-05
   71.2500000       24.1223469       4.98413574E-05
   75.0000000       24.1223469       2.03843229E-06
   78.7500000       24.1223469       4.54182737E-06
   82.5000000       24.1223469      -1.97768677E-05
   86.2500000       24.1223469      -5.59096225E-06
   90.0000000       24.1223469      -6.60424121E-06
   93.7500000       24.1223469      -2.43191607E-06
   97.5000000       24.1223469      -1.83586963E-06
   101.250000       24.1223469      -1.71666034E-06
   105.000000       24.1223469       2.85923015E-05
   108.750000       24.1223469      -1.76012982E-05
   112.500000       24.1223469       1.85961835E-06
   116.250000       24.1223469      -3.91483773E-05
   120.000000       24.1223469       3.83972656E-05
   123.750000       24.1223469      -2.11477745E-05
   127.500000       24.1223469      -1.56939495E-05
   131.250000       24.1223469      -8.77981074E-06
   135.000000       24.1223469       2.49862205E-05
   138.750000       24.1223469       3.24964058E-05
   142.500000       24.1223469       1.87873375E-05
   146.250000       24.1223469      -1.56045426E-05
   150.000000       24.1223469       1.33931171E-05
   153.750000       24.1223469      -1.39356125E-05
   157.500000       24.1223469       5.18513843E-07
   161.250000       24.1223469      -1.15812290E-05
   165.000000       24.1223469      -1.41863711E-06
   168.750000       24.1223469       1.54494774E-05
   172.500000       24.1223469       1.08475797E-06
   176.250000       24.1223469       4.06499021E-06
   180.000000       24.1223469       1.62243377E-05
   183.750000       24.1223469      -1.14620198E-05
   187.500000       24.1223469      -1.70350540E-05
   191.250000       24.1223469      -6.54463656E-06
   195.000000       24.1223469      -3.35578807E-06
   198.750000       24.1223469       2.20490620E-07
   202.500000       24.1223469       2.87289731E-06
   206.250000       24.1223469      -6.54463656E-06
   210.000000       24.1223469      -1.96741894E-07
   213.750000       24.1223469       8.68435018E-06
   217.500000       24.1223469       6.20603096E-05
   221.250000       24.1223469       6.59818761E-06
   225.000000       24.1223469      -4.13064845E-06
   228.750000       24.1223469       5.34649007E-06
   232.500000       24.1223469      -1.19388569E-05
   236.250000       24.1223469      -2.81934626E-06
   240.000000       24.1223469      -1.00315083E-05
   243.750000       24.1223469       9.31019895E-06
   247.500000       24.1223469       4.63123433E-06
   251.250000       24.1223469      -2.26378907E-05
   255.000000       24.1223469      -2.57671345E-05
   258.750000       24.1223469      -2.86877621E-05
   262.500000       24.1223469       2.13801395E-05
   266.250000       24.1223469       8.14790837E-06
   270.000000       24.1223469      -1.04189385E-05
   273.750000       24.1223469       2.45689880E-05
   277.500000       24.1223469      -1.75714958E-05
   281.250000       24.1223469      -1.75714958E-05
   285.000000       24.1223469      -1.23982318E-06
   288.750000       24.1223469       1.11877453E-05
   292.500000       24.1223469       1.50024425E-05
   296.250000       24.1223469       4.24380414E-06
   300.000000       24.1223469      -7.03381374E-07
   303.750000       24.1223469       6.92601316E-06
   307.500000       24.1223469      -6.81285746E-06
   311.250000       24.1223469      -7.61752017E-06
   315.000000       24.1223469      -8.98842700E-06
   318.750000       24.1223469      -1.39654148E-05
   322.500000       24.1223469       1.16645824E-05
   326.250000       24.1223469       1.05495565E-06
   330.000000       24.1223469      -1.15041621E-06
   333.750000       24.1223469       2.03966629E-05
   337.500000       24.1223469       9.35746357E-07
   341.250000       24.1223469       1.05495565E-06
   345.000000       24.1223469      -1.96576584E-05
   348.750000       24.1223469      -9.04803164E-06
   352.500000       24.1223469       3.41057312E-05
   356.250000       24.1223469       1.25884544E-05
   360.000000       24.1223469       2.01284420E-05
   0.00000000       27.8334446      -2.80023087E-05
   3.75000000       27.8334446       1.32317655E-06
   7.50000000       27.8334446      -2.60651577E-05
   11.2500000       27.8334446       1.32317655E-06
   15.0000000       27.8334446      -1.22070778E-05
   18.7500000       27.8334446       3.85637395E-06
   22.5000000       27.8334446      -1.50804408E-06
   26.2500000       27.8334446      -1.77801121E-05
   30.0000000       27.8334446      -6.96186908E-06
   33.7500000       27.8334446       1.94902532E-06
   37.5000000       27.8334446       2.17377674E-05
   41.2500000       27.8334446      -1.79887284E-05
   45.0000000       27.8334446      -6.66384585E-06
   48.7500000       27.8334446      -2.37231143E-06
   52.5000000       27.8334446      -3.83262523E-06
   56.2500000       27.8334446      -5.65056689E-06
   60.0000000       27.8334446       1.31083652E-07
   63.7500000       27.8334446       5.37629239E-06
   67.5000000       27.8334446      -1.77626498E-06
   71.2500000       27.8334446      -4.45847400E-06
   75.0000000       27.8334446      -1.01209152E-05
   78.7500000       27.8334446      -4.75649722E-06
   82.5000000       27.8334446       7.73067586E-06
   86.2500000       27.8334446      -2.78954394E-06
   90.0000000       27.8334446      -5.74172009E-05
   93.7500000       27.8334446      -2.89261807E-05
   97.5000000       27.8334446       1.96814071E-05
   101.250000       27.8334446       2.69408338E-06
   105.000000       27.8334446      -2.06113327E-05
   108.750000       27.8334446       1.15751754E-05
   112.500000       27.8334446      -1.36673916E-05
   116.250000       27.8334446       6.21075742E-06
   120.000000       27.8334446       9.69762914E-06
   123.750000       27.8334446       1.00254547E-05
   127.500000       27.8334446      -1.87337864E-05
   131.250000       27.8334446       1.02340709E-05
   135.000000       27.8334446       3.97558324E-06
   138.750000       27.8334446      -3.47499736E-06
   142.500000       27.8334446      -4.01143916E-06
   146.250000       27.8334446       6.27036206E-06
   150.000000       27.8334446       2.76684295E-05
   153.750000       27.8334446       2.04860698E-05
   157.500000       27.8334446       9.63802449E-06
   161.250000       27.8334446       1.93535816E-05
   165.000000       27.8334446       5.61471097E-06
   168.750000       27.8334446      -1.83586963E-06
   172.500000       27.8334446       6.95581548E-06
   176.250000       27.8334446       7.56932423E-07
   180.000000       27.8334446       5.28688543E-06
   183.750000       27.8334446      -8.22590664E-07
   187.500000       27.8334446       1.82508957E-05
   191.250000       27.8334446      -2.81934626E-06
   195.000000       27.8334446       1.41258352E-06
   198.750000       27.8334446      -1.70946587E-05
   202.500000       27.8334446      -1.29521359E-05
   206.250000       27.8334446      -7.88574107E-06
   210.000000       27.8334446       9.07178037E-06
   213.750000       27.8334446       4.45663463E-05
   217.500000       27.8334446       1.53004657E-05
   221.250000       27.8334446      -1.57237519E-05
   225.000000       27.8334446       2.16483604E-05
   228.750000       27.8334446      -1.57237519E-05
   232.500000       27.8334446       8.62474553E-06
   236.250000       27.8334446       3.11131589E-06
   240.000000       27.8334446      -1.19686592E-05
   243.750000       27.8334446       9.51881520E-06
   247.500000       27.8334446       1.76548492E-05
   251.250000       27.8334446       1.31248962E-05
   255.000000       27.8334446       1.55388843E-05
   258.750000       27.8334446       9.43362247E-05
   262.500000       27.8334446       8.02869909E-06
   266.250000       27.8334446       3.09764873E-05
   270.000000       27.8334446       1.88171398E-05
   273.750000       27.8334446       1.57475006E-05
   277.500000       27.8334446      -1.19984616E-05
   281.250000       27.8334446       2.75368802E-06
   285.000000       27.8334446      -7.14068301E-06
   288.750000       27.8334446      -7.49831088E-06
   292.500000       27.8334446      -9.97190364E-06
   296.250000       27.8334446      -3.05776484E-06
   300.000000       27.8334446       2.27685086E-06
   303.750000       27.8334446       1.44660007E-05
   307.500000       27.8334446      -9.50575341E-05
   311.250000       27.8334446       1.77740585E-05
   315.000000       27.8334446      -3.14295758E-05
   318.750000       27.8334446      -9.10763629E-06
   322.500000       27.8334446       1.38103496E-05
   326.250000       27.8334446       6.62798993E-06
   330.000000       27.8334446      -3.38559039E-06
   333.750000       27.8334446      -1.09081157E-06
   337.500000       27.8334446      -1.00017060E-05
   341.250000       27.8334446      -5.82938083E-06
   345.000000       27.8334446       3.09764873E-05
   348.750000       27.8334446       3.53574287E-05
   352.500000       27.8334446      -3.06845177E-05
   356.250000       27.8334446      -2.50816811E-05
   360.000000       27.8334446      -2.80023087E-05
   0.00000000       31.5445251       3.01420223E-05
   3.75000000       31.5445251      -3.90291680E-05
   7.50000000       31.5445251       4.63123433E-06
   11.2500000       31.5445251      -1.04487408E-05
   15.0000000       31.5445251       5.82332723E-06
   18.7500000       31.5445251       3.99304554E-07
   22.5000000       31.5445251      -1.47824176E-06
   26.2500000       31.5445251       2.39606015E-06
   30.0000000       31.5445251      -6.73579052E-07
   33.7500000       31.5445251       6.27036206E-06
   37.5000000       31.5445251      -2.83599366E-05
   41.2500000       31.5445251      -1.84953678E-05
   45.0000000       31.5445251       9.22079198E-06
   48.7500000       31.5445251      -5.65056689E-06
   52.5000000       31.5445251       5.64451329E-06
   56.2500000       31.5445251      -4.63728793E-06
   60.0000000       31.5445251      -2.39789952E-05
   63.7500000       31.5445251      -7.85593875E-06
   67.5000000       31.5445251       2.48546712E-06
   71.2500000       31.5445251      -1.70648564E-05
   75.0000000       31.5445251      -5.08432277E-06
   78.7500000       31.5445251       8.41736328E-05
   82.5000000       31.5445251       1.10387336E-05
   86.2500000       31.5445251       1.13052083E-04
   90.0000000       31.5445251       3.22281849E-05
   93.7500000       31.5445251      -2.04921234E-05
   97.5000000       31.5445251       9.60349571E-05
   101.250000       31.5445251       9.86873638E-05
   105.000000       31.5445251       7.17460644E-05
   108.750000       31.5445251       3.10360920E-05
   112.500000       31.5445251      -1.47998799E-05
   116.250000       31.5445251       2.20059883E-05
   120.000000       31.5445251       4.86965291E-06
   123.750000       31.5445251      -7.17048533E-06
   127.500000       31.5445251      -1.19686592E-05
   131.250000       31.5445251      -1.19686592E-05
   135.000000       31.5445251      -7.75326043E-08
   138.750000       31.5445251      -1.22964848E-05
   142.500000       31.5445251       1.64925586E-05
   146.250000       31.5445251      -5.23333438E-06
   150.000000       31.5445251       3.84866726E-05
   153.750000       31.5445251      -2.67033465E-06
   157.500000       31.5445251      -2.49152072E-06
   161.250000       31.5445251      -1.32203568E-05
   165.000000       31.5445251       6.86640851E-06
   168.750000       31.5445251      -1.16408337E-05
   172.500000       31.5445251       7.58166425E-06
   176.250000       31.5445251       9.01217572E-06
   180.000000       31.5445251       7.73067586E-06
   183.750000       31.5445251       1.92045700E-05
   187.500000       31.5445251      -1.45018566E-05
   191.250000       31.5445251      -9.49506648E-06
   195.000000       31.5445251       2.42586248E-06
   198.750000       31.5445251      -2.87895091E-06
   202.500000       31.5445251       6.03194349E-06
   206.250000       31.5445251       8.35652463E-06
   210.000000       31.5445251       1.38103496E-05
   213.750000       31.5445251      -2.34250911E-06
   217.500000       31.5445251       5.61471097E-06
   221.250000       31.5445251      -8.29279888E-05
   225.000000       31.5445251      -3.96550167E-05
   228.750000       31.5445251       9.60822217E-06
   232.500000       31.5445251      -7.17048533E-06
   236.250000       31.5445251      -4.99491580E-06
   240.000000       31.5445251       1.65223610E-05
   243.750000       31.5445251      -1.07544707E-04
   247.500000       31.5445251       1.05495565E-06
   251.250000       31.5445251       2.97843944E-05
   255.000000       31.5445251       9.28039663E-06
   258.750000       31.5445251       8.08059704E-05
   262.500000       31.5445251      -3.04759014E-05
   266.250000       31.5445251       1.81316864E-05
   270.000000       31.5445251       1.16049778E-05
   273.750000       31.5445251      -6.72345050E-06
   277.500000       31.5445251       1.51812565E-05
   281.250000       31.5445251      -3.45753506E-07
   285.000000       31.5445251       5.16767614E-06
   288.750000       31.5445251      -1.21002086E-06
   292.500000       31.5445251       4.88711521E-07
   296.250000       31.5445251      -9.71602276E-07
   300.000000       31.5445251       1.48236286E-05
   303.750000       31.5445251       1.73568260E-05
   307.500000       31.5445251       1.35421287E-05
   311.250000       31.5445251      -3.44098080E-05
   315.000000       31.5445251      -2.04448588E-06
   318.750000       31.5445251      -2.78830994E-05
   322.500000       31.5445251      -2.49152072E-06
   326.250000       31.5445251       1.62541401E-05
   330.000000       31.5445251      -6.36582263E-06
   333.750000       31.5445251      -1.98488124E-06
   337.500000       31.5445251       4.12459485E-06
   341.250000       31.5445251      -9.91229899E-06
   345.000000       31.5445251      -6.78305514E-06
   348.750000       31.5445251      -4.72669490E-06
   352.500000       31.5445251       5.30004036E-05
   356.250000       31.5445251      -5.41389454E-05
   360.000000       31.5445251       3.01420223E-05
   0.00000000       35.2555809       3.91721260E-05
   3.75000000       35.2555809      -3.73304356E-05
   7.50000000       35.2555809      -5.56588639E-05
   11.2500000       35.2555809       4.66103666E-06
   15.0000000       35.2555809      -9.58447345E-06
   18.7500000       35.2555809      -1.35903247E-06
   22.5000000       35.2555809       7.99889676E-06
   26.2500000       35.2555809       5.40609471E-06
   30.0000000       35.2555809      -4.42867167E-06
   33.7500000       35.2555809      -1.30415428E-05
   37.5000000       35.2555809       4.00538556E-06
   41.2500000       35.2555809       1.58369076E-05
   45.0000000       35.2555809       2.36153137E-05
   48.7500000       35.2555809       2.49266159E-05
   52.5000000       35.2555809       4.58909199E-07
   56.2500000       35.2555809       9.51881520E-06
   60.0000000       35.2555809      -5.48840035E-05
   63.7500000       35.2555809       5.22851478E-05
   67.5000000       35.2555809       5.50865661E-05
   71.2500000       35.2555809      -1.29628228E-04
   75.0000000       35.2555809       4.02748119E-05
   78.7500000       35.2555809       1.04498817E-04
   82.5000000       35.2555809      -3.59595288E-05
   86.2500000       35.2555809      -3.23236454E-05
   90.0000000       35.2555809      -1.32578658E-04
   93.7500000       35.2555809       7.28364103E-06
   97.5000000       35.2555809       7.74681102E-05
   101.250000       35.2555809      -1.82169722E-04
   105.000000       35.2555809       1.23202335E-05
   108.750000       35.2555809      -1.38164032E-05
   112.500000       35.2555809      -1.46508683E-05
   116.250000       35.2555809       2.90269963E-06
   120.000000       35.2555809      -1.10447872E-05
   123.750000       35.2555809       2.24704854E-06
   127.500000       35.2555809       2.81329267E-06
   131.250000       35.2555809       1.49428379E-05
   135.000000       35.2555809      -9.82289203E-06
   138.750000       35.2555809      -2.24888790E-05
   142.500000       35.2555809      -2.27272976E-05
   146.250000       35.2555809      -2.77638901E-05
   150.000000       35.2555809       3.53872310E-05
   153.750000       35.2555809       3.60726845E-05
   157.500000       35.2555809      -1.13428105E-05
   161.250000       35.2555809      -2.78234947E-05
   165.000000       35.2555809       1.68080442E-06
   168.750000       35.2555809      -2.82705296E-05
   172.500000       35.2555809      -1.09081157E-06
   176.250000       35.2555809      -5.76854218E-05
   180.000000       35.2555809      -3.08756717E-06
   183.750000       35.2555809      -8.66060145E-06
   187.500000       35.2555809      -2.64053233E-06
   191.250000       35.2555809      -1.31905545E-05
   195.000000       35.2555809       2.14397442E-05
   198.750000       35.2555809      -2.81934626E-06
   202.500000       35.2555809      -2.07428820E-06
   206.250000       35.2555809       1.26357190E-06
   210.000000       35.2555809       6.47897832E-06
   213.750000       35.2555809       3.98277771E-05
   217.500000       35.2555809      -1.83761586E-05
   221.250000       35.2555809      -3.50654591E-05
   225.000000       35.2555809       7.34324567E-06
   228.750000       35.2555809       3.52854840E-06
   232.500000       35.2555809      -1.49190892E-05
   236.250000       35.2555809       4.88711521E-07
   240.000000       35.2555809       9.90624540E-06
   243.750000       35.2555809       3.05592548E-05
   247.500000       35.2555809      -1.55449379E-05
   251.250000       35.2555809       8.02695286E-05
   255.000000       35.2555809      -2.29359139E-05
   258.750000       35.2555809      -7.43870623E-06
   262.500000       35.2555809      -5.11289109E-05
   266.250000       35.2555809      -7.11262692E-05
   270.000000       35.2555809      -4.16517723E-05
   273.750000       35.2555809       8.23731534E-06
   277.500000       35.2555809      -3.66747845E-05
   281.250000       35.2555809      -1.06275547E-05
   285.000000       35.2555809       1.02638733E-05
   288.750000       35.2555809       1.33633148E-05
   292.500000       35.2555809      -7.70692714E-06
   296.250000       35.2555809       8.56514089E-06
   300.000000       35.2555809      -1.56939495E-05
   303.750000       35.2555809      -5.20353206E-06
   307.500000       35.2555809       1.01148617E-05
   311.250000       35.2555809      -1.40178250E-04
   315.000000       35.2555809      -6.66559208E-05
   318.750000       35.2555809       5.96165191E-05
   322.500000       35.2555809      -1.16706360E-05
   326.250000       35.2555809       1.59139745E-06
   330.000000       35.2555809       3.37953679E-06
   333.750000       35.2555809      -2.23398674E-05
   337.500000       35.2555809      -3.68361361E-06
   341.250000       35.2555809       1.77442562E-05
   345.000000       35.2555809       1.38278119E-06
   348.750000       35.2555809       2.10523140E-05
   352.500000       35.2555809       2.31086742E-05
   356.250000       35.2555809       3.23473942E-05
   360.000000       35.2555809       3.91721260E-05
   0.00000000       38.9666100      -1.26839150E-05
   3.75000000       38.9666100      -1.00600766E-04
   7.50000000       38.9666100      -6.07252587E-05
   11.2500000       38.9666100       1.21414196E-05
   15.0000000       38.9666100      -4.07104380E-06
   18.7500000       38.9666100      -4.63728793E-06
   22.5000000       38.9666100      -7.02147372E-06
   26.2500000       38.9666100      -7.76653178E-06
   30.0000000       38.9666100      -2.04027165E-05
   33.7500000       38.9666100      -3.77302058E-06
   37.5000000       38.9666100      -8.06455500E-06
   41.2500000       38.9666100      -6.54463656E-06
   45.0000000       38.9666100      -5.72383869E-05
   48.7500000       38.9666100      -4.18901909E-05
   52.5000000       38.9666100       3.11131589E-06
   56.2500000       38.9666100      -4.35160473E-07
   60.0000000       38.9666100      -8.42218287E-06
   63.7500000       38.9666100       1.37209427E-05
   67.5000000       38.9666100      -1.29389809E-04
   71.2500000       38.9666100       1.22946454E-04
   75.0000000       38.9666100       8.91506206E-05
   78.7500000       38.9666100      -1.85549725E-05
   82.5000000       38.9666100       5.01866452E-06
   86.2500000       38.9666100       1.39295589E-05
   90.0000000       38.9666100      -9.97190364E-06
   93.7500000       38.9666100       3.62813007E-05
   97.5000000       38.9666100       1.68799888E-05
   101.250000       38.9666100      -3.56615055E-05
   105.000000       38.9666100       6.59818761E-06
   108.750000       38.9666100       2.51054298E-05
   112.500000       38.9666100      -7.61752017E-06
   116.250000       38.9666100       5.04846685E-06
   120.000000       38.9666100      -3.56440432E-06
   123.750000       38.9666100      -3.75555828E-07
   127.500000       38.9666100      -1.05083454E-05
   131.250000       38.9666100      -1.00140460E-06
   135.000000       38.9666100      -1.30415428E-05
   138.750000       38.9666100       1.41679775E-05
   142.500000       38.9666100      -2.98202503E-05
   146.250000       38.9666100      -2.86877621E-05
   150.000000       38.9666100      -9.04803164E-06
   153.750000       38.9666100       1.02859689E-04
   157.500000       38.9666100      -3.12209595E-05
   161.250000       38.9666100       1.68799888E-05
   165.000000       38.9666100       3.29012983E-06
   168.750000       38.9666100      -3.45886219E-05
   172.500000       38.9666100      -1.89424027E-05
   176.250000       38.9666100       4.81128227E-05
   180.000000       38.9666100       2.18867790E-05
   183.750000       38.9666100      -2.61073001E-06
   187.500000       38.9666100      -9.25664790E-06
   191.250000       38.9666100       3.39699909E-07
   195.000000       38.9666100      -1.10745896E-05
   198.750000       38.9666100       1.11579429E-05
   202.500000       38.9666100      -7.31949694E-06
   206.250000       38.9666100      -5.08432277E-06
   210.000000       38.9666100       1.44238584E-06
   213.750000       38.9666100      -2.23100651E-05
   217.500000       38.9666100       2.75194179E-05
   221.250000       38.9666100      -6.92785252E-05
   225.000000       38.9666100       2.85028946E-05
   228.750000       38.9666100       1.27970707E-05
   232.500000       38.9666100      -1.17600430E-05
   236.250000       38.9666100      -2.07428820E-06
   240.000000       38.9666100      -3.72410286E-05
   243.750000       38.9666100      -2.86877621E-05
   247.500000       38.9666100       2.75368802E-06
   251.250000       38.9666100       1.25288498E-05
   255.000000       38.9666100      -1.51205109E-04
   258.750000       38.9666100      -4.87570651E-06
   262.500000       38.9666100      -1.86741818E-05
   266.250000       38.9666100      -5.16355503E-05
   270.000000       38.9666100      -6.49869908E-05
   273.750000       38.9666100       9.50216781E-05
   277.500000       38.9666100      -5.35254367E-06
   281.250000       38.9666100      -5.33640850E-05
   285.000000       38.9666100      -1.03670405E-04
   288.750000       38.9666100       1.13677932E-04
   292.500000       38.9666100       1.47342216E-05
   296.250000       38.9666100      -1.75714958E-05
   300.000000       38.9666100      -8.63079913E-06
   303.750000       38.9666100      -5.82938083E-06
   307.500000       38.9666100       1.57176983E-05
   311.250000       38.9666100      -2.97308434E-05
   315.000000       38.9666100       1.53898727E-05
   318.750000       38.9666100      -1.88231934E-05
   322.500000       38.9666100      -3.26514710E-05
   326.250000       38.9666100       7.41004478E-05
   330.000000       38.9666100       1.65223610E-05
   333.750000       38.9666100       1.10387336E-05
   337.500000       38.9666100      -1.68860424E-05
   341.250000       38.9666100       1.23376958E-06
   345.000000       38.9666100      -2.12967861E-05
   348.750000       38.9666100       1.61945354E-05
   352.500000       38.9666100       3.85637395E-06
   356.250000       38.9666100       2.55226623E-05
   360.000000       38.9666100      -1.26839150E-05
   0.00000000       42.6776047       4.90068924E-05
   3.75000000       42.6776047       5.14506828E-05
   7.50000000       42.6776047      -1.25647057E-05
   11.2500000       42.6776047       4.43279278E-05
   15.0000000       42.6776047       2.55524646E-05
   18.7500000       42.6776047      -8.83941539E-06
   22.5000000       42.6776047      -1.14322174E-05
   26.2500000       42.6776047      -3.89222987E-06
   30.0000000       42.6776047      -1.47824176E-06
   33.7500000       42.6776047       4.49537765E-05
   37.5000000       42.6776047      -4.66883648E-05
   41.2500000       42.6776047      -1.26962550E-06
   45.0000000       42.6776047      -9.71602276E-07
   48.7500000       42.6776047       1.71184074E-05
   52.5000000       42.6776047       3.44633590E-05
   56.2500000       42.6776047       5.74409496E-05
   60.0000000       42.6776047       2.92777549E-05
   63.7500000       42.6776047       1.38401520E-05
   67.5000000       42.6776047       1.80422794E-05
   71.2500000       42.6776047       4.03046142E-05
   75.0000000       42.6776047       5.25235664E-05
   78.7500000       42.6776047       2.87413131E-05
   82.5000000       42.6776047       2.91883480E-05
   86.2500000       42.6776047      -3.63469590E-05
   90.0000000       42.6776047       1.70290004E-05
   93.7500000       42.6776047       1.40189659E-05
   97.5000000       42.6776047       3.76696698E-06
   101.250000       42.6776047      -8.39238055E-06
   105.000000       42.6776047       1.04128849E-05
   108.750000       42.6776047      -2.12371815E-05
   112.500000       42.6776047       5.07826917E-06
   116.250000       42.6776047       1.90688297E-07
   120.000000       42.6776047       2.66428106E-06
   123.750000       42.6776047       4.60143201E-06
   127.500000       42.6776047       1.58071052E-05
   131.250000       42.6776047      -3.53932846E-05
   135.000000       42.6776047      -7.52985943E-05
   138.750000       42.6776047       5.43589704E-06
   142.500000       42.6776047       7.86734745E-07
   146.250000       42.6776047      -1.44422520E-05
   150.000000       42.6776047       7.43265264E-06
   153.750000       42.6776047       3.29012983E-06
   157.500000       42.6776047      -7.98285473E-05
   161.250000       42.6776047      -5.52118290E-05
   165.000000       42.6776047       1.68501865E-05
   168.750000       42.6776047      -1.05220126E-04
   172.500000       42.6776047      -1.16706360E-05
   176.250000       42.6776047      -1.39058102E-05
   180.000000       42.6776047       1.21116173E-05
   183.750000       42.6776047       2.65657436E-05
   187.500000       42.6776047      -6.81285746E-06
   191.250000       42.6776047      -4.39886935E-06
   195.000000       42.6776047      -1.47104729E-05
   198.750000       42.6776047       6.71565067E-05
   202.500000       42.6776047       1.71060674E-06
   206.250000       42.6776047       1.47218816E-06
   210.000000       42.6776047      -2.89857853E-05
   213.750000       42.6776047      -3.42011917E-05
   217.500000       42.6776047      -7.43870623E-06
   221.250000       42.6776047      -4.12643421E-05
   225.000000       42.6776047       2.39606015E-06
   228.750000       42.6776047       5.16767614E-06
   232.500000       42.6776047       1.29758846E-05
   236.250000       42.6776047      -1.18792523E-05
   240.000000       42.6776047      -1.34289730E-05
   243.750000       42.6776047      -4.24985774E-06
   247.500000       42.6776047       1.40785705E-05
   251.250000       42.6776047      -1.09779881E-04
   255.000000       42.6776047       2.63273250E-05
   258.750000       42.6776047      -2.31147278E-05
   262.500000       42.6776047       3.97558324E-06
   266.250000       42.6776047       2.26616394E-05
   270.000000       42.6776047      -6.99167140E-06
   273.750000       42.6776047       1.15155708E-05
   277.500000       42.6776047      -1.05977524E-05
   281.250000       42.6776047       2.76684295E-05
   285.000000       42.6776047       3.22579872E-05
   288.750000       42.6776047       4.24801838E-05
   292.500000       42.6776047       1.18731987E-05
   296.250000       42.6776047       1.44958030E-05
   300.000000       42.6776047       2.16185581E-05
   303.750000       42.6776047      -1.74646266E-06
   307.500000       42.6776047       1.41083729E-05
   311.250000       42.6776047      -3.21448315E-05
   315.000000       42.6776047      -9.67388041E-06
   318.750000       42.6776047       1.47218816E-06
   322.500000       42.6776047       3.38077080E-05
   326.250000       42.6776047      -1.99854840E-05
   330.000000       42.6776047       2.88307201E-05
   333.750000       42.6776047       7.27130100E-07
   337.500000       42.6776047       9.36980359E-06
   341.250000       42.6776047      -2.52132304E-06
   345.000000       42.6776047       1.27374660E-05
   348.750000       42.6776047      -3.02796252E-06
   352.500000       42.6776047       1.12473499E-05
   356.250000       42.6776047       1.35297887E-06
   360.000000       42.6776047       4.90068924E-05
   0.00000000       46.3885536       3.61795537E-06
   3.75000000       46.3885536      -7.14242924E-05
   7.50000000       46.3885536      -1.93894375E-05
   11.2500000       46.3885536       3.55064403E-05
   15.0000000       46.3885536       2.46881973E-05
   18.7500000       46.3885536      -4.78629954E-06
   22.5000000       46.3885536       1.00254547E-05
   26.2500000       46.3885536      -1.00911129E-05
   30.0000000       46.3885536      -4.90550883E-06
   33.7500000       46.3885536      -2.09689606E-05
   37.5000000       46.3885536      -8.21356662E-06
   41.2500000       46.3885536       1.57475006E-05
   45.0000000       46.3885536       1.01446640E-05
   48.7500000       46.3885536      -1.86741818E-05
   52.5000000       46.3885536      -1.74224842E-05
   56.2500000       46.3885536      -7.05127604E-06
   60.0000000       46.3885536      -3.89222987E-06
   63.7500000       46.3885536       2.61783134E-05
   67.5000000       46.3885536       2.81329267E-06
   71.2500000       46.3885536      -1.29942782E-06
   75.0000000       46.3885536      -4.36906703E-06
   78.7500000       46.3885536      -1.87039841E-05
   82.5000000       46.3885536       5.47289383E-05
   86.2500000       46.3885536      -5.69105614E-05
   90.0000000       46.3885536       6.95581548E-06
   93.7500000       46.3885536      -2.15054024E-05
   97.5000000       46.3885536      -2.25484837E-05
   101.250000       46.3885536      -5.43475617E-05
   105.000000       46.3885536       4.75044362E-06
   108.750000       46.3885536       1.79826748E-05
   112.500000       46.3885536       9.42940824E-06
   116.250000       46.3885536       3.14111821E-06
   120.000000       46.3885536       7.13462941E-06
   123.750000       46.3885536      -5.24567440E-07
   127.500000       46.3885536      -1.64986122E-05
   131.250000       46.3885536      -2.72870529E-05
   135.000000       46.3885536       1.89959537E-05
   138.750000       46.3885536      -3.32773197E-05
   142.500000       46.3885536       2.87115108E-05
   146.250000       46.3885536      -6.00819476E-06
   150.000000       46.3885536       4.35232650E-05
   153.750000       46.3885536      -9.13743861E-06
   157.500000       46.3885536      -4.04124148E-06
   161.250000       46.3885536       1.73640205E-04
   165.000000       46.3885536      -2.97904480E-05
   168.750000       46.3885536       7.70087354E-06
   172.500000       46.3885536       6.47897832E-06
   176.250000       46.3885536      -2.94626225E-05
   180.000000       46.3885536      -2.19822396E-05
   183.750000       46.3885536      -1.79279596E-08
   187.500000       46.3885536      -1.06275547E-05
   191.250000       46.3885536       2.73704063E-05
   195.000000       46.3885536       7.10482709E-06
   198.750000       46.3885536       9.60822217E-06
   202.500000       46.3885536      -1.47998799E-05
   206.250000       46.3885536       3.23052518E-06
   210.000000       46.3885536       6.21075742E-06
   213.750000       46.3885536      -3.92203219E-06
   217.500000       46.3885536      -2.83003319E-05
   221.250000       46.3885536      -1.23982318E-06
   225.000000       46.3885536      -1.80483330E-05
   228.750000       46.3885536      -2.01344956E-05
   232.500000       46.3885536       1.16049778E-05
   236.250000       46.3885536       2.96353828E-05
   240.000000       46.3885536       7.16443174E-06
   243.750000       46.3885536      -1.52469147E-05
   247.500000       46.3885536      -1.93000305E-05
   251.250000       46.3885536       8.76903068E-05
   255.000000       46.3885536      -5.62076457E-06
   258.750000       46.3885536      -1.71542633E-05
   262.500000       46.3885536      -1.96576584E-05
   266.250000       46.3885536      -1.90318096E-05
   270.000000       46.3885536      -1.12236012E-05
   273.750000       46.3885536       1.68799888E-05
   277.500000       46.3885536      -1.37137249E-07
   281.250000       46.3885536      -5.08010853E-05
   285.000000       46.3885536       2.10523140E-05
   288.750000       46.3885536       2.54630577E-05
   292.500000       46.3885536      -2.92242039E-05
   296.250000       46.3885536      -2.15650070E-05
   300.000000       46.3885536       9.99565236E-06
   303.750000       46.3885536      -1.29819382E-05
   307.500000       46.3885536      -1.03593338E-05
   311.250000       46.3885536      -1.17600430E-05
   315.000000       46.3885536       2.79664528E-05
   318.750000       46.3885536       1.10089313E-05
   322.500000       46.3885536       5.78118488E-07
   326.250000       46.3885536       2.24232208E-05
   330.000000       46.3885536      -2.81811226E-05
   333.750000       46.3885536       2.06648838E-05
   337.500000       46.3885536       7.86734745E-07
   341.250000       46.3885536       1.53600704E-05
   345.000000       46.3885536       2.26616394E-05
   348.750000       46.3885536       1.20520126E-05
   352.500000       46.3885536       3.19599640E-05
   356.250000       46.3885536       1.65100209E-06
   360.000000       46.3885536       3.61795537E-06
   0.00000000       50.0994530      -2.34250911E-06
   3.75000000       50.0994530      -3.65381129E-06
   7.50000000       50.0994530      -5.08432277E-06
   11.2500000       50.0994530      -5.68036921E-06
   15.0000000       50.0994530       9.60822217E-06
   18.7500000       50.0994530       3.64005100E-05
   22.5000000       50.0994530      -1.96874607E-05
   26.2500000       50.0994530      -1.47824176E-06
   30.0000000       50.0994530      -8.95862468E-06
   33.7500000       50.0994530      -2.09391583E-05
   37.5000000       50.0994530       1.36315357E-05
   41.2500000       50.0994530       1.08897220E-05
   45.0000000       50.0994530       1.47640239E-05
   48.7500000       50.0994530       2.50292942E-07
   52.5000000       50.0994530       2.39606015E-06
   56.2500000       50.0994530       8.92276876E-06
   60.0000000       50.0994530       6.59818761E-06
   63.7500000       50.0994530       2.50756275E-05
   67.5000000       50.0994530       2.55524646E-05
   71.2500000       50.0994530       3.67756002E-06
   75.0000000       50.0994530      -2.71380413E-05
   78.7500000       50.0994530       1.89363491E-05
   82.5000000       50.0994530      -9.19704325E-06
   86.2500000       50.0994530      -7.78615940E-05
   90.0000000       50.0994530      -3.75688542E-05
   93.7500000       50.0994530       6.27036206E-06
   97.5000000       50.0994530       9.65548679E-07
   101.250000       50.0994530      -1.31905545E-05
   105.000000       50.0994530      -4.94765118E-07
   108.750000       50.0994530      -8.27317126E-06
   112.500000       50.0994530       3.55835073E-06
   116.250000       50.0994530       1.56159513E-06
   120.000000       50.0994530      -1.70648564E-05
   123.750000       50.0994530      -3.75555828E-07
   127.500000       50.0994530      -4.81610186E-06
   131.250000       50.0994530       2.06823461E-06
   135.000000       50.0994530      -1.26243103E-05
   138.750000       50.0994530       6.18095510E-06
   142.500000       50.0994530      -5.05328644E-05
   146.250000       50.0994530       1.80124771E-05
   150.000000       50.0994530       2.66253483E-05
   153.750000       50.0994530      -8.63079913E-06
   157.500000       50.0994530       1.59263145E-05
   161.250000       50.0994530      -3.52442730E-05
   165.000000       50.0994530      -1.27435196E-05
   168.750000       50.0994530      -1.79279596E-08
   172.500000       50.0994530      -5.18739689E-05
   176.250000       50.0994530      -2.37107743E-05
   180.000000       50.0994530      -1.34587754E-05
   183.750000       50.0994530      -4.03106678E-05
   187.500000       50.0994530       1.61051285E-05
   191.250000       50.0994530      -8.30297358E-06
   195.000000       50.0994530       2.92777549E-05
   198.750000       50.0994530       4.10198700E-05
   202.500000       50.0994530      -2.40982044E-05
   206.250000       50.0994530      -2.58092768E-06
   210.000000       50.0994530      -2.64053233E-06
   213.750000       50.0994530       3.02190892E-06
   217.500000       50.0994530      -8.72020610E-06
   221.250000       50.0994530      -1.23560894E-05
   225.000000       50.0994530      -9.04803164E-06
   228.750000       50.0994530       2.21549999E-05
   232.500000       50.0994530      -7.75337685E-05
   236.250000       50.0994530       4.00538556E-06
   240.000000       50.0994530       1.37805473E-05
   243.750000       50.0994530       4.88876831E-05
   247.500000       50.0994530       1.19340373E-04
   251.250000       50.0994530      -4.84168995E-05
   255.000000       50.0994530       1.26778614E-05
   258.750000       50.0994530      -5.71017154E-06
   262.500000       50.0994530      -2.65121926E-05
   266.250000       50.0994530       5.97233884E-06
   270.000000       50.0994530      -2.83301342E-05
   273.750000       50.0994530       9.95351002E-07
   277.500000       50.0994530       6.71739690E-06
   281.250000       50.0994530      -1.26541127E-05
   285.000000       50.0994530      -2.21014488E-05
   288.750000       50.0994530       1.90257560E-05
   292.500000       50.0994530      -4.31716908E-05
   296.250000       50.0994530       1.11621572E-04
   300.000000       50.0994530      -1.26541127E-05
   303.750000       50.0994530      -3.05776484E-06
   307.500000       50.0994530      -1.57833565E-05
   311.250000       50.0994530       3.55835073E-06
   315.000000       50.0994530      -2.00748909E-05
   318.750000       50.0994530      -3.63469590E-05
   322.500000       50.0994530      -5.57780731E-05
   326.250000       50.0994530       2.50160228E-05
   330.000000       50.0994530      -5.30660618E-05
   333.750000       50.0994530      -6.73579052E-07
   337.500000       50.0994530      -1.50382984E-05
   341.250000       50.0994530      -1.67966355E-05
   345.000000       50.0994530       3.14831268E-05
   348.750000       50.0994530      -2.09093560E-05
   352.500000       50.0994530       1.82981603E-06
   356.250000       50.0994530       6.32996671E-06
   360.000000       50.0994530      -2.34250911E-06
   0.00000000       53.8102722       6.65779226E-06
   3.75000000       53.8102722       3.37953679E-06
   7.50000000       53.8102722      -9.91229899E-06
   11.2500000       53.8102722       2.57312786E-05
   15.0000000       53.8102722       1.40189659E-05
   18.7500000       53.8102722       3.97558324E-06
   22.5000000       53.8102722       3.61795537E-06
   26.2500000       53.8102722      -2.65717972E-05
   30.0000000       53.8102722       4.31358349E-05
   33.7500000       53.8102722       1.86681282E-05
   37.5000000       53.8102722      -1.02997292E-05
   41.2500000       53.8102722       2.49564182E-05
   45.0000000       53.8102722       6.67525455E-07
   48.7500000       53.8102722      -7.97514804E-06
   52.5000000       53.8102722      -7.61752017E-06
   56.2500000       53.8102722       6.86640851E-06
   60.0000000       53.8102722      -1.86741818E-05
   63.7500000       53.8102722       2.10821163E-05
   67.5000000       53.8102722       8.56514089E-06
   71.2500000       53.8102722       2.69408338E-06
   75.0000000       53.8102722      -2.81934626E-06
   78.7500000       53.8102722       2.99930107E-05
   82.5000000       53.8102722       1.09791290E-05
   86.2500000       53.8102722       6.56838529E-06
   90.0000000       53.8102722      -2.77340878E-05
   93.7500000       53.8102722      -1.56343449E-05
   97.5000000       53.8102722      -1.20282639E-05
   101.250000       53.8102722      -1.61707867E-05
   105.000000       53.8102722      -8.15396197E-06
   108.750000       53.8102722       5.01866452E-06
   112.500000       53.8102722       1.81614887E-05
   116.250000       53.8102722      -3.41539271E-06
   120.000000       53.8102722       2.02178489E-05
   123.750000       53.8102722       3.25858127E-05
   127.500000       53.8102722      -1.38883479E-06
   131.250000       53.8102722      -3.59595288E-05
   135.000000       53.8102722      -5.12183178E-05
   138.750000       53.8102722       1.91922300E-06
   142.500000       53.8102722      -7.23008998E-06
   146.250000       53.8102722       9.54861753E-06
   150.000000       53.8102722       7.86734745E-07
   153.750000       53.8102722      -3.32598574E-06
   157.500000       53.8102722       5.90204727E-05
   161.250000       53.8102722       1.50199048E-06
   165.000000       53.8102722       1.21414196E-05
   168.750000       53.8102722       1.85961835E-06
   172.500000       53.8102722      -4.66709025E-06
   176.250000       53.8102722      -4.32610977E-05
   180.000000       53.8102722      -1.78397167E-05
   183.750000       53.8102722       1.15155708E-05
   187.500000       53.8102722      -7.90238846E-05
   191.250000       53.8102722      -5.97839244E-06
   195.000000       53.8102722       1.39295589E-05
   198.750000       53.8102722       3.96489631E-05
   202.500000       53.8102722       7.34324567E-06
   206.250000       53.8102722       2.48670112E-05
   210.000000       53.8102722       5.19747846E-06
   213.750000       53.8102722       9.35746357E-07
   217.500000       53.8102722       2.16781627E-05
   221.250000       53.8102722       1.20396726E-06
   225.000000       53.8102722      -3.29618342E-06
   228.750000       53.8102722      -2.90875323E-06
   232.500000       53.8102722      -5.79957850E-06
   236.250000       53.8102722      -2.34723557E-05
   240.000000       53.8102722      -5.62847126E-05
   243.750000       53.8102722      -5.27382363E-05
   247.500000       53.8102722       6.51895534E-05
   251.250000       53.8102722      -3.05776484E-06
   255.000000       53.8102722      -2.90155876E-05
   258.750000       53.8102722      -1.92527659E-06
   262.500000       53.8102722      -3.56440432E-06
   266.250000       53.8102722      -1.49786938E-05
   270.000000       53.8102722      -4.78629954E-06
   273.750000       53.8102722       2.74896156E-05
   277.500000       53.8102722       1.18135940E-05
   281.250000       53.8102722      -1.56045426E-05
   285.000000       53.8102722      -1.34587754E-05
   288.750000       53.8102722      -5.85918315E-06
   292.500000       53.8102722       2.33172905E-05
   296.250000       53.8102722      -2.41280068E-05
   300.000000       53.8102722       1.61647331E-05
   303.750000       53.8102722       1.87277328E-05
   307.500000       53.8102722      -5.08432277E-06
   311.250000       53.8102722      -2.52132304E-06
   315.000000       53.8102722       8.26711766E-06
   318.750000       53.8102722      -6.83844555E-05
   322.500000       53.8102722      -5.79957850E-06
   326.250000       53.8102722       7.49225728E-06
   330.000000       53.8102722       5.52530400E-06
   333.750000       53.8102722      -1.17004383E-05
   337.500000       53.8102722      -3.56440432E-06
   341.250000       53.8102722       1.47218816E-06
   345.000000       53.8102722      -6.81285746E-06
   348.750000       53.8102722       1.30056869E-05
   352.500000       53.8102722       6.92601316E-06
   356.250000       53.8102722       8.23731534E-06
   360.000000       53.8102722       6.65779226E-06
   0.00000000       57.5209885       2.82942783E-05
   3.75000000       57.5209885       1.74040906E-06
   7.50000000       57.5209885      -1.71542633E-05
   11.2500000       57.5209885       5.76372258E-06
   15.0000000       57.5209885       1.37209427E-05
   18.7500000       57.5209885      -1.15812290E-05
   22.5000000       57.5209885       8.89296643E-06
   26.2500000       57.5209885       1.30652916E-05
   30.0000000       57.5209885       1.39593612E-05
   33.7500000       57.5209885      -3.08756717E-06
   37.5000000       57.5209885       9.04197805E-06
   41.2500000       57.5209885       1.02515332E-06
   45.0000000       57.5209885       1.13367569E-05
   48.7500000       57.5209885       1.61051285E-05
   52.5000000       57.5209885      -1.37269963E-05
   56.2500000       57.5209885      -3.64363659E-05
   60.0000000       57.5209885       8.74395482E-06
   63.7500000       57.5209885       1.79826748E-05
   67.5000000       57.5209885       3.26032750E-06
   71.2500000       57.5209885       7.25383870E-06
   75.0000000       57.5209885      -8.57119448E-06
   78.7500000       57.5209885      -1.67370308E-05
   82.5000000       57.5209885       3.49874608E-06
   86.2500000       57.5209885      -9.64407809E-06
   90.0000000       57.5209885       1.47218816E-06
   93.7500000       57.5209885       1.16049778E-05
   97.5000000       57.5209885      -4.24985774E-06
   101.250000       57.5209885      -4.05358151E-07
   105.000000       57.5209885      -8.15396197E-06
   108.750000       57.5209885       1.62541401E-05
   112.500000       57.5209885       5.16592991E-05
   116.250000       57.5209885       8.83336179E-06
   120.000000       57.5209885       2.85923015E-05
   123.750000       57.5209885       1.75356399E-05
   127.500000       57.5209885       2.58206856E-05
   131.250000       57.5209885       9.66782682E-06
   135.000000       57.5209885      -2.58267391E-05
   138.750000       57.5209885      -1.40178250E-04
   142.500000       57.5209885       6.50878064E-06
   146.250000       57.5209885      -5.23333438E-06
   150.000000       57.5209885       8.68435018E-06
   153.750000       57.5209885      -4.61519230E-05
   157.500000       57.5209885      -1.74820889E-05
   161.250000       57.5209885      -5.25594223E-05
   165.000000       57.5209885       4.30340879E-06
   168.750000       57.5209885      -2.75974162E-06
   172.500000       57.5209885       2.77280342E-05
   176.250000       57.5209885       7.40285031E-06
   180.000000       57.5209885      -1.53784640E-06
   183.750000       57.5209885       3.39865219E-05
   187.500000       57.5209885       1.83701050E-05
   191.250000       57.5209885      -9.46526416E-06
   195.000000       57.5209885      -2.85387505E-05
   198.750000       57.5209885       4.92155086E-05
   202.500000       57.5209885      -3.11613549E-05
   206.250000       57.5209885      -3.69430054E-05
   210.000000       57.5209885       2.27685086E-06
   213.750000       57.5209885       4.00661957E-05
   217.500000       57.5209885      -1.40548218E-05
   221.250000       57.5209885       1.74040906E-06
   225.000000       57.5209885      -1.43528450E-05
   228.750000       57.5209885      -1.42038334E-05
   232.500000       57.5209885       3.44037544E-05
   236.250000       57.5209885      -6.75797928E-05
   240.000000       57.5209885      -3.83262523E-06
   243.750000       57.5209885      -1.18021853E-06
   247.500000       57.5209885      -2.72572506E-05
   251.250000       57.5209885       2.83836853E-05
   255.000000       57.5209885       6.68759458E-06
   258.750000       57.5209885       4.69083898E-06
   262.500000       57.5209885      -1.17898453E-05
   266.250000       57.5209885       4.21400182E-06
   270.000000       57.5209885      -1.79279596E-08
   273.750000       57.5209885       1.47938263E-05
   277.500000       57.5209885       9.07178037E-06
   281.250000       57.5209885       2.75368802E-06
   285.000000       57.5209885       9.60822217E-06
   288.750000       57.5209885      -2.43068207E-05
   292.500000       57.5209885       9.35746357E-07
   296.250000       57.5209885      -1.28627289E-05
   300.000000       57.5209885       2.54928600E-05
   303.750000       57.5209885       2.89797317E-05
   307.500000       57.5209885       2.27212440E-05
   311.250000       57.5209885      -7.14068301E-06
   315.000000       57.5209885       2.31980812E-05
   318.750000       57.5209885      -8.47459305E-05
   322.500000       57.5209885       2.33172905E-05
   326.250000       57.5209885      -3.38559039E-06
   330.000000       57.5209885      -8.83941539E-06
   333.750000       57.5209885       1.43169891E-05
   337.500000       57.5209885      -3.76582611E-05
   341.250000       57.5209885       1.64031517E-05
   345.000000       57.5209885      -1.21002086E-06
   348.750000       57.5209885       1.53004657E-05
   352.500000       57.5209885      -1.59919728E-05
   356.250000       57.5209885      -5.07116783E-05
   360.000000       57.5209885       2.82942783E-05
   0.00000000       61.2315712      -1.24156941E-05
   3.75000000       61.2315712      -4.66709025E-06
   7.50000000       61.2315712       7.04522245E-06
   11.2500000       61.2315712      -7.34929927E-06
   15.0000000       61.2315712      -2.01468356E-06
   18.7500000       61.2315712       3.50296032E-05
   22.5000000       61.2315712       1.57176983E-05
   26.2500000       61.2315712      -1.93894375E-05
   30.0000000       61.2315712       1.14857685E-05
   33.7500000       61.2315712       3.37953679E-06
   37.5000000       61.2315712      -9.71602276E-07
   41.2500000       61.2315712       5.31668775E-06
   45.0000000       61.2315712      -7.58771785E-06
   48.7500000       61.2315712      -1.21002086E-06
   52.5000000       61.2315712       2.17675697E-05
   56.2500000       61.2315712       1.29758846E-05
   60.0000000       61.2315712       3.62514984E-05
   63.7500000       61.2315712       2.34066974E-05
   67.5000000       61.2315712      -4.35160473E-07
   71.2500000       61.2315712      -3.35753430E-05
   75.0000000       61.2315712      -3.34561337E-05
   78.7500000       61.2315712      -4.52280510E-05
   82.5000000       61.2315712       2.43007671E-05
   86.2500000       61.2315712      -6.43776730E-07
   90.0000000       61.2315712      -1.24156941E-05
   93.7500000       61.2315712      -1.04189385E-05
   97.5000000       61.2315712      -3.36051453E-05
   101.250000       61.2315712      -5.38234599E-06
   105.000000       61.2315712       6.86640851E-06
   108.750000       61.2315712       2.69408338E-06
   112.500000       61.2315712       2.93250196E-06
   116.250000       61.2315712      -8.12415965E-06
   120.000000       61.2315712       2.51526944E-06
   123.750000       61.2315712      -2.70013697E-06
   127.500000       61.2315712      -6.57443888E-06
   131.250000       61.2315712       2.33645551E-06
   135.000000       61.2315712       1.12473499E-05
   138.750000       61.2315712      -1.73330773E-05
   142.500000       61.2315712       3.19003593E-05
   146.250000       61.2315712       2.00390350E-05
   150.000000       61.2315712      -2.46171840E-06
   153.750000       61.2315712      -3.15951183E-07
   157.500000       61.2315712       3.56554519E-05
   161.250000       61.2315712      -1.27733219E-05
   165.000000       61.2315712       1.68080442E-06
   168.750000       61.2315712       4.10794746E-05
   172.500000       61.2315712       2.10523140E-05
   176.250000       61.2315712       9.54861753E-06
   180.000000       61.2315712      -1.05679501E-05
   183.750000       61.2315712      -2.27272976E-05
   187.500000       61.2315712      -1.72734726E-05
   191.250000       61.2315712      -2.78532971E-05
   195.000000       61.2315712       3.44037544E-05
   198.750000       61.2315712      -1.56045426E-05
   202.500000       61.2315712       3.94701492E-05
   206.250000       61.2315712      -2.47538555E-05
   210.000000       61.2315712       4.15439717E-06
   213.750000       61.2315712      -4.04124148E-06
   217.500000       61.2315712       3.31993215E-06
   221.250000       61.2315712      -4.63728793E-06
   225.000000       61.2315712      -1.30415428E-05
   228.750000       61.2315712      -8.37028492E-05
   232.500000       61.2315712       8.35652463E-06
   236.250000       61.2315712      -2.81934626E-06
   240.000000       61.2315712       2.12013256E-05
   243.750000       61.2315712       1.10387336E-05
   247.500000       61.2315712      -8.12415965E-06
   251.250000       61.2315712      -1.50681008E-05
   255.000000       61.2315712       3.14111821E-06
   258.750000       61.2315712      -2.10583676E-05
   262.500000       61.2315712      -1.78397167E-05
   266.250000       61.2315712       4.16766852E-08
   270.000000       61.2315712       8.08830373E-06
   273.750000       61.2315712       1.12771522E-05
   277.500000       61.2315712       6.95581548E-06
   281.250000       61.2315712       3.67756002E-06
   285.000000       61.2315712       8.46339390E-07
   288.750000       61.2315712      -2.58092768E-06
   292.500000       61.2315712       2.19463836E-05
   296.250000       61.2315712      -1.09553803E-05
   300.000000       61.2315712       2.72388570E-06
   303.750000       61.2315712      -1.39356125E-05
   307.500000       61.2315712       2.60467641E-06
   311.250000       61.2315712       9.01217572E-06
   315.000000       61.2315712      -3.49152135E-04
   318.750000       61.2315712       6.23285305E-05
   322.500000       61.2315712      -9.16724093E-06
   326.250000       61.2315712       6.09154813E-06
   330.000000       61.2315712       1.14261638E-05
   333.750000       61.2315712      -4.19199932E-05
   337.500000       61.2315712      -1.18021853E-06
   341.250000       61.2315712       5.34649007E-06
   345.000000       61.2315712       3.02314293E-05
   348.750000       61.2315712       2.86221039E-05
   352.500000       61.2315712      -8.92882235E-06
   356.250000       61.2315712       3.26032750E-06
   360.000000       61.2315712      -1.24156941E-05
   0.00000000       64.9419479       2.92777549E-05
   3.75000000       64.9419479      -1.40548218E-05
   7.50000000       64.9419479       5.79352491E-06
   11.2500000       64.9419479       1.21414196E-05
   15.0000000       64.9419479      -1.11937989E-05
   18.7500000       64.9419479      -4.69689257E-06
   22.5000000       64.9419479      -1.17004383E-05
   26.2500000       64.9419479       1.25884544E-05
   30.0000000       64.9419479       6.21075742E-06
   33.7500000       64.9419479      -1.83463562E-05
   37.5000000       64.9419479       2.49862205E-05
   41.2500000       64.9419479       1.68080442E-06
   45.0000000       64.9419479      -7.40890391E-06
   48.7500000       64.9419479       3.29012983E-06
   52.5000000       64.9419479       1.38278119E-06
   56.2500000       64.9419479      -3.62400897E-06
   60.0000000       64.9419479      -6.13974407E-07
   63.7500000       64.9419479       1.34825241E-05
   67.5000000       64.9419479       3.61795537E-06
   71.2500000       64.9419479       4.78024594E-06
   75.0000000       64.9419479      -1.13726128E-05
   78.7500000       64.9419479      -1.26839150E-05
   82.5000000       64.9419479       9.05944034E-07
   86.2500000       64.9419479       1.72674190E-05
   90.0000000       64.9419479       1.86383259E-05
   93.7500000       64.9419479      -4.33926471E-06
   97.5000000       64.9419479      -1.33991707E-05
   101.250000       64.9419479       1.35421287E-05
   105.000000       64.9419479       1.02042686E-05
   108.750000       64.9419479      -1.38883479E-06
   112.500000       64.9419479       6.67525455E-07
   116.250000       64.9419479       3.23052518E-06
   120.000000       64.9419479      -2.31270678E-06
   123.750000       64.9419479      -1.71666034E-06
   127.500000       64.9419479       4.12459485E-06
   131.250000       64.9419479      -3.03268898E-05
   135.000000       64.9419479      -1.22368801E-05
   138.750000       64.9419479       3.39699909E-07
   142.500000       64.9419479       3.37953679E-06
   146.250000       64.9419479       8.16537067E-07
   150.000000       64.9419479      -7.79633410E-06
   153.750000       64.9419479      -1.44843943E-06
   157.500000       64.9419479      -2.10409053E-06
   161.250000       64.9419479      -5.97839244E-06
   165.000000       64.9419479      -4.22005542E-06
   168.750000       64.9419479      -2.28290446E-06
   172.500000       64.9419479      -3.14717181E-06
   176.250000       64.9419479       7.10482709E-06
   180.000000       64.9419479      -1.41144264E-05
   183.750000       64.9419479       2.11417209E-05
   187.500000       64.9419479       3.24666034E-05
   191.250000       64.9419479      -1.83586963E-06
   195.000000       64.9419479      -1.90020073E-05
   198.750000       64.9419479      -1.53661240E-05
   202.500000       64.9419479       2.09629070E-05
   206.250000       64.9419479       7.16443174E-06
   210.000000       64.9419479       6.09154813E-06
   213.750000       64.9419479       1.32317655E-06
   217.500000       64.9419479      -2.26378907E-05
   221.250000       64.9419479      -2.28167046E-05
   225.000000       64.9419479      -1.00315083E-05
   228.750000       64.9419479       1.91151630E-05
   232.500000       64.9419479       1.95025932E-05
   236.250000       64.9419479       1.15751754E-05
   240.000000       64.9419479       1.83701050E-05
   243.750000       64.9419479       4.60564625E-05
   247.500000       64.9419479       4.32848465E-05
   251.250000       64.9419479       1.08301174E-05
   255.000000       64.9419479      -1.21474732E-05
   258.750000       64.9419479       1.21414196E-05
   262.500000       64.9419479      -1.47998799E-05
   266.250000       64.9419479      -7.25989230E-06
   270.000000       64.9419479       7.28364103E-06
   273.750000       64.9419479      -4.51807864E-06
   277.500000       64.9419479      -4.45847400E-06
   281.250000       64.9419479      -4.57346905E-05
   285.000000       64.9419479       1.00850593E-05
   288.750000       64.9419479       1.34229194E-05
   292.500000       64.9419479      -7.23008998E-06
   296.250000       64.9419479       2.54630577E-05
   300.000000       64.9419479       1.03932573E-04
   303.750000       64.9419479      -7.62522686E-05
   307.500000       64.9419479      -3.95358074E-05
   311.250000       64.9419479       1.55401183E-04
   315.000000       64.9419479      -1.66881131E-04
   318.750000       64.9419479      -2.33233441E-05
   322.500000       64.9419479      -1.84655655E-05
   326.250000       64.9419479       3.70736234E-06
   330.000000       64.9419479       6.92601316E-06
   333.750000       64.9419479      -1.34885777E-05
   337.500000       64.9419479      -1.09081157E-06
   341.250000       64.9419479       6.83660619E-06
   345.000000       64.9419479      -3.58999241E-05
   348.750000       64.9419479       1.05320942E-05
   352.500000       64.9419479      -5.24567440E-07
   356.250000       64.9419479       5.16767614E-06
   360.000000       64.9419479       2.92777549E-05
   0.00000000       68.6520157      -3.86242755E-06
   3.75000000       68.6520157       5.01866452E-06
   7.50000000       68.6520157      -3.50058544E-05
   11.2500000       68.6520157      -2.72993930E-06
   15.0000000       68.6520157       5.32686245E-05
   18.7500000       68.6520157       2.66253483E-05
   22.5000000       68.6520157       4.83512413E-05
   26.2500000       68.6520157      -3.05776484E-06
   30.0000000       68.6520157       1.23202335E-05
   33.7500000       68.6520157       4.54182737E-06
   37.5000000       68.6520157      -6.42542727E-06
   41.2500000       68.6520157      -9.22684558E-06
   45.0000000       68.6520157      -1.38462055E-05
   48.7500000       68.6520157      -6.03799708E-06
   52.5000000       68.6520157       3.77714168E-05
   56.2500000       68.6520157      -8.83941539E-06
   60.0000000       68.6520157      -1.02103222E-05
   63.7500000       68.6520157      -1.35481823E-05
   67.5000000       68.6520157       4.29106876E-07
   71.2500000       68.6520157      -1.57237519E-05
   75.0000000       68.6520157      -6.96186908E-06
   78.7500000       68.6520157       1.90688297E-07
   82.5000000       68.6520157      -7.79633410E-06
   86.2500000       68.6520157       7.46245496E-06
   90.0000000       68.6520157       3.34973447E-06
   93.7500000       68.6520157      -1.01805199E-05
   97.5000000       68.6520157       8.05850141E-06
   101.250000       68.6520157      -3.95183451E-06
   105.000000       68.6520157      -1.18196476E-05
   108.750000       68.6520157       4.54182737E-06
   112.500000       68.6520157      -8.42218287E-06
   116.250000       68.6520157       1.44238584E-06
   120.000000       68.6520157       6.97327778E-07
   123.750000       68.6520157       6.07920811E-07
   127.500000       68.6520157      -4.94765118E-07
   131.250000       68.6520157       5.55510633E-06
   135.000000       68.6520157       8.50553624E-06
   138.750000       68.6520157      -1.08063687E-05
   142.500000       68.6520157      -1.44843943E-06
   146.250000       68.6520157       1.97882764E-06
   150.000000       68.6520157      -1.90914143E-05
   153.750000       68.6520157      -5.73997386E-06
   157.500000       68.6520157      -2.25310214E-06
   161.250000       68.6520157       6.56838529E-06
   165.000000       68.6520157       1.82981603E-06
   168.750000       68.6520157       1.01281330E-07
   172.500000       68.6520157       8.53533857E-06
   176.250000       68.6520157      -1.09081157E-06
   180.000000       68.6520157      -5.88898547E-06
   183.750000       68.6520157       5.79352491E-06
   187.500000       68.6520157       1.80001371E-06
   191.250000       68.6520157       3.97558324E-06
   195.000000       68.6520157      -7.82613643E-06
   198.750000       68.6520157       1.62839424E-05
   202.500000       68.6520157      -1.67966355E-05
   206.250000       68.6520157       4.75044362E-06
   210.000000       68.6520157       4.39281575E-06
   213.750000       68.6520157       8.44593160E-06
   217.500000       68.6520157      -1.66939571E-07
   221.250000       68.6520157      -8.80961306E-06
   225.000000       68.6520157       5.07826917E-06
   228.750000       68.6520157       7.52205960E-06
   232.500000       68.6520157      -2.55112536E-06
   236.250000       68.6520157       4.30340879E-06
   240.000000       68.6520157      -7.76653178E-06
   243.750000       68.6520157      -1.92527659E-06
   247.500000       68.6520157       5.25708310E-06
   251.250000       68.6520157      -1.85251702E-05
   255.000000       68.6520157       7.14790076E-08
   258.750000       68.6520157       5.55510633E-06
   262.500000       68.6520157      -1.47824176E-06
   266.250000       68.6520157       1.02638733E-05
   270.000000       68.6520157       4.86965291E-06
   273.750000       68.6520157      -9.61427577E-06
   277.500000       68.6520157      -1.31905545E-05
   281.250000       68.6520157       7.58166425E-06
   285.000000       68.6520157      -2.64053233E-06
   288.750000       68.6520157      -2.51710881E-05
   292.500000       68.6520157      -2.01642979E-05
   296.250000       68.6520157      -3.47674359E-05
   300.000000       68.6520157      -4.07875050E-05
   303.750000       68.6520157      -4.64797486E-05
   307.500000       68.6520157       2.37345230E-05
   311.250000       68.6520157      -1.79279596E-08
   315.000000       68.6520157      -4.87447251E-05
   318.750000       68.6520157      -3.77302058E-06
   322.500000       68.6520157      -1.56641472E-05
   326.250000       68.6520157      -5.61058987E-05
   330.000000       68.6520157       1.41679775E-05
   333.750000       68.6520157       3.17092054E-06
   337.500000       68.6520157      -1.21002086E-06
   341.250000       68.6520157      -3.95183451E-06
   345.000000       68.6520157       5.43589704E-06
   348.750000       68.6520157       1.08897220E-05
   352.500000       68.6520157      -2.85387505E-05
   356.250000       68.6520157       1.40785705E-05
   360.000000       68.6520157      -3.86242755E-06
   0.00000000       72.3615875       9.75723378E-06
   3.75000000       72.3615875       2.17377674E-05
   7.50000000       72.3615875       2.53736507E-05
   11.2500000       72.3615875       6.32996671E-06
   15.0000000       72.3615875       1.38401520E-05
   18.7500000       72.3615875      -5.73997386E-06
   22.5000000       72.3615875      -5.09500969E-05
   26.2500000       72.3615875      -6.33602031E-06
   30.0000000       72.3615875      -3.77302058E-06
   33.7500000       72.3615875      -2.21610535E-05
   37.5000000       72.3615875       1.35719310E-05
   41.2500000       72.3615875       1.45852100E-05
   45.0000000       72.3615875       8.83336179E-06
   48.7500000       72.3615875      -1.48892868E-05
   52.5000000       72.3615875      -1.41863711E-06
   56.2500000       72.3615875       9.63802449E-06
   60.0000000       72.3615875      -1.86567195E-06
   63.7500000       72.3615875       2.75368802E-06
   67.5000000       72.3615875       7.40285031E-06
   71.2500000       72.3615875       4.45242040E-06
   75.0000000       72.3615875      -8.00495036E-06
   78.7500000       72.3615875       5.88293187E-06
   82.5000000       72.3615875       4.21400182E-06
   86.2500000       72.3615875       4.66103666E-06
   90.0000000       72.3615875      -3.32598574E-06
   93.7500000       72.3615875       2.63447873E-06
   97.5000000       72.3615875       1.94902532E-06
   101.250000       72.3615875      -4.04124148E-06
   105.000000       72.3615875       2.18744390E-06
   108.750000       72.3615875      -2.86148861E-07
   112.500000       72.3615875      -1.07169617E-05
   116.250000       72.3615875      -7.52811320E-06
   120.000000       72.3615875       1.20396726E-06
   123.750000       72.3615875      -3.59420665E-06
   127.500000       72.3615875      -2.99816020E-06
   131.250000       72.3615875       9.39960591E-06
   135.000000       72.3615875       5.70411794E-06
   138.750000       72.3615875       1.16645824E-05
   142.500000       72.3615875      -5.11412509E-06
   146.250000       72.3615875      -2.10409053E-06
   150.000000       72.3615875       1.56159513E-06
   153.750000       72.3615875      -7.67712481E-06
   157.500000       72.3615875       4.24380414E-06
   161.250000       72.3615875      -6.73579052E-07
   165.000000       72.3615875       3.79676931E-06
   168.750000       72.3615875       2.21724622E-06
   172.500000       72.3615875      -1.74646266E-06
   176.250000       72.3615875      -4.87570651E-06
   180.000000       72.3615875      -3.20677646E-06
   183.750000       72.3615875      -4.05358151E-07
   187.500000       72.3615875       2.30665319E-06
   191.250000       72.3615875       1.65819656E-05
   195.000000       72.3615875       7.99889676E-06
   198.750000       72.3615875      -6.93206675E-06
   202.500000       72.3615875      -3.20677646E-06
   206.250000       72.3615875      -4.90550883E-06
   210.000000       72.3615875       3.43914144E-06
   213.750000       72.3615875      -3.05776484E-06
   217.500000       72.3615875      -4.63728793E-06
   221.250000       72.3615875       3.31993215E-06
   225.000000       72.3615875      -4.60748561E-06
   228.750000       72.3615875      -5.79957850E-06
   232.500000       72.3615875      -2.81934626E-06
   236.250000       72.3615875       1.18743628E-08
   240.000000       72.3615875      -1.18021853E-06
   243.750000       72.3615875       7.01542012E-06
   247.500000       72.3615875      -7.40890391E-06
   251.250000       72.3615875       9.04197805E-06
   255.000000       72.3615875       1.49726402E-05
   258.750000       72.3615875      -1.38760079E-05
   262.500000       72.3615875      -1.02997292E-05
   266.250000       72.3615875      -9.11997631E-07
   270.000000       72.3615875       1.10685360E-05
   273.750000       72.3615875       4.42261808E-06
   277.500000       72.3615875      -1.37866009E-05
   281.250000       72.3615875       4.21225559E-05
   285.000000       72.3615875      -1.03521394E-04
   288.750000       72.3615875      -6.18700869E-06
   292.500000       72.3615875       7.93929212E-06
   296.250000       72.3615875       2.79962551E-05
   300.000000       72.3615875       4.06324398E-05
   303.750000       72.3615875       5.62786590E-05
   307.500000       72.3615875      -2.94924248E-05
   311.250000       72.3615875       6.17622864E-05
   315.000000       72.3615875       8.77375714E-06
   318.750000       72.3615875      -7.61752017E-06
   322.500000       72.3615875       6.34610187E-05
   326.250000       72.3615875      -2.28763092E-05
   330.000000       72.3615875      -1.30403088E-04
   333.750000       72.3615875       9.54861753E-06
   337.500000       72.3615875      -8.09435733E-06
   341.250000       72.3615875      -8.09435733E-06
   345.000000       72.3615875       1.35297887E-06
   348.750000       72.3615875      -3.59420665E-06
   352.500000       72.3615875      -1.06871594E-05
   356.250000       72.3615875       1.26357190E-06
   360.000000       72.3615875       9.75723378E-06
   0.00000000       76.0702438       2.05158722E-05
   3.75000000       76.0702438      -2.49326695E-05
   7.50000000       76.0702438      -4.66709025E-06
   11.2500000       76.0702438      -1.38760079E-05
   15.0000000       76.0702438      -1.93298329E-05
   18.7500000       76.0702438      -1.76012982E-05
   22.5000000       76.0702438      -1.19388569E-05
   26.2500000       76.0702438       1.22904312E-05
   30.0000000       76.0702438      -2.07007397E-05
   33.7500000       76.0702438       2.06823461E-06
   37.5000000       76.0702438       5.73392026E-06
   41.2500000       76.0702438       1.27970707E-05
   45.0000000       76.0702438       1.08599197E-05
   48.7500000       76.0702438      -1.89547427E-06
   52.5000000       76.0702438      -1.21772755E-05
   56.2500000       76.0702438      -1.70350540E-05
   60.0000000       76.0702438      -1.18021853E-06
   63.7500000       76.0702438       1.38278119E-06
   67.5000000       76.0702438       9.95351002E-07
   71.2500000       76.0702438       3.14111821E-06
   75.0000000       76.0702438       5.55510633E-06
   78.7500000       76.0702438       1.56159513E-06
   82.5000000       76.0702438       4.51202504E-06
   86.2500000       76.0702438       3.85637395E-06
   90.0000000       76.0702438      -3.50479968E-06
   93.7500000       76.0702438       2.45566480E-06
   97.5000000       76.0702438       2.48546712E-06
   101.250000       76.0702438       2.50292942E-07
   105.000000       76.0702438      -8.69040377E-06
   108.750000       76.0702438      -1.70946587E-05
   112.500000       76.0702438      -4.01143916E-06
   116.250000       76.0702438       3.23052518E-06
   120.000000       76.0702438       3.67756002E-06
   123.750000       76.0702438       1.06811058E-05
   127.500000       76.0702438       4.39281575E-06
   131.250000       76.0702438      -4.35160473E-07
   135.000000       76.0702438       4.83985059E-06
   138.750000       76.0702438       5.76372258E-06
   142.500000       76.0702438       1.12175476E-05
   146.250000       76.0702438       5.70411794E-06
   150.000000       76.0702438      -6.96186908E-06
   153.750000       76.0702438      -1.09081157E-06
   157.500000       76.0702438       1.53179280E-06
   161.250000       76.0702438       1.08475797E-06
   165.000000       76.0702438       4.63123433E-06
   168.750000       76.0702438       4.78024594E-06
   172.500000       76.0702438       4.88711521E-07
   176.250000       76.0702438      -3.17697413E-06
   180.000000       76.0702438      -4.04124148E-06
   183.750000       76.0702438       5.25708310E-06
   187.500000       76.0702438       1.00254547E-05
   191.250000       76.0702438       5.07826917E-06
   195.000000       76.0702438      -2.26544216E-07
   198.750000       76.0702438       2.33645551E-06
   202.500000       76.0702438       8.02869909E-06
   206.250000       76.0702438       2.75368802E-06
   210.000000       76.0702438       1.88942067E-06
   213.750000       76.0702438      -1.47824176E-06
   217.500000       76.0702438      -6.15720637E-06
   221.250000       76.0702438      -2.01468356E-06
   225.000000       76.0702438       2.06823461E-06
   228.750000       76.0702438       1.59139745E-06
   232.500000       76.0702438       2.18744390E-06
   236.250000       76.0702438       4.36301343E-06
   240.000000       76.0702438       4.58909199E-07
   243.750000       76.0702438      -8.09435733E-06
   247.500000       76.0702438      -1.40846241E-05
   251.250000       76.0702438       3.99304554E-07
   255.000000       76.0702438      -2.01344956E-05
   258.750000       76.0702438       2.21724622E-06
   262.500000       76.0702438      -1.79291237E-05
   266.250000       76.0702438       1.74760353E-05
   270.000000       76.0702438      -8.86921771E-06
   273.750000       76.0702438       1.29460823E-05
   277.500000       76.0702438       6.89446460E-05
   281.250000       76.0702438       3.69369518E-05
   285.000000       76.0702438       4.33146488E-05
   288.750000       76.0702438       2.39133369E-05
   292.500000       76.0702438       1.41679775E-05
   296.250000       76.0702438       2.70425808E-05
   300.000000       76.0702438       6.14642631E-05
   303.750000       76.0702438       4.06622421E-05
   307.500000       76.0702438       6.23285305E-05
   311.250000       76.0702438       1.83999073E-05
   315.000000       76.0702438       5.60998451E-05
   318.750000       76.0702438       5.95569145E-05
   322.500000       76.0702438      -6.51483424E-06
   326.250000       76.0702438      -1.95384491E-05
   330.000000       76.0702438      -1.27733219E-05
   333.750000       76.0702438       3.13937198E-05
   337.500000       76.0702438       3.23771965E-05
   341.250000       76.0702438      -1.91808213E-05
   345.000000       76.0702438      -1.77626498E-06
   348.750000       76.0702438       1.26480591E-05
   352.500000       76.0702438      -1.83586963E-06
   356.250000       76.0702438      -2.52132304E-06
   360.000000       76.0702438       2.05158722E-05
   0.00000000       79.7770462      -3.47499736E-06
   3.75000000       79.7770462      -1.53784640E-06
   7.50000000       79.7770462      -1.11043919E-05
   11.2500000       79.7770462      -1.55151356E-05
   15.0000000       79.7770462      -1.36971939E-05
   18.7500000       79.7770462      -3.35578807E-06
   22.5000000       79.7770462       1.68080442E-06
   26.2500000       79.7770462      -1.58429611E-05
   30.0000000       79.7770462      -6.09760173E-06
   33.7500000       79.7770462       6.98561780E-06
   37.5000000       79.7770462       3.38077080E-05
   41.2500000       79.7770462       5.37454616E-05
   45.0000000       79.7770462       5.78118488E-07
   48.7500000       79.7770462       2.08735000E-05
   52.5000000       79.7770462      -1.87635887E-05
   56.2500000       79.7770462      -6.13974407E-07
   60.0000000       79.7770462       3.55835073E-06
   63.7500000       79.7770462       6.06174581E-06
   67.5000000       79.7770462      -2.46171840E-06
   71.2500000       79.7770462      -9.25664790E-06
   75.0000000       79.7770462       6.32996671E-06
   78.7500000       79.7770462       1.47640239E-05
   82.5000000       79.7770462       1.06215011E-05
   86.2500000       79.7770462       8.95257108E-06
   90.0000000       79.7770462       2.08138954E-05
   93.7500000       79.7770462       1.27374660E-05
   97.5000000       79.7770462       4.05728351E-05
   101.250000       79.7770462       1.07109081E-05
   105.000000       79.7770462      -1.06871594E-05
   108.750000       79.7770462       3.40933912E-06
   112.500000       79.7770462       1.06513035E-05
   116.250000       79.7770462       2.72388570E-06
   120.000000       79.7770462      -8.52392986E-07
   123.750000       79.7770462       2.00862996E-06
   127.500000       79.7770462       2.09803693E-06
   131.250000       79.7770462      -1.38760079E-05
   135.000000       79.7770462      -4.13064845E-06
   138.750000       79.7770462       2.00862996E-06
   142.500000       79.7770462       4.75044362E-06
   146.250000       79.7770462       7.79028051E-06
   150.000000       79.7770462       9.87644307E-06
   153.750000       79.7770462      -3.59420665E-06
   157.500000       79.7770462      -4.01143916E-06
   161.250000       79.7770462       6.56838529E-06
   165.000000       79.7770462      -3.17697413E-06
   168.750000       79.7770462      -5.29293902E-06
   172.500000       79.7770462       2.54507177E-06
   176.250000       79.7770462       4.06499021E-06
   180.000000       79.7770462       2.54507177E-06
   183.750000       79.7770462       1.97882764E-06
   187.500000       79.7770462       2.42586248E-06
   191.250000       79.7770462       1.31083652E-07
   195.000000       79.7770462      -4.33926471E-06
   198.750000       79.7770462      -6.78305514E-06
   202.500000       79.7770462      -4.93531115E-06
   206.250000       79.7770462      -7.92788342E-07
   210.000000       79.7770462       1.14436261E-06
   213.750000       79.7770462       3.40933912E-06
   217.500000       79.7770462      -4.75649722E-06
   221.250000       79.7770462      -1.89547427E-06
   225.000000       79.7770462       4.60143201E-06
   228.750000       79.7770462       6.97327778E-07
   232.500000       79.7770462       6.35976903E-06
   236.250000       79.7770462       1.02515332E-06
   240.000000       79.7770462      -4.93531115E-06
   243.750000       79.7770462      -1.54555310E-05
   247.500000       79.7770462      -5.38234599E-06
   251.250000       79.7770462       2.60293018E-05
   255.000000       79.7770462      -1.00911129E-05
   258.750000       79.7770462      -6.21681102E-06
   262.500000       79.7770462       3.91597860E-06
   266.250000       79.7770462      -6.99167140E-06
   270.000000       79.7770462      -1.31309498E-05
   273.750000       79.7770462       9.48901288E-06
   277.500000       79.7770462       3.15725338E-05
   281.250000       79.7770462       2.34663021E-05
   285.000000       79.7770462       2.12013256E-05
   288.750000       79.7770462       8.92276876E-06
   292.500000       79.7770462      -2.78954394E-06
   296.250000       79.7770462      -2.02239025E-05
   300.000000       79.7770462      -1.59745105E-06
   303.750000       79.7770462      -2.90875323E-06
   307.500000       79.7770462       4.27186023E-05
   311.250000       79.7770462       1.87277328E-05
   315.000000       79.7770462      -1.42634381E-05
   318.750000       79.7770462      -1.40548218E-05
   322.500000       79.7770462       1.22904312E-05
   326.250000       79.7770462      -1.23858918E-05
   330.000000       79.7770462      -4.07875050E-05
   333.750000       79.7770462       1.18135940E-05
   337.500000       79.7770462      -3.38559039E-06
   341.250000       79.7770462      -1.50804408E-06
   345.000000       79.7770462       2.15764157E-06
   348.750000       79.7770462      -7.33183697E-07
   352.500000       79.7770462       6.12135045E-06
   356.250000       79.7770462      -3.98163684E-06
   360.000000       79.7770462      -3.47499736E-06
   0.00000000       83.4789200       1.50199048E-06
   3.75000000       83.4789200      -5.38234599E-06
   7.50000000       83.4789200      -5.17372973E-06
   11.2500000       83.4789200      -4.05358151E-07
   15.0000000       83.4789200       2.24704854E-06
   18.7500000       83.4789200       8.16537067E-07
   22.5000000       83.4789200      -1.35903247E-06
   26.2500000       83.4789200      -2.86148861E-07
   30.0000000       83.4789200      -7.92788342E-07
   33.7500000       83.4789200      -6.30621798E-06
   37.5000000       83.4789200      -5.73997386E-06
   41.2500000       83.4789200      -6.27641566E-06
   45.0000000       83.4789200      -9.58447345E-06
   48.7500000       83.4789200      -1.14322174E-05
   52.5000000       83.4789200      -9.37585719E-06
   56.2500000       83.4789200      -7.85593875E-06
   60.0000000       83.4789200      -5.26313670E-06
   63.7500000       83.4789200      -3.92203219E-06
   67.5000000       83.4789200      -4.05358151E-07
   71.2500000       83.4789200      -1.26962550E-06
   75.0000000       83.4789200      -8.24336894E-06
   78.7500000       83.4789200      -1.07169617E-05
   82.5000000       83.4789200      -8.30297358E-06
   86.2500000       83.4789200      -4.66709025E-06
   90.0000000       83.4789200      -1.95507891E-06
   93.7500000       83.4789200      -1.03120692E-06
   97.5000000       83.4789200      -5.54369763E-07
   101.250000       83.4789200       3.69502231E-07
   105.000000       83.4789200       3.09897587E-07
   108.750000       83.4789200       5.48316166E-07
   112.500000       83.4789200       7.34324567E-06
   116.250000       83.4789200       7.22403638E-06
   120.000000       83.4789200       6.44917600E-06
   123.750000       83.4789200       2.81329267E-06
   127.500000       83.4789200       1.53179280E-06
   131.250000       83.4789200      -1.95507891E-06
   135.000000       83.4789200      -2.04448588E-06
   138.750000       83.4789200       1.02515332E-06
   142.500000       83.4789200       3.61795537E-06
   146.250000       83.4789200      -1.32923014E-06
   150.000000       83.4789200      -2.43191607E-06
   153.750000       83.4789200       2.20490620E-07
   157.500000       83.4789200       3.79676931E-06
   161.250000       83.4789200       1.74040906E-06
   165.000000       83.4789200      -3.20677646E-06
   168.750000       83.4789200      -3.02796252E-06
   172.500000       83.4789200       1.20396726E-06
   176.250000       83.4789200       3.02190892E-06
   180.000000       83.4789200       2.69408338E-06
   183.750000       83.4789200       8.46339390E-07
   187.500000       83.4789200       1.62119977E-06
   191.250000       83.4789200      -4.94765118E-07
   195.000000       83.4789200      -4.77302819E-08
   198.750000       83.4789200       9.95351002E-07
   202.500000       83.4789200      -4.16045077E-06
   206.250000       83.4789200      -6.45522960E-06
   210.000000       83.4789200      -5.11412509E-06
   213.750000       83.4789200      -2.58092768E-06
   217.500000       83.4789200       2.20490620E-07
   221.250000       83.4789200       3.46894376E-06
   225.000000       83.4789200      -7.62986019E-07
   228.750000       83.4789200      -5.94859011E-06
   232.500000       83.4789200      -6.51483424E-06
   236.250000       83.4789200      -2.13389285E-06
   240.000000       83.4789200      -1.15216244E-05
   243.750000       83.4789200       6.56838529E-06
   247.500000       83.4789200       6.27036206E-06
   251.250000       83.4789200       7.87968747E-06
   255.000000       83.4789200       1.73568260E-05
   258.750000       83.4789200      -9.22684558E-06
   262.500000       83.4789200      -2.32935417E-05
   266.250000       83.4789200      -1.12832058E-05
   270.000000       83.4789200      -8.39238055E-06
   273.750000       83.4789200      -1.42038334E-05
   277.500000       83.4789200      -3.45753506E-07
   281.250000       83.4789200       1.90688297E-07
   285.000000       83.4789200      -3.17697413E-06
   288.750000       83.4789200       8.14790837E-06
   292.500000       83.4789200       6.56838529E-06
   296.250000       83.4789200      -5.44195063E-06
   300.000000       83.4789200       8.76141712E-07
   303.750000       83.4789200       9.95351002E-07
   307.500000       83.4789200       5.91273420E-06
   311.250000       83.4789200       1.07109081E-05
   315.000000       83.4789200       3.88617627E-06
   318.750000       83.4789200       7.58166425E-06
   322.500000       83.4789200      -5.05452044E-06
   326.250000       83.4789200       5.61471097E-06
   330.000000       83.4789200       2.72388570E-06
   333.750000       83.4789200      -7.03381374E-07
   337.500000       83.4789200      -3.02796252E-06
   341.250000       83.4789200       8.80355947E-06
   345.000000       83.4789200       5.91273420E-06
   348.750000       83.4789200       3.76696698E-06
   352.500000       83.4789200       7.43265264E-06
   356.250000       83.4789200       7.28364103E-06
   360.000000       83.4789200       1.50199048E-06
   0.00000000       87.1590958       7.28364103E-06
   3.75000000       87.1590958       7.67107122E-06
   7.50000000       87.1590958       8.65454786E-06
   11.2500000       87.1590958       8.86316411E-06
   15.0000000       87.1590958       9.72743146E-06
   18.7500000       87.1590958       1.08003151E-05
   22.5000000       87.1590958       1.06215011E-05
   26.2500000       87.1590958       1.02936756E-05
   30.0000000       87.1590958       1.05022918E-05
   33.7500000       87.1590958       1.04724895E-05
   37.5000000       87.1590958       9.99565236E-06
   41.2500000       87.1590958       1.04426872E-05
   45.0000000       87.1590958       1.11877453E-05
   48.7500000       87.1590958       1.02638733E-05
   52.5000000       87.1590958       9.42940824E-06
   56.2500000       87.1590958       9.54861753E-06
   60.0000000       87.1590958       8.17771070E-06
   63.7500000       87.1590958       6.27036206E-06
   67.5000000       87.1590958       4.89945523E-06
   71.2500000       87.1590958       1.82981603E-06
   75.0000000       87.1590958      -2.37231143E-06
   78.7500000       87.1590958      -5.14392741E-06
   82.5000000       87.1590958      -6.48503192E-06
   86.2500000       87.1590958      -6.90226443E-06
   90.0000000       87.1590958      -5.11412509E-06
   93.7500000       87.1590958      -1.92527659E-06
   97.5000000       87.1590958       1.17416494E-06
   101.250000       87.1590958       5.73392026E-06
   105.000000       87.1590958       9.72743146E-06
   108.750000       87.1590958       8.38632695E-06
   112.500000       87.1590958       3.64775769E-06
   116.250000       87.1590958      -2.19349749E-06
   120.000000       87.1590958      -1.15216244E-05
   123.750000       87.1590958      -1.86741818E-05
   127.500000       87.1590958      -1.66774262E-05
   131.250000       87.1590958      -1.07765663E-05
   135.000000       87.1590958      -3.89222987E-06
   138.750000       87.1590958       3.14111821E-06
   142.500000       87.1590958       4.51202504E-06
   146.250000       87.1590958       3.73716466E-06
   150.000000       87.1590958       4.63123433E-06
   153.750000       87.1590958       2.90269963E-06
   157.500000       87.1590958       2.33645551E-06
   161.250000       87.1590958       4.03518789E-06
   165.000000       87.1590958       2.42586248E-06
   168.750000       87.1590958       1.53179280E-06
   172.500000       87.1590958       2.18744390E-06
   176.250000       87.1590958       3.69502231E-07
   180.000000       87.1590958      -4.05358151E-07
   183.750000       87.1590958       7.14790076E-08
   187.500000       87.1590958      -1.18021853E-06
   191.250000       87.1590958      -2.87895091E-06
   195.000000       87.1590958      -4.72669490E-06
   198.750000       87.1590958      -6.60424121E-06
   202.500000       87.1590958      -5.44195063E-06
   206.250000       87.1590958      -2.49152072E-06
   210.000000       87.1590958       5.48316166E-07
   213.750000       87.1590958       6.80680387E-06
   217.500000       87.1590958       1.37805473E-05
   221.250000       87.1590958       1.60157215E-05
   225.000000       87.1590958       1.45852100E-05
   228.750000       87.1590958       1.28566753E-05
   232.500000       87.1590958       1.20222103E-05
   236.250000       87.1590958       1.03532802E-05
   240.000000       87.1590958       6.56838529E-06
   243.750000       87.1590958       2.20490620E-07
   247.500000       87.1590958      -9.58447345E-06
   251.250000       87.1590958      -1.76609028E-05
   255.000000       87.1590958      -1.79291237E-05
   258.750000       87.1590958      -1.52171124E-05
   262.500000       87.1590958      -1.64390076E-05
   266.250000       87.1590958      -2.00152863E-05
   270.000000       87.1590958      -1.90914143E-05
   273.750000       87.1590958      -7.97514804E-06
   277.500000       87.1590958       6.27036206E-06
   281.250000       87.1590958       9.81683843E-06
   285.000000       87.1590958       3.05171125E-06
   288.750000       87.1590958      -5.76977618E-06
   292.500000       87.1590958      -1.17302407E-05
   296.250000       87.1590958      -1.10447872E-05
   300.000000       87.1590958      -5.08432277E-06
   303.750000       87.1590958       1.38278119E-06
   307.500000       87.1590958       5.88293187E-06
   311.250000       87.1590958       8.56514089E-06
   315.000000       87.1590958       1.05916988E-05
   318.750000       87.1590958       1.15751754E-05
   322.500000       87.1590958       1.24096405E-05
   326.250000       87.1590958       1.30652916E-05
   330.000000       87.1590958       1.24990474E-05
   333.750000       87.1590958       1.23202335E-05
   337.500000       87.1590958       1.10685360E-05
   341.250000       87.1590958       9.22079198E-06
   345.000000       87.1590958       9.60822217E-06
   348.750000       87.1590958       8.65454786E-06
   352.500000       87.1590958       6.71739690E-06
   356.250000       87.1590958       7.07502477E-06
   360.000000       87.1590958       7.28364103E-06
