   0.00000000      -87.1590958       1.00000000    
   3.75000000      -87.1590958       1.00000000    
   7.50000000      -87.1590958       1.00000000    
   11.2500000      -87.1590958       1.00000000    
   15.0000000      -87.1590958       1.00000000    
   18.7500000      -87.1590958       1.00000000    
   22.5000000      -87.1590958       1.00000000    
   26.2500000      -87.1590958       1.00000000    
   30.0000000      -87.1590958       1.00000000    
   33.7500000      -87.1590958       1.00000000    
   37.5000000      -87.1590958       1.00000000    
   41.2500000      -87.1590958       1.00000000    
   45.0000000      -87.1590958       1.00000000    
   48.7500000      -87.1590958       1.00000000    
   52.5000000      -87.1590958       1.00000000    
   56.2500000      -87.1590958       1.00000000    
   60.0000000      -87.1590958       1.00000000    
   63.7500000      -87.1590958       1.00000000    
   67.5000000      -87.1590958       1.00000000    
   71.2500000      -87.1590958       1.00000000    
   75.0000000      -87.1590958       1.00000000    
   78.7500000      -87.1590958       1.00000000    
   82.5000000      -87.1590958       1.00000000    
   86.2500000      -87.1590958       1.00000000    
   90.0000000      -87.1590958       1.00000000    
   93.7500000      -87.1590958       1.00000000    
   97.5000000      -87.1590958       1.00000000    
   101.250000      -87.1590958       1.00000000    
   105.000000      -87.1590958       1.00000000    
   108.750000      -87.1590958       1.00000000    
   112.500000      -87.1590958       1.00000000    
   116.250000      -87.1590958       1.00000000    
   120.000000      -87.1590958       1.00000000    
   123.750000      -87.1590958       1.00000000    
   127.500000      -87.1590958       1.00000000    
   131.250000      -87.1590958       1.00000000    
   135.000000      -87.1590958       1.00000000    
   138.750000      -87.1590958       1.00000000    
   142.500000      -87.1590958       1.00000000    
   146.250000      -87.1590958       1.00000000    
   150.000000      -87.1590958       1.00000000    
   153.750000      -87.1590958       1.00000000    
   157.500000      -87.1590958       1.00000000    
   161.250000      -87.1590958       1.00000000    
   165.000000      -87.1590958       1.00000000    
   168.750000      -87.1590958       1.00000000    
   172.500000      -87.1590958       1.00000000    
   176.250000      -87.1590958       1.00000000    
   180.000000      -87.1590958       1.00000000    
   183.750000      -87.1590958       1.00000000    
   187.500000      -87.1590958       1.00000000    
   191.250000      -87.1590958       1.00000000    
   195.000000      -87.1590958       1.00000000    
   198.750000      -87.1590958       1.00000000    
   202.500000      -87.1590958       1.00000000    
   206.250000      -87.1590958       1.00000000    
   210.000000      -87.1590958       1.00000000    
   213.750000      -87.1590958       1.00000000    
   217.500000      -87.1590958       1.00000000    
   221.250000      -87.1590958       1.00000000    
   225.000000      -87.1590958       1.00000000    
   228.750000      -87.1590958       1.00000000    
   232.500000      -87.1590958       1.00000000    
   236.250000      -87.1590958       1.00000000    
   240.000000      -87.1590958       1.00000000    
   243.750000      -87.1590958       1.00000000    
   247.500000      -87.1590958       1.00000000    
   251.250000      -87.1590958       1.00000000    
   255.000000      -87.1590958       1.00000000    
   258.750000      -87.1590958       1.00000000    
   262.500000      -87.1590958       1.00000000    
   266.250000      -87.1590958       1.00000000    
   270.000000      -87.1590958       1.00000000    
   273.750000      -87.1590958       1.00000000    
   277.500000      -87.1590958       1.00000000    
   281.250000      -87.1590958       1.00000000    
   285.000000      -87.1590958       1.00000000    
   288.750000      -87.1590958       1.00000000    
   292.500000      -87.1590958       1.00000000    
   296.250000      -87.1590958       1.00000000    
   300.000000      -87.1590958       1.00000000    
   303.750000      -87.1590958       1.00000000    
   307.500000      -87.1590958       1.00000000    
   311.250000      -87.1590958       1.00000000    
   315.000000      -87.1590958       1.00000000    
   318.750000      -87.1590958       1.00000000    
   322.500000      -87.1590958       1.00000000    
   326.250000      -87.1590958       1.00000000    
   330.000000      -87.1590958       1.00000000    
   333.750000      -87.1590958       1.00000000    
   337.500000      -87.1590958       1.00000000    
   341.250000      -87.1590958       1.00000000    
   345.000000      -87.1590958       1.00000000    
   348.750000      -87.1590958       1.00000000    
   352.500000      -87.1590958       1.00000000    
   356.250000      -87.1590958       1.00000000    
   360.000000      -87.1590958       1.00000000    
   0.00000000      -83.4789200       1.00000000    
   3.75000000      -83.4789200       1.00000000    
   7.50000000      -83.4789200       1.00000000    
   11.2500000      -83.4789200       1.00000000    
   15.0000000      -83.4789200       1.00000000    
   18.7500000      -83.4789200       1.00000000    
   22.5000000      -83.4789200       1.00000000    
   26.2500000      -83.4789200       1.00000000    
   30.0000000      -83.4789200       1.00000000    
   33.7500000      -83.4789200       1.00000000    
   37.5000000      -83.4789200       1.00000000    
   41.2500000      -83.4789200       1.00000000    
   45.0000000      -83.4789200       1.00000000    
   48.7500000      -83.4789200       1.00000000    
   52.5000000      -83.4789200       1.00000000    
   56.2500000      -83.4789200       1.00000000    
   60.0000000      -83.4789200       1.00000000    
   63.7500000      -83.4789200       1.00000000    
   67.5000000      -83.4789200       1.00000000    
   71.2500000      -83.4789200       1.00000000    
   75.0000000      -83.4789200       1.00000000    
   78.7500000      -83.4789200       1.00000000    
   82.5000000      -83.4789200       1.00000000    
   86.2500000      -83.4789200       1.00000000    
   90.0000000      -83.4789200       1.00000000    
   93.7500000      -83.4789200       1.00000000    
   97.5000000      -83.4789200       1.00000000    
   101.250000      -83.4789200       1.00000000    
   105.000000      -83.4789200       1.00000000    
   108.750000      -83.4789200       1.00000000    
   112.500000      -83.4789200       1.00000000    
   116.250000      -83.4789200       1.00000000    
   120.000000      -83.4789200       1.00000000    
   123.750000      -83.4789200       1.00000000    
   127.500000      -83.4789200       1.00000000    
   131.250000      -83.4789200       1.00000000    
   135.000000      -83.4789200       1.00000000    
   138.750000      -83.4789200       1.00000000    
   142.500000      -83.4789200       1.00000000    
   146.250000      -83.4789200       1.00000000    
   150.000000      -83.4789200       1.00000000    
   153.750000      -83.4789200       1.00000000    
   157.500000      -83.4789200       1.00000000    
   161.250000      -83.4789200      0.999965906    
   165.000000      -83.4789200      0.999965429    
   168.750000      -83.4789200      0.999961019    
   172.500000      -83.4789200      0.999999762    
   176.250000      -83.4789200       1.00000000    
   180.000000      -83.4789200       1.00000000    
   183.750000      -83.4789200       1.00000000    
   187.500000      -83.4789200       1.00000000    
   191.250000      -83.4789200       1.00000000    
   195.000000      -83.4789200       1.00000000    
   198.750000      -83.4789200       1.00000000    
   202.500000      -83.4789200       1.00000000    
   206.250000      -83.4789200       1.00000000    
   210.000000      -83.4789200       1.00000000    
   213.750000      -83.4789200       1.00000000    
   217.500000      -83.4789200       1.00000000    
   221.250000      -83.4789200       1.00000000    
   225.000000      -83.4789200       1.00000000    
   228.750000      -83.4789200       1.00000000    
   232.500000      -83.4789200       1.00000000    
   236.250000      -83.4789200       1.00000000    
   240.000000      -83.4789200       1.00000000    
   243.750000      -83.4789200       1.00000000    
   247.500000      -83.4789200       1.00000000    
   251.250000      -83.4789200       1.00000000    
   255.000000      -83.4789200       1.00000000    
   258.750000      -83.4789200       1.00000000    
   262.500000      -83.4789200       1.00000000    
   266.250000      -83.4789200       1.00000000    
   270.000000      -83.4789200       1.00000000    
   273.750000      -83.4789200       1.00000000    
   277.500000      -83.4789200       1.00000000    
   281.250000      -83.4789200       1.00000000    
   285.000000      -83.4789200       1.00000000    
   288.750000      -83.4789200       1.00000000    
   292.500000      -83.4789200       1.00000000    
   296.250000      -83.4789200       1.00000000    
   300.000000      -83.4789200      0.999949932    
   303.750000      -83.4789200      0.999953628    
   307.500000      -83.4789200       1.00000000    
   311.250000      -83.4789200       1.00000000    
   315.000000      -83.4789200       1.00000000    
   318.750000      -83.4789200       1.00000000    
   322.500000      -83.4789200       1.00000000    
   326.250000      -83.4789200       1.00000000    
   330.000000      -83.4789200       1.00000000    
   333.750000      -83.4789200       1.00000000    
   337.500000      -83.4789200       1.00000000    
   341.250000      -83.4789200       1.00000000    
   345.000000      -83.4789200       1.00000000    
   348.750000      -83.4789200       1.00000000    
   352.500000      -83.4789200       1.00000000    
   356.250000      -83.4789200       1.00000000    
   360.000000      -83.4789200       1.00000000    
   0.00000000      -79.7770462       1.00000000    
   3.75000000      -79.7770462       1.00000000    
   7.50000000      -79.7770462       1.00000000    
   11.2500000      -79.7770462       1.00000000    
   15.0000000      -79.7770462       1.00000000    
   18.7500000      -79.7770462       1.00000000    
   22.5000000      -79.7770462       1.00000000    
   26.2500000      -79.7770462       1.00000000    
   30.0000000      -79.7770462       1.00000000    
   33.7500000      -79.7770462       1.00000000    
   37.5000000      -79.7770462       1.00000000    
   41.2500000      -79.7770462       1.00000000    
   45.0000000      -79.7770462       1.00000000    
   48.7500000      -79.7770462       1.00000000    
   52.5000000      -79.7770462       1.00000000    
   56.2500000      -79.7770462       1.00000000    
   60.0000000      -79.7770462       1.00000000    
   63.7500000      -79.7770462       1.00000000    
   67.5000000      -79.7770462       1.00000000    
   71.2500000      -79.7770462       1.00000000    
   75.0000000      -79.7770462       1.00000000    
   78.7500000      -79.7770462       1.00000000    
   82.5000000      -79.7770462       1.00000000    
   86.2500000      -79.7770462       1.00000000    
   90.0000000      -79.7770462       1.00000000    
   93.7500000      -79.7770462       1.00000000    
   97.5000000      -79.7770462       1.00000000    
   101.250000      -79.7770462       1.00000000    
   105.000000      -79.7770462       1.00000000    
   108.750000      -79.7770462       1.00000000    
   112.500000      -79.7770462       1.00000000    
   116.250000      -79.7770462       1.00000000    
   120.000000      -79.7770462       1.00000000    
   123.750000      -79.7770462       1.00000000    
   127.500000      -79.7770462       1.00000000    
   131.250000      -79.7770462       1.00000000    
   135.000000      -79.7770462       1.00000000    
   138.750000      -79.7770462       1.00000000    
   142.500000      -79.7770462       1.00000000    
   146.250000      -79.7770462       1.00000000    
   150.000000      -79.7770462       1.00000000    
   153.750000      -79.7770462       1.00000000    
   157.500000      -79.7770462      0.999964356    
   161.250000      -79.7770462       1.00000000    
   165.000000      -79.7770462       1.00000000    
   168.750000      -79.7770462       1.00000000    
   172.500000      -79.7770462       1.00000000    
   176.250000      -79.7770462       1.00000000    
   180.000000      -79.7770462       1.00000000    
   183.750000      -79.7770462       1.00000000    
   187.500000      -79.7770462       1.00000000    
   191.250000      -79.7770462       1.00000000    
   195.000000      -79.7770462       1.00000000    
   198.750000      -79.7770462       1.00000000    
   202.500000      -79.7770462       1.00000000    
   206.250000      -79.7770462       1.00000000    
   210.000000      -79.7770462       1.00000000    
   213.750000      -79.7770462       1.00000000    
   217.500000      -79.7770462       1.00000000    
   221.250000      -79.7770462       1.00000000    
   225.000000      -79.7770462       1.00000000    
   228.750000      -79.7770462       1.00000000    
   232.500000      -79.7770462       1.00000000    
   236.250000      -79.7770462       1.00000000    
   240.000000      -79.7770462       1.00000000    
   243.750000      -79.7770462       1.00000000    
   247.500000      -79.7770462       1.00000000    
   251.250000      -79.7770462       1.00000000    
   255.000000      -79.7770462       1.00000000    
   258.750000      -79.7770462       1.00000000    
   262.500000      -79.7770462       1.00000000    
   266.250000      -79.7770462       1.00000000    
   270.000000      -79.7770462       1.00000000    
   273.750000      -79.7770462       1.00000000    
   277.500000      -79.7770462      0.999946594    
   281.250000      -79.7770462       1.00000000    
   285.000000      -79.7770462       1.00000000    
   288.750000      -79.7770462       1.00000000    
   292.500000      -79.7770462       1.00000000    
   296.250000      -79.7770462       1.00000000    
   300.000000      -79.7770462       1.00000000    
   303.750000      -79.7770462       1.00000000    
   307.500000      -79.7770462       1.00000000    
   311.250000      -79.7770462       1.00000000    
   315.000000      -79.7770462       1.00000000    
   318.750000      -79.7770462       1.00000000    
   322.500000      -79.7770462       1.00000000    
   326.250000      -79.7770462       1.00000000    
   330.000000      -79.7770462       1.00000000    
   333.750000      -79.7770462       1.00000000    
   337.500000      -79.7770462       1.00000000    
   341.250000      -79.7770462       1.00000000    
   345.000000      -79.7770462       1.00000000    
   348.750000      -79.7770462       1.00000000    
   352.500000      -79.7770462       1.00000000    
   356.250000      -79.7770462       1.00000000    
   360.000000      -79.7770462       1.00000000    
   0.00000000      -76.0702438       1.00000000    
   3.75000000      -76.0702438       1.00000000    
   7.50000000      -76.0702438       1.00000000    
   11.2500000      -76.0702438       1.00000000    
   15.0000000      -76.0702438       1.00000000    
   18.7500000      -76.0702438       1.00000000    
   22.5000000      -76.0702438       1.00000000    
   26.2500000      -76.0702438       1.00000000    
   30.0000000      -76.0702438       1.00000000    
   33.7500000      -76.0702438       1.00000000    
   37.5000000      -76.0702438       1.00000000    
   41.2500000      -76.0702438       1.00000000    
   45.0000000      -76.0702438       1.00000000    
   48.7500000      -76.0702438       1.00000000    
   52.5000000      -76.0702438       1.00000000    
   56.2500000      -76.0702438       1.00000000    
   60.0000000      -76.0702438       1.00000000    
   63.7500000      -76.0702438       1.00000000    
   67.5000000      -76.0702438       1.00000000    
   71.2500000      -76.0702438       1.00000000    
   75.0000000      -76.0702438       1.00000000    
   78.7500000      -76.0702438       1.00000000    
   82.5000000      -76.0702438       1.00000000    
   86.2500000      -76.0702438       1.00000000    
   90.0000000      -76.0702438       1.00000000    
   93.7500000      -76.0702438       1.00000000    
   97.5000000      -76.0702438       1.00000000    
   101.250000      -76.0702438       1.00000000    
   105.000000      -76.0702438       1.00000000    
   108.750000      -76.0702438       1.00000000    
   112.500000      -76.0702438       1.00000000    
   116.250000      -76.0702438       1.00000000    
   120.000000      -76.0702438       1.00000000    
   123.750000      -76.0702438       1.00000000    
   127.500000      -76.0702438       1.00000000    
   131.250000      -76.0702438       1.00000000    
   135.000000      -76.0702438       1.00000000    
   138.750000      -76.0702438       1.00000000    
   142.500000      -76.0702438       1.00000000    
   146.250000      -76.0702438       1.00000000    
   150.000000      -76.0702438       1.00000000    
   153.750000      -76.0702438       1.00000000    
   157.500000      -76.0702438       1.00000000    
   161.250000      -76.0702438      0.999046206    
   165.000000      -76.0702438       0.00000000    
   168.750000      -76.0702438       1.59978867E-03
   172.500000      -76.0702438       0.00000000    
   176.250000      -76.0702438       0.00000000    
   180.000000      -76.0702438       0.00000000    
   183.750000      -76.0702438       0.00000000    
   187.500000      -76.0702438       0.00000000    
   191.250000      -76.0702438       0.00000000    
   195.000000      -76.0702438       0.00000000    
   198.750000      -76.0702438       0.00000000    
   202.500000      -76.0702438       0.00000000    
   206.250000      -76.0702438       0.00000000    
   210.000000      -76.0702438      0.146540761    
   213.750000      -76.0702438       1.00000000    
   217.500000      -76.0702438      0.999996543    
   221.250000      -76.0702438      0.999999523    
   225.000000      -76.0702438      0.999981046    
   228.750000      -76.0702438       1.00000000    
   232.500000      -76.0702438       1.00000000    
   236.250000      -76.0702438      0.999994516    
   240.000000      -76.0702438       1.00000000    
   243.750000      -76.0702438       1.00000000    
   247.500000      -76.0702438       1.00000000    
   251.250000      -76.0702438       1.00000000    
   255.000000      -76.0702438       1.00000000    
   258.750000      -76.0702438       1.00000000    
   262.500000      -76.0702438       1.00000000    
   266.250000      -76.0702438       1.00000000    
   270.000000      -76.0702438       1.00000000    
   273.750000      -76.0702438       1.00000000    
   277.500000      -76.0702438       1.00000000    
   281.250000      -76.0702438       1.00000000    
   285.000000      -76.0702438       1.00000000    
   288.750000      -76.0702438       1.00000000    
   292.500000      -76.0702438       1.00000000    
   296.250000      -76.0702438       1.00000000    
   300.000000      -76.0702438       1.00000000    
   303.750000      -76.0702438      0.999993920    
   307.500000      -76.0702438       6.86138868E-02
   311.250000      -76.0702438       0.00000000    
   315.000000      -76.0702438       0.00000000    
   318.750000      -76.0702438       3.33428383E-04
   322.500000      -76.0702438       0.00000000    
   326.250000      -76.0702438       0.00000000    
   330.000000      -76.0702438       1.70036554E-02
   333.750000      -76.0702438      0.893194437    
   337.500000      -76.0702438       1.00000000    
   341.250000      -76.0702438       1.00000000    
   345.000000      -76.0702438       1.00000000    
   348.750000      -76.0702438       1.00000000    
   352.500000      -76.0702438       1.00000000    
   356.250000      -76.0702438       1.00000000    
   360.000000      -76.0702438       1.00000000    
   0.00000000      -72.3615875       1.00000000    
   3.75000000      -72.3615875       1.00000000    
   7.50000000      -72.3615875       1.00000000    
   11.2500000      -72.3615875       1.00000000    
   15.0000000      -72.3615875       1.00000000    
   18.7500000      -72.3615875       1.00000000    
   22.5000000      -72.3615875       1.00000000    
   26.2500000      -72.3615875       1.00000000    
   30.0000000      -72.3615875       1.00000000    
   33.7500000      -72.3615875       1.00000000    
   37.5000000      -72.3615875       1.00000000    
   41.2500000      -72.3615875       1.00000000    
   45.0000000      -72.3615875       1.00000000    
   48.7500000      -72.3615875       1.00000000    
   52.5000000      -72.3615875       1.00000000    
   56.2500000      -72.3615875       1.00000000    
   60.0000000      -72.3615875       1.00000000    
   63.7500000      -72.3615875       1.00000000    
   67.5000000      -72.3615875       1.00000000    
   71.2500000      -72.3615875       1.00000000    
   75.0000000      -72.3615875      0.999993801    
   78.7500000      -72.3615875       1.00000000    
   82.5000000      -72.3615875       1.00000000    
   86.2500000      -72.3615875       1.00000000    
   90.0000000      -72.3615875       1.00000000    
   93.7500000      -72.3615875       1.00000000    
   97.5000000      -72.3615875       1.00000000    
   101.250000      -72.3615875       1.00000000    
   105.000000      -72.3615875       1.00000000    
   108.750000      -72.3615875       1.00000000    
   112.500000      -72.3615875       1.00000000    
   116.250000      -72.3615875       1.00000000    
   120.000000      -72.3615875       1.00000000    
   123.750000      -72.3615875       1.00000000    
   127.500000      -72.3615875       1.00000000    
   131.250000      -72.3615875       1.00000000    
   135.000000      -72.3615875       1.00000000    
   138.750000      -72.3615875       1.00000000    
   142.500000      -72.3615875       1.00000000    
   146.250000      -72.3615875       1.00000000    
   150.000000      -72.3615875       1.00000000    
   153.750000      -72.3615875       1.00000000    
   157.500000      -72.3615875       1.00000000    
   161.250000      -72.3615875      0.999985933    
   165.000000      -72.3615875       1.00000000    
   168.750000      -72.3615875       1.00000000    
   172.500000      -72.3615875       0.00000000    
   176.250000      -72.3615875       0.00000000    
   180.000000      -72.3615875       0.00000000    
   183.750000      -72.3615875       0.00000000    
   187.500000      -72.3615875       0.00000000    
   191.250000      -72.3615875       0.00000000    
   195.000000      -72.3615875       0.00000000    
   198.750000      -72.3615875       0.00000000    
   202.500000      -72.3615875       0.00000000    
   206.250000      -72.3615875       0.00000000    
   210.000000      -72.3615875       0.00000000    
   213.750000      -72.3615875       0.00000000    
   217.500000      -72.3615875       0.00000000    
   221.250000      -72.3615875       0.00000000    
   225.000000      -72.3615875       0.00000000    
   228.750000      -72.3615875       0.00000000    
   232.500000      -72.3615875       0.00000000    
   236.250000      -72.3615875       0.00000000    
   240.000000      -72.3615875       0.00000000    
   243.750000      -72.3615875       0.00000000    
   247.500000      -72.3615875       0.00000000    
   251.250000      -72.3615875       0.00000000    
   255.000000      -72.3615875       0.00000000    
   258.750000      -72.3615875       1.00000000    
   262.500000      -72.3615875      0.999999166    
   266.250000      -72.3615875      0.457301497    
   270.000000      -72.3615875      0.433216214    
   273.750000      -72.3615875       0.00000000    
   277.500000      -72.3615875       0.00000000    
   281.250000      -72.3615875      0.587908506    
   285.000000      -72.3615875       0.00000000    
   288.750000      -72.3615875      0.993052959    
   292.500000      -72.3615875       1.00000000    
   296.250000      -72.3615875       1.00000000    
   300.000000      -72.3615875      0.576448441    
   303.750000      -72.3615875       0.00000000    
   307.500000      -72.3615875       0.00000000    
   311.250000      -72.3615875       0.00000000    
   315.000000      -72.3615875       0.00000000    
   318.750000      -72.3615875       0.00000000    
   322.500000      -72.3615875       0.00000000    
   326.250000      -72.3615875       0.00000000    
   330.000000      -72.3615875       0.00000000    
   333.750000      -72.3615875       0.00000000    
   337.500000      -72.3615875       0.00000000    
   341.250000      -72.3615875      0.212016582    
   345.000000      -72.3615875      0.993343592    
   348.750000      -72.3615875       1.00000000    
   352.500000      -72.3615875       1.00000000    
   356.250000      -72.3615875       1.00000000    
   360.000000      -72.3615875       1.00000000    
   0.00000000      -68.6520157       0.00000000    
   3.75000000      -68.6520157       0.00000000    
   7.50000000      -68.6520157       0.00000000    
   11.2500000      -68.6520157       0.00000000    
   15.0000000      -68.6520157       0.00000000    
   18.7500000      -68.6520157       0.00000000    
   22.5000000      -68.6520157       0.00000000    
   26.2500000      -68.6520157       0.00000000    
   30.0000000      -68.6520157       0.00000000    
   33.7500000      -68.6520157      0.805288196    
   37.5000000      -68.6520157       0.00000000    
   41.2500000      -68.6520157      0.881379366    
   45.0000000      -68.6520157       1.00000000    
   48.7500000      -68.6520157       1.00000000    
   52.5000000      -68.6520157       1.00000000    
   56.2500000      -68.6520157       1.00000000    
   60.0000000      -68.6520157       1.00000000    
   63.7500000      -68.6520157       1.00000000    
   67.5000000      -68.6520157       1.00000000    
   71.2500000      -68.6520157      0.750517607    
   75.0000000      -68.6520157       0.00000000    
   78.7500000      -68.6520157      0.999632835    
   82.5000000      -68.6520157       1.00000000    
   86.2500000      -68.6520157       1.00000000    
   90.0000000      -68.6520157       1.00000000    
   93.7500000      -68.6520157       1.00000000    
   97.5000000      -68.6520157       1.00000000    
   101.250000      -68.6520157       1.00000000    
   105.000000      -68.6520157       1.00000000    
   108.750000      -68.6520157       1.00000000    
   112.500000      -68.6520157       1.00000000    
   116.250000      -68.6520157       1.00000000    
   120.000000      -68.6520157       1.00000000    
   123.750000      -68.6520157       1.00000000    
   127.500000      -68.6520157       1.00000000    
   131.250000      -68.6520157       1.00000000    
   135.000000      -68.6520157       1.00000000    
   138.750000      -68.6520157       1.00000000    
   142.500000      -68.6520157       1.00000000    
   146.250000      -68.6520157       1.00000000    
   150.000000      -68.6520157       1.00000000    
   153.750000      -68.6520157       1.00000000    
   157.500000      -68.6520157       2.34842300E-05
   161.250000      -68.6520157       0.00000000    
   165.000000      -68.6520157       0.00000000    
   168.750000      -68.6520157       0.00000000    
   172.500000      -68.6520157       0.00000000    
   176.250000      -68.6520157       0.00000000    
   180.000000      -68.6520157       0.00000000    
   183.750000      -68.6520157       0.00000000    
   187.500000      -68.6520157       0.00000000    
   191.250000      -68.6520157       0.00000000    
   195.000000      -68.6520157       0.00000000    
   198.750000      -68.6520157       0.00000000    
   202.500000      -68.6520157       0.00000000    
   206.250000      -68.6520157       0.00000000    
   210.000000      -68.6520157       0.00000000    
   213.750000      -68.6520157       0.00000000    
   217.500000      -68.6520157       0.00000000    
   221.250000      -68.6520157       0.00000000    
   225.000000      -68.6520157       0.00000000    
   228.750000      -68.6520157       0.00000000    
   232.500000      -68.6520157       0.00000000    
   236.250000      -68.6520157       0.00000000    
   240.000000      -68.6520157       0.00000000    
   243.750000      -68.6520157       0.00000000    
   247.500000      -68.6520157       0.00000000    
   251.250000      -68.6520157       0.00000000    
   255.000000      -68.6520157       0.00000000    
   258.750000      -68.6520157       0.00000000    
   262.500000      -68.6520157       0.00000000    
   266.250000      -68.6520157       0.00000000    
   270.000000      -68.6520157       2.20453739E-02
   273.750000      -68.6520157       0.00000000    
   277.500000      -68.6520157       0.00000000    
   281.250000      -68.6520157       0.00000000    
   285.000000      -68.6520157       0.00000000    
   288.750000      -68.6520157      0.142591238    
   292.500000      -68.6520157      0.108791113    
   296.250000      -68.6520157      0.999982595    
   300.000000      -68.6520157       2.67028809E-05
   303.750000      -68.6520157       0.00000000    
   307.500000      -68.6520157       0.00000000    
   311.250000      -68.6520157       0.00000000    
   315.000000      -68.6520157       0.00000000    
   318.750000      -68.6520157       0.00000000    
   322.500000      -68.6520157       0.00000000    
   326.250000      -68.6520157       0.00000000    
   330.000000      -68.6520157       0.00000000    
   333.750000      -68.6520157       0.00000000    
   337.500000      -68.6520157       0.00000000    
   341.250000      -68.6520157       0.00000000    
   345.000000      -68.6520157       0.00000000    
   348.750000      -68.6520157       0.00000000    
   352.500000      -68.6520157       0.00000000    
   356.250000      -68.6520157       0.00000000    
   360.000000      -68.6520157       0.00000000    
   0.00000000      -64.9419479       0.00000000    
   3.75000000      -64.9419479       0.00000000    
   7.50000000      -64.9419479       0.00000000    
   11.2500000      -64.9419479       0.00000000    
   15.0000000      -64.9419479       0.00000000    
   18.7500000      -64.9419479       0.00000000    
   22.5000000      -64.9419479       0.00000000    
   26.2500000      -64.9419479       0.00000000    
   30.0000000      -64.9419479       0.00000000    
   33.7500000      -64.9419479       0.00000000    
   37.5000000      -64.9419479       0.00000000    
   41.2500000      -64.9419479       0.00000000    
   45.0000000      -64.9419479       0.00000000    
   48.7500000      -64.9419479       0.00000000    
   52.5000000      -64.9419479       0.00000000    
   56.2500000      -64.9419479       0.00000000    
   60.0000000      -64.9419479       0.00000000    
   63.7500000      -64.9419479       0.00000000    
   67.5000000      -64.9419479       0.00000000    
   71.2500000      -64.9419479       0.00000000    
   75.0000000      -64.9419479       0.00000000    
   78.7500000      -64.9419479       0.00000000    
   82.5000000      -64.9419479       0.00000000    
   86.2500000      -64.9419479       0.00000000    
   90.0000000      -64.9419479       0.00000000    
   93.7500000      -64.9419479       0.00000000    
   97.5000000      -64.9419479       7.22050667E-04
   101.250000      -64.9419479       0.00000000    
   105.000000      -64.9419479       0.00000000    
   108.750000      -64.9419479       0.00000000    
   112.500000      -64.9419479       0.00000000    
   116.250000      -64.9419479       0.00000000    
   120.000000      -64.9419479       0.00000000    
   123.750000      -64.9419479       0.00000000    
   127.500000      -64.9419479       0.00000000    
   131.250000      -64.9419479       0.00000000    
   135.000000      -64.9419479       1.03902817E-03
   138.750000      -64.9419479       0.00000000    
   142.500000      -64.9419479       0.00000000    
   146.250000      -64.9419479       0.00000000    
   150.000000      -64.9419479       0.00000000    
   153.750000      -64.9419479       0.00000000    
   157.500000      -64.9419479       0.00000000    
   161.250000      -64.9419479       0.00000000    
   165.000000      -64.9419479       0.00000000    
   168.750000      -64.9419479       0.00000000    
   172.500000      -64.9419479       0.00000000    
   176.250000      -64.9419479       0.00000000    
   180.000000      -64.9419479       0.00000000    
   183.750000      -64.9419479       0.00000000    
   187.500000      -64.9419479       0.00000000    
   191.250000      -64.9419479       0.00000000    
   195.000000      -64.9419479       0.00000000    
   198.750000      -64.9419479       0.00000000    
   202.500000      -64.9419479       0.00000000    
   206.250000      -64.9419479       0.00000000    
   210.000000      -64.9419479       0.00000000    
   213.750000      -64.9419479       0.00000000    
   217.500000      -64.9419479       0.00000000    
   221.250000      -64.9419479       0.00000000    
   225.000000      -64.9419479       0.00000000    
   228.750000      -64.9419479       0.00000000    
   232.500000      -64.9419479       0.00000000    
   236.250000      -64.9419479       0.00000000    
   240.000000      -64.9419479       0.00000000    
   243.750000      -64.9419479       0.00000000    
   247.500000      -64.9419479       0.00000000    
   251.250000      -64.9419479       0.00000000    
   255.000000      -64.9419479       0.00000000    
   258.750000      -64.9419479       0.00000000    
   262.500000      -64.9419479       0.00000000    
   266.250000      -64.9419479       0.00000000    
   270.000000      -64.9419479       0.00000000    
   273.750000      -64.9419479       0.00000000    
   277.500000      -64.9419479       0.00000000    
   281.250000      -64.9419479       0.00000000    
   285.000000      -64.9419479       0.00000000    
   288.750000      -64.9419479       0.00000000    
   292.500000      -64.9419479       0.00000000    
   296.250000      -64.9419479      0.457197905    
   300.000000      -64.9419479      0.954569578    
   303.750000      -64.9419479       0.00000000    
   307.500000      -64.9419479       0.00000000    
   311.250000      -64.9419479       0.00000000    
   315.000000      -64.9419479       0.00000000    
   318.750000      -64.9419479       0.00000000    
   322.500000      -64.9419479       0.00000000    
   326.250000      -64.9419479       0.00000000    
   330.000000      -64.9419479       0.00000000    
   333.750000      -64.9419479       0.00000000    
   337.500000      -64.9419479       0.00000000    
   341.250000      -64.9419479       0.00000000    
   345.000000      -64.9419479       0.00000000    
   348.750000      -64.9419479       0.00000000    
   352.500000      -64.9419479       0.00000000    
   356.250000      -64.9419479       0.00000000    
   360.000000      -64.9419479       0.00000000    
   0.00000000      -61.2315712       0.00000000    
   3.75000000      -61.2315712       0.00000000    
   7.50000000      -61.2315712       0.00000000    
   11.2500000      -61.2315712       0.00000000    
   15.0000000      -61.2315712       0.00000000    
   18.7500000      -61.2315712       0.00000000    
   22.5000000      -61.2315712       0.00000000    
   26.2500000      -61.2315712       0.00000000    
   30.0000000      -61.2315712       0.00000000    
   33.7500000      -61.2315712       0.00000000    
   37.5000000      -61.2315712       0.00000000    
   41.2500000      -61.2315712       0.00000000    
   45.0000000      -61.2315712       0.00000000    
   48.7500000      -61.2315712       0.00000000    
   52.5000000      -61.2315712       0.00000000    
   56.2500000      -61.2315712       0.00000000    
   60.0000000      -61.2315712       0.00000000    
   63.7500000      -61.2315712       0.00000000    
   67.5000000      -61.2315712       0.00000000    
   71.2500000      -61.2315712       0.00000000    
   75.0000000      -61.2315712       0.00000000    
   78.7500000      -61.2315712       0.00000000    
   82.5000000      -61.2315712       0.00000000    
   86.2500000      -61.2315712       0.00000000    
   90.0000000      -61.2315712       0.00000000    
   93.7500000      -61.2315712       0.00000000    
   97.5000000      -61.2315712       0.00000000    
   101.250000      -61.2315712       0.00000000    
   105.000000      -61.2315712       0.00000000    
   108.750000      -61.2315712       0.00000000    
   112.500000      -61.2315712       0.00000000    
   116.250000      -61.2315712       0.00000000    
   120.000000      -61.2315712       0.00000000    
   123.750000      -61.2315712       0.00000000    
   127.500000      -61.2315712       0.00000000    
   131.250000      -61.2315712       0.00000000    
   135.000000      -61.2315712       0.00000000    
   138.750000      -61.2315712       0.00000000    
   142.500000      -61.2315712       0.00000000    
   146.250000      -61.2315712       0.00000000    
   150.000000      -61.2315712       0.00000000    
   153.750000      -61.2315712       0.00000000    
   157.500000      -61.2315712       0.00000000    
   161.250000      -61.2315712       0.00000000    
   165.000000      -61.2315712       0.00000000    
   168.750000      -61.2315712       0.00000000    
   172.500000      -61.2315712       0.00000000    
   176.250000      -61.2315712       0.00000000    
   180.000000      -61.2315712       0.00000000    
   183.750000      -61.2315712       0.00000000    
   187.500000      -61.2315712       0.00000000    
   191.250000      -61.2315712       0.00000000    
   195.000000      -61.2315712       0.00000000    
   198.750000      -61.2315712       0.00000000    
   202.500000      -61.2315712       0.00000000    
   206.250000      -61.2315712       0.00000000    
   210.000000      -61.2315712       0.00000000    
   213.750000      -61.2315712       0.00000000    
   217.500000      -61.2315712       0.00000000    
   221.250000      -61.2315712       0.00000000    
   225.000000      -61.2315712       0.00000000    
   228.750000      -61.2315712       0.00000000    
   232.500000      -61.2315712       0.00000000    
   236.250000      -61.2315712       0.00000000    
   240.000000      -61.2315712       0.00000000    
   243.750000      -61.2315712       0.00000000    
   247.500000      -61.2315712       0.00000000    
   251.250000      -61.2315712       0.00000000    
   255.000000      -61.2315712       0.00000000    
   258.750000      -61.2315712       0.00000000    
   262.500000      -61.2315712       0.00000000    
   266.250000      -61.2315712       0.00000000    
   270.000000      -61.2315712       0.00000000    
   273.750000      -61.2315712       0.00000000    
   277.500000      -61.2315712       0.00000000    
   281.250000      -61.2315712       0.00000000    
   285.000000      -61.2315712       0.00000000    
   288.750000      -61.2315712       0.00000000    
   292.500000      -61.2315712       0.00000000    
   296.250000      -61.2315712       0.00000000    
   300.000000      -61.2315712       0.00000000    
   303.750000      -61.2315712       1.77145004E-04
   307.500000      -61.2315712       0.00000000    
   311.250000      -61.2315712       0.00000000    
   315.000000      -61.2315712       0.00000000    
   318.750000      -61.2315712       0.00000000    
   322.500000      -61.2315712       0.00000000    
   326.250000      -61.2315712       0.00000000    
   330.000000      -61.2315712       0.00000000    
   333.750000      -61.2315712       0.00000000    
   337.500000      -61.2315712       0.00000000    
   341.250000      -61.2315712       0.00000000    
   345.000000      -61.2315712       0.00000000    
   348.750000      -61.2315712       0.00000000    
   352.500000      -61.2315712       0.00000000    
   356.250000      -61.2315712       0.00000000    
   360.000000      -61.2315712       0.00000000    
   0.00000000      -57.5209885       0.00000000    
   3.75000000      -57.5209885       0.00000000    
   7.50000000      -57.5209885       0.00000000    
   11.2500000      -57.5209885       0.00000000    
   15.0000000      -57.5209885       0.00000000    
   18.7500000      -57.5209885       0.00000000    
   22.5000000      -57.5209885       0.00000000    
   26.2500000      -57.5209885       0.00000000    
   30.0000000      -57.5209885       0.00000000    
   33.7500000      -57.5209885       0.00000000    
   37.5000000      -57.5209885       0.00000000    
   41.2500000      -57.5209885       0.00000000    
   45.0000000      -57.5209885       0.00000000    
   48.7500000      -57.5209885       0.00000000    
   52.5000000      -57.5209885       0.00000000    
   56.2500000      -57.5209885       0.00000000    
   60.0000000      -57.5209885       0.00000000    
   63.7500000      -57.5209885       0.00000000    
   67.5000000      -57.5209885       0.00000000    
   71.2500000      -57.5209885       0.00000000    
   75.0000000      -57.5209885       0.00000000    
   78.7500000      -57.5209885       0.00000000    
   82.5000000      -57.5209885       0.00000000    
   86.2500000      -57.5209885       0.00000000    
   90.0000000      -57.5209885       0.00000000    
   93.7500000      -57.5209885       0.00000000    
   97.5000000      -57.5209885       0.00000000    
   101.250000      -57.5209885       0.00000000    
   105.000000      -57.5209885       0.00000000    
   108.750000      -57.5209885       0.00000000    
   112.500000      -57.5209885       0.00000000    
   116.250000      -57.5209885       0.00000000    
   120.000000      -57.5209885       0.00000000    
   123.750000      -57.5209885       0.00000000    
   127.500000      -57.5209885       0.00000000    
   131.250000      -57.5209885       0.00000000    
   135.000000      -57.5209885       0.00000000    
   138.750000      -57.5209885       0.00000000    
   142.500000      -57.5209885       0.00000000    
   146.250000      -57.5209885       0.00000000    
   150.000000      -57.5209885       0.00000000    
   153.750000      -57.5209885       0.00000000    
   157.500000      -57.5209885       0.00000000    
   161.250000      -57.5209885       0.00000000    
   165.000000      -57.5209885       0.00000000    
   168.750000      -57.5209885       0.00000000    
   172.500000      -57.5209885       0.00000000    
   176.250000      -57.5209885       0.00000000    
   180.000000      -57.5209885       0.00000000    
   183.750000      -57.5209885       0.00000000    
   187.500000      -57.5209885       0.00000000    
   191.250000      -57.5209885       0.00000000    
   195.000000      -57.5209885       0.00000000    
   198.750000      -57.5209885       0.00000000    
   202.500000      -57.5209885       0.00000000    
   206.250000      -57.5209885       0.00000000    
   210.000000      -57.5209885       0.00000000    
   213.750000      -57.5209885       0.00000000    
   217.500000      -57.5209885       0.00000000    
   221.250000      -57.5209885       0.00000000    
   225.000000      -57.5209885       0.00000000    
   228.750000      -57.5209885       0.00000000    
   232.500000      -57.5209885       0.00000000    
   236.250000      -57.5209885       0.00000000    
   240.000000      -57.5209885       0.00000000    
   243.750000      -57.5209885       0.00000000    
   247.500000      -57.5209885       0.00000000    
   251.250000      -57.5209885       0.00000000    
   255.000000      -57.5209885       0.00000000    
   258.750000      -57.5209885       0.00000000    
   262.500000      -57.5209885       0.00000000    
   266.250000      -57.5209885       0.00000000    
   270.000000      -57.5209885       0.00000000    
   273.750000      -57.5209885       0.00000000    
   277.500000      -57.5209885       0.00000000    
   281.250000      -57.5209885       0.00000000    
   285.000000      -57.5209885       0.00000000    
   288.750000      -57.5209885       0.00000000    
   292.500000      -57.5209885       0.00000000    
   296.250000      -57.5209885       0.00000000    
   300.000000      -57.5209885       0.00000000    
   303.750000      -57.5209885       0.00000000    
   307.500000      -57.5209885       0.00000000    
   311.250000      -57.5209885       0.00000000    
   315.000000      -57.5209885       0.00000000    
   318.750000      -57.5209885       0.00000000    
   322.500000      -57.5209885       0.00000000    
   326.250000      -57.5209885       0.00000000    
   330.000000      -57.5209885       0.00000000    
   333.750000      -57.5209885       1.88494921E-02
   337.500000      -57.5209885       0.00000000    
   341.250000      -57.5209885       0.00000000    
   345.000000      -57.5209885       0.00000000    
   348.750000      -57.5209885       0.00000000    
   352.500000      -57.5209885       0.00000000    
   356.250000      -57.5209885       0.00000000    
   360.000000      -57.5209885       0.00000000    
   0.00000000      -53.8102722       0.00000000    
   3.75000000      -53.8102722       0.00000000    
   7.50000000      -53.8102722       0.00000000    
   11.2500000      -53.8102722       0.00000000    
   15.0000000      -53.8102722       0.00000000    
   18.7500000      -53.8102722       0.00000000    
   22.5000000      -53.8102722       0.00000000    
   26.2500000      -53.8102722       0.00000000    
   30.0000000      -53.8102722       0.00000000    
   33.7500000      -53.8102722       0.00000000    
   37.5000000      -53.8102722       0.00000000    
   41.2500000      -53.8102722       0.00000000    
   45.0000000      -53.8102722       0.00000000    
   48.7500000      -53.8102722       0.00000000    
   52.5000000      -53.8102722       0.00000000    
   56.2500000      -53.8102722       0.00000000    
   60.0000000      -53.8102722       0.00000000    
   63.7500000      -53.8102722       0.00000000    
   67.5000000      -53.8102722       0.00000000    
   71.2500000      -53.8102722       0.00000000    
   75.0000000      -53.8102722       0.00000000    
   78.7500000      -53.8102722       0.00000000    
   82.5000000      -53.8102722       0.00000000    
   86.2500000      -53.8102722       0.00000000    
   90.0000000      -53.8102722       0.00000000    
   93.7500000      -53.8102722       0.00000000    
   97.5000000      -53.8102722       0.00000000    
   101.250000      -53.8102722       0.00000000    
   105.000000      -53.8102722       0.00000000    
   108.750000      -53.8102722       0.00000000    
   112.500000      -53.8102722       0.00000000    
   116.250000      -53.8102722       0.00000000    
   120.000000      -53.8102722       0.00000000    
   123.750000      -53.8102722       0.00000000    
   127.500000      -53.8102722       0.00000000    
   131.250000      -53.8102722       0.00000000    
   135.000000      -53.8102722       0.00000000    
   138.750000      -53.8102722       0.00000000    
   142.500000      -53.8102722       0.00000000    
   146.250000      -53.8102722       0.00000000    
   150.000000      -53.8102722       0.00000000    
   153.750000      -53.8102722       0.00000000    
   157.500000      -53.8102722       0.00000000    
   161.250000      -53.8102722       0.00000000    
   165.000000      -53.8102722       0.00000000    
   168.750000      -53.8102722       0.00000000    
   172.500000      -53.8102722       0.00000000    
   176.250000      -53.8102722       0.00000000    
   180.000000      -53.8102722       0.00000000    
   183.750000      -53.8102722       0.00000000    
   187.500000      -53.8102722       0.00000000    
   191.250000      -53.8102722       0.00000000    
   195.000000      -53.8102722       0.00000000    
   198.750000      -53.8102722       0.00000000    
   202.500000      -53.8102722       0.00000000    
   206.250000      -53.8102722       0.00000000    
   210.000000      -53.8102722       0.00000000    
   213.750000      -53.8102722       0.00000000    
   217.500000      -53.8102722       0.00000000    
   221.250000      -53.8102722       0.00000000    
   225.000000      -53.8102722       0.00000000    
   228.750000      -53.8102722       0.00000000    
   232.500000      -53.8102722       0.00000000    
   236.250000      -53.8102722       0.00000000    
   240.000000      -53.8102722       0.00000000    
   243.750000      -53.8102722       0.00000000    
   247.500000      -53.8102722       0.00000000    
   251.250000      -53.8102722       0.00000000    
   255.000000      -53.8102722       0.00000000    
   258.750000      -53.8102722       0.00000000    
   262.500000      -53.8102722       0.00000000    
   266.250000      -53.8102722       0.00000000    
   270.000000      -53.8102722       0.00000000    
   273.750000      -53.8102722       0.00000000    
   277.500000      -53.8102722       0.00000000    
   281.250000      -53.8102722       0.00000000    
   285.000000      -53.8102722       0.00000000    
   288.750000      -53.8102722      0.589108944    
   292.500000      -53.8102722      0.678704381    
   296.250000      -53.8102722       0.00000000    
   300.000000      -53.8102722       0.00000000    
   303.750000      -53.8102722       0.00000000    
   307.500000      -53.8102722       0.00000000    
   311.250000      -53.8102722       0.00000000    
   315.000000      -53.8102722       0.00000000    
   318.750000      -53.8102722       0.00000000    
   322.500000      -53.8102722      0.358324170    
   326.250000      -53.8102722       0.00000000    
   330.000000      -53.8102722       0.00000000    
   333.750000      -53.8102722       0.00000000    
   337.500000      -53.8102722       0.00000000    
   341.250000      -53.8102722       0.00000000    
   345.000000      -53.8102722       0.00000000    
   348.750000      -53.8102722       0.00000000    
   352.500000      -53.8102722       0.00000000    
   356.250000      -53.8102722       0.00000000    
   360.000000      -53.8102722       0.00000000    
   0.00000000      -50.0994530       0.00000000    
   3.75000000      -50.0994530       0.00000000    
   7.50000000      -50.0994530       0.00000000    
   11.2500000      -50.0994530       0.00000000    
   15.0000000      -50.0994530       0.00000000    
   18.7500000      -50.0994530       0.00000000    
   22.5000000      -50.0994530       0.00000000    
   26.2500000      -50.0994530       0.00000000    
   30.0000000      -50.0994530       0.00000000    
   33.7500000      -50.0994530       0.00000000    
   37.5000000      -50.0994530       0.00000000    
   41.2500000      -50.0994530       0.00000000    
   45.0000000      -50.0994530       0.00000000    
   48.7500000      -50.0994530       0.00000000    
   52.5000000      -50.0994530       0.00000000    
   56.2500000      -50.0994530       0.00000000    
   60.0000000      -50.0994530       0.00000000    
   63.7500000      -50.0994530       0.00000000    
   67.5000000      -50.0994530       0.00000000    
   71.2500000      -50.0994530       0.00000000    
   75.0000000      -50.0994530       0.00000000    
   78.7500000      -50.0994530       0.00000000    
   82.5000000      -50.0994530       0.00000000    
   86.2500000      -50.0994530       0.00000000    
   90.0000000      -50.0994530       0.00000000    
   93.7500000      -50.0994530       0.00000000    
   97.5000000      -50.0994530       0.00000000    
   101.250000      -50.0994530       0.00000000    
   105.000000      -50.0994530       0.00000000    
   108.750000      -50.0994530       0.00000000    
   112.500000      -50.0994530       0.00000000    
   116.250000      -50.0994530       0.00000000    
   120.000000      -50.0994530       0.00000000    
   123.750000      -50.0994530       0.00000000    
   127.500000      -50.0994530       0.00000000    
   131.250000      -50.0994530       0.00000000    
   135.000000      -50.0994530       0.00000000    
   138.750000      -50.0994530       0.00000000    
   142.500000      -50.0994530       0.00000000    
   146.250000      -50.0994530       0.00000000    
   150.000000      -50.0994530       0.00000000    
   153.750000      -50.0994530       0.00000000    
   157.500000      -50.0994530       0.00000000    
   161.250000      -50.0994530       0.00000000    
   165.000000      -50.0994530       0.00000000    
   168.750000      -50.0994530       0.00000000    
   172.500000      -50.0994530       0.00000000    
   176.250000      -50.0994530       0.00000000    
   180.000000      -50.0994530       0.00000000    
   183.750000      -50.0994530       0.00000000    
   187.500000      -50.0994530       0.00000000    
   191.250000      -50.0994530       0.00000000    
   195.000000      -50.0994530       0.00000000    
   198.750000      -50.0994530       0.00000000    
   202.500000      -50.0994530       0.00000000    
   206.250000      -50.0994530       0.00000000    
   210.000000      -50.0994530       0.00000000    
   213.750000      -50.0994530       0.00000000    
   217.500000      -50.0994530       0.00000000    
   221.250000      -50.0994530       0.00000000    
   225.000000      -50.0994530       0.00000000    
   228.750000      -50.0994530       0.00000000    
   232.500000      -50.0994530       0.00000000    
   236.250000      -50.0994530       0.00000000    
   240.000000      -50.0994530       0.00000000    
   243.750000      -50.0994530       0.00000000    
   247.500000      -50.0994530       0.00000000    
   251.250000      -50.0994530       0.00000000    
   255.000000      -50.0994530       0.00000000    
   258.750000      -50.0994530       0.00000000    
   262.500000      -50.0994530       0.00000000    
   266.250000      -50.0994530       0.00000000    
   270.000000      -50.0994530       0.00000000    
   273.750000      -50.0994530       0.00000000    
   277.500000      -50.0994530       0.00000000    
   281.250000      -50.0994530       0.00000000    
   285.000000      -50.0994530      0.549465895    
   288.750000      -50.0994530      0.994240522    
   292.500000      -50.0994530       0.00000000    
   296.250000      -50.0994530       0.00000000    
   300.000000      -50.0994530       0.00000000    
   303.750000      -50.0994530       0.00000000    
   307.500000      -50.0994530       0.00000000    
   311.250000      -50.0994530       0.00000000    
   315.000000      -50.0994530       0.00000000    
   318.750000      -50.0994530       0.00000000    
   322.500000      -50.0994530       0.00000000    
   326.250000      -50.0994530       0.00000000    
   330.000000      -50.0994530       0.00000000    
   333.750000      -50.0994530       0.00000000    
   337.500000      -50.0994530       0.00000000    
   341.250000      -50.0994530       0.00000000    
   345.000000      -50.0994530       0.00000000    
   348.750000      -50.0994530       0.00000000    
   352.500000      -50.0994530       0.00000000    
   356.250000      -50.0994530       0.00000000    
   360.000000      -50.0994530       0.00000000    
   0.00000000      -46.3885536       0.00000000    
   3.75000000      -46.3885536       0.00000000    
   7.50000000      -46.3885536       0.00000000    
   11.2500000      -46.3885536       0.00000000    
   15.0000000      -46.3885536       0.00000000    
   18.7500000      -46.3885536       0.00000000    
   22.5000000      -46.3885536       0.00000000    
   26.2500000      -46.3885536       0.00000000    
   30.0000000      -46.3885536       0.00000000    
   33.7500000      -46.3885536       0.00000000    
   37.5000000      -46.3885536       0.00000000    
   41.2500000      -46.3885536       0.00000000    
   45.0000000      -46.3885536       0.00000000    
   48.7500000      -46.3885536       0.00000000    
   52.5000000      -46.3885536       2.16674805E-03
   56.2500000      -46.3885536       0.00000000    
   60.0000000      -46.3885536       0.00000000    
   63.7500000      -46.3885536       0.00000000    
   67.5000000      -46.3885536       0.00000000    
   71.2500000      -46.3885536       0.00000000    
   75.0000000      -46.3885536       0.00000000    
   78.7500000      -46.3885536       0.00000000    
   82.5000000      -46.3885536       0.00000000    
   86.2500000      -46.3885536       0.00000000    
   90.0000000      -46.3885536       0.00000000    
   93.7500000      -46.3885536       0.00000000    
   97.5000000      -46.3885536       0.00000000    
   101.250000      -46.3885536       0.00000000    
   105.000000      -46.3885536       0.00000000    
   108.750000      -46.3885536       0.00000000    
   112.500000      -46.3885536       0.00000000    
   116.250000      -46.3885536       0.00000000    
   120.000000      -46.3885536       0.00000000    
   123.750000      -46.3885536       0.00000000    
   127.500000      -46.3885536       0.00000000    
   131.250000      -46.3885536       0.00000000    
   135.000000      -46.3885536       0.00000000    
   138.750000      -46.3885536       0.00000000    
   142.500000      -46.3885536       0.00000000    
   146.250000      -46.3885536       0.00000000    
   150.000000      -46.3885536       0.00000000    
   153.750000      -46.3885536       0.00000000    
   157.500000      -46.3885536       0.00000000    
   161.250000      -46.3885536       0.00000000    
   165.000000      -46.3885536       0.00000000    
   168.750000      -46.3885536      0.844353676    
   172.500000      -46.3885536       0.00000000    
   176.250000      -46.3885536       0.00000000    
   180.000000      -46.3885536       0.00000000    
   183.750000      -46.3885536       0.00000000    
   187.500000      -46.3885536       0.00000000    
   191.250000      -46.3885536       0.00000000    
   195.000000      -46.3885536       0.00000000    
   198.750000      -46.3885536       0.00000000    
   202.500000      -46.3885536       0.00000000    
   206.250000      -46.3885536       0.00000000    
   210.000000      -46.3885536       0.00000000    
   213.750000      -46.3885536       0.00000000    
   217.500000      -46.3885536       0.00000000    
   221.250000      -46.3885536       0.00000000    
   225.000000      -46.3885536       0.00000000    
   228.750000      -46.3885536       0.00000000    
   232.500000      -46.3885536       0.00000000    
   236.250000      -46.3885536       0.00000000    
   240.000000      -46.3885536       0.00000000    
   243.750000      -46.3885536       0.00000000    
   247.500000      -46.3885536       0.00000000    
   251.250000      -46.3885536       0.00000000    
   255.000000      -46.3885536       0.00000000    
   258.750000      -46.3885536       0.00000000    
   262.500000      -46.3885536       0.00000000    
   266.250000      -46.3885536       0.00000000    
   270.000000      -46.3885536       0.00000000    
   273.750000      -46.3885536       0.00000000    
   277.500000      -46.3885536       0.00000000    
   281.250000      -46.3885536       0.00000000    
   285.000000      -46.3885536      0.833415270    
   288.750000      -46.3885536      0.539685488    
   292.500000      -46.3885536      0.594368100    
   296.250000      -46.3885536       0.00000000    
   300.000000      -46.3885536       0.00000000    
   303.750000      -46.3885536       0.00000000    
   307.500000      -46.3885536       0.00000000    
   311.250000      -46.3885536       0.00000000    
   315.000000      -46.3885536       0.00000000    
   318.750000      -46.3885536       0.00000000    
   322.500000      -46.3885536       0.00000000    
   326.250000      -46.3885536       0.00000000    
   330.000000      -46.3885536       0.00000000    
   333.750000      -46.3885536       0.00000000    
   337.500000      -46.3885536       0.00000000    
   341.250000      -46.3885536       0.00000000    
   345.000000      -46.3885536       0.00000000    
   348.750000      -46.3885536       0.00000000    
   352.500000      -46.3885536       0.00000000    
   356.250000      -46.3885536       0.00000000    
   360.000000      -46.3885536       0.00000000    
   0.00000000      -42.6776047       0.00000000    
   3.75000000      -42.6776047       0.00000000    
   7.50000000      -42.6776047       0.00000000    
   11.2500000      -42.6776047       0.00000000    
   15.0000000      -42.6776047       0.00000000    
   18.7500000      -42.6776047       0.00000000    
   22.5000000      -42.6776047       0.00000000    
   26.2500000      -42.6776047       0.00000000    
   30.0000000      -42.6776047       0.00000000    
   33.7500000      -42.6776047       0.00000000    
   37.5000000      -42.6776047       0.00000000    
   41.2500000      -42.6776047       0.00000000    
   45.0000000      -42.6776047       0.00000000    
   48.7500000      -42.6776047       0.00000000    
   52.5000000      -42.6776047       0.00000000    
   56.2500000      -42.6776047       0.00000000    
   60.0000000      -42.6776047       0.00000000    
   63.7500000      -42.6776047       0.00000000    
   67.5000000      -42.6776047       0.00000000    
   71.2500000      -42.6776047       0.00000000    
   75.0000000      -42.6776047       0.00000000    
   78.7500000      -42.6776047       0.00000000    
   82.5000000      -42.6776047       0.00000000    
   86.2500000      -42.6776047       0.00000000    
   90.0000000      -42.6776047       0.00000000    
   93.7500000      -42.6776047       0.00000000    
   97.5000000      -42.6776047       0.00000000    
   101.250000      -42.6776047       0.00000000    
   105.000000      -42.6776047       0.00000000    
   108.750000      -42.6776047       0.00000000    
   112.500000      -42.6776047       0.00000000    
   116.250000      -42.6776047       0.00000000    
   120.000000      -42.6776047       0.00000000    
   123.750000      -42.6776047       0.00000000    
   127.500000      -42.6776047       0.00000000    
   131.250000      -42.6776047       0.00000000    
   135.000000      -42.6776047       0.00000000    
   138.750000      -42.6776047       0.00000000    
   142.500000      -42.6776047       0.00000000    
   146.250000      -42.6776047      0.782407045    
   150.000000      -42.6776047       0.00000000    
   153.750000      -42.6776047       0.00000000    
   157.500000      -42.6776047       0.00000000    
   161.250000      -42.6776047       0.00000000    
   165.000000      -42.6776047       0.00000000    
   168.750000      -42.6776047       0.00000000    
   172.500000      -42.6776047      0.999235749    
   176.250000      -42.6776047       0.00000000    
   180.000000      -42.6776047       0.00000000    
   183.750000      -42.6776047       0.00000000    
   187.500000      -42.6776047       0.00000000    
   191.250000      -42.6776047       0.00000000    
   195.000000      -42.6776047       0.00000000    
   198.750000      -42.6776047       0.00000000    
   202.500000      -42.6776047       0.00000000    
   206.250000      -42.6776047       0.00000000    
   210.000000      -42.6776047       0.00000000    
   213.750000      -42.6776047       0.00000000    
   217.500000      -42.6776047       0.00000000    
   221.250000      -42.6776047       0.00000000    
   225.000000      -42.6776047       0.00000000    
   228.750000      -42.6776047       0.00000000    
   232.500000      -42.6776047       0.00000000    
   236.250000      -42.6776047       0.00000000    
   240.000000      -42.6776047       0.00000000    
   243.750000      -42.6776047       0.00000000    
   247.500000      -42.6776047       0.00000000    
   251.250000      -42.6776047       0.00000000    
   255.000000      -42.6776047       0.00000000    
   258.750000      -42.6776047       0.00000000    
   262.500000      -42.6776047       0.00000000    
   266.250000      -42.6776047       0.00000000    
   270.000000      -42.6776047       0.00000000    
   273.750000      -42.6776047       0.00000000    
   277.500000      -42.6776047       0.00000000    
   281.250000      -42.6776047       0.00000000    
   285.000000      -42.6776047       0.00000000    
   288.750000      -42.6776047      0.995178819    
   292.500000      -42.6776047      0.995081902    
   296.250000      -42.6776047      0.474770069    
   300.000000      -42.6776047       0.00000000    
   303.750000      -42.6776047       0.00000000    
   307.500000      -42.6776047       0.00000000    
   311.250000      -42.6776047       0.00000000    
   315.000000      -42.6776047       0.00000000    
   318.750000      -42.6776047       0.00000000    
   322.500000      -42.6776047       0.00000000    
   326.250000      -42.6776047       0.00000000    
   330.000000      -42.6776047       0.00000000    
   333.750000      -42.6776047       0.00000000    
   337.500000      -42.6776047       0.00000000    
   341.250000      -42.6776047       0.00000000    
   345.000000      -42.6776047       0.00000000    
   348.750000      -42.6776047       0.00000000    
   352.500000      -42.6776047       0.00000000    
   356.250000      -42.6776047       0.00000000    
   360.000000      -42.6776047       0.00000000    
   0.00000000      -38.9666100       0.00000000    
   3.75000000      -38.9666100       0.00000000    
   7.50000000      -38.9666100       0.00000000    
   11.2500000      -38.9666100       0.00000000    
   15.0000000      -38.9666100       0.00000000    
   18.7500000      -38.9666100       0.00000000    
   22.5000000      -38.9666100       0.00000000    
   26.2500000      -38.9666100       0.00000000    
   30.0000000      -38.9666100       0.00000000    
   33.7500000      -38.9666100       0.00000000    
   37.5000000      -38.9666100       0.00000000    
   41.2500000      -38.9666100       0.00000000    
   45.0000000      -38.9666100       0.00000000    
   48.7500000      -38.9666100       0.00000000    
   52.5000000      -38.9666100       0.00000000    
   56.2500000      -38.9666100       0.00000000    
   60.0000000      -38.9666100       0.00000000    
   63.7500000      -38.9666100       0.00000000    
   67.5000000      -38.9666100       0.00000000    
   71.2500000      -38.9666100       0.00000000    
   75.0000000      -38.9666100       0.00000000    
   78.7500000      -38.9666100       0.00000000    
   82.5000000      -38.9666100       0.00000000    
   86.2500000      -38.9666100       0.00000000    
   90.0000000      -38.9666100       0.00000000    
   93.7500000      -38.9666100       0.00000000    
   97.5000000      -38.9666100       0.00000000    
   101.250000      -38.9666100       0.00000000    
   105.000000      -38.9666100       0.00000000    
   108.750000      -38.9666100       0.00000000    
   112.500000      -38.9666100       0.00000000    
   116.250000      -38.9666100       0.00000000    
   120.000000      -38.9666100       0.00000000    
   123.750000      -38.9666100       0.00000000    
   127.500000      -38.9666100       0.00000000    
   131.250000      -38.9666100       0.00000000    
   135.000000      -38.9666100       0.00000000    
   138.750000      -38.9666100       0.00000000    
   142.500000      -38.9666100       0.00000000    
   146.250000      -38.9666100      0.330083132    
   150.000000      -38.9666100       0.00000000    
   153.750000      -38.9666100       0.00000000    
   157.500000      -38.9666100       0.00000000    
   161.250000      -38.9666100       0.00000000    
   165.000000      -38.9666100       0.00000000    
   168.750000      -38.9666100       0.00000000    
   172.500000      -38.9666100       0.00000000    
   176.250000      -38.9666100      0.966753244    
   180.000000      -38.9666100       0.00000000    
   183.750000      -38.9666100       0.00000000    
   187.500000      -38.9666100       0.00000000    
   191.250000      -38.9666100       0.00000000    
   195.000000      -38.9666100       0.00000000    
   198.750000      -38.9666100       0.00000000    
   202.500000      -38.9666100       0.00000000    
   206.250000      -38.9666100       0.00000000    
   210.000000      -38.9666100       0.00000000    
   213.750000      -38.9666100       0.00000000    
   217.500000      -38.9666100       0.00000000    
   221.250000      -38.9666100       0.00000000    
   225.000000      -38.9666100       0.00000000    
   228.750000      -38.9666100       0.00000000    
   232.500000      -38.9666100       0.00000000    
   236.250000      -38.9666100       0.00000000    
   240.000000      -38.9666100       0.00000000    
   243.750000      -38.9666100       0.00000000    
   247.500000      -38.9666100       0.00000000    
   251.250000      -38.9666100       0.00000000    
   255.000000      -38.9666100       0.00000000    
   258.750000      -38.9666100       0.00000000    
   262.500000      -38.9666100       0.00000000    
   266.250000      -38.9666100       0.00000000    
   270.000000      -38.9666100       0.00000000    
   273.750000      -38.9666100       0.00000000    
   277.500000      -38.9666100       0.00000000    
   281.250000      -38.9666100       0.00000000    
   285.000000      -38.9666100       0.00000000    
   288.750000      -38.9666100      0.964263439    
   292.500000      -38.9666100      0.998954415    
   296.250000      -38.9666100      0.988723040    
   300.000000      -38.9666100      0.179145217    
   303.750000      -38.9666100       0.00000000    
   307.500000      -38.9666100       0.00000000    
   311.250000      -38.9666100       0.00000000    
   315.000000      -38.9666100       0.00000000    
   318.750000      -38.9666100       0.00000000    
   322.500000      -38.9666100       0.00000000    
   326.250000      -38.9666100       0.00000000    
   330.000000      -38.9666100       0.00000000    
   333.750000      -38.9666100       0.00000000    
   337.500000      -38.9666100       0.00000000    
   341.250000      -38.9666100       0.00000000    
   345.000000      -38.9666100       0.00000000    
   348.750000      -38.9666100       0.00000000    
   352.500000      -38.9666100       0.00000000    
   356.250000      -38.9666100       0.00000000    
   360.000000      -38.9666100       0.00000000    
   0.00000000      -35.2555809       0.00000000    
   3.75000000      -35.2555809       0.00000000    
   7.50000000      -35.2555809       0.00000000    
   11.2500000      -35.2555809       0.00000000    
   15.0000000      -35.2555809       0.00000000    
   18.7500000      -35.2555809       0.00000000    
   22.5000000      -35.2555809       0.00000000    
   26.2500000      -35.2555809       0.00000000    
   30.0000000      -35.2555809       0.00000000    
   33.7500000      -35.2555809       0.00000000    
   37.5000000      -35.2555809       0.00000000    
   41.2500000      -35.2555809       0.00000000    
   45.0000000      -35.2555809       0.00000000    
   48.7500000      -35.2555809       0.00000000    
   52.5000000      -35.2555809       0.00000000    
   56.2500000      -35.2555809       0.00000000    
   60.0000000      -35.2555809       0.00000000    
   63.7500000      -35.2555809       0.00000000    
   67.5000000      -35.2555809       0.00000000    
   71.2500000      -35.2555809       0.00000000    
   75.0000000      -35.2555809       0.00000000    
   78.7500000      -35.2555809       0.00000000    
   82.5000000      -35.2555809       0.00000000    
   86.2500000      -35.2555809       0.00000000    
   90.0000000      -35.2555809       0.00000000    
   93.7500000      -35.2555809       0.00000000    
   97.5000000      -35.2555809       0.00000000    
   101.250000      -35.2555809       0.00000000    
   105.000000      -35.2555809       0.00000000    
   108.750000      -35.2555809       0.00000000    
   112.500000      -35.2555809       0.00000000    
   116.250000      -35.2555809       0.00000000    
   120.000000      -35.2555809       0.00000000    
   123.750000      -35.2555809       0.00000000    
   127.500000      -35.2555809       0.00000000    
   131.250000      -35.2555809       0.00000000    
   135.000000      -35.2555809       0.00000000    
   138.750000      -35.2555809      0.586007953    
   142.500000      -35.2555809      0.989633799    
   146.250000      -35.2555809      0.998982072    
   150.000000      -35.2555809      0.998275638    
   153.750000      -35.2555809       0.00000000    
   157.500000      -35.2555809       0.00000000    
   161.250000      -35.2555809       0.00000000    
   165.000000      -35.2555809       0.00000000    
   168.750000      -35.2555809       0.00000000    
   172.500000      -35.2555809       0.00000000    
   176.250000      -35.2555809       0.00000000    
   180.000000      -35.2555809       0.00000000    
   183.750000      -35.2555809       0.00000000    
   187.500000      -35.2555809       0.00000000    
   191.250000      -35.2555809       0.00000000    
   195.000000      -35.2555809       0.00000000    
   198.750000      -35.2555809       0.00000000    
   202.500000      -35.2555809       0.00000000    
   206.250000      -35.2555809       0.00000000    
   210.000000      -35.2555809       0.00000000    
   213.750000      -35.2555809       0.00000000    
   217.500000      -35.2555809       0.00000000    
   221.250000      -35.2555809       0.00000000    
   225.000000      -35.2555809       0.00000000    
   228.750000      -35.2555809       0.00000000    
   232.500000      -35.2555809       0.00000000    
   236.250000      -35.2555809       0.00000000    
   240.000000      -35.2555809       0.00000000    
   243.750000      -35.2555809       0.00000000    
   247.500000      -35.2555809       0.00000000    
   251.250000      -35.2555809       0.00000000    
   255.000000      -35.2555809       0.00000000    
   258.750000      -35.2555809       0.00000000    
   262.500000      -35.2555809       0.00000000    
   266.250000      -35.2555809       0.00000000    
   270.000000      -35.2555809       0.00000000    
   273.750000      -35.2555809       0.00000000    
   277.500000      -35.2555809       0.00000000    
   281.250000      -35.2555809       0.00000000    
   285.000000      -35.2555809       0.00000000    
   288.750000      -35.2555809      0.988758564    
   292.500000      -35.2555809       1.00000000    
   296.250000      -35.2555809      0.955694675    
   300.000000      -35.2555809      0.996829629    
   303.750000      -35.2555809       0.00000000    
   307.500000      -35.2555809       0.00000000    
   311.250000      -35.2555809       0.00000000    
   315.000000      -35.2555809       0.00000000    
   318.750000      -35.2555809       0.00000000    
   322.500000      -35.2555809       0.00000000    
   326.250000      -35.2555809       0.00000000    
   330.000000      -35.2555809       0.00000000    
   333.750000      -35.2555809       0.00000000    
   337.500000      -35.2555809       0.00000000    
   341.250000      -35.2555809       0.00000000    
   345.000000      -35.2555809       0.00000000    
   348.750000      -35.2555809       0.00000000    
   352.500000      -35.2555809       0.00000000    
   356.250000      -35.2555809       0.00000000    
   360.000000      -35.2555809       0.00000000    
   0.00000000      -31.5445251       0.00000000    
   3.75000000      -31.5445251       0.00000000    
   7.50000000      -31.5445251       0.00000000    
   11.2500000      -31.5445251       0.00000000    
   15.0000000      -31.5445251       0.00000000    
   18.7500000      -31.5445251      0.999947667    
   22.5000000      -31.5445251      0.999498844    
   26.2500000      -31.5445251      0.999868155    
   30.0000000      -31.5445251       1.90930367E-02
   33.7500000      -31.5445251       0.00000000    
   37.5000000      -31.5445251       0.00000000    
   41.2500000      -31.5445251       0.00000000    
   45.0000000      -31.5445251       0.00000000    
   48.7500000      -31.5445251       0.00000000    
   52.5000000      -31.5445251       0.00000000    
   56.2500000      -31.5445251       0.00000000    
   60.0000000      -31.5445251       0.00000000    
   63.7500000      -31.5445251       0.00000000    
   67.5000000      -31.5445251       0.00000000    
   71.2500000      -31.5445251       0.00000000    
   75.0000000      -31.5445251       0.00000000    
   78.7500000      -31.5445251       0.00000000    
   82.5000000      -31.5445251       0.00000000    
   86.2500000      -31.5445251       0.00000000    
   90.0000000      -31.5445251       0.00000000    
   93.7500000      -31.5445251       0.00000000    
   97.5000000      -31.5445251       0.00000000    
   101.250000      -31.5445251       0.00000000    
   105.000000      -31.5445251       0.00000000    
   108.750000      -31.5445251       0.00000000    
   112.500000      -31.5445251       0.00000000    
   116.250000      -31.5445251      0.998921871    
   120.000000      -31.5445251      0.997170329    
   123.750000      -31.5445251      0.999957919    
   127.500000      -31.5445251       1.00000000    
   131.250000      -31.5445251       8.43582153E-02
   135.000000      -31.5445251      0.960197806    
   138.750000      -31.5445251       1.00000000    
   142.500000      -31.5445251      0.999988675    
   146.250000      -31.5445251       1.00000000    
   150.000000      -31.5445251      0.999992371    
   153.750000      -31.5445251       0.00000000    
   157.500000      -31.5445251       0.00000000    
   161.250000      -31.5445251       0.00000000    
   165.000000      -31.5445251       0.00000000    
   168.750000      -31.5445251       0.00000000    
   172.500000      -31.5445251       0.00000000    
   176.250000      -31.5445251       0.00000000    
   180.000000      -31.5445251       0.00000000    
   183.750000      -31.5445251       0.00000000    
   187.500000      -31.5445251       0.00000000    
   191.250000      -31.5445251       0.00000000    
   195.000000      -31.5445251       0.00000000    
   198.750000      -31.5445251       0.00000000    
   202.500000      -31.5445251       0.00000000    
   206.250000      -31.5445251       0.00000000    
   210.000000      -31.5445251       0.00000000    
   213.750000      -31.5445251       0.00000000    
   217.500000      -31.5445251       0.00000000    
   221.250000      -31.5445251       0.00000000    
   225.000000      -31.5445251       0.00000000    
   228.750000      -31.5445251       0.00000000    
   232.500000      -31.5445251       0.00000000    
   236.250000      -31.5445251       0.00000000    
   240.000000      -31.5445251       0.00000000    
   243.750000      -31.5445251       0.00000000    
   247.500000      -31.5445251       0.00000000    
   251.250000      -31.5445251       0.00000000    
   255.000000      -31.5445251       0.00000000    
   258.750000      -31.5445251       0.00000000    
   262.500000      -31.5445251       0.00000000    
   266.250000      -31.5445251       0.00000000    
   270.000000      -31.5445251       0.00000000    
   273.750000      -31.5445251       0.00000000    
   277.500000      -31.5445251       0.00000000    
   281.250000      -31.5445251       0.00000000    
   285.000000      -31.5445251       0.00000000    
   288.750000      -31.5445251      0.984111905    
   292.500000      -31.5445251       1.00000000    
   296.250000      -31.5445251      0.998996258    
   300.000000      -31.5445251      0.978478074    
   303.750000      -31.5445251      0.999848604    
   307.500000      -31.5445251      0.987498045    
   311.250000      -31.5445251       0.00000000    
   315.000000      -31.5445251       0.00000000    
   318.750000      -31.5445251       0.00000000    
   322.500000      -31.5445251       0.00000000    
   326.250000      -31.5445251       0.00000000    
   330.000000      -31.5445251       0.00000000    
   333.750000      -31.5445251       0.00000000    
   337.500000      -31.5445251       0.00000000    
   341.250000      -31.5445251       0.00000000    
   345.000000      -31.5445251       0.00000000    
   348.750000      -31.5445251       0.00000000    
   352.500000      -31.5445251       0.00000000    
   356.250000      -31.5445251       0.00000000    
   360.000000      -31.5445251       0.00000000    
   0.00000000      -27.8334446       0.00000000    
   3.75000000      -27.8334446       0.00000000    
   7.50000000      -27.8334446       0.00000000    
   11.2500000      -27.8334446       0.00000000    
   15.0000000      -27.8334446       0.00000000    
   18.7500000      -27.8334446      0.999771833    
   22.5000000      -27.8334446       1.00000000    
   26.2500000      -27.8334446      0.998699665    
   30.0000000      -27.8334446      0.964143157    
   33.7500000      -27.8334446       0.00000000    
   37.5000000      -27.8334446       0.00000000    
   41.2500000      -27.8334446       0.00000000    
   45.0000000      -27.8334446       0.00000000    
   48.7500000      -27.8334446       0.00000000    
   52.5000000      -27.8334446       0.00000000    
   56.2500000      -27.8334446       0.00000000    
   60.0000000      -27.8334446       0.00000000    
   63.7500000      -27.8334446       0.00000000    
   67.5000000      -27.8334446       0.00000000    
   71.2500000      -27.8334446       0.00000000    
   75.0000000      -27.8334446       0.00000000    
   78.7500000      -27.8334446       0.00000000    
   82.5000000      -27.8334446       0.00000000    
   86.2500000      -27.8334446       0.00000000    
   90.0000000      -27.8334446       0.00000000    
   93.7500000      -27.8334446       0.00000000    
   97.5000000      -27.8334446       0.00000000    
   101.250000      -27.8334446       0.00000000    
   105.000000      -27.8334446       0.00000000    
   108.750000      -27.8334446       0.00000000    
   112.500000      -27.8334446       0.00000000    
   116.250000      -27.8334446      0.999493122    
   120.000000      -27.8334446       1.00000000    
   123.750000      -27.8334446       1.00000000    
   127.500000      -27.8334446       1.00000000    
   131.250000      -27.8334446       1.00000000    
   135.000000      -27.8334446      0.998865843    
   138.750000      -27.8334446      0.998041272    
   142.500000      -27.8334446      0.999933958    
   146.250000      -27.8334446      0.991408825    
   150.000000      -27.8334446      0.999609351    
   153.750000      -27.8334446       9.02533531E-04
   157.500000      -27.8334446       0.00000000    
   161.250000      -27.8334446       0.00000000    
   165.000000      -27.8334446       0.00000000    
   168.750000      -27.8334446       0.00000000    
   172.500000      -27.8334446       0.00000000    
   176.250000      -27.8334446       0.00000000    
   180.000000      -27.8334446       0.00000000    
   183.750000      -27.8334446       0.00000000    
   187.500000      -27.8334446       0.00000000    
   191.250000      -27.8334446       0.00000000    
   195.000000      -27.8334446       0.00000000    
   198.750000      -27.8334446       0.00000000    
   202.500000      -27.8334446       0.00000000    
   206.250000      -27.8334446       0.00000000    
   210.000000      -27.8334446       0.00000000    
   213.750000      -27.8334446       0.00000000    
   217.500000      -27.8334446       0.00000000    
   221.250000      -27.8334446       0.00000000    
   225.000000      -27.8334446       0.00000000    
   228.750000      -27.8334446       0.00000000    
   232.500000      -27.8334446       0.00000000    
   236.250000      -27.8334446       0.00000000    
   240.000000      -27.8334446       0.00000000    
   243.750000      -27.8334446       0.00000000    
   247.500000      -27.8334446       0.00000000    
   251.250000      -27.8334446       0.00000000    
   255.000000      -27.8334446       0.00000000    
   258.750000      -27.8334446       0.00000000    
   262.500000      -27.8334446       0.00000000    
   266.250000      -27.8334446       0.00000000    
   270.000000      -27.8334446       0.00000000    
   273.750000      -27.8334446       0.00000000    
   277.500000      -27.8334446       0.00000000    
   281.250000      -27.8334446       0.00000000    
   285.000000      -27.8334446       0.00000000    
   288.750000      -27.8334446      0.101491332    
   292.500000      -27.8334446       1.00000000    
   296.250000      -27.8334446      0.999884963    
   300.000000      -27.8334446      0.998624206    
   303.750000      -27.8334446      0.998900414    
   307.500000      -27.8334446      0.996648312    
   311.250000      -27.8334446      0.907037377    
   315.000000      -27.8334446       0.00000000    
   318.750000      -27.8334446       0.00000000    
   322.500000      -27.8334446       0.00000000    
   326.250000      -27.8334446       0.00000000    
   330.000000      -27.8334446       0.00000000    
   333.750000      -27.8334446       0.00000000    
   337.500000      -27.8334446       0.00000000    
   341.250000      -27.8334446       0.00000000    
   345.000000      -27.8334446       0.00000000    
   348.750000      -27.8334446       0.00000000    
   352.500000      -27.8334446       0.00000000    
   356.250000      -27.8334446       0.00000000    
   360.000000      -27.8334446       0.00000000    
   0.00000000      -24.1223469       0.00000000    
   3.75000000      -24.1223469       0.00000000    
   7.50000000      -24.1223469       0.00000000    
   11.2500000      -24.1223469       0.00000000    
   15.0000000      -24.1223469       1.00000000    
   18.7500000      -24.1223469       1.00000000    
   22.5000000      -24.1223469      0.999996185    
   26.2500000      -24.1223469      0.998554230    
   30.0000000      -24.1223469      0.998321414    
   33.7500000      -24.1223469      0.968514681    
   37.5000000      -24.1223469       0.00000000    
   41.2500000      -24.1223469       0.00000000    
   45.0000000      -24.1223469       1.00000000    
   48.7500000      -24.1223469       0.00000000    
   52.5000000      -24.1223469       0.00000000    
   56.2500000      -24.1223469       0.00000000    
   60.0000000      -24.1223469       0.00000000    
   63.7500000      -24.1223469       0.00000000    
   67.5000000      -24.1223469       0.00000000    
   71.2500000      -24.1223469       0.00000000    
   75.0000000      -24.1223469       0.00000000    
   78.7500000      -24.1223469       0.00000000    
   82.5000000      -24.1223469       0.00000000    
   86.2500000      -24.1223469       0.00000000    
   90.0000000      -24.1223469       0.00000000    
   93.7500000      -24.1223469       0.00000000    
   97.5000000      -24.1223469       0.00000000    
   101.250000      -24.1223469       0.00000000    
   105.000000      -24.1223469       0.00000000    
   108.750000      -24.1223469       0.00000000    
   112.500000      -24.1223469       0.00000000    
   116.250000      -24.1223469       1.00000000    
   120.000000      -24.1223469       1.00000000    
   123.750000      -24.1223469       1.00000000    
   127.500000      -24.1223469       1.00000000    
   131.250000      -24.1223469       1.00000000    
   135.000000      -24.1223469       1.00000000    
   138.750000      -24.1223469      0.991640091    
   142.500000      -24.1223469       1.00000000    
   146.250000      -24.1223469       1.00000000    
   150.000000      -24.1223469      0.999852538    
   153.750000      -24.1223469       0.00000000    
   157.500000      -24.1223469       0.00000000    
   161.250000      -24.1223469       0.00000000    
   165.000000      -24.1223469       0.00000000    
   168.750000      -24.1223469       0.00000000    
   172.500000      -24.1223469       0.00000000    
   176.250000      -24.1223469       0.00000000    
   180.000000      -24.1223469       0.00000000    
   183.750000      -24.1223469       0.00000000    
   187.500000      -24.1223469       0.00000000    
   191.250000      -24.1223469       0.00000000    
   195.000000      -24.1223469       0.00000000    
   198.750000      -24.1223469       0.00000000    
   202.500000      -24.1223469       0.00000000    
   206.250000      -24.1223469       0.00000000    
   210.000000      -24.1223469       0.00000000    
   213.750000      -24.1223469       0.00000000    
   217.500000      -24.1223469       0.00000000    
   221.250000      -24.1223469       0.00000000    
   225.000000      -24.1223469       0.00000000    
   228.750000      -24.1223469       0.00000000    
   232.500000      -24.1223469       0.00000000    
   236.250000      -24.1223469       0.00000000    
   240.000000      -24.1223469       0.00000000    
   243.750000      -24.1223469       0.00000000    
   247.500000      -24.1223469       0.00000000    
   251.250000      -24.1223469       0.00000000    
   255.000000      -24.1223469       0.00000000    
   258.750000      -24.1223469       0.00000000    
   262.500000      -24.1223469       0.00000000    
   266.250000      -24.1223469       0.00000000    
   270.000000      -24.1223469       0.00000000    
   273.750000      -24.1223469       0.00000000    
   277.500000      -24.1223469       0.00000000    
   281.250000      -24.1223469       0.00000000    
   285.000000      -24.1223469       0.00000000    
   288.750000      -24.1223469       0.00000000    
   292.500000      -24.1223469       1.00000000    
   296.250000      -24.1223469      0.999317288    
   300.000000      -24.1223469       1.00000000    
   303.750000      -24.1223469       1.00000000    
   307.500000      -24.1223469      0.999911189    
   311.250000      -24.1223469      0.999822617    
   315.000000      -24.1223469       0.00000000    
   318.750000      -24.1223469       0.00000000    
   322.500000      -24.1223469       0.00000000    
   326.250000      -24.1223469       0.00000000    
   330.000000      -24.1223469       0.00000000    
   333.750000      -24.1223469       0.00000000    
   337.500000      -24.1223469       0.00000000    
   341.250000      -24.1223469       0.00000000    
   345.000000      -24.1223469       0.00000000    
   348.750000      -24.1223469       0.00000000    
   352.500000      -24.1223469       0.00000000    
   356.250000      -24.1223469       0.00000000    
   360.000000      -24.1223469       0.00000000    
   0.00000000      -20.4112377       0.00000000    
   3.75000000      -20.4112377       0.00000000    
   7.50000000      -20.4112377       0.00000000    
   11.2500000      -20.4112377       0.00000000    
   15.0000000      -20.4112377       1.00000000    
   18.7500000      -20.4112377       1.00000000    
   22.5000000      -20.4112377       1.00000000    
   26.2500000      -20.4112377      0.668068767    
   30.0000000      -20.4112377      0.999840379    
   33.7500000      -20.4112377       1.00000000    
   37.5000000      -20.4112377       0.00000000    
   41.2500000      -20.4112377       0.00000000    
   45.0000000      -20.4112377      0.985760331    
   48.7500000      -20.4112377      0.181657553    
   52.5000000      -20.4112377       0.00000000    
   56.2500000      -20.4112377       0.00000000    
   60.0000000      -20.4112377       0.00000000    
   63.7500000      -20.4112377       0.00000000    
   67.5000000      -20.4112377       0.00000000    
   71.2500000      -20.4112377       0.00000000    
   75.0000000      -20.4112377       0.00000000    
   78.7500000      -20.4112377       0.00000000    
   82.5000000      -20.4112377       0.00000000    
   86.2500000      -20.4112377       0.00000000    
   90.0000000      -20.4112377       0.00000000    
   93.7500000      -20.4112377       0.00000000    
   97.5000000      -20.4112377       0.00000000    
   101.250000      -20.4112377       0.00000000    
   105.000000      -20.4112377       0.00000000    
   108.750000      -20.4112377       0.00000000    
   112.500000      -20.4112377       0.00000000    
   116.250000      -20.4112377       1.48360729E-02
   120.000000      -20.4112377       1.00000000    
   123.750000      -20.4112377       1.00000000    
   127.500000      -20.4112377      0.953607321    
   131.250000      -20.4112377       1.00000000    
   135.000000      -20.4112377       1.00000000    
   138.750000      -20.4112377       1.00000000    
   142.500000      -20.4112377      0.998741388    
   146.250000      -20.4112377       1.00000000    
   150.000000      -20.4112377       0.00000000    
   153.750000      -20.4112377       0.00000000    
   157.500000      -20.4112377       0.00000000    
   161.250000      -20.4112377       0.00000000    
   165.000000      -20.4112377      0.276215076    
   168.750000      -20.4112377       0.00000000    
   172.500000      -20.4112377       0.00000000    
   176.250000      -20.4112377       0.00000000    
   180.000000      -20.4112377       0.00000000    
   183.750000      -20.4112377       0.00000000    
   187.500000      -20.4112377       0.00000000    
   191.250000      -20.4112377       0.00000000    
   195.000000      -20.4112377       0.00000000    
   198.750000      -20.4112377       0.00000000    
   202.500000      -20.4112377       0.00000000    
   206.250000      -20.4112377       0.00000000    
   210.000000      -20.4112377       0.00000000    
   213.750000      -20.4112377       0.00000000    
   217.500000      -20.4112377       0.00000000    
   221.250000      -20.4112377       0.00000000    
   225.000000      -20.4112377       0.00000000    
   228.750000      -20.4112377       0.00000000    
   232.500000      -20.4112377       0.00000000    
   236.250000      -20.4112377       0.00000000    
   240.000000      -20.4112377       0.00000000    
   243.750000      -20.4112377       0.00000000    
   247.500000      -20.4112377       0.00000000    
   251.250000      -20.4112377       0.00000000    
   255.000000      -20.4112377       0.00000000    
   258.750000      -20.4112377       0.00000000    
   262.500000      -20.4112377       0.00000000    
   266.250000      -20.4112377       0.00000000    
   270.000000      -20.4112377       0.00000000    
   273.750000      -20.4112377       0.00000000    
   277.500000      -20.4112377       0.00000000    
   281.250000      -20.4112377       0.00000000    
   285.000000      -20.4112377       0.00000000    
   288.750000      -20.4112377       0.00000000    
   292.500000      -20.4112377       1.00000000    
   296.250000      -20.4112377       1.00000000    
   300.000000      -20.4112377      0.999993205    
   303.750000      -20.4112377      0.999450684    
   307.500000      -20.4112377       1.00000000    
   311.250000      -20.4112377      0.998148918    
   315.000000      -20.4112377       1.00000000    
   318.750000      -20.4112377       1.00000000    
   322.500000      -20.4112377       0.00000000    
   326.250000      -20.4112377       0.00000000    
   330.000000      -20.4112377       0.00000000    
   333.750000      -20.4112377       0.00000000    
   337.500000      -20.4112377       0.00000000    
   341.250000      -20.4112377       0.00000000    
   345.000000      -20.4112377       0.00000000    
   348.750000      -20.4112377       0.00000000    
   352.500000      -20.4112377       0.00000000    
   356.250000      -20.4112377       0.00000000    
   360.000000      -20.4112377       0.00000000    
   0.00000000      -16.7001171       0.00000000    
   3.75000000      -16.7001171       0.00000000    
   7.50000000      -16.7001171       0.00000000    
   11.2500000      -16.7001171       0.00000000    
   15.0000000      -16.7001171      0.996956468    
   18.7500000      -16.7001171       1.00000000    
   22.5000000      -16.7001171      0.999479413    
   26.2500000      -16.7001171      0.999410152    
   30.0000000      -16.7001171      0.992765546    
   33.7500000      -16.7001171       1.00000000    
   37.5000000      -16.7001171       1.00000000    
   41.2500000      -16.7001171       0.00000000    
   45.0000000      -16.7001171      0.995465040    
   48.7500000      -16.7001171      0.999938726    
   52.5000000      -16.7001171       0.00000000    
   56.2500000      -16.7001171       0.00000000    
   60.0000000      -16.7001171       0.00000000    
   63.7500000      -16.7001171       0.00000000    
   67.5000000      -16.7001171       0.00000000    
   71.2500000      -16.7001171       0.00000000    
   75.0000000      -16.7001171       0.00000000    
   78.7500000      -16.7001171       0.00000000    
   82.5000000      -16.7001171       0.00000000    
   86.2500000      -16.7001171       0.00000000    
   90.0000000      -16.7001171       0.00000000    
   93.7500000      -16.7001171       0.00000000    
   97.5000000      -16.7001171       0.00000000    
   101.250000      -16.7001171       0.00000000    
   105.000000      -16.7001171       0.00000000    
   108.750000      -16.7001171       0.00000000    
   112.500000      -16.7001171       0.00000000    
   116.250000      -16.7001171       0.00000000    
   120.000000      -16.7001171       0.00000000    
   123.750000      -16.7001171      0.766578794    
   127.500000      -16.7001171       1.00000000    
   131.250000      -16.7001171       1.00000000    
   135.000000      -16.7001171       1.00000000    
   138.750000      -16.7001171      0.167794943    
   142.500000      -16.7001171       1.00000000    
   146.250000      -16.7001171       0.00000000    
   150.000000      -16.7001171       0.00000000    
   153.750000      -16.7001171       0.00000000    
   157.500000      -16.7001171       0.00000000    
   161.250000      -16.7001171       0.00000000    
   165.000000      -16.7001171       0.00000000    
   168.750000      -16.7001171       2.67982483E-04
   172.500000      -16.7001171       0.00000000    
   176.250000      -16.7001171       0.00000000    
   180.000000      -16.7001171      0.250150561    
   183.750000      -16.7001171       0.00000000    
   187.500000      -16.7001171       0.00000000    
   191.250000      -16.7001171       0.00000000    
   195.000000      -16.7001171       0.00000000    
   198.750000      -16.7001171       0.00000000    
   202.500000      -16.7001171       0.00000000    
   206.250000      -16.7001171       0.00000000    
   210.000000      -16.7001171       0.00000000    
   213.750000      -16.7001171       0.00000000    
   217.500000      -16.7001171       0.00000000    
   221.250000      -16.7001171       0.00000000    
   225.000000      -16.7001171       0.00000000    
   228.750000      -16.7001171       0.00000000    
   232.500000      -16.7001171       0.00000000    
   236.250000      -16.7001171       0.00000000    
   240.000000      -16.7001171       0.00000000    
   243.750000      -16.7001171       0.00000000    
   247.500000      -16.7001171       0.00000000    
   251.250000      -16.7001171       0.00000000    
   255.000000      -16.7001171       0.00000000    
   258.750000      -16.7001171       0.00000000    
   262.500000      -16.7001171       0.00000000    
   266.250000      -16.7001171       0.00000000    
   270.000000      -16.7001171       0.00000000    
   273.750000      -16.7001171       0.00000000    
   277.500000      -16.7001171       0.00000000    
   281.250000      -16.7001171       0.00000000    
   285.000000      -16.7001171       0.00000000    
   288.750000      -16.7001171       1.00000000    
   292.500000      -16.7001171      0.999443293    
   296.250000      -16.7001171      0.998653769    
   300.000000      -16.7001171      0.999880791    
   303.750000      -16.7001171      0.999840021    
   307.500000      -16.7001171       1.00000000    
   311.250000      -16.7001171      0.999844909    
   315.000000      -16.7001171      0.979345441    
   318.750000      -16.7001171      0.999838948    
   322.500000      -16.7001171       0.00000000    
   326.250000      -16.7001171       0.00000000    
   330.000000      -16.7001171       0.00000000    
   333.750000      -16.7001171       0.00000000    
   337.500000      -16.7001171       0.00000000    
   341.250000      -16.7001171       0.00000000    
   345.000000      -16.7001171       0.00000000    
   348.750000      -16.7001171       0.00000000    
   352.500000      -16.7001171       0.00000000    
   356.250000      -16.7001171       0.00000000    
   360.000000      -16.7001171       0.00000000    
   0.00000000      -12.9889879       0.00000000    
   3.75000000      -12.9889879       0.00000000    
   7.50000000      -12.9889879       0.00000000    
   11.2500000      -12.9889879       0.00000000    
   15.0000000      -12.9889879       1.00000000    
   18.7500000      -12.9889879       1.00000000    
   22.5000000      -12.9889879      0.999658704    
   26.2500000      -12.9889879       1.00000000    
   30.0000000      -12.9889879       1.00000000    
   33.7500000      -12.9889879      0.999629736    
   37.5000000      -12.9889879       1.00000000    
   41.2500000      -12.9889879       0.00000000    
   45.0000000      -12.9889879       3.29003334E-02
   48.7500000      -12.9889879      0.216321230    
   52.5000000      -12.9889879       0.00000000    
   56.2500000      -12.9889879       0.00000000    
   60.0000000      -12.9889879       0.00000000    
   63.7500000      -12.9889879       0.00000000    
   67.5000000      -12.9889879       0.00000000    
   71.2500000      -12.9889879       0.00000000    
   75.0000000      -12.9889879       0.00000000    
   78.7500000      -12.9889879       0.00000000    
   82.5000000      -12.9889879       0.00000000    
   86.2500000      -12.9889879       0.00000000    
   90.0000000      -12.9889879       0.00000000    
   93.7500000      -12.9889879       0.00000000    
   97.5000000      -12.9889879       0.00000000    
   101.250000      -12.9889879       0.00000000    
   105.000000      -12.9889879       0.00000000    
   108.750000      -12.9889879       0.00000000    
   112.500000      -12.9889879       0.00000000    
   116.250000      -12.9889879       0.00000000    
   120.000000      -12.9889879       0.00000000    
   123.750000      -12.9889879       0.00000000    
   127.500000      -12.9889879       0.00000000    
   131.250000      -12.9889879      0.987030864    
   135.000000      -12.9889879       1.00000000    
   138.750000      -12.9889879       0.00000000    
   142.500000      -12.9889879       1.00000000    
   146.250000      -12.9889879       0.00000000    
   150.000000      -12.9889879       0.00000000    
   153.750000      -12.9889879       0.00000000    
   157.500000      -12.9889879       0.00000000    
   161.250000      -12.9889879       0.00000000    
   165.000000      -12.9889879       0.00000000    
   168.750000      -12.9889879       0.00000000    
   172.500000      -12.9889879       0.00000000    
   176.250000      -12.9889879       0.00000000    
   180.000000      -12.9889879       0.00000000    
   183.750000      -12.9889879       0.00000000    
   187.500000      -12.9889879       0.00000000    
   191.250000      -12.9889879       0.00000000    
   195.000000      -12.9889879       0.00000000    
   198.750000      -12.9889879       0.00000000    
   202.500000      -12.9889879       0.00000000    
   206.250000      -12.9889879       0.00000000    
   210.000000      -12.9889879       0.00000000    
   213.750000      -12.9889879       0.00000000    
   217.500000      -12.9889879       0.00000000    
   221.250000      -12.9889879       0.00000000    
   225.000000      -12.9889879       0.00000000    
   228.750000      -12.9889879       0.00000000    
   232.500000      -12.9889879       0.00000000    
   236.250000      -12.9889879       0.00000000    
   240.000000      -12.9889879       0.00000000    
   243.750000      -12.9889879       0.00000000    
   247.500000      -12.9889879       0.00000000    
   251.250000      -12.9889879       0.00000000    
   255.000000      -12.9889879       0.00000000    
   258.750000      -12.9889879       0.00000000    
   262.500000      -12.9889879       0.00000000    
   266.250000      -12.9889879       0.00000000    
   270.000000      -12.9889879       0.00000000    
   273.750000      -12.9889879       0.00000000    
   277.500000      -12.9889879       0.00000000    
   281.250000      -12.9889879       0.00000000    
   285.000000      -12.9889879      0.983797073    
   288.750000      -12.9889879      0.996973395    
   292.500000      -12.9889879      0.999894500    
   296.250000      -12.9889879      0.991089344    
   300.000000      -12.9889879       1.00000000    
   303.750000      -12.9889879      0.999889255    
   307.500000      -12.9889879      0.999334216    
   311.250000      -12.9889879      0.999900222    
   315.000000      -12.9889879      0.999860883    
   318.750000      -12.9889879      0.995131731    
   322.500000      -12.9889879       0.00000000    
   326.250000      -12.9889879       0.00000000    
   330.000000      -12.9889879       0.00000000    
   333.750000      -12.9889879       0.00000000    
   337.500000      -12.9889879       0.00000000    
   341.250000      -12.9889879       0.00000000    
   345.000000      -12.9889879       0.00000000    
   348.750000      -12.9889879       0.00000000    
   352.500000      -12.9889879       0.00000000    
   356.250000      -12.9889879       0.00000000    
   360.000000      -12.9889879       0.00000000    
   0.00000000      -9.27785301       0.00000000    
   3.75000000      -9.27785301       0.00000000    
   7.50000000      -9.27785301       0.00000000    
   11.2500000      -9.27785301       0.00000000    
   15.0000000      -9.27785301      0.999926925    
   18.7500000      -9.27785301       1.00000000    
   22.5000000      -9.27785301       1.00000000    
   26.2500000      -9.27785301       1.00000000    
   30.0000000      -9.27785301       1.00000000    
   33.7500000      -9.27785301      0.997905016    
   37.5000000      -9.27785301      0.999936342    
   41.2500000      -9.27785301       0.00000000    
   45.0000000      -9.27785301       0.00000000    
   48.7500000      -9.27785301       0.00000000    
   52.5000000      -9.27785301       0.00000000    
   56.2500000      -9.27785301       0.00000000    
   60.0000000      -9.27785301       0.00000000    
   63.7500000      -9.27785301       0.00000000    
   67.5000000      -9.27785301       0.00000000    
   71.2500000      -9.27785301       0.00000000    
   75.0000000      -9.27785301       0.00000000    
   78.7500000      -9.27785301       0.00000000    
   82.5000000      -9.27785301       0.00000000    
   86.2500000      -9.27785301       0.00000000    
   90.0000000      -9.27785301       0.00000000    
   93.7500000      -9.27785301       0.00000000    
   97.5000000      -9.27785301       0.00000000    
   101.250000      -9.27785301       0.00000000    
   105.000000      -9.27785301       0.00000000    
   108.750000      -9.27785301       0.00000000    
   112.500000      -9.27785301       0.00000000    
   116.250000      -9.27785301       0.00000000    
   120.000000      -9.27785301      0.683313966    
   123.750000      -9.27785301      0.273216128    
   127.500000      -9.27785301       0.00000000    
   131.250000      -9.27785301       0.00000000    
   135.000000      -9.27785301       0.00000000    
   138.750000      -9.27785301       0.00000000    
   142.500000      -9.27785301       6.53741360E-02
   146.250000      -9.27785301       0.00000000    
   150.000000      -9.27785301      0.349542499    
   153.750000      -9.27785301       3.21865082E-06
   157.500000      -9.27785301       0.00000000    
   161.250000      -9.27785301      0.232920289    
   165.000000      -9.27785301       0.00000000    
   168.750000      -9.27785301       0.00000000    
   172.500000      -9.27785301       0.00000000    
   176.250000      -9.27785301       0.00000000    
   180.000000      -9.27785301       0.00000000    
   183.750000      -9.27785301       0.00000000    
   187.500000      -9.27785301       0.00000000    
   191.250000      -9.27785301       0.00000000    
   195.000000      -9.27785301       0.00000000    
   198.750000      -9.27785301       0.00000000    
   202.500000      -9.27785301       0.00000000    
   206.250000      -9.27785301       0.00000000    
   210.000000      -9.27785301       0.00000000    
   213.750000      -9.27785301       0.00000000    
   217.500000      -9.27785301       0.00000000    
   221.250000      -9.27785301       0.00000000    
   225.000000      -9.27785301       0.00000000    
   228.750000      -9.27785301       0.00000000    
   232.500000      -9.27785301       0.00000000    
   236.250000      -9.27785301       0.00000000    
   240.000000      -9.27785301       0.00000000    
   243.750000      -9.27785301       0.00000000    
   247.500000      -9.27785301       0.00000000    
   251.250000      -9.27785301       0.00000000    
   255.000000      -9.27785301       0.00000000    
   258.750000      -9.27785301       0.00000000    
   262.500000      -9.27785301       0.00000000    
   266.250000      -9.27785301       0.00000000    
   270.000000      -9.27785301       0.00000000    
   273.750000      -9.27785301       0.00000000    
   277.500000      -9.27785301       0.00000000    
   281.250000      -9.27785301       0.00000000    
   285.000000      -9.27785301      0.996062040    
   288.750000      -9.27785301       1.00000000    
   292.500000      -9.27785301      0.999913096    
   296.250000      -9.27785301       1.00000000    
   300.000000      -9.27785301       1.00000000    
   303.750000      -9.27785301      0.992137790    
   307.500000      -9.27785301      0.986028075    
   311.250000      -9.27785301       1.00000000    
   315.000000      -9.27785301      0.999850512    
   318.750000      -9.27785301      0.688619852    
   322.500000      -9.27785301      0.991184950    
   326.250000      -9.27785301       0.00000000    
   330.000000      -9.27785301       0.00000000    
   333.750000      -9.27785301       0.00000000    
   337.500000      -9.27785301       0.00000000    
   341.250000      -9.27785301       0.00000000    
   345.000000      -9.27785301       0.00000000    
   348.750000      -9.27785301       0.00000000    
   352.500000      -9.27785301       0.00000000    
   356.250000      -9.27785301       0.00000000    
   360.000000      -9.27785301       0.00000000    
   0.00000000      -5.56671333       0.00000000    
   3.75000000      -5.56671333       0.00000000    
   7.50000000      -5.56671333       0.00000000    
   11.2500000      -5.56671333       0.00000000    
   15.0000000      -5.56671333       1.00000000    
   18.7500000      -5.56671333       1.00000000    
   22.5000000      -5.56671333       1.00000000    
   26.2500000      -5.56671333       1.00000000    
   30.0000000      -5.56671333      0.703887463    
   33.7500000      -5.56671333      0.999975801    
   37.5000000      -5.56671333       1.00000000    
   41.2500000      -5.56671333       0.00000000    
   45.0000000      -5.56671333       0.00000000    
   48.7500000      -5.56671333       0.00000000    
   52.5000000      -5.56671333       0.00000000    
   56.2500000      -5.56671333       0.00000000    
   60.0000000      -5.56671333       0.00000000    
   63.7500000      -5.56671333       0.00000000    
   67.5000000      -5.56671333       0.00000000    
   71.2500000      -5.56671333       0.00000000    
   75.0000000      -5.56671333       0.00000000    
   78.7500000      -5.56671333       0.00000000    
   82.5000000      -5.56671333       0.00000000    
   86.2500000      -5.56671333       0.00000000    
   90.0000000      -5.56671333       0.00000000    
   93.7500000      -5.56671333       0.00000000    
   97.5000000      -5.56671333       0.00000000    
   101.250000      -5.56671333       0.00000000    
   105.000000      -5.56671333      0.255036354    
   108.750000      -5.56671333       0.00000000    
   112.500000      -5.56671333       5.75201511E-02
   116.250000      -5.56671333       0.00000000    
   120.000000      -5.56671333       7.54411221E-02
   123.750000      -5.56671333       5.19323349E-03
   127.500000      -5.56671333       0.00000000    
   131.250000      -5.56671333       0.00000000    
   135.000000      -5.56671333       0.00000000    
   138.750000      -5.56671333      0.971456528    
   142.500000      -5.56671333      0.999731302    
   146.250000      -5.56671333      0.965027094    
   150.000000      -5.56671333      0.972261071    
   153.750000      -5.56671333       0.00000000    
   157.500000      -5.56671333       0.00000000    
   161.250000      -5.56671333       0.00000000    
   165.000000      -5.56671333       0.00000000    
   168.750000      -5.56671333       0.00000000    
   172.500000      -5.56671333       0.00000000    
   176.250000      -5.56671333       2.82287598E-04
   180.000000      -5.56671333       0.00000000    
   183.750000      -5.56671333       0.00000000    
   187.500000      -5.56671333       0.00000000    
   191.250000      -5.56671333       0.00000000    
   195.000000      -5.56671333       0.00000000    
   198.750000      -5.56671333       0.00000000    
   202.500000      -5.56671333       0.00000000    
   206.250000      -5.56671333       0.00000000    
   210.000000      -5.56671333       0.00000000    
   213.750000      -5.56671333       0.00000000    
   217.500000      -5.56671333       0.00000000    
   221.250000      -5.56671333       0.00000000    
   225.000000      -5.56671333       0.00000000    
   228.750000      -5.56671333       0.00000000    
   232.500000      -5.56671333       0.00000000    
   236.250000      -5.56671333       0.00000000    
   240.000000      -5.56671333       0.00000000    
   243.750000      -5.56671333       0.00000000    
   247.500000      -5.56671333       0.00000000    
   251.250000      -5.56671333       0.00000000    
   255.000000      -5.56671333       0.00000000    
   258.750000      -5.56671333       0.00000000    
   262.500000      -5.56671333       0.00000000    
   266.250000      -5.56671333       0.00000000    
   270.000000      -5.56671333       0.00000000    
   273.750000      -5.56671333       0.00000000    
   277.500000      -5.56671333       0.00000000    
   281.250000      -5.56671333      0.990057468    
   285.000000      -5.56671333      0.989429951    
   288.750000      -5.56671333       1.00000000    
   292.500000      -5.56671333      0.997866750    
   296.250000      -5.56671333      0.949076772    
   300.000000      -5.56671333      0.971335173    
   303.750000      -5.56671333      0.999996185    
   307.500000      -5.56671333      0.950689793    
   311.250000      -5.56671333      0.999966621    
   315.000000      -5.56671333      0.999659181    
   318.750000      -5.56671333       1.00000000    
   322.500000      -5.56671333      0.999175549    
   326.250000      -5.56671333       0.00000000    
   330.000000      -5.56671333       0.00000000    
   333.750000      -5.56671333       0.00000000    
   337.500000      -5.56671333       0.00000000    
   341.250000      -5.56671333       0.00000000    
   345.000000      -5.56671333       0.00000000    
   348.750000      -5.56671333       0.00000000    
   352.500000      -5.56671333       0.00000000    
   356.250000      -5.56671333       0.00000000    
   360.000000      -5.56671333       0.00000000    
   0.00000000      -1.85557151       0.00000000    
   3.75000000      -1.85557151       0.00000000    
   7.50000000      -1.85557151       0.00000000    
   11.2500000      -1.85557151      0.999070764    
   15.0000000      -1.85557151      0.999673247    
   18.7500000      -1.85557151      0.885636687    
   22.5000000      -1.85557151       1.00000000    
   26.2500000      -1.85557151      0.987992287    
   30.0000000      -1.85557151      0.997537732    
   33.7500000      -1.85557151      0.722906828    
   37.5000000      -1.85557151       1.00000000    
   41.2500000      -1.85557151      0.449368000    
   45.0000000      -1.85557151       0.00000000    
   48.7500000      -1.85557151       0.00000000    
   52.5000000      -1.85557151       0.00000000    
   56.2500000      -1.85557151       0.00000000    
   60.0000000      -1.85557151       0.00000000    
   63.7500000      -1.85557151       0.00000000    
   67.5000000      -1.85557151       0.00000000    
   71.2500000      -1.85557151       0.00000000    
   75.0000000      -1.85557151       0.00000000    
   78.7500000      -1.85557151       0.00000000    
   82.5000000      -1.85557151       0.00000000    
   86.2500000      -1.85557151       0.00000000    
   90.0000000      -1.85557151       0.00000000    
   93.7500000      -1.85557151       0.00000000    
   97.5000000      -1.85557151       0.00000000    
   101.250000      -1.85557151       1.00000000    
   105.000000      -1.85557151      0.211320639    
   108.750000      -1.85557151       2.22790241E-03
   112.500000      -1.85557151      0.999855876    
   116.250000      -1.85557151      0.839374304    
   120.000000      -1.85557151       1.00000000    
   123.750000      -1.85557151       6.59826994E-02
   127.500000      -1.85557151       5.52415848E-04
   131.250000      -1.85557151       1.77621841E-05
   135.000000      -1.85557151       0.00000000    
   138.750000      -1.85557151      0.844894409    
   142.500000      -1.85557151       0.00000000    
   146.250000      -1.85557151       0.00000000    
   150.000000      -1.85557151       0.00000000    
   153.750000      -1.85557151       0.00000000    
   157.500000      -1.85557151       0.00000000    
   161.250000      -1.85557151       0.00000000    
   165.000000      -1.85557151       0.00000000    
   168.750000      -1.85557151       0.00000000    
   172.500000      -1.85557151       0.00000000    
   176.250000      -1.85557151       0.00000000    
   180.000000      -1.85557151       0.00000000    
   183.750000      -1.85557151       0.00000000    
   187.500000      -1.85557151       0.00000000    
   191.250000      -1.85557151       0.00000000    
   195.000000      -1.85557151       0.00000000    
   198.750000      -1.85557151       0.00000000    
   202.500000      -1.85557151       0.00000000    
   206.250000      -1.85557151       0.00000000    
   210.000000      -1.85557151       0.00000000    
   213.750000      -1.85557151       0.00000000    
   217.500000      -1.85557151       0.00000000    
   221.250000      -1.85557151       0.00000000    
   225.000000      -1.85557151       0.00000000    
   228.750000      -1.85557151       0.00000000    
   232.500000      -1.85557151       0.00000000    
   236.250000      -1.85557151       0.00000000    
   240.000000      -1.85557151       0.00000000    
   243.750000      -1.85557151       0.00000000    
   247.500000      -1.85557151       0.00000000    
   251.250000      -1.85557151       0.00000000    
   255.000000      -1.85557151       0.00000000    
   258.750000      -1.85557151       0.00000000    
   262.500000      -1.85557151       0.00000000    
   266.250000      -1.85557151       0.00000000    
   270.000000      -1.85557151       0.00000000    
   273.750000      -1.85557151       0.00000000    
   277.500000      -1.85557151       0.00000000    
   281.250000      -1.85557151      0.999559283    
   285.000000      -1.85557151      0.981904745    
   288.750000      -1.85557151      0.999632359    
   292.500000      -1.85557151      0.959597588    
   296.250000      -1.85557151       1.00000000    
   300.000000      -1.85557151      0.977076530    
   303.750000      -1.85557151      0.665724874    
   307.500000      -1.85557151      0.908279419    
   311.250000      -1.85557151      0.985586286    
   315.000000      -1.85557151      0.997119069    
   318.750000      -1.85557151       0.00000000    
   322.500000      -1.85557151       0.00000000    
   326.250000      -1.85557151       0.00000000    
   330.000000      -1.85557151       0.00000000    
   333.750000      -1.85557151       0.00000000    
   337.500000      -1.85557151       0.00000000    
   341.250000      -1.85557151       0.00000000    
   345.000000      -1.85557151       0.00000000    
   348.750000      -1.85557151       0.00000000    
   352.500000      -1.85557151       0.00000000    
   356.250000      -1.85557151       0.00000000    
   360.000000      -1.85557151       0.00000000    
   0.00000000       1.85557151       0.00000000    
   3.75000000       1.85557151       0.00000000    
   7.50000000       1.85557151       2.05278397E-04
   11.2500000       1.85557151       1.00000000    
   15.0000000       1.85557151      0.999982953    
   18.7500000       1.85557151      0.988197684    
   22.5000000       1.85557151      0.999997377    
   26.2500000       1.85557151      0.992631435    
   30.0000000       1.85557151       1.00000000    
   33.7500000       1.85557151      0.981140733    
   37.5000000       1.85557151       1.00000000    
   41.2500000       1.85557151       1.00000000    
   45.0000000       1.85557151      0.248526096    
   48.7500000       1.85557151       0.00000000    
   52.5000000       1.85557151       0.00000000    
   56.2500000       1.85557151       0.00000000    
   60.0000000       1.85557151       0.00000000    
   63.7500000       1.85557151       0.00000000    
   67.5000000       1.85557151       0.00000000    
   71.2500000       1.85557151       0.00000000    
   75.0000000       1.85557151       0.00000000    
   78.7500000       1.85557151       0.00000000    
   82.5000000       1.85557151       0.00000000    
   86.2500000       1.85557151       0.00000000    
   90.0000000       1.85557151       0.00000000    
   93.7500000       1.85557151       0.00000000    
   97.5000000       1.85557151       7.26032257E-03
   101.250000       1.85557151      0.949682951    
   105.000000       1.85557151       0.00000000    
   108.750000       1.85557151       0.00000000    
   112.500000       1.85557151       1.00000000    
   116.250000       1.85557151       1.00000000    
   120.000000       1.85557151       0.00000000    
   123.750000       1.85557151       0.00000000    
   127.500000       1.85557151      0.252615333    
   131.250000       1.85557151       0.00000000    
   135.000000       1.85557151       0.00000000    
   138.750000       1.85557151       0.00000000    
   142.500000       1.85557151       0.00000000    
   146.250000       1.85557151       0.00000000    
   150.000000       1.85557151       0.00000000    
   153.750000       1.85557151       0.00000000    
   157.500000       1.85557151       0.00000000    
   161.250000       1.85557151       0.00000000    
   165.000000       1.85557151       0.00000000    
   168.750000       1.85557151       0.00000000    
   172.500000       1.85557151       0.00000000    
   176.250000       1.85557151       0.00000000    
   180.000000       1.85557151       0.00000000    
   183.750000       1.85557151       0.00000000    
   187.500000       1.85557151       0.00000000    
   191.250000       1.85557151       0.00000000    
   195.000000       1.85557151       0.00000000    
   198.750000       1.85557151       0.00000000    
   202.500000       1.85557151       0.00000000    
   206.250000       1.85557151       0.00000000    
   210.000000       1.85557151       0.00000000    
   213.750000       1.85557151       0.00000000    
   217.500000       1.85557151       0.00000000    
   221.250000       1.85557151       0.00000000    
   225.000000       1.85557151       0.00000000    
   228.750000       1.85557151       0.00000000    
   232.500000       1.85557151       0.00000000    
   236.250000       1.85557151       0.00000000    
   240.000000       1.85557151       0.00000000    
   243.750000       1.85557151       0.00000000    
   247.500000       1.85557151       0.00000000    
   251.250000       1.85557151       0.00000000    
   255.000000       1.85557151       0.00000000    
   258.750000       1.85557151       0.00000000    
   262.500000       1.85557151       0.00000000    
   266.250000       1.85557151       0.00000000    
   270.000000       1.85557151       0.00000000    
   273.750000       1.85557151       0.00000000    
   277.500000       1.85557151       0.00000000    
   281.250000       1.85557151      0.517142653    
   285.000000       1.85557151      0.983364582    
   288.750000       1.85557151       1.00000000    
   292.500000       1.85557151       1.00000000    
   296.250000       1.85557151       1.00000000    
   300.000000       1.85557151       1.00000000    
   303.750000       1.85557151       1.00000000    
   307.500000       1.85557151       1.00000000    
   311.250000       1.85557151       0.00000000    
   315.000000       1.85557151       0.00000000    
   318.750000       1.85557151       0.00000000    
   322.500000       1.85557151       0.00000000    
   326.250000       1.85557151       0.00000000    
   330.000000       1.85557151       0.00000000    
   333.750000       1.85557151       0.00000000    
   337.500000       1.85557151       0.00000000    
   341.250000       1.85557151       0.00000000    
   345.000000       1.85557151       0.00000000    
   348.750000       1.85557151       0.00000000    
   352.500000       1.85557151       0.00000000    
   356.250000       1.85557151       0.00000000    
   360.000000       1.85557151       0.00000000    
   0.00000000       5.56671333       7.43938684E-02
   3.75000000       5.56671333       0.00000000    
   7.50000000       5.56671333       1.00000000    
   11.2500000       5.56671333      0.991426229    
   15.0000000       5.56671333       1.00000000    
   18.7500000       5.56671333       1.00000000    
   22.5000000       5.56671333       1.00000000    
   26.2500000       5.56671333       1.00000000    
   30.0000000       5.56671333       1.00000000    
   33.7500000       5.56671333       1.00000000    
   37.5000000       5.56671333      0.993119836    
   41.2500000       5.56671333       1.00000000    
   45.0000000       5.56671333       1.00000000    
   48.7500000       5.56671333      0.254900336    
   52.5000000       5.56671333       0.00000000    
   56.2500000       5.56671333       0.00000000    
   60.0000000       5.56671333       0.00000000    
   63.7500000       5.56671333       0.00000000    
   67.5000000       5.56671333       0.00000000    
   71.2500000       5.56671333       0.00000000    
   75.0000000       5.56671333       0.00000000    
   78.7500000       5.56671333       0.00000000    
   82.5000000       5.56671333       0.00000000    
   86.2500000       5.56671333       0.00000000    
   90.0000000       5.56671333       0.00000000    
   93.7500000       5.56671333       0.00000000    
   97.5000000       5.56671333       0.00000000    
   101.250000       5.56671333      0.914540172    
   105.000000       5.56671333       0.00000000    
   108.750000       5.56671333       0.00000000    
   112.500000       5.56671333       0.00000000    
   116.250000       5.56671333       1.00000000    
   120.000000       5.56671333       2.96950340E-04
   123.750000       5.56671333       0.00000000    
   127.500000       5.56671333       0.00000000    
   131.250000       5.56671333       0.00000000    
   135.000000       5.56671333       0.00000000    
   138.750000       5.56671333       0.00000000    
   142.500000       5.56671333       0.00000000    
   146.250000       5.56671333       0.00000000    
   150.000000       5.56671333       0.00000000    
   153.750000       5.56671333       0.00000000    
   157.500000       5.56671333       0.00000000    
   161.250000       5.56671333       0.00000000    
   165.000000       5.56671333       0.00000000    
   168.750000       5.56671333       0.00000000    
   172.500000       5.56671333       0.00000000    
   176.250000       5.56671333       0.00000000    
   180.000000       5.56671333       0.00000000    
   183.750000       5.56671333       0.00000000    
   187.500000       5.56671333       0.00000000    
   191.250000       5.56671333       0.00000000    
   195.000000       5.56671333       0.00000000    
   198.750000       5.56671333       0.00000000    
   202.500000       5.56671333       0.00000000    
   206.250000       5.56671333       0.00000000    
   210.000000       5.56671333       0.00000000    
   213.750000       5.56671333       0.00000000    
   217.500000       5.56671333       0.00000000    
   221.250000       5.56671333       0.00000000    
   225.000000       5.56671333       0.00000000    
   228.750000       5.56671333       0.00000000    
   232.500000       5.56671333       0.00000000    
   236.250000       5.56671333       0.00000000    
   240.000000       5.56671333       0.00000000    
   243.750000       5.56671333       0.00000000    
   247.500000       5.56671333       0.00000000    
   251.250000       5.56671333       0.00000000    
   255.000000       5.56671333       0.00000000    
   258.750000       5.56671333       0.00000000    
   262.500000       5.56671333       0.00000000    
   266.250000       5.56671333       0.00000000    
   270.000000       5.56671333       0.00000000    
   273.750000       5.56671333       0.00000000    
   277.500000       5.56671333       0.00000000    
   281.250000       5.56671333       0.00000000    
   285.000000       5.56671333      0.998601794    
   288.750000       5.56671333      0.999647260    
   292.500000       5.56671333      0.978971839    
   296.250000       5.56671333      0.995911717    
   300.000000       5.56671333       1.00000000    
   303.750000       5.56671333      0.996842980    
   307.500000       5.56671333       0.00000000    
   311.250000       5.56671333       0.00000000    
   315.000000       5.56671333       0.00000000    
   318.750000       5.56671333       0.00000000    
   322.500000       5.56671333       0.00000000    
   326.250000       5.56671333       0.00000000    
   330.000000       5.56671333       0.00000000    
   333.750000       5.56671333       0.00000000    
   337.500000       5.56671333       0.00000000    
   341.250000       5.56671333       0.00000000    
   345.000000       5.56671333       0.00000000    
   348.750000       5.56671333       0.00000000    
   352.500000       5.56671333       1.00000000    
   356.250000       5.56671333      0.989251971    
   360.000000       5.56671333       7.43938684E-02
   0.00000000       9.27785301       1.00000000    
   3.75000000       9.27785301       1.00000000    
   7.50000000       9.27785301      0.996087193    
   11.2500000       9.27785301      0.982007980    
   15.0000000       9.27785301       1.00000000    
   18.7500000       9.27785301      0.999380231    
   22.5000000       9.27785301       1.00000000    
   26.2500000       9.27785301       1.00000000    
   30.0000000       9.27785301      0.995142341    
   33.7500000       9.27785301       1.00000000    
   37.5000000       9.27785301      0.999862552    
   41.2500000       9.27785301       1.00000000    
   45.0000000       9.27785301       1.00000000    
   48.7500000       9.27785301       1.00000000    
   52.5000000       9.27785301       0.00000000    
   56.2500000       9.27785301       0.00000000    
   60.0000000       9.27785301       0.00000000    
   63.7500000       9.27785301       0.00000000    
   67.5000000       9.27785301       0.00000000    
   71.2500000       9.27785301       0.00000000    
   75.0000000       9.27785301       0.00000000    
   78.7500000       9.27785301      0.493991256    
   82.5000000       9.27785301       0.00000000    
   86.2500000       9.27785301       0.00000000    
   90.0000000       9.27785301       0.00000000    
   93.7500000       9.27785301       0.00000000    
   97.5000000       9.27785301       0.00000000    
   101.250000       9.27785301       0.00000000    
   105.000000       9.27785301      0.907749653    
   108.750000       9.27785301       0.00000000    
   112.500000       9.27785301       0.00000000    
   116.250000       9.27785301       0.00000000    
   120.000000       9.27785301       0.00000000    
   123.750000       9.27785301       5.99694252E-02
   127.500000       9.27785301       0.00000000    
   131.250000       9.27785301       0.00000000    
   135.000000       9.27785301       0.00000000    
   138.750000       9.27785301       0.00000000    
   142.500000       9.27785301       0.00000000    
   146.250000       9.27785301       0.00000000    
   150.000000       9.27785301       0.00000000    
   153.750000       9.27785301       0.00000000    
   157.500000       9.27785301       0.00000000    
   161.250000       9.27785301       0.00000000    
   165.000000       9.27785301       0.00000000    
   168.750000       9.27785301       0.00000000    
   172.500000       9.27785301       0.00000000    
   176.250000       9.27785301       0.00000000    
   180.000000       9.27785301       0.00000000    
   183.750000       9.27785301       0.00000000    
   187.500000       9.27785301       0.00000000    
   191.250000       9.27785301       0.00000000    
   195.000000       9.27785301       0.00000000    
   198.750000       9.27785301       0.00000000    
   202.500000       9.27785301       0.00000000    
   206.250000       9.27785301       0.00000000    
   210.000000       9.27785301       0.00000000    
   213.750000       9.27785301       0.00000000    
   217.500000       9.27785301       0.00000000    
   221.250000       9.27785301       0.00000000    
   225.000000       9.27785301       0.00000000    
   228.750000       9.27785301       0.00000000    
   232.500000       9.27785301       0.00000000    
   236.250000       9.27785301       0.00000000    
   240.000000       9.27785301       0.00000000    
   243.750000       9.27785301       0.00000000    
   247.500000       9.27785301       0.00000000    
   251.250000       9.27785301       0.00000000    
   255.000000       9.27785301       0.00000000    
   258.750000       9.27785301       0.00000000    
   262.500000       9.27785301       0.00000000    
   266.250000       9.27785301       0.00000000    
   270.000000       9.27785301       0.00000000    
   273.750000       9.27785301       0.00000000    
   277.500000       9.27785301      0.793355703    
   281.250000       9.27785301      0.666914105    
   285.000000       9.27785301      0.892913699    
   288.750000       9.27785301      0.336201906    
   292.500000       9.27785301      0.956370115    
   296.250000       9.27785301      0.999806166    
   300.000000       9.27785301       0.00000000    
   303.750000       9.27785301       0.00000000    
   307.500000       9.27785301       0.00000000    
   311.250000       9.27785301       0.00000000    
   315.000000       9.27785301       0.00000000    
   318.750000       9.27785301       0.00000000    
   322.500000       9.27785301       0.00000000    
   326.250000       9.27785301       0.00000000    
   330.000000       9.27785301       0.00000000    
   333.750000       9.27785301       0.00000000    
   337.500000       9.27785301       0.00000000    
   341.250000       9.27785301       0.00000000    
   345.000000       9.27785301       0.00000000    
   348.750000       9.27785301       1.00000000    
   352.500000       9.27785301       1.00000000    
   356.250000       9.27785301       1.00000000    
   360.000000       9.27785301       1.00000000    
   0.00000000       12.9889879      0.998147368    
   3.75000000       12.9889879       1.00000000    
   7.50000000       12.9889879      0.996220469    
   11.2500000       12.9889879      0.999974132    
   15.0000000       12.9889879      0.999642491    
   18.7500000       12.9889879       1.00000000    
   22.5000000       12.9889879       1.00000000    
   26.2500000       12.9889879       1.00000000    
   30.0000000       12.9889879       1.00000000    
   33.7500000       12.9889879       1.00000000    
   37.5000000       12.9889879       1.00000000    
   41.2500000       12.9889879       1.00000000    
   45.0000000       12.9889879      0.289648175    
   48.7500000       12.9889879       0.00000000    
   52.5000000       12.9889879       0.00000000    
   56.2500000       12.9889879       0.00000000    
   60.0000000       12.9889879       0.00000000    
   63.7500000       12.9889879       0.00000000    
   67.5000000       12.9889879       0.00000000    
   71.2500000       12.9889879       0.00000000    
   75.0000000       12.9889879      0.721230984    
   78.7500000       12.9889879      0.999974847    
   82.5000000       12.9889879       0.00000000    
   86.2500000       12.9889879       0.00000000    
   90.0000000       12.9889879       0.00000000    
   93.7500000       12.9889879       0.00000000    
   97.5000000       12.9889879       0.00000000    
   101.250000       12.9889879      0.837345958    
   105.000000       12.9889879      0.983302951    
   108.750000       12.9889879      0.992615819    
   112.500000       12.9889879       0.00000000    
   116.250000       12.9889879       0.00000000    
   120.000000       12.9889879       0.00000000    
   123.750000       12.9889879      0.197394609    
   127.500000       12.9889879       0.00000000    
   131.250000       12.9889879       0.00000000    
   135.000000       12.9889879       0.00000000    
   138.750000       12.9889879       0.00000000    
   142.500000       12.9889879       0.00000000    
   146.250000       12.9889879       0.00000000    
   150.000000       12.9889879       0.00000000    
   153.750000       12.9889879       0.00000000    
   157.500000       12.9889879       0.00000000    
   161.250000       12.9889879       0.00000000    
   165.000000       12.9889879       0.00000000    
   168.750000       12.9889879       0.00000000    
   172.500000       12.9889879       0.00000000    
   176.250000       12.9889879       0.00000000    
   180.000000       12.9889879       0.00000000    
   183.750000       12.9889879       0.00000000    
   187.500000       12.9889879       0.00000000    
   191.250000       12.9889879       0.00000000    
   195.000000       12.9889879       0.00000000    
   198.750000       12.9889879       0.00000000    
   202.500000       12.9889879       0.00000000    
   206.250000       12.9889879       0.00000000    
   210.000000       12.9889879       0.00000000    
   213.750000       12.9889879       0.00000000    
   217.500000       12.9889879       0.00000000    
   221.250000       12.9889879       0.00000000    
   225.000000       12.9889879       0.00000000    
   228.750000       12.9889879       0.00000000    
   232.500000       12.9889879       0.00000000    
   236.250000       12.9889879       0.00000000    
   240.000000       12.9889879       0.00000000    
   243.750000       12.9889879       0.00000000    
   247.500000       12.9889879       0.00000000    
   251.250000       12.9889879       0.00000000    
   255.000000       12.9889879       0.00000000    
   258.750000       12.9889879       0.00000000    
   262.500000       12.9889879       0.00000000    
   266.250000       12.9889879       0.00000000    
   270.000000       12.9889879       0.00000000    
   273.750000       12.9889879      0.999345183    
   277.500000       12.9889879       0.00000000    
   281.250000       12.9889879       0.00000000    
   285.000000       12.9889879       0.00000000    
   288.750000       12.9889879       1.13664865E-02
   292.500000       12.9889879       0.00000000    
   296.250000       12.9889879       0.00000000    
   300.000000       12.9889879       0.00000000    
   303.750000       12.9889879       0.00000000    
   307.500000       12.9889879       0.00000000    
   311.250000       12.9889879       0.00000000    
   315.000000       12.9889879       0.00000000    
   318.750000       12.9889879       0.00000000    
   322.500000       12.9889879       0.00000000    
   326.250000       12.9889879       0.00000000    
   330.000000       12.9889879       0.00000000    
   333.750000       12.9889879       0.00000000    
   337.500000       12.9889879       0.00000000    
   341.250000       12.9889879       0.00000000    
   345.000000       12.9889879      0.997064948    
   348.750000       12.9889879       1.00000000    
   352.500000       12.9889879      0.984967351    
   356.250000       12.9889879       1.00000000    
   360.000000       12.9889879      0.998147368    
   0.00000000       16.7001171      0.987787843    
   3.75000000       16.7001171       1.00000000    
   7.50000000       16.7001171       1.00000000    
   11.2500000       16.7001171       1.00000000    
   15.0000000       16.7001171       1.00000000    
   18.7500000       16.7001171       1.00000000    
   22.5000000       16.7001171       1.00000000    
   26.2500000       16.7001171       1.00000000    
   30.0000000       16.7001171       1.00000000    
   33.7500000       16.7001171      0.999858856    
   37.5000000       16.7001171       1.00000000    
   41.2500000       16.7001171       0.00000000    
   45.0000000       16.7001171       1.00000000    
   48.7500000       16.7001171       1.00000000    
   52.5000000       16.7001171      0.644130230    
   56.2500000       16.7001171       0.00000000    
   60.0000000       16.7001171       0.00000000    
   63.7500000       16.7001171       0.00000000    
   67.5000000       16.7001171       0.00000000    
   71.2500000       16.7001171       0.00000000    
   75.0000000       16.7001171      0.996844530    
   78.7500000       16.7001171      0.996827364    
   82.5000000       16.7001171       3.45840454E-02
   86.2500000       16.7001171       0.00000000    
   90.0000000       16.7001171       0.00000000    
   93.7500000       16.7001171       0.00000000    
   97.5000000       16.7001171      0.571062446    
   101.250000       16.7001171      0.998824120    
   105.000000       16.7001171      0.965557575    
   108.750000       16.7001171       0.00000000    
   112.500000       16.7001171       0.00000000    
   116.250000       16.7001171       0.00000000    
   120.000000       16.7001171       5.87941408E-02
   123.750000       16.7001171       0.00000000    
   127.500000       16.7001171       0.00000000    
   131.250000       16.7001171       0.00000000    
   135.000000       16.7001171       0.00000000    
   138.750000       16.7001171       0.00000000    
   142.500000       16.7001171       0.00000000    
   146.250000       16.7001171       0.00000000    
   150.000000       16.7001171       0.00000000    
   153.750000       16.7001171       0.00000000    
   157.500000       16.7001171       0.00000000    
   161.250000       16.7001171       0.00000000    
   165.000000       16.7001171       0.00000000    
   168.750000       16.7001171       0.00000000    
   172.500000       16.7001171       0.00000000    
   176.250000       16.7001171       0.00000000    
   180.000000       16.7001171       0.00000000    
   183.750000       16.7001171       0.00000000    
   187.500000       16.7001171       0.00000000    
   191.250000       16.7001171       0.00000000    
   195.000000       16.7001171       0.00000000    
   198.750000       16.7001171       0.00000000    
   202.500000       16.7001171       0.00000000    
   206.250000       16.7001171       0.00000000    
   210.000000       16.7001171       0.00000000    
   213.750000       16.7001171       0.00000000    
   217.500000       16.7001171       0.00000000    
   221.250000       16.7001171       0.00000000    
   225.000000       16.7001171       0.00000000    
   228.750000       16.7001171       0.00000000    
   232.500000       16.7001171       0.00000000    
   236.250000       16.7001171       0.00000000    
   240.000000       16.7001171       0.00000000    
   243.750000       16.7001171       0.00000000    
   247.500000       16.7001171       0.00000000    
   251.250000       16.7001171       0.00000000    
   255.000000       16.7001171       0.00000000    
   258.750000       16.7001171       0.00000000    
   262.500000       16.7001171       1.00000000    
   266.250000       16.7001171      0.999227166    
   270.000000       16.7001171      0.998463631    
   273.750000       16.7001171       4.11565304E-02
   277.500000       16.7001171       0.00000000    
   281.250000       16.7001171       0.00000000    
   285.000000       16.7001171       0.00000000    
   288.750000       16.7001171       0.00000000    
   292.500000       16.7001171       0.00000000    
   296.250000       16.7001171       0.00000000    
   300.000000       16.7001171       0.00000000    
   303.750000       16.7001171       0.00000000    
   307.500000       16.7001171       0.00000000    
   311.250000       16.7001171       0.00000000    
   315.000000       16.7001171       0.00000000    
   318.750000       16.7001171       0.00000000    
   322.500000       16.7001171       0.00000000    
   326.250000       16.7001171       0.00000000    
   330.000000       16.7001171       0.00000000    
   333.750000       16.7001171       0.00000000    
   337.500000       16.7001171       0.00000000    
   341.250000       16.7001171       0.00000000    
   345.000000       16.7001171      0.997342944    
   348.750000       16.7001171       1.00000000    
   352.500000       16.7001171       1.00000000    
   356.250000       16.7001171      0.982647538    
   360.000000       16.7001171      0.987787843    
   0.00000000       20.4112377       1.00000000    
   3.75000000       20.4112377       1.00000000    
   7.50000000       20.4112377       1.00000000    
   11.2500000       20.4112377       1.00000000    
   15.0000000       20.4112377       1.00000000    
   18.7500000       20.4112377       1.00000000    
   22.5000000       20.4112377       1.00000000    
   26.2500000       20.4112377       1.00000000    
   30.0000000       20.4112377       1.00000000    
   33.7500000       20.4112377       1.00000000    
   37.5000000       20.4112377       1.21951103E-04
   41.2500000       20.4112377       1.00000000    
   45.0000000       20.4112377       1.00000000    
   48.7500000       20.4112377       1.00000000    
   52.5000000       20.4112377       1.00000000    
   56.2500000       20.4112377       1.00000000    
   60.0000000       20.4112377       0.00000000    
   63.7500000       20.4112377       0.00000000    
   67.5000000       20.4112377       0.00000000    
   71.2500000       20.4112377       0.00000000    
   75.0000000       20.4112377      0.994417429    
   78.7500000       20.4112377      0.995753288    
   82.5000000       20.4112377      0.996808529    
   86.2500000       20.4112377      0.904026270    
   90.0000000       20.4112377       0.00000000    
   93.7500000       20.4112377      0.995171905    
   97.5000000       20.4112377       1.00000000    
   101.250000       20.4112377       1.00000000    
   105.000000       20.4112377      0.999999762    
   108.750000       20.4112377       0.00000000    
   112.500000       20.4112377       0.00000000    
   116.250000       20.4112377       0.00000000    
   120.000000       20.4112377       0.00000000    
   123.750000       20.4112377       0.00000000    
   127.500000       20.4112377       0.00000000    
   131.250000       20.4112377       0.00000000    
   135.000000       20.4112377       0.00000000    
   138.750000       20.4112377       0.00000000    
   142.500000       20.4112377       0.00000000    
   146.250000       20.4112377       0.00000000    
   150.000000       20.4112377       0.00000000    
   153.750000       20.4112377       0.00000000    
   157.500000       20.4112377       0.00000000    
   161.250000       20.4112377       0.00000000    
   165.000000       20.4112377       0.00000000    
   168.750000       20.4112377       0.00000000    
   172.500000       20.4112377       0.00000000    
   176.250000       20.4112377       0.00000000    
   180.000000       20.4112377       0.00000000    
   183.750000       20.4112377       0.00000000    
   187.500000       20.4112377       0.00000000    
   191.250000       20.4112377       0.00000000    
   195.000000       20.4112377       0.00000000    
   198.750000       20.4112377       0.00000000    
   202.500000       20.4112377       0.00000000    
   206.250000       20.4112377       0.00000000    
   210.000000       20.4112377       0.00000000    
   213.750000       20.4112377       0.00000000    
   217.500000       20.4112377       0.00000000    
   221.250000       20.4112377       0.00000000    
   225.000000       20.4112377       0.00000000    
   228.750000       20.4112377       0.00000000    
   232.500000       20.4112377       0.00000000    
   236.250000       20.4112377       0.00000000    
   240.000000       20.4112377       0.00000000    
   243.750000       20.4112377       0.00000000    
   247.500000       20.4112377       0.00000000    
   251.250000       20.4112377       0.00000000    
   255.000000       20.4112377      0.999836683    
   258.750000       20.4112377      0.963799238    
   262.500000       20.4112377      0.997593045    
   266.250000       20.4112377       0.00000000    
   270.000000       20.4112377       1.00000000    
   273.750000       20.4112377       0.00000000    
   277.500000       20.4112377       0.00000000    
   281.250000       20.4112377       0.00000000    
   285.000000       20.4112377      0.954003215    
   288.750000       20.4112377       3.21865082E-06
   292.500000       20.4112377       0.00000000    
   296.250000       20.4112377       0.00000000    
   300.000000       20.4112377       0.00000000    
   303.750000       20.4112377       0.00000000    
   307.500000       20.4112377       0.00000000    
   311.250000       20.4112377       0.00000000    
   315.000000       20.4112377       0.00000000    
   318.750000       20.4112377       0.00000000    
   322.500000       20.4112377       0.00000000    
   326.250000       20.4112377       0.00000000    
   330.000000       20.4112377       0.00000000    
   333.750000       20.4112377       0.00000000    
   337.500000       20.4112377       0.00000000    
   341.250000       20.4112377       0.00000000    
   345.000000       20.4112377       1.00000000    
   348.750000       20.4112377       1.00000000    
   352.500000       20.4112377       1.00000000    
   356.250000       20.4112377       1.00000000    
   360.000000       20.4112377       1.00000000    
   0.00000000       24.1223469       1.00000000    
   3.75000000       24.1223469       1.00000000    
   7.50000000       24.1223469       1.00000000    
   11.2500000       24.1223469       1.00000000    
   15.0000000       24.1223469       1.00000000    
   18.7500000       24.1223469       1.00000000    
   22.5000000       24.1223469       1.00000000    
   26.2500000       24.1223469       1.00000000    
   30.0000000       24.1223469       1.00000000    
   33.7500000       24.1223469       1.00000000    
   37.5000000       24.1223469       0.00000000    
   41.2500000       24.1223469       1.00000000    
   45.0000000       24.1223469       1.00000000    
   48.7500000       24.1223469       1.00000000    
   52.5000000       24.1223469      0.823145509    
   56.2500000       24.1223469       1.00000000    
   60.0000000       24.1223469       0.00000000    
   63.7500000       24.1223469       0.00000000    
   67.5000000       24.1223469      0.559478164    
   71.2500000       24.1223469       1.00000000    
   75.0000000       24.1223469      0.998626232    
   78.7500000       24.1223469      0.999795675    
   82.5000000       24.1223469      0.987160802    
   86.2500000       24.1223469      0.997908235    
   90.0000000       24.1223469      0.972764492    
   93.7500000       24.1223469       1.00000000    
   97.5000000       24.1223469      0.999943852    
   101.250000       24.1223469       1.00000000    
   105.000000       24.1223469      0.999227524    
   108.750000       24.1223469      0.997574449    
   112.500000       24.1223469      0.999953985    
   116.250000       24.1223469      0.988941669    
   120.000000       24.1223469       2.45094299E-04
   123.750000       24.1223469       3.38256359E-03
   127.500000       24.1223469       0.00000000    
   131.250000       24.1223469       0.00000000    
   135.000000       24.1223469       0.00000000    
   138.750000       24.1223469       0.00000000    
   142.500000       24.1223469       0.00000000    
   146.250000       24.1223469       0.00000000    
   150.000000       24.1223469       0.00000000    
   153.750000       24.1223469       0.00000000    
   157.500000       24.1223469       0.00000000    
   161.250000       24.1223469       0.00000000    
   165.000000       24.1223469       0.00000000    
   168.750000       24.1223469       0.00000000    
   172.500000       24.1223469       0.00000000    
   176.250000       24.1223469       0.00000000    
   180.000000       24.1223469       0.00000000    
   183.750000       24.1223469       0.00000000    
   187.500000       24.1223469       0.00000000    
   191.250000       24.1223469       0.00000000    
   195.000000       24.1223469       0.00000000    
   198.750000       24.1223469       0.00000000    
   202.500000       24.1223469       0.00000000    
   206.250000       24.1223469       0.00000000    
   210.000000       24.1223469       0.00000000    
   213.750000       24.1223469       0.00000000    
   217.500000       24.1223469       0.00000000    
   221.250000       24.1223469       0.00000000    
   225.000000       24.1223469       0.00000000    
   228.750000       24.1223469       0.00000000    
   232.500000       24.1223469       0.00000000    
   236.250000       24.1223469       0.00000000    
   240.000000       24.1223469       0.00000000    
   243.750000       24.1223469       0.00000000    
   247.500000       24.1223469       0.00000000    
   251.250000       24.1223469       0.00000000    
   255.000000       24.1223469       1.00000000    
   258.750000       24.1223469      0.999749541    
   262.500000       24.1223469       0.00000000    
   266.250000       24.1223469       0.00000000    
   270.000000       24.1223469       0.00000000    
   273.750000       24.1223469       0.00000000    
   277.500000       24.1223469       0.00000000    
   281.250000       24.1223469       0.00000000    
   285.000000       24.1223469       2.53617764E-03
   288.750000       24.1223469       0.00000000    
   292.500000       24.1223469       0.00000000    
   296.250000       24.1223469       0.00000000    
   300.000000       24.1223469       0.00000000    
   303.750000       24.1223469       0.00000000    
   307.500000       24.1223469       0.00000000    
   311.250000       24.1223469       0.00000000    
   315.000000       24.1223469       0.00000000    
   318.750000       24.1223469       0.00000000    
   322.500000       24.1223469       0.00000000    
   326.250000       24.1223469       0.00000000    
   330.000000       24.1223469       0.00000000    
   333.750000       24.1223469       0.00000000    
   337.500000       24.1223469       0.00000000    
   341.250000       24.1223469       0.00000000    
   345.000000       24.1223469       1.00000000    
   348.750000       24.1223469       1.00000000    
   352.500000       24.1223469       1.00000000    
   356.250000       24.1223469       1.00000000    
   360.000000       24.1223469       1.00000000    
   0.00000000       27.8334446       1.00000000    
   3.75000000       27.8334446       1.00000000    
   7.50000000       27.8334446       1.00000000    
   11.2500000       27.8334446       1.00000000    
   15.0000000       27.8334446       1.00000000    
   18.7500000       27.8334446       1.00000000    
   22.5000000       27.8334446       1.00000000    
   26.2500000       27.8334446       1.00000000    
   30.0000000       27.8334446       1.00000000    
   33.7500000       27.8334446      0.159190655    
   37.5000000       27.8334446       1.00000000    
   41.2500000       27.8334446       1.00000000    
   45.0000000       27.8334446       1.00000000    
   48.7500000       27.8334446      0.655954957    
   52.5000000       27.8334446      0.865170598    
   56.2500000       27.8334446       1.00000000    
   60.0000000       27.8334446       1.00000000    
   63.7500000       27.8334446       1.00000000    
   67.5000000       27.8334446      0.999959826    
   71.2500000       27.8334446       1.00000000    
   75.0000000       27.8334446       1.00000000    
   78.7500000       27.8334446      0.999507546    
   82.5000000       27.8334446      0.996770501    
   86.2500000       27.8334446      0.999979138    
   90.0000000       27.8334446      0.998958588    
   93.7500000       27.8334446       1.00000000    
   97.5000000       27.8334446       1.00000000    
   101.250000       27.8334446      0.999799132    
   105.000000       27.8334446      0.999939799    
   108.750000       27.8334446      0.999980569    
   112.500000       27.8334446      0.996768355    
   116.250000       27.8334446      0.986991405    
   120.000000       27.8334446      0.999851227    
   123.750000       27.8334446       0.00000000    
   127.500000       27.8334446       0.00000000    
   131.250000       27.8334446       0.00000000    
   135.000000       27.8334446       0.00000000    
   138.750000       27.8334446       0.00000000    
   142.500000       27.8334446       0.00000000    
   146.250000       27.8334446       0.00000000    
   150.000000       27.8334446       0.00000000    
   153.750000       27.8334446       0.00000000    
   157.500000       27.8334446       0.00000000    
   161.250000       27.8334446       0.00000000    
   165.000000       27.8334446       0.00000000    
   168.750000       27.8334446       0.00000000    
   172.500000       27.8334446       0.00000000    
   176.250000       27.8334446       0.00000000    
   180.000000       27.8334446       0.00000000    
   183.750000       27.8334446       0.00000000    
   187.500000       27.8334446       0.00000000    
   191.250000       27.8334446       0.00000000    
   195.000000       27.8334446       0.00000000    
   198.750000       27.8334446       0.00000000    
   202.500000       27.8334446       0.00000000    
   206.250000       27.8334446       0.00000000    
   210.000000       27.8334446       0.00000000    
   213.750000       27.8334446       0.00000000    
   217.500000       27.8334446       0.00000000    
   221.250000       27.8334446       0.00000000    
   225.000000       27.8334446       0.00000000    
   228.750000       27.8334446       0.00000000    
   232.500000       27.8334446       0.00000000    
   236.250000       27.8334446       0.00000000    
   240.000000       27.8334446       0.00000000    
   243.750000       27.8334446       0.00000000    
   247.500000       27.8334446      0.209649444    
   251.250000       27.8334446       1.00000000    
   255.000000       27.8334446       1.00000000    
   258.750000       27.8334446      0.999960184    
   262.500000       27.8334446      0.963722467    
   266.250000       27.8334446       0.00000000    
   270.000000       27.8334446       0.00000000    
   273.750000       27.8334446       0.00000000    
   277.500000       27.8334446      0.590012908    
   281.250000       27.8334446       0.00000000    
   285.000000       27.8334446       0.00000000    
   288.750000       27.8334446       0.00000000    
   292.500000       27.8334446       0.00000000    
   296.250000       27.8334446       0.00000000    
   300.000000       27.8334446       0.00000000    
   303.750000       27.8334446       0.00000000    
   307.500000       27.8334446       0.00000000    
   311.250000       27.8334446       0.00000000    
   315.000000       27.8334446       0.00000000    
   318.750000       27.8334446       0.00000000    
   322.500000       27.8334446       0.00000000    
   326.250000       27.8334446       0.00000000    
   330.000000       27.8334446       0.00000000    
   333.750000       27.8334446       0.00000000    
   337.500000       27.8334446       0.00000000    
   341.250000       27.8334446       0.00000000    
   345.000000       27.8334446       0.00000000    
   348.750000       27.8334446       1.00000000    
   352.500000       27.8334446       1.00000000    
   356.250000       27.8334446       1.00000000    
   360.000000       27.8334446       1.00000000    
   0.00000000       31.5445251       1.00000000    
   3.75000000       31.5445251       1.00000000    
   7.50000000       31.5445251       1.00000000    
   11.2500000       31.5445251       1.00000000    
   15.0000000       31.5445251       1.00000000    
   18.7500000       31.5445251       0.00000000    
   22.5000000       31.5445251       1.00000000    
   26.2500000       31.5445251      0.567908645    
   30.0000000       31.5445251       4.43801880E-02
   33.7500000       31.5445251       0.00000000    
   37.5000000       31.5445251       1.00000000    
   41.2500000       31.5445251       1.00000000    
   45.0000000       31.5445251      0.996753454    
   48.7500000       31.5445251      0.993454576    
   52.5000000       31.5445251       1.00000000    
   56.2500000       31.5445251       1.00000000    
   60.0000000       31.5445251       1.00000000    
   63.7500000       31.5445251       1.00000000    
   67.5000000       31.5445251       1.00000000    
   71.2500000       31.5445251      0.993256569    
   75.0000000       31.5445251      0.993164062    
   78.7500000       31.5445251       1.00000000    
   82.5000000       31.5445251      0.998299241    
   86.2500000       31.5445251      0.998228431    
   90.0000000       31.5445251      0.998513103    
   93.7500000       31.5445251       1.00000000    
   97.5000000       31.5445251       1.00000000    
   101.250000       31.5445251      0.999900103    
   105.000000       31.5445251      0.991263032    
   108.750000       31.5445251       1.00000000    
   112.500000       31.5445251      0.979258537    
   116.250000       31.5445251      0.976560950    
   120.000000       31.5445251      0.681985259    
   123.750000       31.5445251       0.00000000    
   127.500000       31.5445251       0.00000000    
   131.250000       31.5445251      0.630437255    
   135.000000       31.5445251       0.00000000    
   138.750000       31.5445251       0.00000000    
   142.500000       31.5445251       0.00000000    
   146.250000       31.5445251       0.00000000    
   150.000000       31.5445251       0.00000000    
   153.750000       31.5445251       0.00000000    
   157.500000       31.5445251       0.00000000    
   161.250000       31.5445251       0.00000000    
   165.000000       31.5445251       0.00000000    
   168.750000       31.5445251       0.00000000    
   172.500000       31.5445251       0.00000000    
   176.250000       31.5445251       0.00000000    
   180.000000       31.5445251       0.00000000    
   183.750000       31.5445251       0.00000000    
   187.500000       31.5445251       0.00000000    
   191.250000       31.5445251       0.00000000    
   195.000000       31.5445251       0.00000000    
   198.750000       31.5445251       0.00000000    
   202.500000       31.5445251       0.00000000    
   206.250000       31.5445251       0.00000000    
   210.000000       31.5445251       0.00000000    
   213.750000       31.5445251       0.00000000    
   217.500000       31.5445251       0.00000000    
   221.250000       31.5445251       0.00000000    
   225.000000       31.5445251       0.00000000    
   228.750000       31.5445251       0.00000000    
   232.500000       31.5445251       0.00000000    
   236.250000       31.5445251       0.00000000    
   240.000000       31.5445251       0.00000000    
   243.750000       31.5445251      0.818579197    
   247.500000       31.5445251       1.00000000    
   251.250000       31.5445251       1.00000000    
   255.000000       31.5445251       1.00000000    
   258.750000       31.5445251       1.00000000    
   262.500000       31.5445251      0.999090433    
   266.250000       31.5445251      0.724544287    
   270.000000       31.5445251      0.995488286    
   273.750000       31.5445251      0.994009376    
   277.500000       31.5445251      0.999764562    
   281.250000       31.5445251       0.00000000    
   285.000000       31.5445251       0.00000000    
   288.750000       31.5445251       0.00000000    
   292.500000       31.5445251       0.00000000    
   296.250000       31.5445251       0.00000000    
   300.000000       31.5445251       0.00000000    
   303.750000       31.5445251       0.00000000    
   307.500000       31.5445251       0.00000000    
   311.250000       31.5445251       0.00000000    
   315.000000       31.5445251       0.00000000    
   318.750000       31.5445251       0.00000000    
   322.500000       31.5445251       0.00000000    
   326.250000       31.5445251       0.00000000    
   330.000000       31.5445251       0.00000000    
   333.750000       31.5445251       0.00000000    
   337.500000       31.5445251       0.00000000    
   341.250000       31.5445251       0.00000000    
   345.000000       31.5445251       0.00000000    
   348.750000       31.5445251       0.00000000    
   352.500000       31.5445251      0.997415662    
   356.250000       31.5445251       1.00000000    
   360.000000       31.5445251       1.00000000    
   0.00000000       35.2555809      0.994844198    
   3.75000000       35.2555809       1.00000000    
   7.50000000       35.2555809      0.999628067    
   11.2500000       35.2555809      0.189989805    
   15.0000000       35.2555809       0.00000000    
   18.7500000       35.2555809       0.00000000    
   22.5000000       35.2555809       0.00000000    
   26.2500000       35.2555809      0.177704453    
   30.0000000       35.2555809       0.00000000    
   33.7500000       35.2555809      0.786582828    
   37.5000000       35.2555809       1.00000000    
   41.2500000       35.2555809      0.999320388    
   45.0000000       35.2555809       1.00000000    
   48.7500000       35.2555809       1.00000000    
   52.5000000       35.2555809       1.00000000    
   56.2500000       35.2555809       1.00000000    
   60.0000000       35.2555809      0.999936700    
   63.7500000       35.2555809      0.999854684    
   67.5000000       35.2555809      0.999943495    
   71.2500000       35.2555809       1.00000000    
   75.0000000       35.2555809       1.00000000    
   78.7500000       35.2555809      0.999495983    
   82.5000000       35.2555809      0.997980475    
   86.2500000       35.2555809      0.989924788    
   90.0000000       35.2555809      0.878679156    
   93.7500000       35.2555809      0.993263125    
   97.5000000       35.2555809      0.965300441    
   101.250000       35.2555809       1.00000000    
   105.000000       35.2555809      0.999801040    
   108.750000       35.2555809      0.999982357    
   112.500000       35.2555809      0.999029636    
   116.250000       35.2555809      0.993117452    
   120.000000       35.2555809       0.00000000    
   123.750000       35.2555809       0.00000000    
   127.500000       35.2555809      0.993846416    
   131.250000       35.2555809       0.00000000    
   135.000000       35.2555809      0.999037147    
   138.750000       35.2555809      0.923636317    
   142.500000       35.2555809       0.00000000    
   146.250000       35.2555809       0.00000000    
   150.000000       35.2555809       0.00000000    
   153.750000       35.2555809       0.00000000    
   157.500000       35.2555809       0.00000000    
   161.250000       35.2555809       0.00000000    
   165.000000       35.2555809       0.00000000    
   168.750000       35.2555809       0.00000000    
   172.500000       35.2555809       0.00000000    
   176.250000       35.2555809       0.00000000    
   180.000000       35.2555809       0.00000000    
   183.750000       35.2555809       0.00000000    
   187.500000       35.2555809       0.00000000    
   191.250000       35.2555809       0.00000000    
   195.000000       35.2555809       0.00000000    
   198.750000       35.2555809       0.00000000    
   202.500000       35.2555809       0.00000000    
   206.250000       35.2555809       0.00000000    
   210.000000       35.2555809       0.00000000    
   213.750000       35.2555809       0.00000000    
   217.500000       35.2555809       0.00000000    
   221.250000       35.2555809       0.00000000    
   225.000000       35.2555809       0.00000000    
   228.750000       35.2555809       0.00000000    
   232.500000       35.2555809       0.00000000    
   236.250000       35.2555809       0.00000000    
   240.000000       35.2555809      0.989830375    
   243.750000       35.2555809       1.00000000    
   247.500000       35.2555809       1.00000000    
   251.250000       35.2555809      0.999835730    
   255.000000       35.2555809       1.00000000    
   258.750000       35.2555809      0.998020411    
   262.500000       35.2555809      0.974462152    
   266.250000       35.2555809      0.987834573    
   270.000000       35.2555809      0.946536183    
   273.750000       35.2555809      0.966043115    
   277.500000       35.2555809      0.994980693    
   281.250000       35.2555809      0.996112823    
   285.000000       35.2555809       0.00000000    
   288.750000       35.2555809       0.00000000    
   292.500000       35.2555809       0.00000000    
   296.250000       35.2555809       0.00000000    
   300.000000       35.2555809       0.00000000    
   303.750000       35.2555809       0.00000000    
   307.500000       35.2555809       0.00000000    
   311.250000       35.2555809       0.00000000    
   315.000000       35.2555809       0.00000000    
   318.750000       35.2555809       0.00000000    
   322.500000       35.2555809       0.00000000    
   326.250000       35.2555809       0.00000000    
   330.000000       35.2555809       0.00000000    
   333.750000       35.2555809       0.00000000    
   337.500000       35.2555809       0.00000000    
   341.250000       35.2555809       0.00000000    
   345.000000       35.2555809       0.00000000    
   348.750000       35.2555809       0.00000000    
   352.500000       35.2555809       0.00000000    
   356.250000       35.2555809      0.428432465    
   360.000000       35.2555809      0.994844198    
   0.00000000       38.9666100      0.507029414    
   3.75000000       38.9666100       0.00000000    
   7.50000000       38.9666100       0.00000000    
   11.2500000       38.9666100       0.00000000    
   15.0000000       38.9666100       4.60398197E-03
   18.7500000       38.9666100       0.00000000    
   22.5000000       38.9666100      0.963671565    
   26.2500000       38.9666100      0.203312993    
   30.0000000       38.9666100      0.999992490    
   33.7500000       38.9666100      0.850630641    
   37.5000000       38.9666100      0.999990225    
   41.2500000       38.9666100       1.00000000    
   45.0000000       38.9666100       1.00000000    
   48.7500000       38.9666100      0.673218250    
   52.5000000       38.9666100       0.00000000    
   56.2500000       38.9666100       1.00000000    
   60.0000000       38.9666100      0.999124050    
   63.7500000       38.9666100      0.992506266    
   67.5000000       38.9666100       1.00000000    
   71.2500000       38.9666100      0.999996305    
   75.0000000       38.9666100      0.996892929    
   78.7500000       38.9666100       1.00000000    
   82.5000000       38.9666100       1.00000000    
   86.2500000       38.9666100      0.999886632    
   90.0000000       38.9666100      0.998562455    
   93.7500000       38.9666100      0.992630124    
   97.5000000       38.9666100      0.999843359    
   101.250000       38.9666100      0.999699950    
   105.000000       38.9666100      0.998491287    
   108.750000       38.9666100      0.998273492    
   112.500000       38.9666100      0.998893499    
   116.250000       38.9666100      0.975428462    
   120.000000       38.9666100       0.00000000    
   123.750000       38.9666100       0.00000000    
   127.500000       38.9666100      0.998070836    
   131.250000       38.9666100       0.00000000    
   135.000000       38.9666100       0.00000000    
   138.750000       38.9666100       0.00000000    
   142.500000       38.9666100       0.00000000    
   146.250000       38.9666100       0.00000000    
   150.000000       38.9666100       0.00000000    
   153.750000       38.9666100       0.00000000    
   157.500000       38.9666100       0.00000000    
   161.250000       38.9666100       0.00000000    
   165.000000       38.9666100       0.00000000    
   168.750000       38.9666100       0.00000000    
   172.500000       38.9666100       0.00000000    
   176.250000       38.9666100       0.00000000    
   180.000000       38.9666100       0.00000000    
   183.750000       38.9666100       0.00000000    
   187.500000       38.9666100       0.00000000    
   191.250000       38.9666100       0.00000000    
   195.000000       38.9666100       0.00000000    
   198.750000       38.9666100       0.00000000    
   202.500000       38.9666100       0.00000000    
   206.250000       38.9666100       0.00000000    
   210.000000       38.9666100       0.00000000    
   213.750000       38.9666100       0.00000000    
   217.500000       38.9666100       0.00000000    
   221.250000       38.9666100       0.00000000    
   225.000000       38.9666100       0.00000000    
   228.750000       38.9666100       0.00000000    
   232.500000       38.9666100       0.00000000    
   236.250000       38.9666100      0.106640816    
   240.000000       38.9666100      0.973370671    
   243.750000       38.9666100      0.999455810    
   247.500000       38.9666100      0.991926551    
   251.250000       38.9666100       1.00000000    
   255.000000       38.9666100      0.999345541    
   258.750000       38.9666100      0.999955058    
   262.500000       38.9666100      0.999848485    
   266.250000       38.9666100      0.998599648    
   270.000000       38.9666100      0.979589462    
   273.750000       38.9666100      0.991506100    
   277.500000       38.9666100      0.989382863    
   281.250000       38.9666100      0.999934435    
   285.000000       38.9666100      0.125305772    
   288.750000       38.9666100       0.00000000    
   292.500000       38.9666100       0.00000000    
   296.250000       38.9666100       0.00000000    
   300.000000       38.9666100       0.00000000    
   303.750000       38.9666100       0.00000000    
   307.500000       38.9666100       0.00000000    
   311.250000       38.9666100       0.00000000    
   315.000000       38.9666100       0.00000000    
   318.750000       38.9666100       0.00000000    
   322.500000       38.9666100       0.00000000    
   326.250000       38.9666100       0.00000000    
   330.000000       38.9666100       0.00000000    
   333.750000       38.9666100       0.00000000    
   337.500000       38.9666100       0.00000000    
   341.250000       38.9666100       0.00000000    
   345.000000       38.9666100       0.00000000    
   348.750000       38.9666100       0.00000000    
   352.500000       38.9666100      0.998572707    
   356.250000       38.9666100      0.999027133    
   360.000000       38.9666100      0.507029414    
   0.00000000       42.6776047      0.998639703    
   3.75000000       42.6776047       0.00000000    
   7.50000000       42.6776047       0.00000000    
   11.2500000       42.6776047      0.556308746    
   15.0000000       42.6776047       1.93965435E-03
   18.7500000       42.6776047      0.735617638    
   22.5000000       42.6776047      0.999990225    
   26.2500000       42.6776047      0.997301579    
   30.0000000       42.6776047       0.00000000    
   33.7500000       42.6776047       0.00000000    
   37.5000000       42.6776047       0.00000000    
   41.2500000       42.6776047       6.26977682E-02
   45.0000000       42.6776047      0.999345303    
   48.7500000       42.6776047       0.00000000    
   52.5000000       42.6776047      0.252150893    
   56.2500000       42.6776047      0.999907851    
   60.0000000       42.6776047      0.999727726    
   63.7500000       42.6776047       1.00000000    
   67.5000000       42.6776047       1.00000000    
   71.2500000       42.6776047      0.994758964    
   75.0000000       42.6776047      0.999277353    
   78.7500000       42.6776047      0.999302983    
   82.5000000       42.6776047      0.999019742    
   86.2500000       42.6776047       1.00000000    
   90.0000000       42.6776047       1.00000000    
   93.7500000       42.6776047      0.999871373    
   97.5000000       42.6776047       1.00000000    
   101.250000       42.6776047      0.999697328    
   105.000000       42.6776047       1.00000000    
   108.750000       42.6776047       1.00000000    
   112.500000       42.6776047      0.999672651    
   116.250000       42.6776047      0.989919186    
   120.000000       42.6776047      0.997972965    
   123.750000       42.6776047      0.991021395    
   127.500000       42.6776047      0.982853174    
   131.250000       42.6776047       7.99509287E-02
   135.000000       42.6776047       0.00000000    
   138.750000       42.6776047       0.00000000    
   142.500000       42.6776047      0.761773586    
   146.250000       42.6776047       0.00000000    
   150.000000       42.6776047       0.00000000    
   153.750000       42.6776047       0.00000000    
   157.500000       42.6776047       0.00000000    
   161.250000       42.6776047       0.00000000    
   165.000000       42.6776047       0.00000000    
   168.750000       42.6776047       0.00000000    
   172.500000       42.6776047       0.00000000    
   176.250000       42.6776047       0.00000000    
   180.000000       42.6776047       0.00000000    
   183.750000       42.6776047       0.00000000    
   187.500000       42.6776047       0.00000000    
   191.250000       42.6776047       0.00000000    
   195.000000       42.6776047       0.00000000    
   198.750000       42.6776047       0.00000000    
   202.500000       42.6776047       0.00000000    
   206.250000       42.6776047       0.00000000    
   210.000000       42.6776047       0.00000000    
   213.750000       42.6776047       0.00000000    
   217.500000       42.6776047       0.00000000    
   221.250000       42.6776047       0.00000000    
   225.000000       42.6776047       0.00000000    
   228.750000       42.6776047       0.00000000    
   232.500000       42.6776047       0.00000000    
   236.250000       42.6776047      0.999909043    
   240.000000       42.6776047      0.966141343    
   243.750000       42.6776047      0.997637868    
   247.500000       42.6776047       1.00000000    
   251.250000       42.6776047      0.998398185    
   255.000000       42.6776047      0.981023073    
   258.750000       42.6776047      0.992249370    
   262.500000       42.6776047      0.999996662    
   266.250000       42.6776047      0.995073915    
   270.000000       42.6776047      0.999711275    
   273.750000       42.6776047      0.423876762    
   277.500000       42.6776047      0.552074790    
   281.250000       42.6776047      0.997166395    
   285.000000       42.6776047      0.998481035    
   288.750000       42.6776047      0.947987437    
   292.500000       42.6776047       0.00000000    
   296.250000       42.6776047       0.00000000    
   300.000000       42.6776047       0.00000000    
   303.750000       42.6776047       0.00000000    
   307.500000       42.6776047       0.00000000    
   311.250000       42.6776047       0.00000000    
   315.000000       42.6776047       0.00000000    
   318.750000       42.6776047       0.00000000    
   322.500000       42.6776047       0.00000000    
   326.250000       42.6776047       0.00000000    
   330.000000       42.6776047       0.00000000    
   333.750000       42.6776047       0.00000000    
   337.500000       42.6776047       0.00000000    
   341.250000       42.6776047       0.00000000    
   345.000000       42.6776047       0.00000000    
   348.750000       42.6776047       0.00000000    
   352.500000       42.6776047      0.994881153    
   356.250000       42.6776047       1.00000000    
   360.000000       42.6776047      0.998639703    
   0.00000000       46.3885536      0.999469638    
   3.75000000       46.3885536      0.999990821    
   7.50000000       46.3885536      0.998866320    
   11.2500000       46.3885536      0.998314738    
   15.0000000       46.3885536      0.999126434    
   18.7500000       46.3885536      0.974740863    
   22.5000000       46.3885536       1.00000000    
   26.2500000       46.3885536      0.997824669    
   30.0000000       46.3885536      0.964928746    
   33.7500000       46.3885536      0.706307650    
   37.5000000       46.3885536       0.00000000    
   41.2500000       46.3885536      0.993117213    
   45.0000000       46.3885536      0.990756035    
   48.7500000       46.3885536      0.969349265    
   52.5000000       46.3885536       0.00000000    
   56.2500000       46.3885536      0.988517880    
   60.0000000       46.3885536      0.946777344    
   63.7500000       46.3885536      0.999995589    
   67.5000000       46.3885536       1.00000000    
   71.2500000       46.3885536       1.00000000    
   75.0000000       46.3885536      0.908628464    
   78.7500000       46.3885536      0.925314069    
   82.5000000       46.3885536       1.00000000    
   86.2500000       46.3885536       1.00000000    
   90.0000000       46.3885536       1.00000000    
   93.7500000       46.3885536      0.991858721    
   97.5000000       46.3885536      0.998308182    
   101.250000       46.3885536       1.00000000    
   105.000000       46.3885536      0.999626040    
   108.750000       46.3885536      0.999974251    
   112.500000       46.3885536      0.983526468    
   116.250000       46.3885536      0.999733210    
   120.000000       46.3885536       1.00000000    
   123.750000       46.3885536      0.959101081    
   127.500000       46.3885536      0.999163747    
   131.250000       46.3885536      0.999883771    
   135.000000       46.3885536       1.00000000    
   138.750000       46.3885536       0.00000000    
   142.500000       46.3885536       9.19830799E-03
   146.250000       46.3885536       0.00000000    
   150.000000       46.3885536       1.50632858E-03
   153.750000       46.3885536       0.00000000    
   157.500000       46.3885536       0.00000000    
   161.250000       46.3885536       0.00000000    
   165.000000       46.3885536       0.00000000    
   168.750000       46.3885536       0.00000000    
   172.500000       46.3885536       0.00000000    
   176.250000       46.3885536       0.00000000    
   180.000000       46.3885536       0.00000000    
   183.750000       46.3885536       0.00000000    
   187.500000       46.3885536       0.00000000    
   191.250000       46.3885536       0.00000000    
   195.000000       46.3885536       0.00000000    
   198.750000       46.3885536       0.00000000    
   202.500000       46.3885536       0.00000000    
   206.250000       46.3885536       0.00000000    
   210.000000       46.3885536       0.00000000    
   213.750000       46.3885536       0.00000000    
   217.500000       46.3885536       0.00000000    
   221.250000       46.3885536       0.00000000    
   225.000000       46.3885536       0.00000000    
   228.750000       46.3885536       0.00000000    
   232.500000       46.3885536       0.00000000    
   236.250000       46.3885536      0.630773067    
   240.000000       46.3885536      0.999914527    
   243.750000       46.3885536      0.994707227    
   247.500000       46.3885536       1.00000000    
   251.250000       46.3885536      0.992022157    
   255.000000       46.3885536      0.999988914    
   258.750000       46.3885536       1.00000000    
   262.500000       46.3885536      0.986904263    
   266.250000       46.3885536      0.466943145    
   270.000000       46.3885536      0.938292146    
   273.750000       46.3885536      0.983878732    
   277.500000       46.3885536      0.684806585    
   281.250000       46.3885536      0.962536812    
   285.000000       46.3885536      0.871920228    
   288.750000       46.3885536      0.998894691    
   292.500000       46.3885536      0.977257609    
   296.250000       46.3885536      0.297229886    
   300.000000       46.3885536      0.414984703    
   303.750000       46.3885536       0.00000000    
   307.500000       46.3885536       0.00000000    
   311.250000       46.3885536       0.00000000    
   315.000000       46.3885536       0.00000000    
   318.750000       46.3885536       0.00000000    
   322.500000       46.3885536       0.00000000    
   326.250000       46.3885536       0.00000000    
   330.000000       46.3885536       0.00000000    
   333.750000       46.3885536       0.00000000    
   337.500000       46.3885536       0.00000000    
   341.250000       46.3885536       0.00000000    
   345.000000       46.3885536       0.00000000    
   348.750000       46.3885536       0.00000000    
   352.500000       46.3885536       0.00000000    
   356.250000       46.3885536       0.00000000    
   360.000000       46.3885536      0.999469638    
   0.00000000       50.0994530       0.00000000    
   3.75000000       50.0994530       1.00000000    
   7.50000000       50.0994530      0.995172501    
   11.2500000       50.0994530      0.999558330    
   15.0000000       50.0994530      0.997636318    
   18.7500000       50.0994530      0.960420728    
   22.5000000       50.0994530      0.999769092    
   26.2500000       50.0994530      0.995988488    
   30.0000000       50.0994530      0.989249110    
   33.7500000       50.0994530      0.997772932    
   37.5000000       50.0994530      0.997620583    
   41.2500000       50.0994530      0.997257233    
   45.0000000       50.0994530      0.996858597    
   48.7500000       50.0994530      0.987031817    
   52.5000000       50.0994530      0.982283950    
   56.2500000       50.0994530      0.995501995    
   60.0000000       50.0994530      0.999695539    
   63.7500000       50.0994530      0.953493953    
   67.5000000       50.0994530      0.985684514    
   71.2500000       50.0994530      0.954145789    
   75.0000000       50.0994530      0.978479147    
   78.7500000       50.0994530      0.991234303    
   82.5000000       50.0994530      0.990143657    
   86.2500000       50.0994530      0.997124195    
   90.0000000       50.0994530      0.996843815    
   93.7500000       50.0994530      0.994120598    
   97.5000000       50.0994530       1.00000000    
   101.250000       50.0994530      0.999962568    
   105.000000       50.0994530      0.997804403    
   108.750000       50.0994530      0.995983362    
   112.500000       50.0994530      0.999992490    
   116.250000       50.0994530      0.984626770    
   120.000000       50.0994530       1.00000000    
   123.750000       50.0994530       1.00000000    
   127.500000       50.0994530      0.948549867    
   131.250000       50.0994530       1.00000000    
   135.000000       50.0994530      0.999992490    
   138.750000       50.0994530       1.00000000    
   142.500000       50.0994530       1.00000000    
   146.250000       50.0994530       0.00000000    
   150.000000       50.0994530       0.00000000    
   153.750000       50.0994530       0.00000000    
   157.500000       50.0994530       0.00000000    
   161.250000       50.0994530       0.00000000    
   165.000000       50.0994530       0.00000000    
   168.750000       50.0994530       0.00000000    
   172.500000       50.0994530       0.00000000    
   176.250000       50.0994530       0.00000000    
   180.000000       50.0994530       0.00000000    
   183.750000       50.0994530       0.00000000    
   187.500000       50.0994530       0.00000000    
   191.250000       50.0994530       0.00000000    
   195.000000       50.0994530       0.00000000    
   198.750000       50.0994530       0.00000000    
   202.500000       50.0994530       0.00000000    
   206.250000       50.0994530       0.00000000    
   210.000000       50.0994530       0.00000000    
   213.750000       50.0994530       0.00000000    
   217.500000       50.0994530       0.00000000    
   221.250000       50.0994530       0.00000000    
   225.000000       50.0994530       0.00000000    
   228.750000       50.0994530       0.00000000    
   232.500000       50.0994530      0.308247805    
   236.250000       50.0994530      0.912884235    
   240.000000       50.0994530      0.986530662    
   243.750000       50.0994530      0.997818589    
   247.500000       50.0994530      0.992299676    
   251.250000       50.0994530      0.998566389    
   255.000000       50.0994530      0.996961117    
   258.750000       50.0994530      0.999958992    
   262.500000       50.0994530      0.999349236    
   266.250000       50.0994530      0.805578470    
   270.000000       50.0994530      0.852125287    
   273.750000       50.0994530      0.918946862    
   277.500000       50.0994530      0.986924767    
   281.250000       50.0994530      0.980052352    
   285.000000       50.0994530      0.889643431    
   288.750000       50.0994530      0.823861957    
   292.500000       50.0994530      0.944227338    
   296.250000       50.0994530      0.302496433    
   300.000000       50.0994530       3.97024155E-02
   303.750000       50.0994530      0.597060680    
   307.500000       50.0994530       0.00000000    
   311.250000       50.0994530       0.00000000    
   315.000000       50.0994530       0.00000000    
   318.750000       50.0994530       0.00000000    
   322.500000       50.0994530       0.00000000    
   326.250000       50.0994530       0.00000000    
   330.000000       50.0994530       0.00000000    
   333.750000       50.0994530       0.00000000    
   337.500000       50.0994530       0.00000000    
   341.250000       50.0994530       0.00000000    
   345.000000       50.0994530       0.00000000    
   348.750000       50.0994530       0.00000000    
   352.500000       50.0994530       0.00000000    
   356.250000       50.0994530       6.31039143E-02
   360.000000       50.0994530       0.00000000    
   0.00000000       53.8102722      0.411074758    
   3.75000000       53.8102722       0.00000000    
   7.50000000       53.8102722      0.229768634    
   11.2500000       53.8102722      0.971135855    
   15.0000000       53.8102722      0.976429939    
   18.7500000       53.8102722      0.974382162    
   22.5000000       53.8102722      0.952495337    
   26.2500000       53.8102722      0.998802662    
   30.0000000       53.8102722      0.992463470    
   33.7500000       53.8102722      0.998580456    
   37.5000000       53.8102722      0.997956872    
   41.2500000       53.8102722      0.994521618    
   45.0000000       53.8102722      0.998828888    
   48.7500000       53.8102722      0.804551125    
   52.5000000       53.8102722      0.999261618    
   56.2500000       53.8102722      0.997902274    
   60.0000000       53.8102722      0.994657874    
   63.7500000       53.8102722      0.995291114    
   67.5000000       53.8102722      0.957278490    
   71.2500000       53.8102722      0.976031661    
   75.0000000       53.8102722      0.979524970    
   78.7500000       53.8102722      0.941118121    
   82.5000000       53.8102722      0.990765452    
   86.2500000       53.8102722      0.996229291    
   90.0000000       53.8102722       1.00000000    
   93.7500000       53.8102722      0.981451392    
   97.5000000       53.8102722      0.999966264    
   101.250000       53.8102722      0.999632120    
   105.000000       53.8102722       1.00000000    
   108.750000       53.8102722      0.276116967    
   112.500000       53.8102722      0.993813872    
   116.250000       53.8102722       1.00000000    
   120.000000       53.8102722      0.999222875    
   123.750000       53.8102722      0.994016767    
   127.500000       53.8102722      0.930724502    
   131.250000       53.8102722       1.00000000    
   135.000000       53.8102722       1.00000000    
   138.750000       53.8102722      0.780330300    
   142.500000       53.8102722      0.253880620    
   146.250000       53.8102722       0.00000000    
   150.000000       53.8102722       0.00000000    
   153.750000       53.8102722       0.00000000    
   157.500000       53.8102722      0.999133468    
   161.250000       53.8102722       0.00000000    
   165.000000       53.8102722       0.00000000    
   168.750000       53.8102722       0.00000000    
   172.500000       53.8102722       0.00000000    
   176.250000       53.8102722       0.00000000    
   180.000000       53.8102722       0.00000000    
   183.750000       53.8102722       0.00000000    
   187.500000       53.8102722       0.00000000    
   191.250000       53.8102722       0.00000000    
   195.000000       53.8102722       0.00000000    
   198.750000       53.8102722       0.00000000    
   202.500000       53.8102722       0.00000000    
   206.250000       53.8102722       0.00000000    
   210.000000       53.8102722       0.00000000    
   213.750000       53.8102722       0.00000000    
   217.500000       53.8102722       0.00000000    
   221.250000       53.8102722       0.00000000    
   225.000000       53.8102722       0.00000000    
   228.750000       53.8102722       1.09648705E-03
   232.500000       53.8102722      0.967756033    
   236.250000       53.8102722      0.978889823    
   240.000000       53.8102722      0.997810364    
   243.750000       53.8102722      0.989988208    
   247.500000       53.8102722      0.958276510    
   251.250000       53.8102722      0.967420459    
   255.000000       53.8102722      0.974283457    
   258.750000       53.8102722      0.921653390    
   262.500000       53.8102722      0.971550107    
   266.250000       53.8102722      0.800301194    
   270.000000       53.8102722      0.509869456    
   273.750000       53.8102722      0.969119072    
   277.500000       53.8102722      0.978226304    
   281.250000       53.8102722      0.924837947    
   285.000000       53.8102722      0.455379009    
   288.750000       53.8102722      0.785576701    
   292.500000       53.8102722      0.868944883    
   296.250000       53.8102722      0.697932363    
   300.000000       53.8102722      0.615307570    
   303.750000       53.8102722      0.182952523    
   307.500000       53.8102722       0.00000000    
   311.250000       53.8102722       0.00000000    
   315.000000       53.8102722       0.00000000    
   318.750000       53.8102722       0.00000000    
   322.500000       53.8102722       0.00000000    
   326.250000       53.8102722       0.00000000    
   330.000000       53.8102722       0.00000000    
   333.750000       53.8102722       0.00000000    
   337.500000       53.8102722       0.00000000    
   341.250000       53.8102722       0.00000000    
   345.000000       53.8102722       0.00000000    
   348.750000       53.8102722       0.00000000    
   352.500000       53.8102722      0.970403314    
   356.250000       53.8102722       0.00000000    
   360.000000       53.8102722      0.411074758    
   0.00000000       57.5209885       0.00000000    
   3.75000000       57.5209885       0.00000000    
   7.50000000       57.5209885       0.00000000    
   11.2500000       57.5209885       8.24630260E-03
   15.0000000       57.5209885      0.924939871    
   18.7500000       57.5209885      0.512549400    
   22.5000000       57.5209885      0.905529499    
   26.2500000       57.5209885      0.997655392    
   30.0000000       57.5209885      0.988683462    
   33.7500000       57.5209885      0.975298524    
   37.5000000       57.5209885      0.999962091    
   41.2500000       57.5209885      0.958335161    
   45.0000000       57.5209885      0.986263633    
   48.7500000       57.5209885      0.996522665    
   52.5000000       57.5209885      0.999004006    
   56.2500000       57.5209885      0.999645591    
   60.0000000       57.5209885      0.959944367    
   63.7500000       57.5209885      0.995445728    
   67.5000000       57.5209885      0.960548639    
   71.2500000       57.5209885      0.988548517    
   75.0000000       57.5209885       1.00000000    
   78.7500000       57.5209885      0.999629855    
   82.5000000       57.5209885      0.999861121    
   86.2500000       57.5209885      0.987046480    
   90.0000000       57.5209885      0.985228539    
   93.7500000       57.5209885      0.992158890    
   97.5000000       57.5209885      0.984076858    
   101.250000       57.5209885      0.999970198    
   105.000000       57.5209885      0.999962568    
   108.750000       57.5209885      0.998857737    
   112.500000       57.5209885      0.996825695    
   116.250000       57.5209885      0.989333630    
   120.000000       57.5209885      0.990310431    
   123.750000       57.5209885      0.997078180    
   127.500000       57.5209885       1.00000000    
   131.250000       57.5209885      0.988446236    
   135.000000       57.5209885      0.998579979    
   138.750000       57.5209885       1.00000000    
   142.500000       57.5209885       0.00000000    
   146.250000       57.5209885       0.00000000    
   150.000000       57.5209885       0.00000000    
   153.750000       57.5209885       0.00000000    
   157.500000       57.5209885      0.978095889    
   161.250000       57.5209885      0.997756839    
   165.000000       57.5209885       0.00000000    
   168.750000       57.5209885       0.00000000    
   172.500000       57.5209885       0.00000000    
   176.250000       57.5209885       0.00000000    
   180.000000       57.5209885       0.00000000    
   183.750000       57.5209885       0.00000000    
   187.500000       57.5209885       0.00000000    
   191.250000       57.5209885       0.00000000    
   195.000000       57.5209885       0.00000000    
   198.750000       57.5209885       0.00000000    
   202.500000       57.5209885      0.789901495    
   206.250000       57.5209885      0.836108685    
   210.000000       57.5209885       0.00000000    
   213.750000       57.5209885       0.00000000    
   217.500000       57.5209885       0.00000000    
   221.250000       57.5209885       0.00000000    
   225.000000       57.5209885      0.617088079    
   228.750000       57.5209885      0.991444945    
   232.500000       57.5209885      0.998501897    
   236.250000       57.5209885      0.997918248    
   240.000000       57.5209885      0.998463869    
   243.750000       57.5209885      0.996724963    
   247.500000       57.5209885      0.910416722    
   251.250000       57.5209885      0.871888757    
   255.000000       57.5209885      0.860851645    
   258.750000       57.5209885      0.828649640    
   262.500000       57.5209885      0.861733913    
   266.250000       57.5209885      0.982436776    
   270.000000       57.5209885       0.00000000    
   273.750000       57.5209885       0.00000000    
   277.500000       57.5209885       0.00000000    
   281.250000       57.5209885       1.31436586E-02
   285.000000       57.5209885      0.788117766    
   288.750000       57.5209885      0.949680328    
   292.500000       57.5209885      0.931932449    
   296.250000       57.5209885      0.946223378    
   300.000000       57.5209885       0.00000000    
   303.750000       57.5209885       0.00000000    
   307.500000       57.5209885       0.00000000    
   311.250000       57.5209885       0.00000000    
   315.000000       57.5209885       0.00000000    
   318.750000       57.5209885       0.00000000    
   322.500000       57.5209885       0.00000000    
   326.250000       57.5209885       0.00000000    
   330.000000       57.5209885       0.00000000    
   333.750000       57.5209885       0.00000000    
   337.500000       57.5209885       0.00000000    
   341.250000       57.5209885       0.00000000    
   345.000000       57.5209885       0.00000000    
   348.750000       57.5209885       0.00000000    
   352.500000       57.5209885      0.203919411    
   356.250000       57.5209885      0.872439504    
   360.000000       57.5209885       0.00000000    
   0.00000000       61.2315712       0.00000000    
   3.75000000       61.2315712       0.00000000    
   7.50000000       61.2315712      0.857633829    
   11.2500000       61.2315712      0.949795008    
   15.0000000       61.2315712      0.861079097    
   18.7500000       61.2315712       0.00000000    
   22.5000000       61.2315712      0.951254606    
   26.2500000       61.2315712      0.871558905    
   30.0000000       61.2315712      0.700222611    
   33.7500000       61.2315712      0.979043126    
   37.5000000       61.2315712      0.944777012    
   41.2500000       61.2315712       1.00000000    
   45.0000000       61.2315712       1.00000000    
   48.7500000       61.2315712       1.00000000    
   52.5000000       61.2315712       1.00000000    
   56.2500000       61.2315712       1.00000000    
   60.0000000       61.2315712      0.999979854    
   63.7500000       61.2315712      0.998847365    
   67.5000000       61.2315712      0.892168403    
   71.2500000       61.2315712      0.969744086    
   75.0000000       61.2315712      0.962242842    
   78.7500000       61.2315712      0.994537711    
   82.5000000       61.2315712      0.999601483    
   86.2500000       61.2315712      0.999609828    
   90.0000000       61.2315712      0.977954030    
   93.7500000       61.2315712      0.999843359    
   97.5000000       61.2315712      0.999761462    
   101.250000       61.2315712       1.00000000    
   105.000000       61.2315712      0.999977708    
   108.750000       61.2315712       1.00000000    
   112.500000       61.2315712      0.999981165    
   116.250000       61.2315712      0.999935389    
   120.000000       61.2315712       1.00000000    
   123.750000       61.2315712       1.00000000    
   127.500000       61.2315712      0.947465539    
   131.250000       61.2315712       1.00000000    
   135.000000       61.2315712      0.987972856    
   138.750000       61.2315712      0.997753859    
   142.500000       61.2315712      0.995719552    
   146.250000       61.2315712      0.999406099    
   150.000000       61.2315712      0.988795996    
   153.750000       61.2315712      0.995938659    
   157.500000       61.2315712       0.00000000    
   161.250000       61.2315712      0.276793242    
   165.000000       61.2315712      0.999060512    
   168.750000       61.2315712      0.999890804    
   172.500000       61.2315712       8.53348970E-02
   176.250000       61.2315712       0.00000000    
   180.000000       61.2315712       0.00000000    
   183.750000       61.2315712       0.00000000    
   187.500000       61.2315712       0.00000000    
   191.250000       61.2315712       0.00000000    
   195.000000       61.2315712      0.608315825    
   198.750000       61.2315712      0.973416328    
   202.500000       61.2315712      0.997819781    
   206.250000       61.2315712      0.964530706    
   210.000000       61.2315712      0.611433864    
   213.750000       61.2315712      0.800747871    
   217.500000       61.2315712      0.985264659    
   221.250000       61.2315712      0.932797432    
   225.000000       61.2315712      0.889722347    
   228.750000       61.2315712      0.998528242    
   232.500000       61.2315712      0.999969959    
   236.250000       61.2315712      0.997107863    
   240.000000       61.2315712      0.985590696    
   243.750000       61.2315712      0.402998090    
   247.500000       61.2315712      0.983406663    
   251.250000       61.2315712      0.977974772    
   255.000000       61.2315712      0.911584020    
   258.750000       61.2315712      0.751126409    
   262.500000       61.2315712      0.818265915    
   266.250000       61.2315712       5.23819923E-02
   270.000000       61.2315712       0.00000000    
   273.750000       61.2315712       0.00000000    
   277.500000       61.2315712       0.00000000    
   281.250000       61.2315712       3.12389135E-02
   285.000000       61.2315712      0.986242890    
   288.750000       61.2315712      0.843445659    
   292.500000       61.2315712       0.00000000    
   296.250000       61.2315712       0.00000000    
   300.000000       61.2315712       0.00000000    
   303.750000       61.2315712       0.00000000    
   307.500000       61.2315712       0.00000000    
   311.250000       61.2315712      0.169096231    
   315.000000       61.2315712      0.991439581    
   318.750000       61.2315712       0.00000000    
   322.500000       61.2315712       0.00000000    
   326.250000       61.2315712       0.00000000    
   330.000000       61.2315712       0.00000000    
   333.750000       61.2315712       0.00000000    
   337.500000       61.2315712       0.00000000    
   341.250000       61.2315712       0.00000000    
   345.000000       61.2315712       0.00000000    
   348.750000       61.2315712       0.00000000    
   352.500000       61.2315712       0.00000000    
   356.250000       61.2315712       0.00000000    
   360.000000       61.2315712       0.00000000    
   0.00000000       64.9419479       0.00000000    
   3.75000000       64.9419479       0.00000000    
   7.50000000       64.9419479       0.00000000    
   11.2500000       64.9419479      0.418712974    
   15.0000000       64.9419479      0.937902808    
   18.7500000       64.9419479      0.932334661    
   22.5000000       64.9419479       0.00000000    
   26.2500000       64.9419479      0.991372228    
   30.0000000       64.9419479      0.939192176    
   33.7500000       64.9419479      0.899368644    
   37.5000000       64.9419479      0.923568964    
   41.2500000       64.9419479      0.996844411    
   45.0000000       64.9419479      0.995251179    
   48.7500000       64.9419479      0.999886155    
   52.5000000       64.9419479       1.00000000    
   56.2500000       64.9419479       1.00000000    
   60.0000000       64.9419479      0.991818190    
   63.7500000       64.9419479      0.999488235    
   67.5000000       64.9419479      0.985818386    
   71.2500000       64.9419479      0.972977519    
   75.0000000       64.9419479      0.943144917    
   78.7500000       64.9419479      0.957770944    
   82.5000000       64.9419479      0.996616244    
   86.2500000       64.9419479      0.989275813    
   90.0000000       64.9419479      0.999940515    
   93.7500000       64.9419479      0.999997020    
   97.5000000       64.9419479      0.999998331    
   101.250000       64.9419479       1.00000000    
   105.000000       64.9419479      0.996847749    
   108.750000       64.9419479      0.999584079    
   112.500000       64.9419479      0.999918938    
   116.250000       64.9419479      0.999152899    
   120.000000       64.9419479      0.982035518    
   123.750000       64.9419479      0.991921306    
   127.500000       64.9419479      0.999994874    
   131.250000       64.9419479      0.974525571    
   135.000000       64.9419479      0.985871792    
   138.750000       64.9419479      0.987941861    
   142.500000       64.9419479      0.991207838    
   146.250000       64.9419479      0.990933061    
   150.000000       64.9419479      0.999977589    
   153.750000       64.9419479      0.984506726    
   157.500000       64.9419479      0.999999404    
   161.250000       64.9419479      0.999515057    
   165.000000       64.9419479      0.999843001    
   168.750000       64.9419479      0.999256611    
   172.500000       64.9419479       1.00000000    
   176.250000       64.9419479      0.688922524    
   180.000000       64.9419479       0.00000000    
   183.750000       64.9419479       0.00000000    
   187.500000       64.9419479      0.372622013    
   191.250000       64.9419479       0.00000000    
   195.000000       64.9419479      0.957443595    
   198.750000       64.9419479      0.240764976    
   202.500000       64.9419479      0.995503545    
   206.250000       64.9419479      0.999992371    
   210.000000       64.9419479      0.995384932    
   213.750000       64.9419479      0.999990463    
   217.500000       64.9419479      0.992215037    
   221.250000       64.9419479      0.999168158    
   225.000000       64.9419479      0.991701484    
   228.750000       64.9419479      0.995007634    
   232.500000       64.9419479      0.996892691    
   236.250000       64.9419479      0.973459482    
   240.000000       64.9419479      0.960837483    
   243.750000       64.9419479      0.882530451    
   247.500000       64.9419479      0.926474690    
   251.250000       64.9419479      0.911160111    
   255.000000       64.9419479      0.996875405    
   258.750000       64.9419479      0.970830202    
   262.500000       64.9419479      0.655858397    
   266.250000       64.9419479      0.975151658    
   270.000000       64.9419479      0.998743653    
   273.750000       64.9419479      0.537605524    
   277.500000       64.9419479      0.513587952    
   281.250000       64.9419479       0.00000000    
   285.000000       64.9419479      0.792570233    
   288.750000       64.9419479      0.218363285    
   292.500000       64.9419479      0.870478272    
   296.250000       64.9419479       2.96604633E-03
   300.000000       64.9419479       0.00000000    
   303.750000       64.9419479       0.00000000    
   307.500000       64.9419479       1.00250244E-02
   311.250000       64.9419479       1.00000000    
   315.000000       64.9419479       1.00000000    
   318.750000       64.9419479       1.00000000    
   322.500000       64.9419479       0.00000000    
   326.250000       64.9419479       0.00000000    
   330.000000       64.9419479       0.00000000    
   333.750000       64.9419479       0.00000000    
   337.500000       64.9419479      0.592870116    
   341.250000       64.9419479      0.999957323    
   345.000000       64.9419479      0.999402165    
   348.750000       64.9419479       0.00000000    
   352.500000       64.9419479       0.00000000    
   356.250000       64.9419479       0.00000000    
   360.000000       64.9419479       0.00000000    
   0.00000000       68.6520157       0.00000000    
   3.75000000       68.6520157       0.00000000    
   7.50000000       68.6520157       0.00000000    
   11.2500000       68.6520157       0.00000000    
   15.0000000       68.6520157      0.590718865    
   18.7500000       68.6520157      0.859938860    
   22.5000000       68.6520157      0.984413385    
   26.2500000       68.6520157      0.999091744    
   30.0000000       68.6520157      0.961257339    
   33.7500000       68.6520157      0.982559204    
   37.5000000       68.6520157      0.807238221    
   41.2500000       68.6520157       0.00000000    
   45.0000000       68.6520157      0.728597879    
   48.7500000       68.6520157       8.02621841E-02
   52.5000000       68.6520157      0.399525642    
   56.2500000       68.6520157      0.770219564    
   60.0000000       68.6520157      0.487258434    
   63.7500000       68.6520157      0.995999813    
   67.5000000       68.6520157      0.721641779    
   71.2500000       68.6520157      0.954684615    
   75.0000000       68.6520157      0.981608629    
   78.7500000       68.6520157      0.986016750    
   82.5000000       68.6520157      0.989125133    
   86.2500000       68.6520157      0.857244134    
   90.0000000       68.6520157      0.843296051    
   93.7500000       68.6520157      0.959549665    
   97.5000000       68.6520157      0.991954684    
   101.250000       68.6520157      0.996990681    
   105.000000       68.6520157      0.983386874    
   108.750000       68.6520157      0.995014429    
   112.500000       68.6520157      0.991065145    
   116.250000       68.6520157      0.992482185    
   120.000000       68.6520157       1.00000000    
   123.750000       68.6520157      0.884719253    
   127.500000       68.6520157      0.860090852    
   131.250000       68.6520157      0.999245048    
   135.000000       68.6520157      0.982016325    
   138.750000       68.6520157      0.953166366    
   142.500000       68.6520157      0.971012115    
   146.250000       68.6520157      0.939766169    
   150.000000       68.6520157      0.889878273    
   153.750000       68.6520157      0.912090898    
   157.500000       68.6520157      0.926742554    
   161.250000       68.6520157      0.898442149    
   165.000000       68.6520157      0.991637826    
   168.750000       68.6520157      0.991471052    
   172.500000       68.6520157      0.995617628    
   176.250000       68.6520157      0.977924824    
   180.000000       68.6520157      0.989092112    
   183.750000       68.6520157       0.00000000    
   187.500000       68.6520157       0.00000000    
   191.250000       68.6520157       0.00000000    
   195.000000       68.6520157       1.00000000    
   198.750000       68.6520157      0.995135069    
   202.500000       68.6520157      0.998911381    
   206.250000       68.6520157      0.992168784    
   210.000000       68.6520157      0.988020062    
   213.750000       68.6520157      0.987269282    
   217.500000       68.6520157      0.998869300    
   221.250000       68.6520157      0.998314619    
   225.000000       68.6520157      0.927088141    
   228.750000       68.6520157      0.985454321    
   232.500000       68.6520157      0.982772946    
   236.250000       68.6520157      0.994881034    
   240.000000       68.6520157      0.882981658    
   243.750000       68.6520157      0.974787593    
   247.500000       68.6520157      0.324182034    
   251.250000       68.6520157      0.250240445    
   255.000000       68.6520157      0.253541470    
   258.750000       68.6520157       4.31208611E-02
   262.500000       68.6520157      0.602388740    
   266.250000       68.6520157      0.716224551    
   270.000000       68.6520157      0.498738170    
   273.750000       68.6520157       5.66054583E-02
   277.500000       68.6520157      0.693991780    
   281.250000       68.6520157      0.108093500    
   285.000000       68.6520157      0.372632265    
   288.750000       68.6520157      0.962079525    
   292.500000       68.6520157      0.554844499    
   296.250000       68.6520157       0.00000000    
   300.000000       68.6520157       0.00000000    
   303.750000       68.6520157       0.00000000    
   307.500000       68.6520157      0.778948307    
   311.250000       68.6520157       1.00000000    
   315.000000       68.6520157       1.00000000    
   318.750000       68.6520157       1.00000000    
   322.500000       68.6520157       1.00000000    
   326.250000       68.6520157       1.00000000    
   330.000000       68.6520157      0.999433875    
   333.750000       68.6520157       3.89959812E-02
   337.500000       68.6520157       0.00000000    
   341.250000       68.6520157       0.00000000    
   345.000000       68.6520157       0.00000000    
   348.750000       68.6520157       0.00000000    
   352.500000       68.6520157       0.00000000    
   356.250000       68.6520157       0.00000000    
   360.000000       68.6520157       0.00000000    
   0.00000000       72.3615875       0.00000000    
   3.75000000       72.3615875       0.00000000    
   7.50000000       72.3615875       0.00000000    
   11.2500000       72.3615875       0.00000000    
   15.0000000       72.3615875       0.00000000    
   18.7500000       72.3615875       0.00000000    
   22.5000000       72.3615875       0.00000000    
   26.2500000       72.3615875       0.00000000    
   30.0000000       72.3615875       0.00000000    
   33.7500000       72.3615875       0.00000000    
   37.5000000       72.3615875       0.00000000    
   41.2500000       72.3615875       0.00000000    
   45.0000000       72.3615875       0.00000000    
   48.7500000       72.3615875       0.00000000    
   52.5000000       72.3615875      0.508544326    
   56.2500000       72.3615875       1.12819672E-03
   60.0000000       72.3615875       0.00000000    
   63.7500000       72.3615875       0.00000000    
   67.5000000       72.3615875       0.00000000    
   71.2500000       72.3615875      0.994162798    
   75.0000000       72.3615875      0.425150394    
   78.7500000       72.3615875      0.657320142    
   82.5000000       72.3615875      0.798539996    
   86.2500000       72.3615875      0.995655656    
   90.0000000       72.3615875      0.990601063    
   93.7500000       72.3615875      0.998124361    
   97.5000000       72.3615875      0.986188889    
   101.250000       72.3615875      0.997601390    
   105.000000       72.3615875      0.991252065    
   108.750000       72.3615875      0.999876618    
   112.500000       72.3615875      0.999843359    
   116.250000       72.3615875      0.996681333    
   120.000000       72.3615875      0.997310996    
   123.750000       72.3615875      0.997301340    
   127.500000       72.3615875      0.822992802    
   131.250000       72.3615875       0.00000000    
   135.000000       72.3615875       0.00000000    
   138.750000       72.3615875       1.85043812E-02
   142.500000       72.3615875      0.963661551    
   146.250000       72.3615875      0.460740089    
   150.000000       72.3615875       7.79244900E-02
   153.750000       72.3615875       0.00000000    
   157.500000       72.3615875       0.00000000    
   161.250000       72.3615875       0.00000000    
   165.000000       72.3615875       0.00000000    
   168.750000       72.3615875       0.00000000    
   172.500000       72.3615875       0.00000000    
   176.250000       72.3615875       0.00000000    
   180.000000       72.3615875       0.00000000    
   183.750000       72.3615875       0.00000000    
   187.500000       72.3615875       0.00000000    
   191.250000       72.3615875       0.00000000    
   195.000000       72.3615875       0.00000000    
   198.750000       72.3615875       0.00000000    
   202.500000       72.3615875       0.00000000    
   206.250000       72.3615875       0.00000000    
   210.000000       72.3615875       0.00000000    
   213.750000       72.3615875       0.00000000    
   217.500000       72.3615875       0.00000000    
   221.250000       72.3615875       0.00000000    
   225.000000       72.3615875       0.00000000    
   228.750000       72.3615875       0.00000000    
   232.500000       72.3615875       0.00000000    
   236.250000       72.3615875      0.999383807    
   240.000000       72.3615875      0.656542063    
   243.750000       72.3615875      0.999562860    
   247.500000       72.3615875      0.968595505    
   251.250000       72.3615875      0.579601049    
   255.000000       72.3615875      0.413751841    
   258.750000       72.3615875      0.501528740    
   262.500000       72.3615875      0.982832432    
   266.250000       72.3615875      0.386833906    
   270.000000       72.3615875      0.473956704    
   273.750000       72.3615875      0.492907643    
   277.500000       72.3615875      0.999999404    
   281.250000       72.3615875      0.752650261    
   285.000000       72.3615875      0.544430971    
   288.750000       72.3615875       0.00000000    
   292.500000       72.3615875       0.00000000    
   296.250000       72.3615875       0.00000000    
   300.000000       72.3615875       0.00000000    
   303.750000       72.3615875       2.46635675E-02
   307.500000       72.3615875      0.996851444    
   311.250000       72.3615875       1.00000000    
   315.000000       72.3615875       1.00000000    
   318.750000       72.3615875       1.00000000    
   322.500000       72.3615875       1.00000000    
   326.250000       72.3615875       1.00000000    
   330.000000       72.3615875       1.00000000    
   333.750000       72.3615875      0.994554043    
   337.500000       72.3615875      0.425001740    
   341.250000       72.3615875       0.00000000    
   345.000000       72.3615875       0.00000000    
   348.750000       72.3615875       0.00000000    
   352.500000       72.3615875       0.00000000    
   356.250000       72.3615875       0.00000000    
   360.000000       72.3615875       0.00000000    
   0.00000000       76.0702438       0.00000000    
   3.75000000       76.0702438       0.00000000    
   7.50000000       76.0702438       0.00000000    
   11.2500000       76.0702438       0.00000000    
   15.0000000       76.0702438       0.00000000    
   18.7500000       76.0702438       0.00000000    
   22.5000000       76.0702438       0.00000000    
   26.2500000       76.0702438       0.00000000    
   30.0000000       76.0702438       0.00000000    
   33.7500000       76.0702438       0.00000000    
   37.5000000       76.0702438       0.00000000    
   41.2500000       76.0702438       0.00000000    
   45.0000000       76.0702438       0.00000000    
   48.7500000       76.0702438       0.00000000    
   52.5000000       76.0702438       0.00000000    
   56.2500000       76.0702438       0.00000000    
   60.0000000       76.0702438      0.549878836    
   63.7500000       76.0702438      0.979547739    
   67.5000000       76.0702438       8.69586468E-02
   71.2500000       76.0702438       0.00000000    
   75.0000000       76.0702438       0.00000000    
   78.7500000       76.0702438       0.00000000    
   82.5000000       76.0702438       8.63109827E-02
   86.2500000       76.0702438       0.00000000    
   90.0000000       76.0702438       1.51395798E-05
   93.7500000       76.0702438      0.641156912    
   97.5000000       76.0702438      0.570818424    
   101.250000       76.0702438      0.985752583    
   105.000000       76.0702438      0.998007774    
   108.750000       76.0702438      0.994254708    
   112.500000       76.0702438      0.903238893    
   116.250000       76.0702438       0.00000000    
   120.000000       76.0702438       0.00000000    
   123.750000       76.0702438       0.00000000    
   127.500000       76.0702438       0.00000000    
   131.250000       76.0702438       0.00000000    
   135.000000       76.0702438       2.72750854E-04
   138.750000       76.0702438      0.903900981    
   142.500000       76.0702438      0.321497560    
   146.250000       76.0702438       0.00000000    
   150.000000       76.0702438       0.00000000    
   153.750000       76.0702438       0.00000000    
   157.500000       76.0702438       0.00000000    
   161.250000       76.0702438       0.00000000    
   165.000000       76.0702438       0.00000000    
   168.750000       76.0702438       0.00000000    
   172.500000       76.0702438       0.00000000    
   176.250000       76.0702438       0.00000000    
   180.000000       76.0702438       0.00000000    
   183.750000       76.0702438       0.00000000    
   187.500000       76.0702438       0.00000000    
   191.250000       76.0702438       0.00000000    
   195.000000       76.0702438       0.00000000    
   198.750000       76.0702438       0.00000000    
   202.500000       76.0702438       0.00000000    
   206.250000       76.0702438       0.00000000    
   210.000000       76.0702438       0.00000000    
   213.750000       76.0702438       0.00000000    
   217.500000       76.0702438       0.00000000    
   221.250000       76.0702438       0.00000000    
   225.000000       76.0702438       0.00000000    
   228.750000       76.0702438       0.00000000    
   232.500000       76.0702438       0.00000000    
   236.250000       76.0702438       3.79089117E-02
   240.000000       76.0702438      0.852990985    
   243.750000       76.0702438      0.690710425    
   247.500000       76.0702438      0.707021952    
   251.250000       76.0702438      0.936102867    
   255.000000       76.0702438      0.172058225    
   258.750000       76.0702438      0.928434968    
   262.500000       76.0702438      0.527470946    
   266.250000       76.0702438       6.77533150E-02
   270.000000       76.0702438      0.378610015    
   273.750000       76.0702438       1.09672546E-05
   277.500000       76.0702438       4.79694605E-02
   281.250000       76.0702438      0.255646825    
   285.000000       76.0702438       0.00000000    
   288.750000       76.0702438       0.00000000    
   292.500000       76.0702438      0.400842428    
   296.250000       76.0702438       1.74387693E-02
   300.000000       76.0702438      0.667216778    
   303.750000       76.0702438       1.00000000    
   307.500000       76.0702438       1.00000000    
   311.250000       76.0702438       1.00000000    
   315.000000       76.0702438       1.00000000    
   318.750000       76.0702438       1.00000000    
   322.500000       76.0702438       1.00000000    
   326.250000       76.0702438       1.00000000    
   330.000000       76.0702438       1.00000000    
   333.750000       76.0702438       1.00000000    
   337.500000       76.0702438      0.980872393    
   341.250000       76.0702438      0.125767469    
   345.000000       76.0702438       0.00000000    
   348.750000       76.0702438       0.00000000    
   352.500000       76.0702438       0.00000000    
   356.250000       76.0702438       0.00000000    
   360.000000       76.0702438       0.00000000    
   0.00000000       79.7770462       0.00000000    
   3.75000000       79.7770462       0.00000000    
   7.50000000       79.7770462       0.00000000    
   11.2500000       79.7770462      0.304066181    
   15.0000000       79.7770462      0.398172140    
   18.7500000       79.7770462      0.393047452    
   22.5000000       79.7770462      0.983483315    
   26.2500000       79.7770462      0.640842199    
   30.0000000       79.7770462       0.00000000    
   33.7500000       79.7770462       1.15156174E-04
   37.5000000       79.7770462       0.00000000    
   41.2500000       79.7770462       0.00000000    
   45.0000000       79.7770462       0.00000000    
   48.7500000       79.7770462       1.13281012E-02
   52.5000000       79.7770462       4.89473343E-04
   56.2500000       79.7770462       1.42422915E-02
   60.0000000       79.7770462       6.75536394E-02
   63.7500000       79.7770462       0.00000000    
   67.5000000       79.7770462       0.00000000    
   71.2500000       79.7770462       0.00000000    
   75.0000000       79.7770462       0.00000000    
   78.7500000       79.7770462       1.25527382E-04
   82.5000000       79.7770462       0.00000000    
   86.2500000       79.7770462       0.00000000    
   90.0000000       79.7770462       5.48362732E-06
   93.7500000       79.7770462      0.807862401    
   97.5000000       79.7770462      0.955405116    
   101.250000       79.7770462       5.63675165E-02
   105.000000       79.7770462       0.00000000    
   108.750000       79.7770462       0.00000000    
   112.500000       79.7770462       0.00000000    
   116.250000       79.7770462       0.00000000    
   120.000000       79.7770462       0.00000000    
   123.750000       79.7770462       0.00000000    
   127.500000       79.7770462       0.00000000    
   131.250000       79.7770462       0.00000000    
   135.000000       79.7770462       0.00000000    
   138.750000       79.7770462       0.00000000    
   142.500000       79.7770462       0.00000000    
   146.250000       79.7770462       0.00000000    
   150.000000       79.7770462       0.00000000    
   153.750000       79.7770462       0.00000000    
   157.500000       79.7770462       0.00000000    
   161.250000       79.7770462       0.00000000    
   165.000000       79.7770462       0.00000000    
   168.750000       79.7770462       0.00000000    
   172.500000       79.7770462       0.00000000    
   176.250000       79.7770462       0.00000000    
   180.000000       79.7770462       0.00000000    
   183.750000       79.7770462       0.00000000    
   187.500000       79.7770462       0.00000000    
   191.250000       79.7770462       0.00000000    
   195.000000       79.7770462       0.00000000    
   198.750000       79.7770462       0.00000000    
   202.500000       79.7770462       0.00000000    
   206.250000       79.7770462       0.00000000    
   210.000000       79.7770462       0.00000000    
   213.750000       79.7770462       0.00000000    
   217.500000       79.7770462       0.00000000    
   221.250000       79.7770462       0.00000000    
   225.000000       79.7770462       0.00000000    
   228.750000       79.7770462       0.00000000    
   232.500000       79.7770462       0.00000000    
   236.250000       79.7770462       0.00000000    
   240.000000       79.7770462       0.00000000    
   243.750000       79.7770462       0.00000000    
   247.500000       79.7770462       0.00000000    
   251.250000       79.7770462       0.00000000    
   255.000000       79.7770462       0.00000000    
   258.750000       79.7770462       0.00000000    
   262.500000       79.7770462       8.55803490E-03
   266.250000       79.7770462      0.908657312    
   270.000000       79.7770462       1.00000000    
   273.750000       79.7770462      0.605870843    
   277.500000       79.7770462      0.867436051    
   281.250000       79.7770462      0.986797333    
   285.000000       79.7770462      0.993567944    
   288.750000       79.7770462      0.350259542    
   292.500000       79.7770462       3.59797478E-03
   296.250000       79.7770462      0.930071115    
   300.000000       79.7770462      0.999958277    
   303.750000       79.7770462       1.00000000    
   307.500000       79.7770462       1.00000000    
   311.250000       79.7770462       1.00000000    
   315.000000       79.7770462       1.00000000    
   318.750000       79.7770462       1.00000000    
   322.500000       79.7770462       1.00000000    
   326.250000       79.7770462       1.00000000    
   330.000000       79.7770462       1.00000000    
   333.750000       79.7770462       1.00000000    
   337.500000       79.7770462       1.00000000    
   341.250000       79.7770462      0.590838909    
   345.000000       79.7770462       0.00000000    
   348.750000       79.7770462       0.00000000    
   352.500000       79.7770462       0.00000000    
   356.250000       79.7770462       0.00000000    
   360.000000       79.7770462       0.00000000    
   0.00000000       83.4789200       0.00000000    
   3.75000000       83.4789200       0.00000000    
   7.50000000       83.4789200       0.00000000    
   11.2500000       83.4789200       0.00000000    
   15.0000000       83.4789200       0.00000000    
   18.7500000       83.4789200       0.00000000    
   22.5000000       83.4789200       0.00000000    
   26.2500000       83.4789200       0.00000000    
   30.0000000       83.4789200       0.00000000    
   33.7500000       83.4789200       0.00000000    
   37.5000000       83.4789200       0.00000000    
   41.2500000       83.4789200       0.00000000    
   45.0000000       83.4789200       0.00000000    
   48.7500000       83.4789200       0.00000000    
   52.5000000       83.4789200       0.00000000    
   56.2500000       83.4789200       0.00000000    
   60.0000000       83.4789200       0.00000000    
   63.7500000       83.4789200       0.00000000    
   67.5000000       83.4789200       0.00000000    
   71.2500000       83.4789200       0.00000000    
   75.0000000       83.4789200       0.00000000    
   78.7500000       83.4789200       0.00000000    
   82.5000000       83.4789200       0.00000000    
   86.2500000       83.4789200       0.00000000    
   90.0000000       83.4789200       0.00000000    
   93.7500000       83.4789200       0.00000000    
   97.5000000       83.4789200       0.00000000    
   101.250000       83.4789200       0.00000000    
   105.000000       83.4789200       0.00000000    
   108.750000       83.4789200       0.00000000    
   112.500000       83.4789200       0.00000000    
   116.250000       83.4789200       0.00000000    
   120.000000       83.4789200       0.00000000    
   123.750000       83.4789200       0.00000000    
   127.500000       83.4789200       0.00000000    
   131.250000       83.4789200       0.00000000    
   135.000000       83.4789200       0.00000000    
   138.750000       83.4789200       0.00000000    
   142.500000       83.4789200       0.00000000    
   146.250000       83.4789200       0.00000000    
   150.000000       83.4789200       0.00000000    
   153.750000       83.4789200       0.00000000    
   157.500000       83.4789200       0.00000000    
   161.250000       83.4789200       0.00000000    
   165.000000       83.4789200       0.00000000    
   168.750000       83.4789200       0.00000000    
   172.500000       83.4789200       0.00000000    
   176.250000       83.4789200       0.00000000    
   180.000000       83.4789200       0.00000000    
   183.750000       83.4789200       0.00000000    
   187.500000       83.4789200       0.00000000    
   191.250000       83.4789200       0.00000000    
   195.000000       83.4789200       0.00000000    
   198.750000       83.4789200       0.00000000    
   202.500000       83.4789200       0.00000000    
   206.250000       83.4789200       0.00000000    
   210.000000       83.4789200       0.00000000    
   213.750000       83.4789200       0.00000000    
   217.500000       83.4789200       0.00000000    
   221.250000       83.4789200       0.00000000    
   225.000000       83.4789200       0.00000000    
   228.750000       83.4789200       0.00000000    
   232.500000       83.4789200       0.00000000    
   236.250000       83.4789200       0.00000000    
   240.000000       83.4789200       0.00000000    
   243.750000       83.4789200       0.00000000    
   247.500000       83.4789200       0.00000000    
   251.250000       83.4789200       0.00000000    
   255.000000       83.4789200       0.00000000    
   258.750000       83.4789200       0.00000000    
   262.500000       83.4789200       0.00000000    
   266.250000       83.4789200       0.00000000    
   270.000000       83.4789200       0.00000000    
   273.750000       83.4789200       0.00000000    
   277.500000       83.4789200       0.00000000    
   281.250000       83.4789200       2.64984369E-02
   285.000000       83.4789200      0.135872483    
   288.750000       83.4789200      0.171419263    
   292.500000       83.4789200       3.78967524E-02
   296.250000       83.4789200       1.03950500E-04
   300.000000       83.4789200       3.95905972E-03
   303.750000       83.4789200       0.00000000    
   307.500000       83.4789200       0.00000000    
   311.250000       83.4789200       7.68423080E-04
   315.000000       83.4789200      0.202571988    
   318.750000       83.4789200      0.460753918    
   322.500000       83.4789200      0.872000456    
   326.250000       83.4789200      0.990647674    
   330.000000       83.4789200      0.984556913    
   333.750000       83.4789200      0.704423070    
   337.500000       83.4789200       6.91819191E-03
   341.250000       83.4789200       0.00000000    
   345.000000       83.4789200       0.00000000    
   348.750000       83.4789200       0.00000000    
   352.500000       83.4789200       0.00000000    
   356.250000       83.4789200       0.00000000    
   360.000000       83.4789200       0.00000000    
   0.00000000       87.1590958       0.00000000    
   3.75000000       87.1590958       0.00000000    
   7.50000000       87.1590958       0.00000000    
   11.2500000       87.1590958       0.00000000    
   15.0000000       87.1590958       0.00000000    
   18.7500000       87.1590958       0.00000000    
   22.5000000       87.1590958       0.00000000    
   26.2500000       87.1590958       0.00000000    
   30.0000000       87.1590958       0.00000000    
   33.7500000       87.1590958       0.00000000    
   37.5000000       87.1590958       0.00000000    
   41.2500000       87.1590958       0.00000000    
   45.0000000       87.1590958       0.00000000    
   48.7500000       87.1590958       0.00000000    
   52.5000000       87.1590958       0.00000000    
   56.2500000       87.1590958       0.00000000    
   60.0000000       87.1590958       0.00000000    
   63.7500000       87.1590958       0.00000000    
   67.5000000       87.1590958       0.00000000    
   71.2500000       87.1590958       0.00000000    
   75.0000000       87.1590958       0.00000000    
   78.7500000       87.1590958       0.00000000    
   82.5000000       87.1590958       0.00000000    
   86.2500000       87.1590958       0.00000000    
   90.0000000       87.1590958       0.00000000    
   93.7500000       87.1590958       0.00000000    
   97.5000000       87.1590958       0.00000000    
   101.250000       87.1590958       0.00000000    
   105.000000       87.1590958       0.00000000    
   108.750000       87.1590958       0.00000000    
   112.500000       87.1590958       0.00000000    
   116.250000       87.1590958       0.00000000    
   120.000000       87.1590958       0.00000000    
   123.750000       87.1590958       0.00000000    
   127.500000       87.1590958       0.00000000    
   131.250000       87.1590958       0.00000000    
   135.000000       87.1590958       0.00000000    
   138.750000       87.1590958       0.00000000    
   142.500000       87.1590958       0.00000000    
   146.250000       87.1590958       0.00000000    
   150.000000       87.1590958       0.00000000    
   153.750000       87.1590958       0.00000000    
   157.500000       87.1590958       0.00000000    
   161.250000       87.1590958       0.00000000    
   165.000000       87.1590958       0.00000000    
   168.750000       87.1590958       0.00000000    
   172.500000       87.1590958       0.00000000    
   176.250000       87.1590958       0.00000000    
   180.000000       87.1590958       0.00000000    
   183.750000       87.1590958       0.00000000    
   187.500000       87.1590958       0.00000000    
   191.250000       87.1590958       0.00000000    
   195.000000       87.1590958       0.00000000    
   198.750000       87.1590958       0.00000000    
   202.500000       87.1590958       0.00000000    
   206.250000       87.1590958       0.00000000    
   210.000000       87.1590958       0.00000000    
   213.750000       87.1590958       0.00000000    
   217.500000       87.1590958       0.00000000    
   221.250000       87.1590958       0.00000000    
   225.000000       87.1590958       0.00000000    
   228.750000       87.1590958       0.00000000    
   232.500000       87.1590958       0.00000000    
   236.250000       87.1590958       0.00000000    
   240.000000       87.1590958       0.00000000    
   243.750000       87.1590958       0.00000000    
   247.500000       87.1590958       0.00000000    
   251.250000       87.1590958       0.00000000    
   255.000000       87.1590958       0.00000000    
   258.750000       87.1590958       0.00000000    
   262.500000       87.1590958       0.00000000    
   266.250000       87.1590958       0.00000000    
   270.000000       87.1590958       0.00000000    
   273.750000       87.1590958       0.00000000    
   277.500000       87.1590958       0.00000000    
   281.250000       87.1590958       0.00000000    
   285.000000       87.1590958       0.00000000    
   288.750000       87.1590958       0.00000000    
   292.500000       87.1590958       0.00000000    
   296.250000       87.1590958       0.00000000    
   300.000000       87.1590958       0.00000000    
   303.750000       87.1590958       0.00000000    
   307.500000       87.1590958       0.00000000    
   311.250000       87.1590958       0.00000000    
   315.000000       87.1590958       0.00000000    
   318.750000       87.1590958       0.00000000    
   322.500000       87.1590958       0.00000000    
   326.250000       87.1590958       0.00000000    
   330.000000       87.1590958       0.00000000    
   333.750000       87.1590958       0.00000000    
   337.500000       87.1590958       0.00000000    
   341.250000       87.1590958       0.00000000    
   345.000000       87.1590958       0.00000000    
   348.750000       87.1590958       0.00000000    
   352.500000       87.1590958       0.00000000    
   356.250000       87.1590958       0.00000000    
   360.000000       87.1590958       0.00000000    
