   0.00000000      -87.1590958       108896.875    
   3.75000000      -87.1590958       108892.875    
   7.50000000      -87.1590958       108888.375    
   11.2500000      -87.1590958       108883.375    
   15.0000000      -87.1590958       108878.875    
   18.7500000      -87.1590958       108873.875    
   22.5000000      -87.1590958       108867.875    
   26.2500000      -87.1590958       108861.375    
   30.0000000      -87.1590958       108854.875    
   33.7500000      -87.1590958       108848.875    
   37.5000000      -87.1590958       108842.375    
   41.2500000      -87.1590958       108835.875    
   45.0000000      -87.1590958       108828.875    
   48.7500000      -87.1590958       108821.875    
   52.5000000      -87.1590958       108815.375    
   56.2500000      -87.1590958       108807.875    
   60.0000000      -87.1590958       108799.875    
   63.7500000      -87.1590958       108791.375    
   67.5000000      -87.1590958       108782.875    
   71.2500000      -87.1590958       108774.375    
   75.0000000      -87.1590958       108764.875    
   78.7500000      -87.1590958       108755.875    
   82.5000000      -87.1590958       108745.875    
   86.2500000      -87.1590958       108735.875    
   90.0000000      -87.1590958       108727.375    
   93.7500000      -87.1590958       108717.875    
   97.5000000      -87.1590958       108707.375    
   101.250000      -87.1590958       108697.875    
   105.000000      -87.1590958       108687.375    
   108.750000      -87.1590958       108675.875    
   112.500000      -87.1590958       108665.875    
   116.250000      -87.1590958       108655.375    
   120.000000      -87.1590958       108644.875    
   123.750000      -87.1590958       108634.375    
   127.500000      -87.1590958       108623.875    
   131.250000      -87.1590958       108614.375    
   135.000000      -87.1590958       108605.875    
   138.750000      -87.1590958       108596.375    
   142.500000      -87.1590958       108587.875    
   146.250000      -87.1590958       108581.875    
   150.000000      -87.1590958       108576.375    
   153.750000      -87.1590958       108570.875    
   157.500000      -87.1590958       108567.375    
   161.250000      -87.1590958       108566.375    
   165.000000      -87.1590958       108564.875    
   168.750000      -87.1590958       108565.875    
   172.500000      -87.1590958       108569.375    
   176.250000      -87.1590958       108572.875    
   180.000000      -87.1590958       108577.875    
   183.750000      -87.1590958       108586.375    
   187.500000      -87.1590958       108595.875    
   191.250000      -87.1590958       108606.375    
   195.000000      -87.1590958       108617.875    
   198.750000      -87.1590958       108628.875    
   202.500000      -87.1590958       108642.875    
   206.250000      -87.1590958       108662.875    
   210.000000      -87.1590958       108681.875    
   213.750000      -87.1590958       108696.875    
   217.500000      -87.1590958       108711.375    
   221.250000      -87.1590958       108728.875    
   225.000000      -87.1590958       108748.375    
   228.750000      -87.1590958       108766.375    
   232.500000      -87.1590958       108781.875    
   236.250000      -87.1590958       108796.375    
   240.000000      -87.1590958       108811.875    
   243.750000      -87.1590958       108825.375    
   247.500000      -87.1590958       108836.875    
   251.250000      -87.1590958       108847.875    
   255.000000      -87.1590958       108858.875    
   258.750000      -87.1590958       108868.375    
   262.500000      -87.1590958       108876.875    
   266.250000      -87.1590958       108885.375    
   270.000000      -87.1590958       108893.875    
   273.750000      -87.1590958       108900.375    
   277.500000      -87.1590958       108906.375    
   281.250000      -87.1590958       108912.375    
   285.000000      -87.1590958       108916.375    
   288.750000      -87.1590958       108918.875    
   292.500000      -87.1590958       108922.375    
   296.250000      -87.1590958       108925.375    
   300.000000      -87.1590958       108926.875    
   303.750000      -87.1590958       108927.875    
   307.500000      -87.1590958       108928.875    
   311.250000      -87.1590958       108929.375    
   315.000000      -87.1590958       108928.875    
   318.750000      -87.1590958       108928.375    
   322.500000      -87.1590958       108927.375    
   326.250000      -87.1590958       108926.375    
   330.000000      -87.1590958       108923.875    
   333.750000      -87.1590958       108921.375    
   337.500000      -87.1590958       108918.875    
   341.250000      -87.1590958       108915.875    
   345.000000      -87.1590958       108911.375    
   348.750000      -87.1590958       108907.875    
   352.500000      -87.1590958       108904.375    
   356.250000      -87.1590958       108900.375    
   360.000000      -87.1590958       108896.875    
   0.00000000      -83.4789200       108672.375    
   3.75000000      -83.4789200       108663.375    
   7.50000000      -83.4789200       108655.375    
   11.2500000      -83.4789200       108649.375    
   15.0000000      -83.4789200       108646.375    
   18.7500000      -83.4789200       108644.875    
   22.5000000      -83.4789200       108644.375    
   26.2500000      -83.4789200       108644.875    
   30.0000000      -83.4789200       108643.375    
   33.7500000      -83.4789200       108643.375    
   37.5000000      -83.4789200       108642.375    
   41.2500000      -83.4789200       108641.875    
   45.0000000      -83.4789200       108639.875    
   48.7500000      -83.4789200       108637.375    
   52.5000000      -83.4789200       108633.375    
   56.2500000      -83.4789200       108629.375    
   60.0000000      -83.4789200       108623.375    
   63.7500000      -83.4789200       108618.375    
   67.5000000      -83.4789200       108611.875    
   71.2500000      -83.4789200       108605.375    
   75.0000000      -83.4789200       108597.875    
   78.7500000      -83.4789200       108589.375    
   82.5000000      -83.4789200       108579.375    
   86.2500000      -83.4789200       108568.375    
   90.0000000      -83.4789200       108554.375    
   93.7500000      -83.4789200       108538.375    
   97.5000000      -83.4789200       108520.375    
   101.250000      -83.4789200       108501.375    
   105.000000      -83.4789200       108481.375    
   108.750000      -83.4789200       108461.375    
   112.500000      -83.4789200       108440.875    
   116.250000      -83.4789200       108417.875    
   120.000000      -83.4789200       108394.375    
   123.750000      -83.4789200       108370.875    
   127.500000      -83.4789200       108345.375    
   131.250000      -83.4789200       108322.375    
   135.000000      -83.4789200       108297.875    
   138.750000      -83.4789200       108274.875    
   142.500000      -83.4789200       108254.375    
   146.250000      -83.4789200       108233.875    
   150.000000      -83.4789200       108215.875    
   153.750000      -83.4789200       108198.875    
   157.500000      -83.4789200       108196.375    
   161.250000      -83.4789200       108177.875    
   165.000000      -83.4789200       108181.875    
   168.750000      -83.4789200       108196.875    
   172.500000      -83.4789200       108197.375    
   176.250000      -83.4789200       108213.875    
   180.000000      -83.4789200       108250.375    
   183.750000      -83.4789200       108283.375    
   187.500000      -83.4789200       108327.875    
   191.250000      -83.4789200       108372.375    
   195.000000      -83.4789200       108420.875    
   198.750000      -83.4789200       108472.375    
   202.500000      -83.4789200       108524.375    
   206.250000      -83.4789200       108577.875    
   210.000000      -83.4789200       108629.875    
   213.750000      -83.4789200       108680.875    
   217.500000      -83.4789200       108737.875    
   221.250000      -83.4789200       108792.375    
   225.000000      -83.4789200       108847.875    
   228.750000      -83.4789200       108903.375    
   232.500000      -83.4789200       108954.875    
   236.250000      -83.4789200       109004.375    
   240.000000      -83.4789200       109050.375    
   243.750000      -83.4789200       109092.875    
   247.500000      -83.4789200       109134.875    
   251.250000      -83.4789200       109170.875    
   255.000000      -83.4789200       109198.875    
   258.750000      -83.4789200       109216.875    
   262.500000      -83.4789200       109229.375    
   266.250000      -83.4789200       109233.875    
   270.000000      -83.4789200       109233.875    
   273.750000      -83.4789200       109223.875    
   277.500000      -83.4789200       109210.875    
   281.250000      -83.4789200       109190.375    
   285.000000      -83.4789200       109165.375    
   288.750000      -83.4789200       109138.875    
   292.500000      -83.4789200       109114.875    
   296.250000      -83.4789200       109090.375    
   300.000000      -83.4789200       109061.375    
   303.750000      -83.4789200       109028.375    
   307.500000      -83.4789200       108992.875    
   311.250000      -83.4789200       108960.875    
   315.000000      -83.4789200       108927.875    
   318.750000      -83.4789200       108899.375    
   322.500000      -83.4789200       108871.875    
   326.250000      -83.4789200       108845.875    
   330.000000      -83.4789200       108823.875    
   333.750000      -83.4789200       108801.375    
   337.500000      -83.4789200       108775.875    
   341.250000      -83.4789200       108752.875    
   345.000000      -83.4789200       108732.375    
   348.750000      -83.4789200       108715.375    
   352.500000      -83.4789200       108699.375    
   356.250000      -83.4789200       108684.375    
   360.000000      -83.4789200       108672.375    
   0.00000000      -79.7770462       108431.375    
   3.75000000      -79.7770462       108447.375    
   7.50000000      -79.7770462       108460.875    
   11.2500000      -79.7770462       108471.875    
   15.0000000      -79.7770462       108483.875    
   18.7500000      -79.7770462       108496.875    
   22.5000000      -79.7770462       108511.375    
   26.2500000      -79.7770462       108527.375    
   30.0000000      -79.7770462       108542.875    
   33.7500000      -79.7770462       108559.875    
   37.5000000      -79.7770462       108578.875    
   41.2500000      -79.7770462       108599.875    
   45.0000000      -79.7770462       108624.375    
   48.7500000      -79.7770462       108651.375    
   52.5000000      -79.7770462       108678.875    
   56.2500000      -79.7770462       108704.875    
   60.0000000      -79.7770462       108726.375    
   63.7500000      -79.7770462       108743.875    
   67.5000000      -79.7770462       108756.375    
   71.2500000      -79.7770462       108762.875    
   75.0000000      -79.7770462       108763.375    
   78.7500000      -79.7770462       108756.875    
   82.5000000      -79.7770462       108742.875    
   86.2500000      -79.7770462       108722.875    
   90.0000000      -79.7770462       108693.375    
   93.7500000      -79.7770462       108656.375    
   97.5000000      -79.7770462       108611.875    
   101.250000      -79.7770462       108563.375    
   105.000000      -79.7770462       108513.875    
   108.750000      -79.7770462       108462.875    
   112.500000      -79.7770462       108414.375    
   116.250000      -79.7770462       108368.375    
   120.000000      -79.7770462       108329.375    
   123.750000      -79.7770462       108293.375    
   127.500000      -79.7770462       108257.875    
   131.250000      -79.7770462       108222.375    
   135.000000      -79.7770462       108183.875    
   138.750000      -79.7770462       108145.375    
   142.500000      -79.7770462       108110.875    
   146.250000      -79.7770462       108082.875    
   150.000000      -79.7770462       108064.375    
   153.750000      -79.7770462       108054.875    
   157.500000      -79.7770462       108051.875    
   161.250000      -79.7770462       108078.375    
   165.000000      -79.7770462       108107.375    
   168.750000      -79.7770462       108140.375    
   172.500000      -79.7770462       108186.875    
   176.250000      -79.7770462       108253.875    
   180.000000      -79.7770462       108334.875    
   183.750000      -79.7770462       108418.375    
   187.500000      -79.7770462       108500.875    
   191.250000      -79.7770462       108580.875    
   195.000000      -79.7770462       108655.375    
   198.750000      -79.7770462       108727.875    
   202.500000      -79.7770462       108794.875    
   206.250000      -79.7770462       108862.875    
   210.000000      -79.7770462       108925.875    
   213.750000      -79.7770462       108986.375    
   217.500000      -79.7770462       109049.375    
   221.250000      -79.7770462       109109.875    
   225.000000      -79.7770462       109173.875    
   228.750000      -79.7770462       109246.875    
   232.500000      -79.7770462       109325.375    
   236.250000      -79.7770462       109398.375    
   240.000000      -79.7770462       109466.875    
   243.750000      -79.7770462       109529.875    
   247.500000      -79.7770462       109584.875    
   251.250000      -79.7770462       109630.875    
   255.000000      -79.7770462       109666.375    
   258.750000      -79.7770462       109692.875    
   262.500000      -79.7770462       109713.875    
   266.250000      -79.7770462       109722.375    
   270.000000      -79.7770462       109713.875    
   273.750000      -79.7770462       109712.375    
   277.500000      -79.7770462       109680.875    
   281.250000      -79.7770462       109628.875    
   285.000000      -79.7770462       109580.875    
   288.750000      -79.7770462       109520.875    
   292.500000      -79.7770462       109448.375    
   296.250000      -79.7770462       109358.875    
   300.000000      -79.7770462       109265.875    
   303.750000      -79.7770462       109176.375    
   307.500000      -79.7770462       109088.875    
   311.250000      -79.7770462       109002.375    
   315.000000      -79.7770462       108923.875    
   318.750000      -79.7770462       108852.375    
   322.500000      -79.7770462       108788.375    
   326.250000      -79.7770462       108723.375    
   330.000000      -79.7770462       108659.375    
   333.750000      -79.7770462       108596.375    
   337.500000      -79.7770462       108542.875    
   341.250000      -79.7770462       108503.375    
   345.000000      -79.7770462       108478.375    
   348.750000      -79.7770462       108455.875    
   352.500000      -79.7770462       108434.375    
   356.250000      -79.7770462       108424.875    
   360.000000      -79.7770462       108431.375    
   0.00000000      -76.0702438       108205.875    
   3.75000000      -76.0702438       108244.375    
   7.50000000      -76.0702438       108291.375    
   11.2500000      -76.0702438       108339.375    
   15.0000000      -76.0702438       108379.875    
   18.7500000      -76.0702438       108428.375    
   22.5000000      -76.0702438       108478.875    
   26.2500000      -76.0702438       108530.875    
   30.0000000      -76.0702438       108585.375    
   33.7500000      -76.0702438       108641.375    
   37.5000000      -76.0702438       108699.875    
   41.2500000      -76.0702438       108766.375    
   45.0000000      -76.0702438       108841.375    
   48.7500000      -76.0702438       108922.375    
   52.5000000      -76.0702438       109003.875    
   56.2500000      -76.0702438       109080.875    
   60.0000000      -76.0702438       109151.375    
   63.7500000      -76.0702438       109216.875    
   67.5000000      -76.0702438       109273.375    
   71.2500000      -76.0702438       109311.875    
   75.0000000      -76.0702438       109334.375    
   78.7500000      -76.0702438       109341.375    
   82.5000000      -76.0702438       109331.375    
   86.2500000      -76.0702438       109304.375    
   90.0000000      -76.0702438       109261.375    
   93.7500000      -76.0702438       109206.375    
   97.5000000      -76.0702438       109142.375    
   101.250000      -76.0702438       109071.375    
   105.000000      -76.0702438       108992.875    
   108.750000      -76.0702438       108909.375    
   112.500000      -76.0702438       108821.875    
   116.250000      -76.0702438       108735.375    
   120.000000      -76.0702438       108650.875    
   123.750000      -76.0702438       108567.875    
   127.500000      -76.0702438       108490.875    
   131.250000      -76.0702438       108422.875    
   135.000000      -76.0702438       108359.375    
   138.750000      -76.0702438       108299.375    
   142.500000      -76.0702438       108253.875    
   146.250000      -76.0702438       108227.375    
   150.000000      -76.0702438       108224.875    
   153.750000      -76.0702438       108236.875    
   157.500000      -76.0702438       108267.375    
   161.250000      -76.0702438       108332.375    
   165.000000      -76.0702438       108409.375    
   168.750000      -76.0702438       108492.875    
   172.500000      -76.0702438       108582.375    
   176.250000      -76.0702438       108693.875    
   180.000000      -76.0702438       108819.875    
   183.750000      -76.0702438       108954.375    
   187.500000      -76.0702438       109084.375    
   191.250000      -76.0702438       109198.875    
   195.000000      -76.0702438       109297.375    
   198.750000      -76.0702438       109379.375    
   202.500000      -76.0702438       109453.375    
   206.250000      -76.0702438       109503.875    
   210.000000      -76.0702438       109546.875    
   213.750000      -76.0702438       109558.875    
   217.500000      -76.0702438       109553.875    
   221.250000      -76.0702438       109555.375    
   225.000000      -76.0702438       109562.375    
   228.750000      -76.0702438       109598.375    
   232.500000      -76.0702438       109643.875    
   236.250000      -76.0702438       109684.875    
   240.000000      -76.0702438       109718.375    
   243.750000      -76.0702438       109763.875    
   247.500000      -76.0702438       109810.375    
   251.250000      -76.0702438       109863.875    
   255.000000      -76.0702438       109932.375    
   258.750000      -76.0702438       109994.875    
   262.500000      -76.0702438       110059.375    
   266.250000      -76.0702438       110108.875    
   270.000000      -76.0702438       110140.375    
   273.750000      -76.0702438       110160.375    
   277.500000      -76.0702438       110167.875    
   281.250000      -76.0702438       110144.875    
   285.000000      -76.0702438       110088.875    
   288.750000      -76.0702438       110023.875    
   292.500000      -76.0702438       109925.875    
   296.250000      -76.0702438       109796.875    
   300.000000      -76.0702438       109655.375    
   303.750000      -76.0702438       109495.875    
   307.500000      -76.0702438       109328.375    
   311.250000      -76.0702438       109157.875    
   315.000000      -76.0702438       109008.875    
   318.750000      -76.0702438       108855.875    
   322.500000      -76.0702438       108714.875    
   326.250000      -76.0702438       108577.875    
   330.000000      -76.0702438       108461.375    
   333.750000      -76.0702438       108360.875    
   337.500000      -76.0702438       108277.875    
   341.250000      -76.0702438       108213.375    
   345.000000      -76.0702438       108181.875    
   348.750000      -76.0702438       108164.875    
   352.500000      -76.0702438       108162.375    
   356.250000      -76.0702438       108176.875    
   360.000000      -76.0702438       108205.875    
   0.00000000      -72.3615875       108307.875    
   3.75000000      -72.3615875       108347.875    
   7.50000000      -72.3615875       108381.875    
   11.2500000      -72.3615875       108431.375    
   15.0000000      -72.3615875       108488.375    
   18.7500000      -72.3615875       108547.875    
   22.5000000      -72.3615875       108608.375    
   26.2500000      -72.3615875       108680.875    
   30.0000000      -72.3615875       108763.375    
   33.7500000      -72.3615875       108871.375    
   37.5000000      -72.3615875       108988.375    
   41.2500000      -72.3615875       109107.875    
   45.0000000      -72.3615875       109232.875    
   48.7500000      -72.3615875       109366.375    
   52.5000000      -72.3615875       109488.875    
   56.2500000      -72.3615875       109614.875    
   60.0000000      -72.3615875       109731.375    
   63.7500000      -72.3615875       109848.875    
   67.5000000      -72.3615875       109955.875    
   71.2500000      -72.3615875       110022.375    
   75.0000000      -72.3615875       110068.375    
   78.7500000      -72.3615875       110086.375    
   82.5000000      -72.3615875       110091.875    
   86.2500000      -72.3615875       110095.375    
   90.0000000      -72.3615875       110099.375    
   93.7500000      -72.3615875       110097.875    
   97.5000000      -72.3615875       110071.875    
   101.250000      -72.3615875       110021.875    
   105.000000      -72.3615875       109956.875    
   108.750000      -72.3615875       109848.375    
   112.500000      -72.3615875       109712.375    
   116.250000      -72.3615875       109544.875    
   120.000000      -72.3615875       109363.875    
   123.750000      -72.3615875       109182.375    
   127.500000      -72.3615875       109019.375    
   131.250000      -72.3615875       108889.375    
   135.000000      -72.3615875       108798.875    
   138.750000      -72.3615875       108744.875    
   142.500000      -72.3615875       108715.875    
   146.250000      -72.3615875       108701.375    
   150.000000      -72.3615875       108706.375    
   153.750000      -72.3615875       108733.875    
   157.500000      -72.3615875       108798.875    
   161.250000      -72.3615875       108929.875    
   165.000000      -72.3615875       109089.875    
   168.750000      -72.3615875       109257.875    
   172.500000      -72.3615875       109422.875    
   176.250000      -72.3615875       109595.375    
   180.000000      -72.3615875       109761.875    
   183.750000      -72.3615875       109907.375    
   187.500000      -72.3615875       110032.375    
   191.250000      -72.3615875       110139.875    
   195.000000      -72.3615875       110229.375    
   198.750000      -72.3615875       110308.875    
   202.500000      -72.3615875       110371.875    
   206.250000      -72.3615875       110398.875    
   210.000000      -72.3615875       110392.375    
   213.750000      -72.3615875       110344.875    
   217.500000      -72.3615875       110264.875    
   221.250000      -72.3615875       110152.875    
   225.000000      -72.3615875       110023.875    
   228.750000      -72.3615875       109929.875    
   232.500000      -72.3615875       109848.875    
   236.250000      -72.3615875       109784.375    
   240.000000      -72.3615875       109716.375    
   243.750000      -72.3615875       109723.375    
   247.500000      -72.3615875       109758.875    
   251.250000      -72.3615875       109828.375    
   255.000000      -72.3615875       109913.875    
   258.750000      -72.3615875       110024.375    
   262.500000      -72.3615875       110143.875    
   266.250000      -72.3615875       110260.875    
   270.000000      -72.3615875       110376.875    
   273.750000      -72.3615875       110477.375    
   277.500000      -72.3615875       110537.875    
   281.250000      -72.3615875       110575.875    
   285.000000      -72.3615875       110573.375    
   288.750000      -72.3615875       110516.875    
   292.500000      -72.3615875       110398.375    
   296.250000      -72.3615875       110192.375    
   300.000000      -72.3615875       110002.375    
   303.750000      -72.3615875       109755.875    
   307.500000      -72.3615875       109496.875    
   311.250000      -72.3615875       109241.875    
   315.000000      -72.3615875       108991.875    
   318.750000      -72.3615875       108758.875    
   322.500000      -72.3615875       108543.375    
   326.250000      -72.3615875       108359.875    
   330.000000      -72.3615875       108218.375    
   333.750000      -72.3615875       108132.375    
   337.500000      -72.3615875       108108.875    
   341.250000      -72.3615875       108126.375    
   345.000000      -72.3615875       108161.875    
   348.750000      -72.3615875       108200.375    
   352.500000      -72.3615875       108247.375    
   356.250000      -72.3615875       108275.875    
   360.000000      -72.3615875       108307.875    
   0.00000000      -68.6520157       108538.375    
   3.75000000      -68.6520157       108536.375    
   7.50000000      -68.6520157       108528.875    
   11.2500000      -68.6520157       108541.375    
   15.0000000      -68.6520157       108583.375    
   18.7500000      -68.6520157       108656.375    
   22.5000000      -68.6520157       108764.875    
   26.2500000      -68.6520157       108898.875    
   30.0000000      -68.6520157       109046.375    
   33.7500000      -68.6520157       109189.375    
   37.5000000      -68.6520157       109312.375    
   41.2500000      -68.6520157       109431.375    
   45.0000000      -68.6520157       109526.375    
   48.7500000      -68.6520157       109622.375    
   52.5000000      -68.6520157       109738.375    
   56.2500000      -68.6520157       109878.375    
   60.0000000      -68.6520157       110024.375    
   63.7500000      -68.6520157       110151.875    
   67.5000000      -68.6520157       110238.875    
   71.2500000      -68.6520157       110268.375    
   75.0000000      -68.6520157       110277.375    
   78.7500000      -68.6520157       110263.375    
   82.5000000      -68.6520157       110284.375    
   86.2500000      -68.6520157       110350.875    
   90.0000000      -68.6520157       110471.375    
   93.7500000      -68.6520157       110605.375    
   97.5000000      -68.6520157       110733.875    
   101.250000      -68.6520157       110837.375    
   105.000000      -68.6520157       110899.375    
   108.750000      -68.6520157       110919.875    
   112.500000      -68.6520157       110885.375    
   116.250000      -68.6520157       110764.875    
   120.000000      -68.6520157       110589.375    
   123.750000      -68.6520157       110363.375    
   127.500000      -68.6520157       110117.375    
   131.250000      -68.6520157       109849.375    
   135.000000      -68.6520157       109594.875    
   138.750000      -68.6520157       109388.375    
   142.500000      -68.6520157       109253.875    
   146.250000      -68.6520157       109193.375    
   150.000000      -68.6520157       109197.875    
   153.750000      -68.6520157       109313.875    
   157.500000      -68.6520157       109507.375    
   161.250000      -68.6520157       109749.375    
   165.000000      -68.6520157       109986.375    
   168.750000      -68.6520157       110226.875    
   172.500000      -68.6520157       110454.875    
   176.250000      -68.6520157       110659.375    
   180.000000      -68.6520157       110840.875    
   183.750000      -68.6520157       110998.875    
   187.500000      -68.6520157       111132.875    
   191.250000      -68.6520157       111240.375    
   195.000000      -68.6520157       111339.375    
   198.750000      -68.6520157       111428.375    
   202.500000      -68.6520157       111500.375    
   206.250000      -68.6520157       111550.875    
   210.000000      -68.6520157       111555.375    
   213.750000      -68.6520157       111495.375    
   217.500000      -68.6520157       111340.375    
   221.250000      -68.6520157       111113.875    
   225.000000      -68.6520157       110839.875    
   228.750000      -68.6520157       110554.375    
   232.500000      -68.6520157       110311.375    
   236.250000      -68.6520157       110087.375    
   240.000000      -68.6520157       109880.375    
   243.750000      -68.6520157       109739.875    
   247.500000      -68.6520157       109724.375    
   251.250000      -68.6520157       109752.875    
   255.000000      -68.6520157       109824.375    
   258.750000      -68.6520157       109952.875    
   262.500000      -68.6520157       110120.375    
   266.250000      -68.6520157       110314.875    
   270.000000      -68.6520157       110505.375    
   273.750000      -68.6520157       110655.875    
   277.500000      -68.6520157       110760.375    
   281.250000      -68.6520157       110819.875    
   285.000000      -68.6520157       110830.375    
   288.750000      -68.6520157       110761.875    
   292.500000      -68.6520157       110606.375    
   296.250000      -68.6520157       110375.375    
   300.000000      -68.6520157       110100.875    
   303.750000      -68.6520157       109778.375    
   307.500000      -68.6520157       109451.875    
   311.250000      -68.6520157       109140.875    
   315.000000      -68.6520157       108838.375    
   318.750000      -68.6520157       108571.375    
   322.500000      -68.6520157       108326.375    
   326.250000      -68.6520157       108152.375    
   330.000000      -68.6520157       108055.875    
   333.750000      -68.6520157       108039.375    
   337.500000      -68.6520157       108085.375    
   341.250000      -68.6520157       108170.375    
   345.000000      -68.6520157       108289.875    
   348.750000      -68.6520157       108405.375    
   352.500000      -68.6520157       108494.875    
   356.250000      -68.6520157       108533.375    
   360.000000      -68.6520157       108538.375    
   0.00000000      -64.9419479       109397.375    
   3.75000000      -64.9419479       109339.375    
   7.50000000      -64.9419479       109243.375    
   11.2500000      -64.9419479       109145.375    
   15.0000000      -64.9419479       109097.875    
   18.7500000      -64.9419479       109114.375    
   22.5000000      -64.9419479       109192.375    
   26.2500000      -64.9419479       109338.375    
   30.0000000      -64.9419479       109503.375    
   33.7500000      -64.9419479       109675.875    
   37.5000000      -64.9419479       109789.375    
   41.2500000      -64.9419479       109834.875    
   45.0000000      -64.9419479       109833.375    
   48.7500000      -64.9419479       109826.875    
   52.5000000      -64.9419479       109855.375    
   56.2500000      -64.9419479       109949.375    
   60.0000000      -64.9419479       110061.375    
   63.7500000      -64.9419479       110143.375    
   67.5000000      -64.9419479       110180.375    
   71.2500000      -64.9419479       110119.375    
   75.0000000      -64.9419479       110046.875    
   78.7500000      -64.9419479       110032.375    
   82.5000000      -64.9419479       110108.375    
   86.2500000      -64.9419479       110228.375    
   90.0000000      -64.9419479       110432.875    
   93.7500000      -64.9419479       110726.875    
   97.5000000      -64.9419479       111079.375    
   101.250000      -64.9419479       111421.875    
   105.000000      -64.9419479       111704.375    
   108.750000      -64.9419479       111890.375    
   112.500000      -64.9419479       111954.375    
   116.250000      -64.9419479       111897.375    
   120.000000      -64.9419479       111789.875    
   123.750000      -64.9419479       111581.875    
   127.500000      -64.9419479       111292.375    
   131.250000      -64.9419479       110970.375    
   135.000000      -64.9419479       110619.375    
   138.750000      -64.9419479       110233.875    
   142.500000      -64.9419479       109881.375    
   146.250000      -64.9419479       109688.875    
   150.000000      -64.9419479       109716.875    
   153.750000      -64.9419479       109927.375    
   157.500000      -64.9419479       110176.875    
   161.250000      -64.9419479       110437.875    
   165.000000      -64.9419479       110738.375    
   168.750000      -64.9419479       111067.375    
   172.500000      -64.9419479       111389.875    
   176.250000      -64.9419479       111684.875    
   180.000000      -64.9419479       111944.375    
   183.750000      -64.9419479       112181.875    
   187.500000      -64.9419479       112357.875    
   191.250000      -64.9419479       112485.375    
   195.000000      -64.9419479       112605.875    
   198.750000      -64.9419479       112734.375    
   202.500000      -64.9419479       112850.375    
   206.250000      -64.9419479       112952.375    
   210.000000      -64.9419479       112982.875    
   213.750000      -64.9419479       112933.875    
   217.500000      -64.9419479       112758.375    
   221.250000      -64.9419479       112478.375    
   225.000000      -64.9419479       112067.375    
   228.750000      -64.9419479       111568.375    
   232.500000      -64.9419479       111086.375    
   236.250000      -64.9419479       110664.375    
   240.000000      -64.9419479       110279.875    
   243.750000      -64.9419479       109949.375    
   247.500000      -64.9419479       109772.875    
   251.250000      -64.9419479       109757.375    
   255.000000      -64.9419479       109835.375    
   258.750000      -64.9419479       109979.375    
   262.500000      -64.9419479       110217.375    
   266.250000      -64.9419479       110536.375    
   270.000000      -64.9419479       110839.375    
   273.750000      -64.9419479       111060.875    
   277.500000      -64.9419479       111172.875    
   281.250000      -64.9419479       111137.875    
   285.000000      -64.9419479       111004.875    
   288.750000      -64.9419479       110796.375    
   292.500000      -64.9419479       110542.875    
   296.250000      -64.9419479       110224.875    
   300.000000      -64.9419479       109876.875    
   303.750000      -64.9419479       109513.375    
   307.500000      -64.9419479       109216.875    
   311.250000      -64.9419479       109000.375    
   315.000000      -64.9419479       108813.875    
   318.750000      -64.9419479       108631.375    
   322.500000      -64.9419479       108471.375    
   326.250000      -64.9419479       108355.375    
   330.000000      -64.9419479       108313.875    
   333.750000      -64.9419479       108357.375    
   337.500000      -64.9419479       108485.875    
   341.250000      -64.9419479       108673.375    
   345.000000      -64.9419479       108884.875    
   348.750000      -64.9419479       109103.375    
   352.500000      -64.9419479       109280.875    
   356.250000      -64.9419479       109381.875    
   360.000000      -64.9419479       109397.375    
   0.00000000      -61.2315712       110619.875    
   3.75000000      -61.2315712       110652.875    
   7.50000000      -61.2315712       110571.375    
   11.2500000      -61.2315712       110401.375    
   15.0000000      -61.2315712       110286.375    
   18.7500000      -61.2315712       110216.875    
   22.5000000      -61.2315712       110231.875    
   26.2500000      -61.2315712       110316.375    
   30.0000000      -61.2315712       110500.875    
   33.7500000      -61.2315712       110717.875    
   37.5000000      -61.2315712       110873.875    
   41.2500000      -61.2315712       110931.375    
   45.0000000      -61.2315712       110879.875    
   48.7500000      -61.2315712       110762.875    
   52.5000000      -61.2315712       110591.875    
   56.2500000      -61.2315712       110433.875    
   60.0000000      -61.2315712       110327.375    
   63.7500000      -61.2315712       110226.375    
   67.5000000      -61.2315712       110123.875    
   71.2500000      -61.2315712       110033.375    
   75.0000000      -61.2315712       109934.375    
   78.7500000      -61.2315712       109907.375    
   82.5000000      -61.2315712       109964.875    
   86.2500000      -61.2315712       110108.875    
   90.0000000      -61.2315712       110361.375    
   93.7500000      -61.2315712       110762.875    
   97.5000000      -61.2315712       111289.375    
   101.250000      -61.2315712       111895.875    
   105.000000      -61.2315712       112440.375    
   108.750000      -61.2315712       112850.375    
   112.500000      -61.2315712       113067.875    
   116.250000      -61.2315712       113102.875    
   120.000000      -61.2315712       112939.875    
   123.750000      -61.2315712       112649.875    
   127.500000      -61.2315712       112304.375    
   131.250000      -61.2315712       111916.375    
   135.000000      -61.2315712       111520.875    
   138.750000      -61.2315712       111131.375    
   142.500000      -61.2315712       110712.875    
   146.250000      -61.2315712       110383.875    
   150.000000      -61.2315712       110285.375    
   153.750000      -61.2315712       110374.875    
   157.500000      -61.2315712       110558.875    
   161.250000      -61.2315712       110907.375    
   165.000000      -61.2315712       111350.875    
   168.750000      -61.2315712       111806.875    
   172.500000      -61.2315712       112237.875    
   176.250000      -61.2315712       112672.875    
   180.000000      -61.2315712       113081.875    
   183.750000      -61.2315712       113399.875    
   187.500000      -61.2315712       113659.375    
   191.250000      -61.2315712       113886.375    
   195.000000      -61.2315712       114086.375    
   198.750000      -61.2315712       114272.375    
   202.500000      -61.2315712       114470.875    
   206.250000      -61.2315712       114645.375    
   210.000000      -61.2315712       114748.875    
   213.750000      -61.2315712       114705.875    
   217.500000      -61.2315712       114421.875    
   221.250000      -61.2315712       114013.375    
   225.000000      -61.2315712       113410.375    
   228.750000      -61.2315712       112725.375    
   232.500000      -61.2315712       112020.875    
   236.250000      -61.2315712       111390.375    
   240.000000      -61.2315712       110834.875    
   243.750000      -61.2315712       110435.375    
   247.500000      -61.2315712       110171.875    
   251.250000      -61.2315712       110078.375    
   255.000000      -61.2315712       110162.375    
   258.750000      -61.2315712       110379.875    
   262.500000      -61.2315712       110714.875    
   266.250000      -61.2315712       111141.875    
   270.000000      -61.2315712       111543.375    
   273.750000      -61.2315712       111838.375    
   277.500000      -61.2315712       111938.875    
   281.250000      -61.2315712       111773.875    
   285.000000      -61.2315712       111382.875    
   288.750000      -61.2315712       110939.875    
   292.500000      -61.2315712       110509.375    
   296.250000      -61.2315712       110090.875    
   300.000000      -61.2315712       109735.375    
   303.750000      -61.2315712       109454.375    
   307.500000      -61.2315712       109294.875    
   311.250000      -61.2315712       109257.875    
   315.000000      -61.2315712       109288.375    
   318.750000      -61.2315712       109294.875    
   322.500000      -61.2315712       109251.375    
   326.250000      -61.2315712       109175.375    
   330.000000      -61.2315712       109105.875    
   333.750000      -61.2315712       109099.875    
   337.500000      -61.2315712       109197.875    
   341.250000      -61.2315712       109402.375    
   345.000000      -61.2315712       109655.375    
   348.750000      -61.2315712       109929.875    
   352.500000      -61.2315712       110208.375    
   356.250000      -61.2315712       110449.375    
   360.000000      -61.2315712       110619.875    
   0.00000000      -57.5209885       111540.375    
   3.75000000      -57.5209885       111696.875    
   7.50000000      -57.5209885       111690.375    
   11.2500000      -57.5209885       111541.375    
   15.0000000      -57.5209885       111387.375    
   18.7500000      -57.5209885       111345.375    
   22.5000000      -57.5209885       111387.375    
   26.2500000      -57.5209885       111527.875    
   30.0000000      -57.5209885       111789.375    
   33.7500000      -57.5209885       112065.375    
   37.5000000      -57.5209885       112296.375    
   41.2500000      -57.5209885       112409.375    
   45.0000000      -57.5209885       112385.375    
   48.7500000      -57.5209885       112200.375    
   52.5000000      -57.5209885       111883.875    
   56.2500000      -57.5209885       111492.375    
   60.0000000      -57.5209885       111076.375    
   63.7500000      -57.5209885       110715.875    
   67.5000000      -57.5209885       110388.875    
   71.2500000      -57.5209885       110129.375    
   75.0000000      -57.5209885       109979.375    
   78.7500000      -57.5209885       109937.875    
   82.5000000      -57.5209885       110014.875    
   86.2500000      -57.5209885       110221.375    
   90.0000000      -57.5209885       110536.375    
   93.7500000      -57.5209885       110983.375    
   97.5000000      -57.5209885       111615.375    
   101.250000      -57.5209885       112380.375    
   105.000000      -57.5209885       113108.375    
   108.750000      -57.5209885       113656.375    
   112.500000      -57.5209885       114019.875    
   116.250000      -57.5209885       114181.375    
   120.000000      -57.5209885       114134.875    
   123.750000      -57.5209885       113849.375    
   127.500000      -57.5209885       113385.875    
   131.250000      -57.5209885       112880.875    
   135.000000      -57.5209885       112389.875    
   138.750000      -57.5209885       111909.375    
   142.500000      -57.5209885       111503.375    
   146.250000      -57.5209885       111103.875    
   150.000000      -57.5209885       110828.875    
   153.750000      -57.5209885       110747.875    
   157.500000      -57.5209885       110876.875    
   161.250000      -57.5209885       111270.875    
   165.000000      -57.5209885       111850.375    
   168.750000      -57.5209885       112409.875    
   172.500000      -57.5209885       112968.875    
   176.250000      -57.5209885       113518.875    
   180.000000      -57.5209885       114035.375    
   183.750000      -57.5209885       114520.375    
   187.500000      -57.5209885       114939.875    
   191.250000      -57.5209885       115342.375    
   195.000000      -57.5209885       115680.875    
   198.750000      -57.5209885       115979.375    
   202.500000      -57.5209885       116254.875    
   206.250000      -57.5209885       116433.875    
   210.000000      -57.5209885       116499.875    
   213.750000      -57.5209885       116368.875    
   217.500000      -57.5209885       116015.875    
   221.250000      -57.5209885       115428.875    
   225.000000      -57.5209885       114680.875    
   228.750000      -57.5209885       113811.875    
   232.500000      -57.5209885       112947.875    
   236.250000      -57.5209885       112182.375    
   240.000000      -57.5209885       111545.375    
   243.750000      -57.5209885       111068.875    
   247.500000      -57.5209885       110819.375    
   251.250000      -57.5209885       110761.875    
   255.000000      -57.5209885       110903.875    
   258.750000      -57.5209885       111231.875    
   262.500000      -57.5209885       111684.375    
   266.250000      -57.5209885       112153.375    
   270.000000      -57.5209885       112562.375    
   273.750000      -57.5209885       112837.875    
   277.500000      -57.5209885       112920.875    
   281.250000      -57.5209885       112706.875    
   285.000000      -57.5209885       112203.875    
   288.750000      -57.5209885       111511.875    
   292.500000      -57.5209885       110806.875    
   296.250000      -57.5209885       110310.375    
   300.000000      -57.5209885       109982.875    
   303.750000      -57.5209885       109842.375    
   307.500000      -57.5209885       109897.375    
   311.250000      -57.5209885       110049.375    
   315.000000      -57.5209885       110220.375    
   318.750000      -57.5209885       110359.375    
   322.500000      -57.5209885       110489.875    
   326.250000      -57.5209885       110469.375    
   330.000000      -57.5209885       110341.375    
   333.750000      -57.5209885       110247.375    
   337.500000      -57.5209885       110240.875    
   341.250000      -57.5209885       110321.875    
   345.000000      -57.5209885       110481.875    
   348.750000      -57.5209885       110708.875    
   352.500000      -57.5209885       110996.875    
   356.250000      -57.5209885       111285.375    
   360.000000      -57.5209885       111540.375    
   0.00000000      -53.8102722       112611.375    
   3.75000000      -53.8102722       112685.875    
   7.50000000      -53.8102722       112531.875    
   11.2500000      -53.8102722       112269.375    
   15.0000000      -53.8102722       112155.875    
   18.7500000      -53.8102722       112127.375    
   22.5000000      -53.8102722       112275.875    
   26.2500000      -53.8102722       112632.375    
   30.0000000      -53.8102722       113116.875    
   33.7500000      -53.8102722       113645.375    
   37.5000000      -53.8102722       114090.375    
   41.2500000      -53.8102722       114348.875    
   45.0000000      -53.8102722       114416.375    
   48.7500000      -53.8102722       114194.875    
   52.5000000      -53.8102722       113819.375    
   56.2500000      -53.8102722       113234.875    
   60.0000000      -53.8102722       112559.375    
   63.7500000      -53.8102722       111895.375    
   67.5000000      -53.8102722       111336.375    
   71.2500000      -53.8102722       110901.875    
   75.0000000      -53.8102722       110597.375    
   78.7500000      -53.8102722       110444.375    
   82.5000000      -53.8102722       110466.875    
   86.2500000      -53.8102722       110653.375    
   90.0000000      -53.8102722       111005.375    
   93.7500000      -53.8102722       111480.375    
   97.5000000      -53.8102722       112147.375    
   101.250000      -53.8102722       112998.375    
   105.000000      -53.8102722       113785.875    
   108.750000      -53.8102722       114350.875    
   112.500000      -53.8102722       114781.875    
   116.250000      -53.8102722       115089.875    
   120.000000      -53.8102722       115214.375    
   123.750000      -53.8102722       115112.375    
   127.500000      -53.8102722       114785.875    
   131.250000      -53.8102722       114228.375    
   135.000000      -53.8102722       113578.875    
   138.750000      -53.8102722       113027.875    
   142.500000      -53.8102722       112526.875    
   146.250000      -53.8102722       112074.375    
   150.000000      -53.8102722       111716.375    
   153.750000      -53.8102722       111550.875    
   157.500000      -53.8102722       111615.875    
   161.250000      -53.8102722       112006.875    
   165.000000      -53.8102722       112584.375    
   168.750000      -53.8102722       113173.875    
   172.500000      -53.8102722       113782.375    
   176.250000      -53.8102722       114458.375    
   180.000000      -53.8102722       115136.375    
   183.750000      -53.8102722       115776.375    
   187.500000      -53.8102722       116353.375    
   191.250000      -53.8102722       116814.875    
   195.000000      -53.8102722       117142.375    
   198.750000      -53.8102722       117469.875    
   202.500000      -53.8102722       117703.375    
   206.250000      -53.8102722       117768.875    
   210.000000      -53.8102722       117736.875    
   213.750000      -53.8102722       117551.875    
   217.500000      -53.8102722       117167.375    
   221.250000      -53.8102722       116616.875    
   225.000000      -53.8102722       115837.875    
   228.750000      -53.8102722       114939.375    
   232.500000      -53.8102722       114049.875    
   236.250000      -53.8102722       113245.375    
   240.000000      -53.8102722       112594.875    
   243.750000      -53.8102722       112109.875    
   247.500000      -53.8102722       111893.375    
   251.250000      -53.8102722       111893.875    
   255.000000      -53.8102722       112129.375    
   258.750000      -53.8102722       112560.875    
   262.500000      -53.8102722       113060.375    
   266.250000      -53.8102722       113528.875    
   270.000000      -53.8102722       113907.375    
   273.750000      -53.8102722       114146.875    
   277.500000      -53.8102722       114157.875    
   281.250000      -53.8102722       113949.875    
   285.000000      -53.8102722       113420.875    
   288.750000      -53.8102722       112725.875    
   292.500000      -53.8102722       111825.375    
   296.250000      -53.8102722       111238.375    
   300.000000      -53.8102722       110882.875    
   303.750000      -53.8102722       110883.375    
   307.500000      -53.8102722       111037.875    
   311.250000      -53.8102722       111318.875    
   315.000000      -53.8102722       111584.875    
   318.750000      -53.8102722       111859.875    
   322.500000      -53.8102722       112107.375    
   326.250000      -53.8102722       112192.875    
   330.000000      -53.8102722       112227.375    
   333.750000      -53.8102722       112206.875    
   337.500000      -53.8102722       112125.375    
   341.250000      -53.8102722       111960.875    
   345.000000      -53.8102722       111954.375    
   348.750000      -53.8102722       112015.375    
   352.500000      -53.8102722       112157.375    
   356.250000      -53.8102722       112375.375    
   360.000000      -53.8102722       112611.375    
   0.00000000      -50.0994530       113862.375    
   3.75000000      -50.0994530       113505.375    
   7.50000000      -50.0994530       112991.375    
   11.2500000      -50.0994530       112658.875    
   15.0000000      -50.0994530       112478.375    
   18.7500000      -50.0994530       112533.375    
   22.5000000      -50.0994530       112886.375    
   26.2500000      -50.0994530       113460.875    
   30.0000000      -50.0994530       114189.875    
   33.7500000      -50.0994530       115038.375    
   37.5000000      -50.0994530       115598.375    
   41.2500000      -50.0994530       116007.375    
   45.0000000      -50.0994530       116420.875    
   48.7500000      -50.0994530       116486.875    
   52.5000000      -50.0994530       116213.375    
   56.2500000      -50.0994530       115635.375    
   60.0000000      -50.0994530       114852.375    
   63.7500000      -50.0994530       114003.375    
   67.5000000      -50.0994530       113251.375    
   71.2500000      -50.0994530       112644.375    
   75.0000000      -50.0994530       112175.875    
   78.7500000      -50.0994530       111879.375    
   82.5000000      -50.0994530       111773.875    
   86.2500000      -50.0994530       111757.875    
   90.0000000      -50.0994530       111852.375    
   93.7500000      -50.0994530       112211.875    
   97.5000000      -50.0994530       112836.875    
   101.250000      -50.0994530       113691.375    
   105.000000      -50.0994530       114421.875    
   108.750000      -50.0994530       114933.375    
   112.500000      -50.0994530       115423.375    
   116.250000      -50.0994530       115853.875    
   120.000000      -50.0994530       116122.375    
   123.750000      -50.0994530       116155.375    
   127.500000      -50.0994530       115947.375    
   131.250000      -50.0994530       115589.875    
   135.000000      -50.0994530       115124.875    
   138.750000      -50.0994530       114550.875    
   142.500000      -50.0994530       114025.375    
   146.250000      -50.0994530       113517.875    
   150.000000      -50.0994530       113107.375    
   153.750000      -50.0994530       112853.875    
   157.500000      -50.0994530       112842.375    
   161.250000      -50.0994530       113093.875    
   165.000000      -50.0994530       113487.875    
   168.750000      -50.0994530       113977.375    
   172.500000      -50.0994530       114622.375    
   176.250000      -50.0994530       115342.375    
   180.000000      -50.0994530       116104.875    
   183.750000      -50.0994530       116819.875    
   187.500000      -50.0994530       117325.375    
   191.250000      -50.0994530       117742.875    
   195.000000      -50.0994530       118099.875    
   198.750000      -50.0994530       118308.375    
   202.500000      -50.0994530       118280.375    
   206.250000      -50.0994530       118244.875    
   210.000000      -50.0994530       118172.875    
   213.750000      -50.0994530       118009.375    
   217.500000      -50.0994530       117687.375    
   221.250000      -50.0994530       117229.875    
   225.000000      -50.0994530       116630.875    
   228.750000      -50.0994530       115947.375    
   232.500000      -50.0994530       115258.875    
   236.250000      -50.0994530       114632.375    
   240.000000      -50.0994530       114026.875    
   243.750000      -50.0994530       113600.375    
   247.500000      -50.0994530       113437.875    
   251.250000      -50.0994530       113519.875    
   255.000000      -50.0994530       113794.875    
   258.750000      -50.0994530       114214.375    
   262.500000      -50.0994530       114688.875    
   266.250000      -50.0994530       115038.375    
   270.000000      -50.0994530       115324.875    
   273.750000      -50.0994530       115522.375    
   277.500000      -50.0994530       115487.875    
   281.250000      -50.0994530       115263.875    
   285.000000      -50.0994530       114824.875    
   288.750000      -50.0994530       114134.375    
   292.500000      -50.0994530       113475.375    
   296.250000      -50.0994530       112983.875    
   300.000000      -50.0994530       112652.375    
   303.750000      -50.0994530       112480.375    
   307.500000      -50.0994530       112693.375    
   311.250000      -50.0994530       112946.875    
   315.000000      -50.0994530       113318.875    
   318.750000      -50.0994530       113607.875    
   322.500000      -50.0994530       113870.875    
   326.250000      -50.0994530       114060.875    
   330.000000      -50.0994530       114203.875    
   333.750000      -50.0994530       114260.875    
   337.500000      -50.0994530       114229.875    
   341.250000      -50.0994530       114126.375    
   345.000000      -50.0994530       113991.375    
   348.750000      -50.0994530       113921.375    
   352.500000      -50.0994530       113890.875    
   356.250000      -50.0994530       113911.875    
   360.000000      -50.0994530       113862.375    
   0.00000000      -46.3885536       114718.375    
   3.75000000      -46.3885536       114037.875    
   7.50000000      -46.3885536       113421.375    
   11.2500000      -46.3885536       113030.375    
   15.0000000      -46.3885536       112884.875    
   18.7500000      -46.3885536       113032.875    
   22.5000000      -46.3885536       113458.875    
   26.2500000      -46.3885536       114147.875    
   30.0000000      -46.3885536       115155.375    
   33.7500000      -46.3885536       116212.375    
   37.5000000      -46.3885536       117073.375    
   41.2500000      -46.3885536       117731.375    
   45.0000000      -46.3885536       118051.375    
   48.7500000      -46.3885536       118164.375    
   52.5000000      -46.3885536       118018.875    
   56.2500000      -46.3885536       117718.875    
   60.0000000      -46.3885536       117268.875    
   63.7500000      -46.3885536       116658.375    
   67.5000000      -46.3885536       115947.875    
   71.2500000      -46.3885536       115269.375    
   75.0000000      -46.3885536       114650.875    
   78.7500000      -46.3885536       114178.875    
   82.5000000      -46.3885536       113782.375    
   86.2500000      -46.3885536       113430.375    
   90.0000000      -46.3885536       113131.375    
   93.7500000      -46.3885536       113169.375    
   97.5000000      -46.3885536       113661.875    
   101.250000      -46.3885536       114439.375    
   105.000000      -46.3885536       115045.375    
   108.750000      -46.3885536       115390.875    
   112.500000      -46.3885536       115881.375    
   116.250000      -46.3885536       116316.875    
   120.000000      -46.3885536       116628.375    
   123.750000      -46.3885536       116807.375    
   127.500000      -46.3885536       116815.375    
   131.250000      -46.3885536       116575.875    
   135.000000      -46.3885536       116185.875    
   138.750000      -46.3885536       115812.875    
   142.500000      -46.3885536       115436.875    
   146.250000      -46.3885536       114984.875    
   150.000000      -46.3885536       114572.375    
   153.750000      -46.3885536       114225.875    
   157.500000      -46.3885536       114068.375    
   161.250000      -46.3885536       114044.375    
   165.000000      -46.3885536       114102.375    
   168.750000      -46.3885536       114458.375    
   172.500000      -46.3885536       115086.375    
   176.250000      -46.3885536       115894.875    
   180.000000      -46.3885536       116753.875    
   183.750000      -46.3885536       117581.375    
   187.500000      -46.3885536       118049.375    
   191.250000      -46.3885536       118463.875    
   195.000000      -46.3885536       118689.375    
   198.750000      -46.3885536       118554.875    
   202.500000      -46.3885536       118355.875    
   206.250000      -46.3885536       118280.875    
   210.000000      -46.3885536       118114.375    
   213.750000      -46.3885536       117811.375    
   217.500000      -46.3885536       117474.875    
   221.250000      -46.3885536       117128.375    
   225.000000      -46.3885536       116838.875    
   228.750000      -46.3885536       116571.875    
   232.500000      -46.3885536       116269.375    
   236.250000      -46.3885536       115964.375    
   240.000000      -46.3885536       115618.875    
   243.750000      -46.3885536       115325.375    
   247.500000      -46.3885536       115228.875    
   251.250000      -46.3885536       115393.875    
   255.000000      -46.3885536       115685.875    
   258.750000      -46.3885536       116010.375    
   262.500000      -46.3885536       116276.875    
   266.250000      -46.3885536       116419.375    
   270.000000      -46.3885536       116570.375    
   273.750000      -46.3885536       116628.375    
   277.500000      -46.3885536       116592.375    
   281.250000      -46.3885536       116457.375    
   285.000000      -46.3885536       116155.375    
   288.750000      -46.3885536       115519.375    
   292.500000      -46.3885536       115177.875    
   296.250000      -46.3885536       114666.375    
   300.000000      -46.3885536       114442.375    
   303.750000      -46.3885536       114405.375    
   307.500000      -46.3885536       114504.375    
   311.250000      -46.3885536       114723.375    
   315.000000      -46.3885536       115035.375    
   318.750000      -46.3885536       115371.375    
   322.500000      -46.3885536       115648.375    
   326.250000      -46.3885536       115908.375    
   330.000000      -46.3885536       116110.375    
   333.750000      -46.3885536       116301.875    
   337.500000      -46.3885536       116384.375    
   341.250000      -46.3885536       116338.375    
   345.000000      -46.3885536       116198.375    
   348.750000      -46.3885536       116015.875    
   352.500000      -46.3885536       115738.875    
   356.250000      -46.3885536       115301.875    
   360.000000      -46.3885536       114718.375    
   0.00000000      -42.6776047       115232.875    
   3.75000000      -42.6776047       114373.375    
   7.50000000      -42.6776047       113822.375    
   11.2500000      -42.6776047       113538.875    
   15.0000000      -42.6776047       113539.375    
   18.7500000      -42.6776047       113773.375    
   22.5000000      -42.6776047       114244.375    
   26.2500000      -42.6776047       115132.875    
   30.0000000      -42.6776047       116232.375    
   33.7500000      -42.6776047       117536.875    
   37.5000000      -42.6776047       118557.875    
   41.2500000      -42.6776047       119050.875    
   45.0000000      -42.6776047       119162.375    
   48.7500000      -42.6776047       119074.875    
   52.5000000      -42.6776047       118926.375    
   56.2500000      -42.6776047       118761.375    
   60.0000000      -42.6776047       118544.375    
   63.7500000      -42.6776047       118220.875    
   67.5000000      -42.6776047       117837.875    
   71.2500000      -42.6776047       117402.875    
   75.0000000      -42.6776047       116884.875    
   78.7500000      -42.6776047       116323.875    
   82.5000000      -42.6776047       115787.875    
   86.2500000      -42.6776047       115287.375    
   90.0000000      -42.6776047       114759.875    
   93.7500000      -42.6776047       114356.375    
   97.5000000      -42.6776047       114600.875    
   101.250000      -42.6776047       115271.875    
   105.000000      -42.6776047       115640.375    
   108.750000      -42.6776047       115736.875    
   112.500000      -42.6776047       116071.875    
   116.250000      -42.6776047       116453.375    
   120.000000      -42.6776047       116799.875    
   123.750000      -42.6776047       117029.875    
   127.500000      -42.6776047       117149.375    
   131.250000      -42.6776047       117167.375    
   135.000000      -42.6776047       117067.375    
   138.750000      -42.6776047       116885.375    
   142.500000      -42.6776047       116633.875    
   146.250000      -42.6776047       116315.375    
   150.000000      -42.6776047       115867.875    
   153.750000      -42.6776047       115517.375    
   157.500000      -42.6776047       115225.375    
   161.250000      -42.6776047       114765.875    
   165.000000      -42.6776047       114416.875    
   168.750000      -42.6776047       114456.375    
   172.500000      -42.6776047       115315.875    
   176.250000      -42.6776047       116358.875    
   180.000000      -42.6776047       117416.875    
   183.750000      -42.6776047       118204.375    
   187.500000      -42.6776047       118679.375    
   191.250000      -42.6776047       119063.875    
   195.000000      -42.6776047       118957.875    
   198.750000      -42.6776047       118462.375    
   202.500000      -42.6776047       118114.375    
   206.250000      -42.6776047       118043.875    
   210.000000      -42.6776047       117792.875    
   213.750000      -42.6776047       117423.375    
   217.500000      -42.6776047       117030.375    
   221.250000      -42.6776047       116740.375    
   225.000000      -42.6776047       116686.375    
   228.750000      -42.6776047       116799.375    
   232.500000      -42.6776047       116980.875    
   236.250000      -42.6776047       117030.875    
   240.000000      -42.6776047       116967.875    
   243.750000      -42.6776047       116903.875    
   247.500000      -42.6776047       117034.375    
   251.250000      -42.6776047       117121.375    
   255.000000      -42.6776047       117337.375    
   258.750000      -42.6776047       117477.375    
   262.500000      -42.6776047       117503.375    
   266.250000      -42.6776047       117454.875    
   270.000000      -42.6776047       117303.875    
   273.750000      -42.6776047       117256.875    
   277.500000      -42.6776047       117271.875    
   281.250000      -42.6776047       117245.875    
   285.000000      -42.6776047       117144.875    
   288.750000      -42.6776047       116786.375    
   292.500000      -42.6776047       116664.875    
   296.250000      -42.6776047       116529.375    
   300.000000      -42.6776047       116281.875    
   303.750000      -42.6776047       116202.375    
   307.500000      -42.6776047       116206.375    
   311.250000      -42.6776047       116441.875    
   315.000000      -42.6776047       116717.375    
   318.750000      -42.6776047       117022.375    
   322.500000      -42.6776047       117323.375    
   326.250000      -42.6776047       117644.875    
   330.000000      -42.6776047       117901.375    
   333.750000      -42.6776047       118022.875    
   337.500000      -42.6776047       118038.375    
   341.250000      -42.6776047       117971.875    
   345.000000      -42.6776047       117783.875    
   348.750000      -42.6776047       117466.375    
   352.500000      -42.6776047       116940.875    
   356.250000      -42.6776047       116148.875    
   360.000000      -42.6776047       115232.875    
   0.00000000      -38.9666100       115468.375    
   3.75000000      -38.9666100       114704.375    
   7.50000000      -38.9666100       114335.875    
   11.2500000      -38.9666100       114305.375    
   15.0000000      -38.9666100       114554.875    
   18.7500000      -38.9666100       114990.875    
   22.5000000      -38.9666100       115533.375    
   26.2500000      -38.9666100       116503.875    
   30.0000000      -38.9666100       117775.875    
   33.7500000      -38.9666100       118939.875    
   37.5000000      -38.9666100       119619.875    
   41.2500000      -38.9666100       119678.875    
   45.0000000      -38.9666100       119429.875    
   48.7500000      -38.9666100       119199.375    
   52.5000000      -38.9666100       119058.875    
   56.2500000      -38.9666100       119000.875    
   60.0000000      -38.9666100       118913.875    
   63.7500000      -38.9666100       118784.875    
   67.5000000      -38.9666100       118549.375    
   71.2500000      -38.9666100       118238.375    
   75.0000000      -38.9666100       117912.875    
   78.7500000      -38.9666100       117545.875    
   82.5000000      -38.9666100       117153.375    
   86.2500000      -38.9666100       116750.875    
   90.0000000      -38.9666100       116286.875    
   93.7500000      -38.9666100       115850.875    
   97.5000000      -38.9666100       115874.875    
   101.250000      -38.9666100       116209.875    
   105.000000      -38.9666100       116279.375    
   108.750000      -38.9666100       116130.375    
   112.500000      -38.9666100       116221.875    
   116.250000      -38.9666100       116607.375    
   120.000000      -38.9666100       117130.375    
   123.750000      -38.9666100       117367.375    
   127.500000      -38.9666100       117384.375    
   131.250000      -38.9666100       117380.375    
   135.000000      -38.9666100       117393.875    
   138.750000      -38.9666100       117393.875    
   142.500000      -38.9666100       117377.875    
   146.250000      -38.9666100       117328.375    
   150.000000      -38.9666100       117153.875    
   153.750000      -38.9666100       116844.875    
   157.500000      -38.9666100       116417.375    
   161.250000      -38.9666100       115693.375    
   165.000000      -38.9666100       115094.375    
   168.750000      -38.9666100       114899.875    
   172.500000      -38.9666100       115565.875    
   176.250000      -38.9666100       116920.375    
   180.000000      -38.9666100       118050.875    
   183.750000      -38.9666100       118874.375    
   187.500000      -38.9666100       119293.875    
   191.250000      -38.9666100       119420.875    
   195.000000      -38.9666100       119078.375    
   198.750000      -38.9666100       118358.375    
   202.500000      -38.9666100       117844.875    
   206.250000      -38.9666100       117610.375    
   210.000000      -38.9666100       117331.375    
   213.750000      -38.9666100       116916.375    
   217.500000      -38.9666100       116501.375    
   221.250000      -38.9666100       116300.375    
   225.000000      -38.9666100       116575.875    
   228.750000      -38.9666100       117138.875    
   232.500000      -38.9666100       117740.375    
   236.250000      -38.9666100       118106.875    
   240.000000      -38.9666100       118293.875    
   243.750000      -38.9666100       118391.875    
   247.500000      -38.9666100       118511.375    
   251.250000      -38.9666100       118515.875    
   255.000000      -38.9666100       118452.875    
   258.750000      -38.9666100       118360.375    
   262.500000      -38.9666100       118131.375    
   266.250000      -38.9666100       117780.875    
   270.000000      -38.9666100       117420.875    
   273.750000      -38.9666100       117335.375    
   277.500000      -38.9666100       117517.375    
   281.250000      -38.9666100       117678.375    
   285.000000      -38.9666100       117758.375    
   288.750000      -38.9666100       117767.375    
   292.500000      -38.9666100       117813.875    
   296.250000      -38.9666100       117953.875    
   300.000000      -38.9666100       117896.375    
   303.750000      -38.9666100       117770.375    
   307.500000      -38.9666100       118025.375    
   311.250000      -38.9666100       118114.375    
   315.000000      -38.9666100       118193.375    
   318.750000      -38.9666100       118343.875    
   322.500000      -38.9666100       118533.375    
   326.250000      -38.9666100       118728.375    
   330.000000      -38.9666100       119014.875    
   333.750000      -38.9666100       119320.875    
   337.500000      -38.9666100       119377.875    
   341.250000      -38.9666100       119218.375    
   345.000000      -38.9666100       118832.375    
   348.750000      -38.9666100       118345.875    
   352.500000      -38.9666100       117565.875    
   356.250000      -38.9666100       116626.375    
   360.000000      -38.9666100       115468.375    
   0.00000000      -35.2555809       115950.875    
   3.75000000      -35.2555809       115351.375    
   7.50000000      -35.2555809       115226.875    
   11.2500000      -35.2555809       115450.375    
   15.0000000      -35.2555809       115858.375    
   18.7500000      -35.2555809       116366.375    
   22.5000000      -35.2555809       117169.875    
   26.2500000      -35.2555809       118241.375    
   30.0000000      -35.2555809       119098.375    
   33.7500000      -35.2555809       119834.375    
   37.5000000      -35.2555809       120135.375    
   41.2500000      -35.2555809       119889.875    
   45.0000000      -35.2555809       119544.375    
   48.7500000      -35.2555809       119377.875    
   52.5000000      -35.2555809       119295.875    
   56.2500000      -35.2555809       119211.875    
   60.0000000      -35.2555809       119140.375    
   63.7500000      -35.2555809       119058.875    
   67.5000000      -35.2555809       118903.375    
   71.2500000      -35.2555809       118694.875    
   75.0000000      -35.2555809       118452.875    
   78.7500000      -35.2555809       118174.875    
   82.5000000      -35.2555809       117892.375    
   86.2500000      -35.2555809       117620.875    
   90.0000000      -35.2555809       117337.375    
   93.7500000      -35.2555809       117125.375    
   97.5000000      -35.2555809       117064.375    
   101.250000      -35.2555809       117087.875    
   105.000000      -35.2555809       117089.375    
   108.750000      -35.2555809       116896.375    
   112.500000      -35.2555809       116818.375    
   116.250000      -35.2555809       117228.875    
   120.000000      -35.2555809       117670.375    
   123.750000      -35.2555809       117888.375    
   127.500000      -35.2555809       117884.875    
   131.250000      -35.2555809       117896.875    
   135.000000      -35.2555809       117854.875    
   138.750000      -35.2555809       117808.375    
   142.500000      -35.2555809       117941.375    
   146.250000      -35.2555809       118016.375    
   150.000000      -35.2555809       117892.375    
   153.750000      -35.2555809       117828.375    
   157.500000      -35.2555809       117560.875    
   161.250000      -35.2555809       117036.875    
   165.000000      -35.2555809       116575.875    
   168.750000      -35.2555809       116490.875    
   172.500000      -35.2555809       117019.875    
   176.250000      -35.2555809       117916.875    
   180.000000      -35.2555809       118752.375    
   183.750000      -35.2555809       119445.875    
   187.500000      -35.2555809       119768.375    
   191.250000      -35.2555809       119652.375    
   195.000000      -35.2555809       119147.375    
   198.750000      -35.2555809       118254.875    
   202.500000      -35.2555809       117745.875    
   206.250000      -35.2555809       117429.875    
   210.000000      -35.2555809       117181.375    
   213.750000      -35.2555809       116768.875    
   217.500000      -35.2555809       116399.375    
   221.250000      -35.2555809       116368.875    
   225.000000      -35.2555809       116918.875    
   228.750000      -35.2555809       117739.875    
   232.500000      -35.2555809       118492.375    
   236.250000      -35.2555809       118935.375    
   240.000000      -35.2555809       119199.375    
   243.750000      -35.2555809       119261.875    
   247.500000      -35.2555809       119259.375    
   251.250000      -35.2555809       119165.875    
   255.000000      -35.2555809       119035.875    
   258.750000      -35.2555809       118749.375    
   262.500000      -35.2555809       118322.875    
   266.250000      -35.2555809       117681.875    
   270.000000      -35.2555809       117215.875    
   273.750000      -35.2555809       117431.375    
   277.500000      -35.2555809       117898.375    
   281.250000      -35.2555809       118378.375    
   285.000000      -35.2555809       118675.375    
   288.750000      -35.2555809       118902.375    
   292.500000      -35.2555809       119169.875    
   296.250000      -35.2555809       119280.875    
   300.000000      -35.2555809       119307.375    
   303.750000      -35.2555809       119287.875    
   307.500000      -35.2555809       119324.875    
   311.250000      -35.2555809       119374.875    
   315.000000      -35.2555809       119441.375    
   318.750000      -35.2555809       119337.375    
   322.500000      -35.2555809       119320.375    
   326.250000      -35.2555809       119310.375    
   330.000000      -35.2555809       119865.875    
   333.750000      -35.2555809       120182.375    
   337.500000      -35.2555809       120242.375    
   341.250000      -35.2555809       120111.875    
   345.000000      -35.2555809       119724.375    
   348.750000      -35.2555809       119015.875    
   352.500000      -35.2555809       118086.875    
   356.250000      -35.2555809       117035.375    
   360.000000      -35.2555809       115950.875    
   0.00000000      -31.5445251       116857.375    
   3.75000000      -31.5445251       116583.375    
   7.50000000      -31.5445251       116752.375    
   11.2500000      -31.5445251       117195.375    
   15.0000000      -31.5445251       117864.375    
   18.7500000      -31.5445251       118418.875    
   22.5000000      -31.5445251       119042.875    
   26.2500000      -31.5445251       119700.875    
   30.0000000      -31.5445251       120170.875    
   33.7500000      -31.5445251       120523.875    
   37.5000000      -31.5445251       120465.875    
   41.2500000      -31.5445251       120212.375    
   45.0000000      -31.5445251       120004.375    
   48.7500000      -31.5445251       119880.375    
   52.5000000      -31.5445251       119750.375    
   56.2500000      -31.5445251       119564.375    
   60.0000000      -31.5445251       119372.875    
   63.7500000      -31.5445251       119215.875    
   67.5000000      -31.5445251       119056.875    
   71.2500000      -31.5445251       118956.375    
   75.0000000      -31.5445251       118903.875    
   78.7500000      -31.5445251       118845.375    
   82.5000000      -31.5445251       118760.875    
   86.2500000      -31.5445251       118681.875    
   90.0000000      -31.5445251       118524.875    
   93.7500000      -31.5445251       118350.375    
   97.5000000      -31.5445251       118194.875    
   101.250000      -31.5445251       118178.375    
   105.000000      -31.5445251       118295.375    
   108.750000      -31.5445251       118249.375    
   112.500000      -31.5445251       118225.375    
   116.250000      -31.5445251       118462.375    
   120.000000      -31.5445251       118602.375    
   123.750000      -31.5445251       118688.875    
   127.500000      -31.5445251       118622.875    
   131.250000      -31.5445251       118559.375    
   135.000000      -31.5445251       118592.875    
   138.750000      -31.5445251       118569.375    
   142.500000      -31.5445251       118504.375    
   146.250000      -31.5445251       118574.375    
   150.000000      -31.5445251       118619.375    
   153.750000      -31.5445251       118623.875    
   157.500000      -31.5445251       118539.375    
   161.250000      -31.5445251       118313.375    
   165.000000      -31.5445251       118159.875    
   168.750000      -31.5445251       118135.375    
   172.500000      -31.5445251       118387.875    
   176.250000      -31.5445251       119045.875    
   180.000000      -31.5445251       119677.375    
   183.750000      -31.5445251       120045.875    
   187.500000      -31.5445251       120192.375    
   191.250000      -31.5445251       119910.875    
   195.000000      -31.5445251       119361.375    
   198.750000      -31.5445251       118313.875    
   202.500000      -31.5445251       117878.375    
   206.250000      -31.5445251       117771.875    
   210.000000      -31.5445251       117609.875    
   213.750000      -31.5445251       117325.875    
   217.500000      -31.5445251       117076.375    
   221.250000      -31.5445251       117275.875    
   225.000000      -31.5445251       118002.375    
   228.750000      -31.5445251       118852.875    
   232.500000      -31.5445251       119419.875    
   236.250000      -31.5445251       119711.375    
   240.000000      -31.5445251       119758.875    
   243.750000      -31.5445251       119721.375    
   247.500000      -31.5445251       119679.375    
   251.250000      -31.5445251       119576.375    
   255.000000      -31.5445251       119364.375    
   258.750000      -31.5445251       119035.875    
   262.500000      -31.5445251       118546.375    
   266.250000      -31.5445251       118010.375    
   270.000000      -31.5445251       117596.875    
   273.750000      -31.5445251       118015.875    
   277.500000      -31.5445251       118747.875    
   281.250000      -31.5445251       119321.375    
   285.000000      -31.5445251       119681.375    
   288.750000      -31.5445251       119951.875    
   292.500000      -31.5445251       120331.875    
   296.250000      -31.5445251       120345.375    
   300.000000      -31.5445251       120438.375    
   303.750000      -31.5445251       120464.875    
   307.500000      -31.5445251       120372.875    
   311.250000      -31.5445251       120417.375    
   315.000000      -31.5445251       120295.875    
   318.750000      -31.5445251       120076.375    
   322.500000      -31.5445251       119924.375    
   326.250000      -31.5445251       120122.875    
   330.000000      -31.5445251       120605.875    
   333.750000      -31.5445251       120964.375    
   337.500000      -31.5445251       120972.875    
   341.250000      -31.5445251       120828.875    
   345.000000      -31.5445251       120406.375    
   348.750000      -31.5445251       119817.375    
   352.500000      -31.5445251       118773.875    
   356.250000      -31.5445251       117569.375    
   360.000000      -31.5445251       116857.375    
   0.00000000      -27.8334446       118530.375    
   3.75000000      -27.8334446       118572.375    
   7.50000000      -27.8334446       118831.875    
   11.2500000      -27.8334446       119142.875    
   15.0000000      -27.8334446       119531.875    
   18.7500000      -27.8334446       119887.375    
   22.5000000      -27.8334446       120320.375    
   26.2500000      -27.8334446       120683.875    
   30.0000000      -27.8334446       120867.375    
   33.7500000      -27.8334446       120974.375    
   37.5000000      -27.8334446       120871.875    
   41.2500000      -27.8334446       120869.375    
   45.0000000      -27.8334446       120846.875    
   48.7500000      -27.8334446       120703.875    
   52.5000000      -27.8334446       120517.875    
   56.2500000      -27.8334446       120233.875    
   60.0000000      -27.8334446       119922.375    
   63.7500000      -27.8334446       119655.375    
   67.5000000      -27.8334446       119561.875    
   71.2500000      -27.8334446       119633.875    
   75.0000000      -27.8334446       119727.375    
   78.7500000      -27.8334446       119763.875    
   82.5000000      -27.8334446       119820.875    
   86.2500000      -27.8334446       119840.375    
   90.0000000      -27.8334446       119791.375    
   93.7500000      -27.8334446       119756.375    
   97.5000000      -27.8334446       119648.875    
   101.250000      -27.8334446       119658.375    
   105.000000      -27.8334446       119691.875    
   108.750000      -27.8334446       119750.375    
   112.500000      -27.8334446       119791.875    
   116.250000      -27.8334446       119847.375    
   120.000000      -27.8334446       119851.875    
   123.750000      -27.8334446       119843.875    
   127.500000      -27.8334446       119802.875    
   131.250000      -27.8334446       119522.875    
   135.000000      -27.8334446       119410.375    
   138.750000      -27.8334446       119396.875    
   142.500000      -27.8334446       119335.375    
   146.250000      -27.8334446       119334.375    
   150.000000      -27.8334446       119383.875    
   153.750000      -27.8334446       119410.875    
   157.500000      -27.8334446       119321.375    
   161.250000      -27.8334446       119254.875    
   165.000000      -27.8334446       119214.875    
   168.750000      -27.8334446       119272.375    
   172.500000      -27.8334446       119597.875    
   176.250000      -27.8334446       120279.875    
   180.000000      -27.8334446       120524.375    
   183.750000      -27.8334446       120647.375    
   187.500000      -27.8334446       120609.875    
   191.250000      -27.8334446       120250.375    
   195.000000      -27.8334446       119757.875    
   198.750000      -27.8334446       118954.875    
   202.500000      -27.8334446       118588.875    
   206.250000      -27.8334446       118606.375    
   210.000000      -27.8334446       118689.375    
   213.750000      -27.8334446       118603.375    
   217.500000      -27.8334446       118565.875    
   221.250000      -27.8334446       118837.875    
   225.000000      -27.8334446       119278.875    
   228.750000      -27.8334446       119736.875    
   232.500000      -27.8334446       120054.375    
   236.250000      -27.8334446       120025.375    
   240.000000      -27.8334446       120032.875    
   243.750000      -27.8334446       119922.875    
   247.500000      -27.8334446       119870.375    
   251.250000      -27.8334446       119746.875    
   255.000000      -27.8334446       119605.375    
   258.750000      -27.8334446       119428.875    
   262.500000      -27.8334446       119103.375    
   266.250000      -27.8334446       118812.875    
   270.000000      -27.8334446       118815.875    
   273.750000      -27.8334446       119228.375    
   277.500000      -27.8334446       119738.875    
   281.250000      -27.8334446       120169.375    
   285.000000      -27.8334446       120504.375    
   288.750000      -27.8334446       120871.375    
   292.500000      -27.8334446       121231.375    
   296.250000      -27.8334446       121256.375    
   300.000000      -27.8334446       121284.875    
   303.750000      -27.8334446       121167.375    
   307.500000      -27.8334446       121131.375    
   311.250000      -27.8334446       120987.875    
   315.000000      -27.8334446       120741.375    
   318.750000      -27.8334446       120575.875    
   322.500000      -27.8334446       120626.375    
   326.250000      -27.8334446       120949.875    
   330.000000      -27.8334446       121293.375    
   333.750000      -27.8334446       121498.375    
   337.500000      -27.8334446       121526.375    
   341.250000      -27.8334446       121471.875    
   345.000000      -27.8334446       121216.375    
   348.750000      -27.8334446       120644.875    
   352.500000      -27.8334446       119802.875    
   356.250000      -27.8334446       118980.375    
   360.000000      -27.8334446       118530.375    
   0.00000000      -24.1223469       120242.875    
   3.75000000      -24.1223469       120168.375    
   7.50000000      -24.1223469       120219.375    
   11.2500000      -24.1223469       120416.375    
   15.0000000      -24.1223469       120660.875    
   18.7500000      -24.1223469       120897.875    
   22.5000000      -24.1223469       121112.375    
   26.2500000      -24.1223469       121289.375    
   30.0000000      -24.1223469       121398.375    
   33.7500000      -24.1223469       121464.375    
   37.5000000      -24.1223469       121483.875    
   41.2500000      -24.1223469       121482.375    
   45.0000000      -24.1223469       121390.375    
   48.7500000      -24.1223469       121189.875    
   52.5000000      -24.1223469       121085.375    
   56.2500000      -24.1223469       120803.375    
   60.0000000      -24.1223469       120665.375    
   63.7500000      -24.1223469       120491.375    
   67.5000000      -24.1223469       120514.375    
   71.2500000      -24.1223469       120444.875    
   75.0000000      -24.1223469       120581.375    
   78.7500000      -24.1223469       120716.875    
   82.5000000      -24.1223469       120830.875    
   86.2500000      -24.1223469       120860.875    
   90.0000000      -24.1223469       120853.375    
   93.7500000      -24.1223469       120914.875    
   97.5000000      -24.1223469       120931.875    
   101.250000      -24.1223469       120966.375    
   105.000000      -24.1223469       121078.375    
   108.750000      -24.1223469       121100.375    
   112.500000      -24.1223469       121092.375    
   116.250000      -24.1223469       121038.875    
   120.000000      -24.1223469       121021.875    
   123.750000      -24.1223469       120973.375    
   127.500000      -24.1223469       120862.875    
   131.250000      -24.1223469       120750.375    
   135.000000      -24.1223469       120400.875    
   138.750000      -24.1223469       120273.875    
   142.500000      -24.1223469       120036.375    
   146.250000      -24.1223469       120027.875    
   150.000000      -24.1223469       120218.375    
   153.750000      -24.1223469       120369.875    
   157.500000      -24.1223469       120383.375    
   161.250000      -24.1223469       120382.375    
   165.000000      -24.1223469       120478.375    
   168.750000      -24.1223469       120648.375    
   172.500000      -24.1223469       120927.875    
   176.250000      -24.1223469       121041.875    
   180.000000      -24.1223469       121168.875    
   183.750000      -24.1223469       121083.375    
   187.500000      -24.1223469       120951.375    
   191.250000      -24.1223469       120598.375    
   195.000000      -24.1223469       120205.375    
   198.750000      -24.1223469       119679.375    
   202.500000      -24.1223469       119322.875    
   206.250000      -24.1223469       119425.375    
   210.000000      -24.1223469       119705.875    
   213.750000      -24.1223469       119716.375    
   217.500000      -24.1223469       119810.875    
   221.250000      -24.1223469       119920.375    
   225.000000      -24.1223469       120317.375    
   228.750000      -24.1223469       120293.875    
   232.500000      -24.1223469       120247.875    
   236.250000      -24.1223469       120218.375    
   240.000000      -24.1223469       120093.375    
   243.750000      -24.1223469       120005.375    
   247.500000      -24.1223469       119976.875    
   251.250000      -24.1223469       119954.375    
   255.000000      -24.1223469       119936.875    
   258.750000      -24.1223469       119915.375    
   262.500000      -24.1223469       119894.875    
   266.250000      -24.1223469       119889.375    
   270.000000      -24.1223469       119992.875    
   273.750000      -24.1223469       120247.875    
   277.500000      -24.1223469       120554.375    
   281.250000      -24.1223469       120930.875    
   285.000000      -24.1223469       121219.375    
   288.750000      -24.1223469       121476.375    
   292.500000      -24.1223469       121712.375    
   296.250000      -24.1223469       121839.875    
   300.000000      -24.1223469       121775.375    
   303.750000      -24.1223469       121713.875    
   307.500000      -24.1223469       121597.375    
   311.250000      -24.1223469       121380.375    
   315.000000      -24.1223469       121098.875    
   318.750000      -24.1223469       120875.875    
   322.500000      -24.1223469       121199.875    
   326.250000      -24.1223469       121445.375    
   330.000000      -24.1223469       121677.875    
   333.750000      -24.1223469       121791.375    
   337.500000      -24.1223469       121817.875    
   341.250000      -24.1223469       121769.375    
   345.000000      -24.1223469       121646.875    
   348.750000      -24.1223469       121464.875    
   352.500000      -24.1223469       121014.875    
   356.250000      -24.1223469       120537.875    
   360.000000      -24.1223469       120242.875    
   0.00000000      -20.4112377       121078.875    
   3.75000000      -20.4112377       120944.375    
   7.50000000      -20.4112377       121031.375    
   11.2500000      -20.4112377       121195.875    
   15.0000000      -20.4112377       121282.375    
   18.7500000      -20.4112377       121373.875    
   22.5000000      -20.4112377       121499.875    
   26.2500000      -20.4112377       121574.375    
   30.0000000      -20.4112377       121698.375    
   33.7500000      -20.4112377       121790.375    
   37.5000000      -20.4112377       121813.875    
   41.2500000      -20.4112377       121715.375    
   45.0000000      -20.4112377       121642.875    
   48.7500000      -20.4112377       121559.875    
   52.5000000      -20.4112377       121425.875    
   56.2500000      -20.4112377       121159.875    
   60.0000000      -20.4112377       120955.875    
   63.7500000      -20.4112377       120882.875    
   67.5000000      -20.4112377       120928.375    
   71.2500000      -20.4112377       121028.375    
   75.0000000      -20.4112377       121189.375    
   78.7500000      -20.4112377       121358.875    
   82.5000000      -20.4112377       121485.875    
   86.2500000      -20.4112377       121535.375    
   90.0000000      -20.4112377       121546.875    
   93.7500000      -20.4112377       121588.875    
   97.5000000      -20.4112377       121651.375    
   101.250000      -20.4112377       121705.375    
   105.000000      -20.4112377       121776.375    
   108.750000      -20.4112377       121829.875    
   112.500000      -20.4112377       121865.375    
   116.250000      -20.4112377       121770.875    
   120.000000      -20.4112377       121724.875    
   123.750000      -20.4112377       121671.375    
   127.500000      -20.4112377       121610.375    
   131.250000      -20.4112377       121412.375    
   135.000000      -20.4112377       121244.375    
   138.750000      -20.4112377       120985.375    
   142.500000      -20.4112377       120724.875    
   146.250000      -20.4112377       120800.375    
   150.000000      -20.4112377       121014.875    
   153.750000      -20.4112377       121229.875    
   157.500000      -20.4112377       121280.875    
   161.250000      -20.4112377       121310.875    
   165.000000      -20.4112377       121343.875    
   168.750000      -20.4112377       121475.375    
   172.500000      -20.4112377       121578.875    
   176.250000      -20.4112377       121609.875    
   180.000000      -20.4112377       121581.875    
   183.750000      -20.4112377       121446.375    
   187.500000      -20.4112377       121242.875    
   191.250000      -20.4112377       120878.375    
   195.000000      -20.4112377       120613.875    
   198.750000      -20.4112377       120293.875    
   202.500000      -20.4112377       120064.375    
   206.250000      -20.4112377       120372.375    
   210.000000      -20.4112377       120432.375    
   213.750000      -20.4112377       120349.875    
   217.500000      -20.4112377       120466.875    
   221.250000      -20.4112377       120517.875    
   225.000000      -20.4112377       120595.875    
   228.750000      -20.4112377       120460.875    
   232.500000      -20.4112377       120474.375    
   236.250000      -20.4112377       120267.375    
   240.000000      -20.4112377       120102.875    
   243.750000      -20.4112377       120077.375    
   247.500000      -20.4112377       120149.375    
   251.250000      -20.4112377       120258.375    
   255.000000      -20.4112377       120371.375    
   258.750000      -20.4112377       120375.875    
   262.500000      -20.4112377       120360.875    
   266.250000      -20.4112377       120404.375    
   270.000000      -20.4112377       120574.875    
   273.750000      -20.4112377       120876.875    
   277.500000      -20.4112377       121181.875    
   281.250000      -20.4112377       121440.375    
   285.000000      -20.4112377       121647.375    
   288.750000      -20.4112377       121869.375    
   292.500000      -20.4112377       122050.875    
   296.250000      -20.4112377       122053.375    
   300.000000      -20.4112377       122055.875    
   303.750000      -20.4112377       121992.375    
   307.500000      -20.4112377       121859.875    
   311.250000      -20.4112377       121652.375    
   315.000000      -20.4112377       121392.375    
   318.750000      -20.4112377       121326.375    
   322.500000      -20.4112377       121455.375    
   326.250000      -20.4112377       121600.375    
   330.000000      -20.4112377       121677.875    
   333.750000      -20.4112377       121771.875    
   337.500000      -20.4112377       121834.875    
   341.250000      -20.4112377       121849.875    
   345.000000      -20.4112377       121800.375    
   348.750000      -20.4112377       121688.375    
   352.500000      -20.4112377       121507.875    
   356.250000      -20.4112377       121264.375    
   360.000000      -20.4112377       121078.875    
   0.00000000      -16.7001171       121359.875    
   3.75000000      -16.7001171       121367.875    
   7.50000000      -16.7001171       121403.875    
   11.2500000      -16.7001171       121477.875    
   15.0000000      -16.7001171       121532.875    
   18.7500000      -16.7001171       121655.875    
   22.5000000      -16.7001171       121679.875    
   26.2500000      -16.7001171       121736.375    
   30.0000000      -16.7001171       121837.875    
   33.7500000      -16.7001171       121875.875    
   37.5000000      -16.7001171       121817.875    
   41.2500000      -16.7001171       121731.875    
   45.0000000      -16.7001171       121724.875    
   48.7500000      -16.7001171       121664.875    
   52.5000000      -16.7001171       121505.375    
   56.2500000      -16.7001171       121314.375    
   60.0000000      -16.7001171       120959.375    
   63.7500000      -16.7001171       120937.875    
   67.5000000      -16.7001171       121114.875    
   71.2500000      -16.7001171       121327.875    
   75.0000000      -16.7001171       121511.875    
   78.7500000      -16.7001171       121634.375    
   82.5000000      -16.7001171       121708.875    
   86.2500000      -16.7001171       121733.375    
   90.0000000      -16.7001171       121789.875    
   93.7500000      -16.7001171       121837.875    
   97.5000000      -16.7001171       121908.875    
   101.250000      -16.7001171       121984.875    
   105.000000      -16.7001171       122046.875    
   108.750000      -16.7001171       122089.375    
   112.500000      -16.7001171       122089.875    
   116.250000      -16.7001171       122042.375    
   120.000000      -16.7001171       121997.375    
   123.750000      -16.7001171       121991.875    
   127.500000      -16.7001171       121941.875    
   131.250000      -16.7001171       121856.875    
   135.000000      -16.7001171       121756.875    
   138.750000      -16.7001171       121613.375    
   142.500000      -16.7001171       121410.875    
   146.250000      -16.7001171       121545.875    
   150.000000      -16.7001171       121609.375    
   153.750000      -16.7001171       121670.375    
   157.500000      -16.7001171       121755.875    
   161.250000      -16.7001171       121839.375    
   165.000000      -16.7001171       121887.375    
   168.750000      -16.7001171       121964.875    
   172.500000      -16.7001171       121875.375    
   176.250000      -16.7001171       121865.375    
   180.000000      -16.7001171       121777.875    
   183.750000      -16.7001171       121653.875    
   187.500000      -16.7001171       121488.375    
   191.250000      -16.7001171       121185.375    
   195.000000      -16.7001171       120973.875    
   198.750000      -16.7001171       120871.375    
   202.500000      -16.7001171       120812.375    
   206.250000      -16.7001171       120886.875    
   210.000000      -16.7001171       120837.875    
   213.750000      -16.7001171       120653.875    
   217.500000      -16.7001171       120651.875    
   221.250000      -16.7001171       120723.875    
   225.000000      -16.7001171       120749.875    
   228.750000      -16.7001171       120715.875    
   232.500000      -16.7001171       120625.875    
   236.250000      -16.7001171       120395.375    
   240.000000      -16.7001171       120303.875    
   243.750000      -16.7001171       120293.375    
   247.500000      -16.7001171       120396.875    
   251.250000      -16.7001171       120589.875    
   255.000000      -16.7001171       120745.375    
   258.750000      -16.7001171       120771.875    
   262.500000      -16.7001171       120772.875    
   266.250000      -16.7001171       120825.875    
   270.000000      -16.7001171       120987.875    
   273.750000      -16.7001171       121268.375    
   277.500000      -16.7001171       121492.375    
   281.250000      -16.7001171       121715.875    
   285.000000      -16.7001171       121846.875    
   288.750000      -16.7001171       121965.375    
   292.500000      -16.7001171       122068.375    
   296.250000      -16.7001171       122075.875    
   300.000000      -16.7001171       122099.375    
   303.750000      -16.7001171       122061.875    
   307.500000      -16.7001171       121901.375    
   311.250000      -16.7001171       121564.375    
   315.000000      -16.7001171       121464.375    
   318.750000      -16.7001171       121546.875    
   322.500000      -16.7001171       121629.375    
   326.250000      -16.7001171       121567.875    
   330.000000      -16.7001171       121605.875    
   333.750000      -16.7001171       121673.875    
   337.500000      -16.7001171       121751.875    
   341.250000      -16.7001171       121807.375    
   345.000000      -16.7001171       121787.875    
   348.750000      -16.7001171       121708.375    
   352.500000      -16.7001171       121576.375    
   356.250000      -16.7001171       121441.875    
   360.000000      -16.7001171       121359.875    
   0.00000000      -12.9889879       121524.375    
   3.75000000      -12.9889879       121490.875    
   7.50000000      -12.9889879       121568.375    
   11.2500000      -12.9889879       121681.875    
   15.0000000      -12.9889879       121659.375    
   18.7500000      -12.9889879       121711.875    
   22.5000000      -12.9889879       121730.875    
   26.2500000      -12.9889879       121789.375    
   30.0000000      -12.9889879       121821.375    
   33.7500000      -12.9889879       121879.875    
   37.5000000      -12.9889879       121892.375    
   41.2500000      -12.9889879       121828.375    
   45.0000000      -12.9889879       121779.875    
   48.7500000      -12.9889879       121693.375    
   52.5000000      -12.9889879       121578.875    
   56.2500000      -12.9889879       121361.375    
   60.0000000      -12.9889879       120969.375    
   63.7500000      -12.9889879       121088.875    
   67.5000000      -12.9889879       121204.875    
   71.2500000      -12.9889879       121405.875    
   75.0000000      -12.9889879       121624.875    
   78.7500000      -12.9889879       121711.375    
   82.5000000      -12.9889879       121688.875    
   86.2500000      -12.9889879       121724.875    
   90.0000000      -12.9889879       121741.875    
   93.7500000      -12.9889879       121847.875    
   97.5000000      -12.9889879       121921.375    
   101.250000      -12.9889879       122010.375    
   105.000000      -12.9889879       122071.375    
   108.750000      -12.9889879       122103.875    
   112.500000      -12.9889879       122109.375    
   116.250000      -12.9889879       122102.875    
   120.000000      -12.9889879       122069.875    
   123.750000      -12.9889879       122053.375    
   127.500000      -12.9889879       122069.375    
   131.250000      -12.9889879       122076.375    
   135.000000      -12.9889879       122018.375    
   138.750000      -12.9889879       121965.375    
   142.500000      -12.9889879       121935.375    
   146.250000      -12.9889879       121980.875    
   150.000000      -12.9889879       121928.375    
   153.750000      -12.9889879       121966.875    
   157.500000      -12.9889879       121985.375    
   161.250000      -12.9889879       122068.875    
   165.000000      -12.9889879       122058.375    
   168.750000      -12.9889879       122103.375    
   172.500000      -12.9889879       122111.875    
   176.250000      -12.9889879       122055.875    
   180.000000      -12.9889879       121940.875    
   183.750000      -12.9889879       121798.875    
   187.500000      -12.9889879       121647.875    
   191.250000      -12.9889879       121437.875    
   195.000000      -12.9889879       121332.375    
   198.750000      -12.9889879       121206.375    
   202.500000      -12.9889879       121078.375    
   206.250000      -12.9889879       121051.375    
   210.000000      -12.9889879       120985.375    
   213.750000      -12.9889879       121002.875    
   217.500000      -12.9889879       120948.375    
   221.250000      -12.9889879       120962.375    
   225.000000      -12.9889879       120970.375    
   228.750000      -12.9889879       120950.875    
   232.500000      -12.9889879       120861.375    
   236.250000      -12.9889879       120682.375    
   240.000000      -12.9889879       120576.375    
   243.750000      -12.9889879       120613.875    
   247.500000      -12.9889879       120771.875    
   251.250000      -12.9889879       120884.375    
   255.000000      -12.9889879       121026.875    
   258.750000      -12.9889879       121103.375    
   262.500000      -12.9889879       121130.375    
   266.250000      -12.9889879       121159.875    
   270.000000      -12.9889879       121286.375    
   273.750000      -12.9889879       121490.875    
   277.500000      -12.9889879       121730.375    
   281.250000      -12.9889879       121835.375    
   285.000000      -12.9889879       121953.375    
   288.750000      -12.9889879       121980.375    
   292.500000      -12.9889879       122032.875    
   296.250000      -12.9889879       122003.875    
   300.000000      -12.9889879       122014.875    
   303.750000      -12.9889879       122003.875    
   307.500000      -12.9889879       121862.375    
   311.250000      -12.9889879       121621.375    
   315.000000      -12.9889879       121618.375    
   318.750000      -12.9889879       121610.375    
   322.500000      -12.9889879       121606.375    
   326.250000      -12.9889879       121490.875    
   330.000000      -12.9889879       121440.875    
   333.750000      -12.9889879       121440.875    
   337.500000      -12.9889879       121603.375    
   341.250000      -12.9889879       121771.875    
   345.000000      -12.9889879       121791.875    
   348.750000      -12.9889879       121715.875    
   352.500000      -12.9889879       121619.375    
   356.250000      -12.9889879       121571.375    
   360.000000      -12.9889879       121524.375    
   0.00000000      -9.27785301       121602.875    
   3.75000000      -9.27785301       121587.875    
   7.50000000      -9.27785301       121660.375    
   11.2500000      -9.27785301       121741.875    
   15.0000000      -9.27785301       121675.375    
   18.7500000      -9.27785301       121660.875    
   22.5000000      -9.27785301       121783.375    
   26.2500000      -9.27785301       121778.375    
   30.0000000      -9.27785301       121799.375    
   33.7500000      -9.27785301       121793.875    
   37.5000000      -9.27785301       121799.875    
   41.2500000      -9.27785301       121778.375    
   45.0000000      -9.27785301       121727.875    
   48.7500000      -9.27785301       121631.375    
   52.5000000      -9.27785301       121524.875    
   56.2500000      -9.27785301       121421.375    
   60.0000000      -9.27785301       121236.875    
   63.7500000      -9.27785301       121313.375    
   67.5000000      -9.27785301       121447.375    
   71.2500000      -9.27785301       121446.375    
   75.0000000      -9.27785301       121616.375    
   78.7500000      -9.27785301       121643.375    
   82.5000000      -9.27785301       121620.375    
   86.2500000      -9.27785301       121639.375    
   90.0000000      -9.27785301       121727.375    
   93.7500000      -9.27785301       121772.875    
   97.5000000      -9.27785301       121870.375    
   101.250000      -9.27785301       121926.375    
   105.000000      -9.27785301       122023.375    
   108.750000      -9.27785301       122071.375    
   112.500000      -9.27785301       122103.375    
   116.250000      -9.27785301       122145.375    
   120.000000      -9.27785301       122147.375    
   123.750000      -9.27785301       122104.875    
   127.500000      -9.27785301       122078.375    
   131.250000      -9.27785301       122084.875    
   135.000000      -9.27785301       122133.875    
   138.750000      -9.27785301       122121.375    
   142.500000      -9.27785301       122102.375    
   146.250000      -9.27785301       122093.375    
   150.000000      -9.27785301       122028.875    
   153.750000      -9.27785301       122104.375    
   157.500000      -9.27785301       122135.375    
   161.250000      -9.27785301       122099.375    
   165.000000      -9.27785301       122134.375    
   168.750000      -9.27785301       122147.875    
   172.500000      -9.27785301       122218.875    
   176.250000      -9.27785301       122122.875    
   180.000000      -9.27785301       122035.875    
   183.750000      -9.27785301       121853.375    
   187.500000      -9.27785301       121740.375    
   191.250000      -9.27785301       121626.375    
   195.000000      -9.27785301       121465.375    
   198.750000      -9.27785301       121359.875    
   202.500000      -9.27785301       121246.875    
   206.250000      -9.27785301       121168.875    
   210.000000      -9.27785301       121186.375    
   213.750000      -9.27785301       121210.375    
   217.500000      -9.27785301       121191.375    
   221.250000      -9.27785301       121182.375    
   225.000000      -9.27785301       121194.375    
   228.750000      -9.27785301       121154.875    
   232.500000      -9.27785301       121074.875    
   236.250000      -9.27785301       120945.375    
   240.000000      -9.27785301       120850.375    
   243.750000      -9.27785301       120908.875    
   247.500000      -9.27785301       121045.375    
   251.250000      -9.27785301       121097.375    
   255.000000      -9.27785301       121213.375    
   258.750000      -9.27785301       121342.375    
   262.500000      -9.27785301       121384.875    
   266.250000      -9.27785301       121409.375    
   270.000000      -9.27785301       121534.375    
   273.750000      -9.27785301       121671.375    
   277.500000      -9.27785301       121867.875    
   281.250000      -9.27785301       121866.375    
   285.000000      -9.27785301       121946.875    
   288.750000      -9.27785301       121930.875    
   292.500000      -9.27785301       121961.375    
   296.250000      -9.27785301       121895.375    
   300.000000      -9.27785301       121901.875    
   303.750000      -9.27785301       121925.875    
   307.500000      -9.27785301       121764.875    
   311.250000      -9.27785301       121724.875    
   315.000000      -9.27785301       121715.375    
   318.750000      -9.27785301       121661.375    
   322.500000      -9.27785301       121617.875    
   326.250000      -9.27785301       121432.875    
   330.000000      -9.27785301       121285.875    
   333.750000      -9.27785301       121221.375    
   337.500000      -9.27785301       121414.875    
   341.250000      -9.27785301       121612.375    
   345.000000      -9.27785301       121718.875    
   348.750000      -9.27785301       121738.375    
   352.500000      -9.27785301       121672.375    
   356.250000      -9.27785301       121626.375    
   360.000000      -9.27785301       121602.875    
   0.00000000      -5.56671333       121703.375    
   3.75000000      -5.56671333       121687.375    
   7.50000000      -5.56671333       121730.875    
   11.2500000      -5.56671333       121749.375    
   15.0000000      -5.56671333       121700.875    
   18.7500000      -5.56671333       121696.375    
   22.5000000      -5.56671333       121677.875    
   26.2500000      -5.56671333       121673.875    
   30.0000000      -5.56671333       121707.875    
   33.7500000      -5.56671333       121713.375    
   37.5000000      -5.56671333       121690.375    
   41.2500000      -5.56671333       121661.375    
   45.0000000      -5.56671333       121618.375    
   48.7500000      -5.56671333       121553.875    
   52.5000000      -5.56671333       121480.875    
   56.2500000      -5.56671333       121476.375    
   60.0000000      -5.56671333       121455.875    
   63.7500000      -5.56671333       121490.875    
   67.5000000      -5.56671333       121579.375    
   71.2500000      -5.56671333       121585.875    
   75.0000000      -5.56671333       121553.375    
   78.7500000      -5.56671333       121573.375    
   82.5000000      -5.56671333       121566.875    
   86.2500000      -5.56671333       121617.375    
   90.0000000      -5.56671333       121667.375    
   93.7500000      -5.56671333       121742.875    
   97.5000000      -5.56671333       121826.875    
   101.250000      -5.56671333       121856.375    
   105.000000      -5.56671333       121989.875    
   108.750000      -5.56671333       121999.375    
   112.500000      -5.56671333       122043.875    
   116.250000      -5.56671333       122125.875    
   120.000000      -5.56671333       122171.875    
   123.750000      -5.56671333       122109.375    
   127.500000      -5.56671333       122118.375    
   131.250000      -5.56671333       122158.875    
   135.000000      -5.56671333       122155.875    
   138.750000      -5.56671333       122171.875    
   142.500000      -5.56671333       122180.375    
   146.250000      -5.56671333       122207.375    
   150.000000      -5.56671333       122208.875    
   153.750000      -5.56671333       122160.875    
   157.500000      -5.56671333       122184.375    
   161.250000      -5.56671333       122171.375    
   165.000000      -5.56671333       122157.875    
   168.750000      -5.56671333       122181.875    
   172.500000      -5.56671333       122163.375    
   176.250000      -5.56671333       122070.875    
   180.000000      -5.56671333       121978.375    
   183.750000      -5.56671333       121914.375    
   187.500000      -5.56671333       121836.375    
   191.250000      -5.56671333       121769.375    
   195.000000      -5.56671333       121639.375    
   198.750000      -5.56671333       121520.875    
   202.500000      -5.56671333       121459.875    
   206.250000      -5.56671333       121456.875    
   210.000000      -5.56671333       121472.875    
   213.750000      -5.56671333       121412.375    
   217.500000      -5.56671333       121393.375    
   221.250000      -5.56671333       121408.875    
   225.000000      -5.56671333       121379.875    
   228.750000      -5.56671333       121333.875    
   232.500000      -5.56671333       121261.875    
   236.250000      -5.56671333       121191.375    
   240.000000      -5.56671333       121165.375    
   243.750000      -5.56671333       121223.375    
   247.500000      -5.56671333       121281.375    
   251.250000      -5.56671333       121312.375    
   255.000000      -5.56671333       121363.375    
   258.750000      -5.56671333       121439.375    
   262.500000      -5.56671333       121513.375    
   266.250000      -5.56671333       121590.375    
   270.000000      -5.56671333       121664.875    
   273.750000      -5.56671333       121754.875    
   277.500000      -5.56671333       121893.875    
   281.250000      -5.56671333       121823.875    
   285.000000      -5.56671333       121879.375    
   288.750000      -5.56671333       121912.375    
   292.500000      -5.56671333       121888.875    
   296.250000      -5.56671333       121845.875    
   300.000000      -5.56671333       121853.875    
   303.750000      -5.56671333       121870.375    
   307.500000      -5.56671333       121912.375    
   311.250000      -5.56671333       121828.375    
   315.000000      -5.56671333       121735.375    
   318.750000      -5.56671333       121729.375    
   322.500000      -5.56671333       121576.875    
   326.250000      -5.56671333       121434.375    
   330.000000      -5.56671333       121241.875    
   333.750000      -5.56671333       121200.875    
   337.500000      -5.56671333       121411.875    
   341.250000      -5.56671333       121642.375    
   345.000000      -5.56671333       121725.875    
   348.750000      -5.56671333       121745.375    
   352.500000      -5.56671333       121710.375    
   356.250000      -5.56671333       121695.375    
   360.000000      -5.56671333       121703.375    
   0.00000000      -1.85557151       121716.875    
   3.75000000      -1.85557151       121690.875    
   7.50000000      -1.85557151       121715.875    
   11.2500000      -1.85557151       121725.875    
   15.0000000      -1.85557151       121674.875    
   18.7500000      -1.85557151       121717.875    
   22.5000000      -1.85557151       121673.875    
   26.2500000      -1.85557151       121706.375    
   30.0000000      -1.85557151       121673.375    
   33.7500000      -1.85557151       121682.875    
   37.5000000      -1.85557151       121624.875    
   41.2500000      -1.85557151       121609.875    
   45.0000000      -1.85557151       121588.875    
   48.7500000      -1.85557151       121541.375    
   52.5000000      -1.85557151       121503.875    
   56.2500000      -1.85557151       121523.875    
   60.0000000      -1.85557151       121553.375    
   63.7500000      -1.85557151       121579.375    
   67.5000000      -1.85557151       121611.875    
   71.2500000      -1.85557151       121573.375    
   75.0000000      -1.85557151       121476.375    
   78.7500000      -1.85557151       121431.875    
   82.5000000      -1.85557151       121521.875    
   86.2500000      -1.85557151       121599.875    
   90.0000000      -1.85557151       121650.875    
   93.7500000      -1.85557151       121726.875    
   97.5000000      -1.85557151       121769.875    
   101.250000      -1.85557151       121780.875    
   105.000000      -1.85557151       121941.875    
   108.750000      -1.85557151       121976.875    
   112.500000      -1.85557151       121998.375    
   116.250000      -1.85557151       122081.875    
   120.000000      -1.85557151       122117.875    
   123.750000      -1.85557151       122085.875    
   127.500000      -1.85557151       122115.375    
   131.250000      -1.85557151       122171.375    
   135.000000      -1.85557151       122212.875    
   138.750000      -1.85557151       122208.875    
   142.500000      -1.85557151       122247.375    
   146.250000      -1.85557151       122310.875    
   150.000000      -1.85557151       122165.875    
   153.750000      -1.85557151       122193.875    
   157.500000      -1.85557151       122151.875    
   161.250000      -1.85557151       122161.375    
   165.000000      -1.85557151       122159.375    
   168.750000      -1.85557151       122138.375    
   172.500000      -1.85557151       122022.375    
   176.250000      -1.85557151       122003.375    
   180.000000      -1.85557151       121941.875    
   183.750000      -1.85557151       121903.375    
   187.500000      -1.85557151       121862.875    
   191.250000      -1.85557151       121800.375    
   195.000000      -1.85557151       121771.875    
   198.750000      -1.85557151       121686.375    
   202.500000      -1.85557151       121609.375    
   206.250000      -1.85557151       121551.875    
   210.000000      -1.85557151       121496.375    
   213.750000      -1.85557151       121471.375    
   217.500000      -1.85557151       121464.875    
   221.250000      -1.85557151       121453.375    
   225.000000      -1.85557151       121415.375    
   228.750000      -1.85557151       121368.875    
   232.500000      -1.85557151       121326.375    
   236.250000      -1.85557151       121302.375    
   240.000000      -1.85557151       121314.375    
   243.750000      -1.85557151       121377.375    
   247.500000      -1.85557151       121460.875    
   251.250000      -1.85557151       121472.375    
   255.000000      -1.85557151       121477.375    
   258.750000      -1.85557151       121534.375    
   262.500000      -1.85557151       121596.875    
   266.250000      -1.85557151       121662.875    
   270.000000      -1.85557151       121728.375    
   273.750000      -1.85557151       121808.875    
   277.500000      -1.85557151       121857.375    
   281.250000      -1.85557151       121782.375    
   285.000000      -1.85557151       121790.875    
   288.750000      -1.85557151       121850.375    
   292.500000      -1.85557151       121870.875    
   296.250000      -1.85557151       121812.875    
   300.000000      -1.85557151       121824.875    
   303.750000      -1.85557151       121859.875    
   307.500000      -1.85557151       121929.375    
   311.250000      -1.85557151       121873.875    
   315.000000      -1.85557151       121763.875    
   318.750000      -1.85557151       121706.875    
   322.500000      -1.85557151       121572.875    
   326.250000      -1.85557151       121514.875    
   330.000000      -1.85557151       121447.875    
   333.750000      -1.85557151       121406.375    
   337.500000      -1.85557151       121509.875    
   341.250000      -1.85557151       121638.375    
   345.000000      -1.85557151       121709.875    
   348.750000      -1.85557151       121739.375    
   352.500000      -1.85557151       121727.375    
   356.250000      -1.85557151       121698.875    
   360.000000      -1.85557151       121716.875    
   0.00000000       1.85557151       121706.375    
   3.75000000       1.85557151       121693.875    
   7.50000000       1.85557151       121686.875    
   11.2500000       1.85557151       121714.375    
   15.0000000       1.85557151       121710.375    
   18.7500000       1.85557151       121706.375    
   22.5000000       1.85557151       121667.875    
   26.2500000       1.85557151       121627.375    
   30.0000000       1.85557151       121590.375    
   33.7500000       1.85557151       121616.875    
   37.5000000       1.85557151       121614.875    
   41.2500000       1.85557151       121622.375    
   45.0000000       1.85557151       121605.875    
   48.7500000       1.85557151       121582.875    
   52.5000000       1.85557151       121542.375    
   56.2500000       1.85557151       121546.375    
   60.0000000       1.85557151       121575.875    
   63.7500000       1.85557151       121596.375    
   67.5000000       1.85557151       121633.875    
   71.2500000       1.85557151       121556.875    
   75.0000000       1.85557151       121429.375    
   78.7500000       1.85557151       121419.375    
   82.5000000       1.85557151       121477.375    
   86.2500000       1.85557151       121556.875    
   90.0000000       1.85557151       121611.875    
   93.7500000       1.85557151       121749.875    
   97.5000000       1.85557151       121817.875    
   101.250000       1.85557151       121890.875    
   105.000000       1.85557151       121929.875    
   108.750000       1.85557151       121988.875    
   112.500000       1.85557151       122069.875    
   116.250000       1.85557151       122078.375    
   120.000000       1.85557151       122045.375    
   123.750000       1.85557151       122101.875    
   127.500000       1.85557151       122136.375    
   131.250000       1.85557151       122214.375    
   135.000000       1.85557151       122235.875    
   138.750000       1.85557151       122181.375    
   142.500000       1.85557151       122206.875    
   146.250000       1.85557151       122279.875    
   150.000000       1.85557151       122168.375    
   153.750000       1.85557151       122099.875    
   157.500000       1.85557151       122119.875    
   161.250000       1.85557151       122125.375    
   165.000000       1.85557151       122135.875    
   168.750000       1.85557151       122078.375    
   172.500000       1.85557151       122022.375    
   176.250000       1.85557151       121992.875    
   180.000000       1.85557151       121929.375    
   183.750000       1.85557151       121864.375    
   187.500000       1.85557151       121791.875    
   191.250000       1.85557151       121826.875    
   195.000000       1.85557151       121760.375    
   198.750000       1.85557151       121677.875    
   202.500000       1.85557151       121561.875    
   206.250000       1.85557151       121449.875    
   210.000000       1.85557151       121433.375    
   213.750000       1.85557151       121445.375    
   217.500000       1.85557151       121461.875    
   221.250000       1.85557151       121443.875    
   225.000000       1.85557151       121379.375    
   228.750000       1.85557151       121336.375    
   232.500000       1.85557151       121255.875    
   236.250000       1.85557151       121284.375    
   240.000000       1.85557151       121327.875    
   243.750000       1.85557151       121438.875    
   247.500000       1.85557151       121524.875    
   251.250000       1.85557151       121546.375    
   255.000000       1.85557151       121563.375    
   258.750000       1.85557151       121603.375    
   262.500000       1.85557151       121660.375    
   266.250000       1.85557151       121701.875    
   270.000000       1.85557151       121745.375    
   273.750000       1.85557151       121792.875    
   277.500000       1.85557151       121849.375    
   281.250000       1.85557151       121817.875    
   285.000000       1.85557151       121770.875    
   288.750000       1.85557151       121807.875    
   292.500000       1.85557151       121842.875    
   296.250000       1.85557151       121804.375    
   300.000000       1.85557151       121706.375    
   303.750000       1.85557151       121817.375    
   307.500000       1.85557151       121929.875    
   311.250000       1.85557151       121930.375    
   315.000000       1.85557151       121884.375    
   318.750000       1.85557151       121767.375    
   322.500000       1.85557151       121645.375    
   326.250000       1.85557151       121587.375    
   330.000000       1.85557151       121582.875    
   333.750000       1.85557151       121538.375    
   337.500000       1.85557151       121598.875    
   341.250000       1.85557151       121627.375    
   345.000000       1.85557151       121671.875    
   348.750000       1.85557151       121676.375    
   352.500000       1.85557151       121684.875    
   356.250000       1.85557151       121669.875    
   360.000000       1.85557151       121706.375    
   0.00000000       5.56671333       121732.875    
   3.75000000       5.56671333       121695.875    
   7.50000000       5.56671333       121637.375    
   11.2500000       5.56671333       121700.375    
   15.0000000       5.56671333       121734.875    
   18.7500000       5.56671333       121764.375    
   22.5000000       5.56671333       121749.375    
   26.2500000       5.56671333       121686.375    
   30.0000000       5.56671333       121610.375    
   33.7500000       5.56671333       121613.375    
   37.5000000       5.56671333       121683.875    
   41.2500000       5.56671333       121716.375    
   45.0000000       5.56671333       121704.375    
   48.7500000       5.56671333       121663.875    
   52.5000000       5.56671333       121591.875    
   56.2500000       5.56671333       121578.375    
   60.0000000       5.56671333       121580.875    
   63.7500000       5.56671333       121641.375    
   67.5000000       5.56671333       121694.875    
   71.2500000       5.56671333       121633.875    
   75.0000000       5.56671333       121499.375    
   78.7500000       5.56671333       121450.375    
   82.5000000       5.56671333       121466.375    
   86.2500000       5.56671333       121590.875    
   90.0000000       5.56671333       121727.875    
   93.7500000       5.56671333       121833.375    
   97.5000000       5.56671333       121895.375    
   101.250000       5.56671333       121940.375    
   105.000000       5.56671333       122012.375    
   108.750000       5.56671333       122012.375    
   112.500000       5.56671333       122059.875    
   116.250000       5.56671333       122079.875    
   120.000000       5.56671333       122087.875    
   123.750000       5.56671333       122134.375    
   127.500000       5.56671333       122145.375    
   131.250000       5.56671333       122180.375    
   135.000000       5.56671333       122147.875    
   138.750000       5.56671333       122168.875    
   142.500000       5.56671333       122167.875    
   146.250000       5.56671333       122176.375    
   150.000000       5.56671333       122149.875    
   153.750000       5.56671333       122105.375    
   157.500000       5.56671333       122110.375    
   161.250000       5.56671333       122141.875    
   165.000000       5.56671333       122147.875    
   168.750000       5.56671333       122057.375    
   172.500000       5.56671333       121976.375    
   176.250000       5.56671333       121948.875    
   180.000000       5.56671333       121863.875    
   183.750000       5.56671333       121812.875    
   187.500000       5.56671333       121813.875    
   191.250000       5.56671333       121776.875    
   195.000000       5.56671333       121744.875    
   198.750000       5.56671333       121627.375    
   202.500000       5.56671333       121490.875    
   206.250000       5.56671333       121353.875    
   210.000000       5.56671333       121345.375    
   213.750000       5.56671333       121337.375    
   217.500000       5.56671333       121271.375    
   221.250000       5.56671333       121217.875    
   225.000000       5.56671333       121124.875    
   228.750000       5.56671333       121115.875    
   232.500000       5.56671333       121111.375    
   236.250000       5.56671333       121126.875    
   240.000000       5.56671333       121188.375    
   243.750000       5.56671333       121337.375    
   247.500000       5.56671333       121469.375    
   251.250000       5.56671333       121531.875    
   255.000000       5.56671333       121575.875    
   258.750000       5.56671333       121592.875    
   262.500000       5.56671333       121619.875    
   266.250000       5.56671333       121667.875    
   270.000000       5.56671333       121672.875    
   273.750000       5.56671333       121718.875    
   277.500000       5.56671333       121822.375    
   281.250000       5.56671333       121807.375    
   285.000000       5.56671333       121802.875    
   288.750000       5.56671333       121826.375    
   292.500000       5.56671333       121847.375    
   296.250000       5.56671333       121805.875    
   300.000000       5.56671333       121756.875    
   303.750000       5.56671333       121784.375    
   307.500000       5.56671333       121778.375    
   311.250000       5.56671333       121801.375    
   315.000000       5.56671333       121737.375    
   318.750000       5.56671333       121681.875    
   322.500000       5.56671333       121601.875    
   326.250000       5.56671333       121571.375    
   330.000000       5.56671333       121565.375    
   333.750000       5.56671333       121536.375    
   337.500000       5.56671333       121574.375    
   341.250000       5.56671333       121601.875    
   345.000000       5.56671333       121603.375    
   348.750000       5.56671333       121651.875    
   352.500000       5.56671333       121667.875    
   356.250000       5.56671333       121695.375    
   360.000000       5.56671333       121732.875    
   0.00000000       9.27785301       121658.375    
   3.75000000       9.27785301       121700.375    
   7.50000000       9.27785301       121698.875    
   11.2500000       9.27785301       121629.375    
   15.0000000       9.27785301       121682.375    
   18.7500000       9.27785301       121696.875    
   22.5000000       9.27785301       121748.875    
   26.2500000       9.27785301       121715.875    
   30.0000000       9.27785301       121666.375    
   33.7500000       9.27785301       121662.875    
   37.5000000       9.27785301       121727.875    
   41.2500000       9.27785301       121737.875    
   45.0000000       9.27785301       121727.375    
   48.7500000       9.27785301       121706.375    
   52.5000000       9.27785301       121612.875    
   56.2500000       9.27785301       121502.375    
   60.0000000       9.27785301       121481.875    
   63.7500000       9.27785301       121546.375    
   67.5000000       9.27785301       121686.375    
   71.2500000       9.27785301       121752.875    
   75.0000000       9.27785301       121607.375    
   78.7500000       9.27785301       121541.875    
   82.5000000       9.27785301       121537.875    
   86.2500000       9.27785301       121692.375    
   90.0000000       9.27785301       121792.375    
   93.7500000       9.27785301       121851.875    
   97.5000000       9.27785301       121949.375    
   101.250000       9.27785301       122019.875    
   105.000000       9.27785301       122077.875    
   108.750000       9.27785301       122098.375    
   112.500000       9.27785301       122101.375    
   116.250000       9.27785301       122089.375    
   120.000000       9.27785301       122071.875    
   123.750000       9.27785301       122086.875    
   127.500000       9.27785301       122109.875    
   131.250000       9.27785301       122118.375    
   135.000000       9.27785301       122147.375    
   138.750000       9.27785301       122193.375    
   142.500000       9.27785301       122188.875    
   146.250000       9.27785301       122152.875    
   150.000000       9.27785301       122147.875    
   153.750000       9.27785301       122148.375    
   157.500000       9.27785301       122085.375    
   161.250000       9.27785301       122072.875    
   165.000000       9.27785301       122035.875    
   168.750000       9.27785301       121958.375    
   172.500000       9.27785301       121810.375    
   176.250000       9.27785301       121701.875    
   180.000000       9.27785301       121689.875    
   183.750000       9.27785301       121714.375    
   187.500000       9.27785301       121736.875    
   191.250000       9.27785301       121803.375    
   195.000000       9.27785301       121631.375    
   198.750000       9.27785301       121530.375    
   202.500000       9.27785301       121365.375    
   206.250000       9.27785301       121181.875    
   210.000000       9.27785301       121093.875    
   213.750000       9.27785301       121133.375    
   217.500000       9.27785301       121118.875    
   221.250000       9.27785301       120961.375    
   225.000000       9.27785301       120923.875    
   228.750000       9.27785301       120909.375    
   232.500000       9.27785301       120916.375    
   236.250000       9.27785301       120963.375    
   240.000000       9.27785301       121024.375    
   243.750000       9.27785301       121193.875    
   247.500000       9.27785301       121365.875    
   251.250000       9.27785301       121486.875    
   255.000000       9.27785301       121527.375    
   258.750000       9.27785301       121500.375    
   262.500000       9.27785301       121467.375    
   266.250000       9.27785301       121464.875    
   270.000000       9.27785301       121549.375    
   273.750000       9.27785301       121635.875    
   277.500000       9.27785301       121722.875    
   281.250000       9.27785301       121798.375    
   285.000000       9.27785301       121838.875    
   288.750000       9.27785301       121796.875    
   292.500000       9.27785301       121817.875    
   296.250000       9.27785301       121792.875    
   300.000000       9.27785301       121730.875    
   303.750000       9.27785301       121752.375    
   307.500000       9.27785301       121699.375    
   311.250000       9.27785301       121641.875    
   315.000000       9.27785301       121549.875    
   318.750000       9.27785301       121529.375    
   322.500000       9.27785301       121470.375    
   326.250000       9.27785301       121426.375    
   330.000000       9.27785301       121431.875    
   333.750000       9.27785301       121463.375    
   337.500000       9.27785301       121489.375    
   341.250000       9.27785301       121522.875    
   345.000000       9.27785301       121549.875    
   348.750000       9.27785301       121588.875    
   352.500000       9.27785301       121463.875    
   356.250000       9.27785301       121610.375    
   360.000000       9.27785301       121658.375    
   0.00000000       12.9889879       121387.875    
   3.75000000       12.9889879       121417.375    
   7.50000000       12.9889879       121530.875    
   11.2500000       12.9889879       121669.875    
   15.0000000       12.9889879       121631.375    
   18.7500000       12.9889879       121655.375    
   22.5000000       12.9889879       121665.375    
   26.2500000       12.9889879       121676.875    
   30.0000000       12.9889879       121660.375    
   33.7500000       12.9889879       121632.375    
   37.5000000       12.9889879       121626.375    
   41.2500000       12.9889879       121674.375    
   45.0000000       12.9889879       121675.375    
   48.7500000       12.9889879       121587.875    
   52.5000000       12.9889879       121465.375    
   56.2500000       12.9889879       121366.875    
   60.0000000       12.9889879       121339.375    
   63.7500000       12.9889879       121377.875    
   67.5000000       12.9889879       121514.875    
   71.2500000       12.9889879       121623.875    
   75.0000000       12.9889879       121576.375    
   78.7500000       12.9889879       121570.375    
   82.5000000       12.9889879       121643.375    
   86.2500000       12.9889879       121700.875    
   90.0000000       12.9889879       121815.375    
   93.7500000       12.9889879       121886.875    
   97.5000000       12.9889879       121921.875    
   101.250000       12.9889879       121985.375    
   105.000000       12.9889879       122017.375    
   108.750000       12.9889879       122026.875    
   112.500000       12.9889879       122035.375    
   116.250000       12.9889879       122050.375    
   120.000000       12.9889879       122059.375    
   123.750000       12.9889879       122059.875    
   127.500000       12.9889879       122086.875    
   131.250000       12.9889879       122102.875    
   135.000000       12.9889879       122147.875    
   138.750000       12.9889879       122126.375    
   142.500000       12.9889879       122117.375    
   146.250000       12.9889879       122141.375    
   150.000000       12.9889879       122129.875    
   153.750000       12.9889879       122145.375    
   157.500000       12.9889879       122109.375    
   161.250000       12.9889879       122071.375    
   165.000000       12.9889879       122044.375    
   168.750000       12.9889879       121926.375    
   172.500000       12.9889879       121535.375    
   176.250000       12.9889879       121252.875    
   180.000000       12.9889879       121391.875    
   183.750000       12.9889879       121481.875    
   187.500000       12.9889879       121608.875    
   191.250000       12.9889879       121534.875    
   195.000000       12.9889879       121427.375    
   198.750000       12.9889879       121281.875    
   202.500000       12.9889879       121118.375    
   206.250000       12.9889879       120972.375    
   210.000000       12.9889879       120868.375    
   213.750000       12.9889879       120830.375    
   217.500000       12.9889879       120796.375    
   221.250000       12.9889879       120692.875    
   225.000000       12.9889879       120606.375    
   228.750000       12.9889879       120677.375    
   232.500000       12.9889879       120738.375    
   236.250000       12.9889879       120732.375    
   240.000000       12.9889879       120792.375    
   243.750000       12.9889879       120930.875    
   247.500000       12.9889879       121150.375    
   251.250000       12.9889879       121320.375    
   255.000000       12.9889879       121374.375    
   258.750000       12.9889879       121319.375    
   262.500000       12.9889879       121201.375    
   266.250000       12.9889879       121207.875    
   270.000000       12.9889879       121380.875    
   273.750000       12.9889879       121555.375    
   277.500000       12.9889879       121641.875    
   281.250000       12.9889879       121720.875    
   285.000000       12.9889879       121714.875    
   288.750000       12.9889879       121657.875    
   292.500000       12.9889879       121643.875    
   296.250000       12.9889879       121576.875    
   300.000000       12.9889879       121599.875    
   303.750000       12.9889879       121584.375    
   307.500000       12.9889879       121490.875    
   311.250000       12.9889879       121352.375    
   315.000000       12.9889879       121251.375    
   318.750000       12.9889879       121204.875    
   322.500000       12.9889879       121201.875    
   326.250000       12.9889879       121179.375    
   330.000000       12.9889879       121212.875    
   333.750000       12.9889879       121235.875    
   337.500000       12.9889879       121210.875    
   341.250000       12.9889879       121167.875    
   345.000000       12.9889879       121168.375    
   348.750000       12.9889879       121220.875    
   352.500000       12.9889879       121197.375    
   356.250000       12.9889879       121235.375    
   360.000000       12.9889879       121387.875    
   0.00000000       16.7001171       120661.375    
   3.75000000       16.7001171       120919.875    
   7.50000000       16.7001171       121093.875    
   11.2500000       16.7001171       121346.875    
   15.0000000       16.7001171       121489.875    
   18.7500000       16.7001171       121530.375    
   22.5000000       16.7001171       121579.375    
   26.2500000       16.7001171       121597.875    
   30.0000000       16.7001171       121573.375    
   33.7500000       16.7001171       121523.375    
   37.5000000       16.7001171       121537.375    
   41.2500000       16.7001171       121535.375    
   45.0000000       16.7001171       121478.875    
   48.7500000       16.7001171       121359.375    
   52.5000000       16.7001171       121196.875    
   56.2500000       16.7001171       121004.875    
   60.0000000       16.7001171       120860.875    
   63.7500000       16.7001171       120922.375    
   67.5000000       16.7001171       121146.375    
   71.2500000       16.7001171       121384.875    
   75.0000000       16.7001171       121498.875    
   78.7500000       16.7001171       121488.875    
   82.5000000       16.7001171       121643.375    
   86.2500000       16.7001171       121768.875    
   90.0000000       16.7001171       121812.375    
   93.7500000       16.7001171       121822.375    
   97.5000000       16.7001171       121881.375    
   101.250000       16.7001171       121901.875    
   105.000000       16.7001171       121878.375    
   108.750000       16.7001171       121885.875    
   112.500000       16.7001171       121920.875    
   116.250000       16.7001171       121928.875    
   120.000000       16.7001171       121944.375    
   123.750000       16.7001171       121889.375    
   127.500000       16.7001171       121941.875    
   131.250000       16.7001171       121913.875    
   135.000000       16.7001171       121947.375    
   138.750000       16.7001171       121956.875    
   142.500000       16.7001171       121991.875    
   146.250000       16.7001171       122038.375    
   150.000000       16.7001171       122103.375    
   153.750000       16.7001171       122127.375    
   157.500000       16.7001171       122153.375    
   161.250000       16.7001171       122119.875    
   165.000000       16.7001171       122064.875    
   168.750000       16.7001171       121877.875    
   172.500000       16.7001171       121466.375    
   176.250000       16.7001171       120891.875    
   180.000000       16.7001171       120820.375    
   183.750000       16.7001171       121075.375    
   187.500000       16.7001171       121229.875    
   191.250000       16.7001171       121216.875    
   195.000000       16.7001171       121157.375    
   198.750000       16.7001171       120994.375    
   202.500000       16.7001171       120792.875    
   206.250000       16.7001171       120553.875    
   210.000000       16.7001171       120369.375    
   213.750000       16.7001171       120246.875    
   217.500000       16.7001171       120172.875    
   221.250000       16.7001171       120165.875    
   225.000000       16.7001171       120211.375    
   228.750000       16.7001171       120280.375    
   232.500000       16.7001171       120380.375    
   236.250000       16.7001171       120432.375    
   240.000000       16.7001171       120491.375    
   243.750000       16.7001171       120468.875    
   247.500000       16.7001171       120765.375    
   251.250000       16.7001171       121031.375    
   255.000000       16.7001171       121112.375    
   258.750000       16.7001171       121093.875    
   262.500000       16.7001171       120919.875    
   266.250000       16.7001171       120997.875    
   270.000000       16.7001171       121251.375    
   273.750000       16.7001171       121456.375    
   277.500000       16.7001171       121549.875    
   281.250000       16.7001171       121579.375    
   285.000000       16.7001171       121476.875    
   288.750000       16.7001171       121431.375    
   292.500000       16.7001171       121450.375    
   296.250000       16.7001171       121432.875    
   300.000000       16.7001171       121377.375    
   303.750000       16.7001171       121153.375    
   307.500000       16.7001171       120896.875    
   311.250000       16.7001171       120725.875    
   315.000000       16.7001171       120707.375    
   318.750000       16.7001171       120685.875    
   322.500000       16.7001171       120750.875    
   326.250000       16.7001171       120804.375    
   330.000000       16.7001171       120814.375    
   333.750000       16.7001171       120772.375    
   337.500000       16.7001171       120678.375    
   341.250000       16.7001171       120529.375    
   345.000000       16.7001171       120264.375    
   348.750000       16.7001171       120149.875    
   352.500000       16.7001171       120287.875    
   356.250000       16.7001171       120438.875    
   360.000000       16.7001171       120661.375    
   0.00000000       20.4112377       119550.375    
   3.75000000       20.4112377       119910.875    
   7.50000000       20.4112377       120391.375    
   11.2500000       20.4112377       120688.875    
   15.0000000       20.4112377       121026.375    
   18.7500000       20.4112377       121155.875    
   22.5000000       20.4112377       121273.375    
   26.2500000       20.4112377       121309.875    
   30.0000000       20.4112377       121348.875    
   33.7500000       20.4112377       121338.875    
   37.5000000       20.4112377       121289.375    
   41.2500000       20.4112377       121237.875    
   45.0000000       20.4112377       121122.375    
   48.7500000       20.4112377       120944.375    
   52.5000000       20.4112377       120675.375    
   56.2500000       20.4112377       120413.875    
   60.0000000       20.4112377       120193.875    
   63.7500000       20.4112377       120129.875    
   67.5000000       20.4112377       120446.375    
   71.2500000       20.4112377       120870.875    
   75.0000000       20.4112377       121111.375    
   78.7500000       20.4112377       121284.375    
   82.5000000       20.4112377       121422.875    
   86.2500000       20.4112377       121556.375    
   90.0000000       20.4112377       121633.875    
   93.7500000       20.4112377       121653.375    
   97.5000000       20.4112377       121672.375    
   101.250000       20.4112377       121636.375    
   105.000000       20.4112377       121637.875    
   108.750000       20.4112377       121610.375    
   112.500000       20.4112377       121570.375    
   116.250000       20.4112377       121616.375    
   120.000000       20.4112377       121580.875    
   123.750000       20.4112377       121528.375    
   127.500000       20.4112377       121477.375    
   131.250000       20.4112377       121432.875    
   135.000000       20.4112377       121473.875    
   138.750000       20.4112377       121565.375    
   142.500000       20.4112377       121683.875    
   146.250000       20.4112377       121780.375    
   150.000000       20.4112377       121885.375    
   153.750000       20.4112377       121919.875    
   157.500000       20.4112377       121976.875    
   161.250000       20.4112377       121982.375    
   165.000000       20.4112377       121942.375    
   168.750000       20.4112377       121734.875    
   172.500000       20.4112377       121462.375    
   176.250000       20.4112377       120957.375    
   180.000000       20.4112377       120517.875    
   183.750000       20.4112377       120536.875    
   187.500000       20.4112377       120588.375    
   191.250000       20.4112377       120744.375    
   195.000000       20.4112377       120728.875    
   198.750000       20.4112377       120462.375    
   202.500000       20.4112377       120092.375    
   206.250000       20.4112377       119709.375    
   210.000000       20.4112377       119353.875    
   213.750000       20.4112377       119110.375    
   217.500000       20.4112377       119006.375    
   221.250000       20.4112377       119205.875    
   225.000000       20.4112377       119481.875    
   228.750000       20.4112377       119763.375    
   232.500000       20.4112377       119913.375    
   236.250000       20.4112377       119992.375    
   240.000000       20.4112377       119993.375    
   243.750000       20.4112377       120179.875    
   247.500000       20.4112377       120266.375    
   251.250000       20.4112377       120551.875    
   255.000000       20.4112377       120797.875    
   258.750000       20.4112377       120920.375    
   262.500000       20.4112377       120864.375    
   266.250000       20.4112377       120910.375    
   270.000000       20.4112377       121057.375    
   273.750000       20.4112377       121230.375    
   277.500000       20.4112377       121346.875    
   281.250000       20.4112377       121428.875    
   285.000000       20.4112377       121485.375    
   288.750000       20.4112377       121488.375    
   292.500000       20.4112377       121434.875    
   296.250000       20.4112377       121316.375    
   300.000000       20.4112377       121113.875    
   303.750000       20.4112377       120759.875    
   307.500000       20.4112377       120374.875    
   311.250000       20.4112377       120014.375    
   315.000000       20.4112377       119655.375    
   318.750000       20.4112377       119754.375    
   322.500000       20.4112377       120065.875    
   326.250000       20.4112377       120228.375    
   330.000000       20.4112377       120255.875    
   333.750000       20.4112377       120093.375    
   337.500000       20.4112377       119839.875    
   341.250000       20.4112377       119377.375    
   345.000000       20.4112377       119009.375    
   348.750000       20.4112377       118931.875    
   352.500000       20.4112377       119011.875    
   356.250000       20.4112377       119196.375    
   360.000000       20.4112377       119550.375    
   0.00000000       24.1223469       118111.875    
   3.75000000       24.1223469       118563.375    
   7.50000000       24.1223469       119206.375    
   11.2500000       24.1223469       119695.375    
   15.0000000       24.1223469       120191.375    
   18.7500000       24.1223469       120545.875    
   22.5000000       24.1223469       120740.875    
   26.2500000       24.1223469       120798.375    
   30.0000000       24.1223469       120868.875    
   33.7500000       24.1223469       120894.875    
   37.5000000       24.1223469       120841.875    
   41.2500000       24.1223469       120724.375    
   45.0000000       24.1223469       120549.875    
   48.7500000       24.1223469       120287.875    
   52.5000000       24.1223469       119939.375    
   56.2500000       24.1223469       119629.875    
   60.0000000       24.1223469       119428.375    
   63.7500000       24.1223469       119364.375    
   67.5000000       24.1223469       119577.875    
   71.2500000       24.1223469       120031.375    
   75.0000000       24.1223469       120334.375    
   78.7500000       24.1223469       120644.875    
   82.5000000       24.1223469       120900.875    
   86.2500000       24.1223469       121082.875    
   90.0000000       24.1223469       121208.875    
   93.7500000       24.1223469       121244.875    
   97.5000000       24.1223469       121266.875    
   101.250000       24.1223469       121206.375    
   105.000000       24.1223469       121134.875    
   108.750000       24.1223469       120993.375    
   112.500000       24.1223469       120882.875    
   116.250000       24.1223469       120798.875    
   120.000000       24.1223469       120603.875    
   123.750000       24.1223469       120536.375    
   127.500000       24.1223469       120435.375    
   131.250000       24.1223469       120425.875    
   135.000000       24.1223469       120524.875    
   138.750000       24.1223469       120666.875    
   142.500000       24.1223469       120795.375    
   146.250000       24.1223469       121053.375    
   150.000000       24.1223469       121298.375    
   153.750000       24.1223469       121461.875    
   157.500000       24.1223469       121583.375    
   161.250000       24.1223469       121650.375    
   165.000000       24.1223469       121658.375    
   168.750000       24.1223469       121591.375    
   172.500000       24.1223469       121346.875    
   176.250000       24.1223469       120992.875    
   180.000000       24.1223469       120498.875    
   183.750000       24.1223469       120077.375    
   187.500000       24.1223469       120080.375    
   191.250000       24.1223469       120055.875    
   195.000000       24.1223469       119935.375    
   198.750000       24.1223469       119560.875    
   202.500000       24.1223469       119078.375    
   206.250000       24.1223469       118576.375    
   210.000000       24.1223469       118075.375    
   213.750000       24.1223469       117684.375    
   217.500000       24.1223469       117632.375    
   221.250000       24.1223469       117997.875    
   225.000000       24.1223469       118521.375    
   228.750000       24.1223469       119032.375    
   232.500000       24.1223469       119321.375    
   236.250000       24.1223469       119398.875    
   240.000000       24.1223469       119379.875    
   243.750000       24.1223469       119439.875    
   247.500000       24.1223469       119745.875    
   251.250000       24.1223469       119933.375    
   255.000000       24.1223469       120393.375    
   258.750000       24.1223469       120528.375    
   262.500000       24.1223469       120734.875    
   266.250000       24.1223469       120709.875    
   270.000000       24.1223469       120807.375    
   273.750000       24.1223469       120925.375    
   277.500000       24.1223469       121069.375    
   281.250000       24.1223469       121252.375    
   285.000000       24.1223469       121342.875    
   288.750000       24.1223469       121277.375    
   292.500000       24.1223469       121197.375    
   296.250000       24.1223469       120999.875    
   300.000000       24.1223469       120632.375    
   303.750000       24.1223469       120149.875    
   307.500000       24.1223469       119720.875    
   311.250000       24.1223469       119294.375    
   315.000000       24.1223469       119001.875    
   318.750000       24.1223469       118832.375    
   322.500000       24.1223469       119094.375    
   326.250000       24.1223469       119396.875    
   330.000000       24.1223469       119472.875    
   333.750000       24.1223469       119329.875    
   337.500000       24.1223469       118917.875    
   341.250000       24.1223469       118388.375    
   345.000000       24.1223469       118112.375    
   348.750000       24.1223469       117913.875    
   352.500000       24.1223469       117762.875    
   356.250000       24.1223469       117816.375    
   360.000000       24.1223469       118111.875    
   0.00000000       27.8334446       116435.375    
   3.75000000       27.8334446       117094.375    
   7.50000000       27.8334446       117833.875    
   11.2500000       27.8334446       118467.375    
   15.0000000       27.8334446       119084.375    
   18.7500000       27.8334446       119590.875    
   22.5000000       27.8334446       119857.375    
   26.2500000       27.8334446       119999.375    
   30.0000000       27.8334446       120052.875    
   33.7500000       27.8334446       120090.875    
   37.5000000       27.8334446       120079.375    
   41.2500000       27.8334446       119953.375    
   45.0000000       27.8334446       119764.875    
   48.7500000       27.8334446       119466.875    
   52.5000000       27.8334446       119124.875    
   56.2500000       27.8334446       118822.375    
   60.0000000       27.8334446       118581.875    
   63.7500000       27.8334446       118465.375    
   67.5000000       27.8334446       118588.375    
   71.2500000       27.8334446       118892.375    
   75.0000000       27.8334446       119232.875    
   78.7500000       27.8334446       119599.875    
   82.5000000       27.8334446       119914.875    
   86.2500000       27.8334446       120182.875    
   90.0000000       27.8334446       120359.875    
   93.7500000       27.8334446       120351.375    
   97.5000000       27.8334446       120200.375    
   101.250000       27.8334446       120173.375    
   105.000000       27.8334446       119944.875    
   108.750000       27.8334446       119582.375    
   112.500000       27.8334446       119278.375    
   116.250000       27.8334446       118864.875    
   120.000000       27.8334446       118541.375    
   123.750000       27.8334446       118353.375    
   127.500000       27.8334446       118247.875    
   131.250000       27.8334446       118199.375    
   135.000000       27.8334446       118414.875    
   138.750000       27.8334446       118729.875    
   142.500000       27.8334446       119040.875    
   146.250000       27.8334446       119539.875    
   150.000000       27.8334446       120065.375    
   153.750000       27.8334446       120468.375    
   157.500000       27.8334446       120791.875    
   161.250000       27.8334446       121029.875    
   165.000000       27.8334446       121214.875    
   168.750000       27.8334446       121213.875    
   172.500000       27.8334446       121142.875    
   176.250000       27.8334446       120870.875    
   180.000000       27.8334446       120532.875    
   183.750000       27.8334446       120053.875    
   187.500000       27.8334446       119844.875    
   191.250000       27.8334446       119632.375    
   195.000000       27.8334446       119323.375    
   198.750000       27.8334446       118967.375    
   202.500000       27.8334446       118456.375    
   206.250000       27.8334446       117767.875    
   210.000000       27.8334446       117129.875    
   213.750000       27.8334446       116580.375    
   217.500000       27.8334446       116431.375    
   221.250000       27.8334446       116830.375    
   225.000000       27.8334446       117511.375    
   228.750000       27.8334446       118143.875    
   232.500000       27.8334446       118568.875    
   236.250000       27.8334446       118713.875    
   240.000000       27.8334446       118502.875    
   243.750000       27.8334446       118404.375    
   247.500000       27.8334446       118565.875    
   251.250000       27.8334446       118900.375    
   255.000000       27.8334446       119429.375    
   258.750000       27.8334446       119776.375    
   262.500000       27.8334446       120121.375    
   266.250000       27.8334446       120298.375    
   270.000000       27.8334446       120319.875    
   273.750000       27.8334446       120472.875    
   277.500000       27.8334446       120647.375    
   281.250000       27.8334446       120818.375    
   285.000000       27.8334446       120910.375    
   288.750000       27.8334446       120857.875    
   292.500000       27.8334446       120695.375    
   296.250000       27.8334446       120401.875    
   300.000000       27.8334446       119975.375    
   303.750000       27.8334446       119459.375    
   307.500000       27.8334446       118811.375    
   311.250000       27.8334446       118207.375    
   315.000000       27.8334446       118203.875    
   318.750000       27.8334446       118323.375    
   322.500000       27.8334446       118511.375    
   326.250000       27.8334446       118731.375    
   330.000000       27.8334446       118822.375    
   333.750000       27.8334446       118733.875    
   337.500000       27.8334446       118357.375    
   341.250000       27.8334446       117900.875    
   345.000000       27.8334446       117459.875    
   348.750000       27.8334446       117088.875    
   352.500000       27.8334446       116462.375    
   356.250000       27.8334446       115983.375    
   360.000000       27.8334446       116435.375    
   0.00000000       31.5445251       114613.875    
   3.75000000       31.5445251       115524.375    
   7.50000000       31.5445251       116365.375    
   11.2500000       31.5445251       117155.875    
   15.0000000       31.5445251       117792.875    
   18.7500000       31.5445251       118378.375    
   22.5000000       31.5445251       118720.375    
   26.2500000       31.5445251       118893.875    
   30.0000000       31.5445251       118991.875    
   33.7500000       31.5445251       118991.375    
   37.5000000       31.5445251       118975.875    
   41.2500000       31.5445251       118920.875    
   45.0000000       31.5445251       118758.375    
   48.7500000       31.5445251       118438.875    
   52.5000000       31.5445251       118076.375    
   56.2500000       31.5445251       117734.875    
   60.0000000       31.5445251       117465.375    
   63.7500000       31.5445251       117247.375    
   67.5000000       31.5445251       117342.375    
   71.2500000       31.5445251       117590.375    
   75.0000000       31.5445251       117859.375    
   78.7500000       31.5445251       118159.875    
   82.5000000       31.5445251       118605.375    
   86.2500000       31.5445251       118777.875    
   90.0000000       31.5445251       118900.875    
   93.7500000       31.5445251       118853.375    
   97.5000000       31.5445251       118708.875    
   101.250000       31.5445251       118402.875    
   105.000000       31.5445251       118038.875    
   108.750000       31.5445251       117512.875    
   112.500000       31.5445251       117012.375    
   116.250000       31.5445251       116628.875    
   120.000000       31.5445251       116211.375    
   123.750000       31.5445251       115954.875    
   127.500000       31.5445251       115718.375    
   131.250000       31.5445251       115517.875    
   135.000000       31.5445251       115552.875    
   138.750000       31.5445251       115778.375    
   142.500000       31.5445251       116225.375    
   146.250000       31.5445251       116919.875    
   150.000000       31.5445251       117824.375    
   153.750000       31.5445251       118509.375    
   157.500000       31.5445251       119232.375    
   161.250000       31.5445251       119810.875    
   165.000000       31.5445251       120401.375    
   168.750000       31.5445251       120564.875    
   172.500000       31.5445251       120642.875    
   176.250000       31.5445251       120613.875    
   180.000000       31.5445251       120444.375    
   183.750000       31.5445251       120060.375    
   187.500000       31.5445251       119660.375    
   191.250000       31.5445251       119250.875    
   195.000000       31.5445251       118897.375    
   198.750000       31.5445251       118609.375    
   202.500000       31.5445251       118144.875    
   206.250000       31.5445251       117360.375    
   210.000000       31.5445251       116569.375    
   213.750000       31.5445251       115786.875    
   217.500000       31.5445251       115403.875    
   221.250000       31.5445251       116013.875    
   225.000000       31.5445251       116766.875    
   228.750000       31.5445251       117389.375    
   232.500000       31.5445251       117856.375    
   236.250000       31.5445251       117982.375    
   240.000000       31.5445251       117861.375    
   243.750000       31.5445251       117737.875    
   247.500000       31.5445251       117676.875    
   251.250000       31.5445251       117709.875    
   255.000000       31.5445251       117878.875    
   258.750000       31.5445251       118238.875    
   262.500000       31.5445251       118574.875    
   266.250000       31.5445251       119199.875    
   270.000000       31.5445251       119589.375    
   273.750000       31.5445251       119749.875    
   277.500000       31.5445251       119942.875    
   281.250000       31.5445251       120090.375    
   285.000000       31.5445251       120134.875    
   288.750000       31.5445251       120079.375    
   292.500000       31.5445251       119746.375    
   296.250000       31.5445251       119421.875    
   300.000000       31.5445251       118940.375    
   303.750000       31.5445251       118161.875    
   307.500000       31.5445251       117225.875    
   311.250000       31.5445251       116808.875    
   315.000000       31.5445251       117130.875    
   318.750000       31.5445251       117635.375    
   322.500000       31.5445251       118016.875    
   326.250000       31.5445251       118309.375    
   330.000000       31.5445251       118407.875    
   333.750000       31.5445251       118289.875    
   337.500000       31.5445251       117926.875    
   341.250000       31.5445251       117348.375    
   345.000000       31.5445251       116720.375    
   348.750000       31.5445251       116007.875    
   352.500000       31.5445251       114778.375    
   356.250000       31.5445251       114308.375    
   360.000000       31.5445251       114613.875    
   0.00000000       35.2555809       113511.375    
   3.75000000       35.2555809       114193.875    
   7.50000000       35.2555809       115204.875    
   11.2500000       35.2555809       115900.375    
   15.0000000       35.2555809       116513.375    
   18.7500000       35.2555809       117138.875    
   22.5000000       35.2555809       117421.875    
   26.2500000       35.2555809       117630.875    
   30.0000000       35.2555809       117770.375    
   33.7500000       35.2555809       117843.375    
   37.5000000       35.2555809       117746.875    
   41.2500000       35.2555809       117661.375    
   45.0000000       35.2555809       117459.875    
   48.7500000       35.2555809       117166.375    
   52.5000000       35.2555809       116840.375    
   56.2500000       35.2555809       116471.375    
   60.0000000       35.2555809       116184.375    
   63.7500000       35.2555809       115942.375    
   67.5000000       35.2555809       115995.375    
   71.2500000       35.2555809       116182.375    
   75.0000000       35.2555809       116441.375    
   78.7500000       35.2555809       116947.375    
   82.5000000       35.2555809       117154.875    
   86.2500000       35.2555809       117261.375    
   90.0000000       35.2555809       117277.375    
   93.7500000       35.2555809       117087.875    
   97.5000000       35.2555809       116776.875    
   101.250000       35.2555809       116383.375    
   105.000000       35.2555809       115824.875    
   108.750000       35.2555809       115366.375    
   112.500000       35.2555809       114964.375    
   116.250000       35.2555809       114571.375    
   120.000000       35.2555809       114191.875    
   123.750000       35.2555809       113844.375    
   127.500000       35.2555809       113543.375    
   131.250000       35.2555809       113298.375    
   135.000000       35.2555809       113153.375    
   138.750000       35.2555809       113195.375    
   142.500000       35.2555809       113426.875    
   146.250000       35.2555809       113991.875    
   150.000000       35.2555809       114849.375    
   153.750000       35.2555809       115834.875    
   157.500000       35.2555809       116795.875    
   161.250000       35.2555809       117773.875    
   165.000000       35.2555809       118728.375    
   168.750000       35.2555809       119518.375    
   172.500000       35.2555809       119810.375    
   176.250000       35.2555809       119907.875    
   180.000000       35.2555809       120009.875    
   183.750000       35.2555809       119766.875    
   187.500000       35.2555809       119543.375    
   191.250000       35.2555809       119116.375    
   195.000000       35.2555809       118760.375    
   198.750000       35.2555809       118586.375    
   202.500000       35.2555809       118270.375    
   206.250000       35.2555809       117543.875    
   210.000000       35.2555809       116610.875    
   213.750000       35.2555809       115775.875    
   217.500000       35.2555809       115417.875    
   221.250000       35.2555809       115835.375    
   225.000000       35.2555809       116421.875    
   228.750000       35.2555809       116907.875    
   232.500000       35.2555809       117257.375    
   236.250000       35.2555809       117347.375    
   240.000000       35.2555809       117254.375    
   243.750000       35.2555809       116968.875    
   247.500000       35.2555809       116658.375    
   251.250000       35.2555809       116603.875    
   255.000000       35.2555809       116464.375    
   258.750000       35.2555809       116516.375    
   262.500000       35.2555809       116622.375    
   266.250000       35.2555809       117248.375    
   270.000000       35.2555809       117951.875    
   273.750000       35.2555809       118450.375    
   277.500000       35.2555809       118867.875    
   281.250000       35.2555809       118873.875    
   285.000000       35.2555809       118923.875    
   288.750000       35.2555809       118711.875    
   292.500000       35.2555809       118344.375    
   296.250000       35.2555809       117742.375    
   300.000000       35.2555809       116874.375    
   303.750000       35.2555809       115932.375    
   307.500000       35.2555809       115140.875    
   311.250000       35.2555809       115135.875    
   315.000000       35.2555809       115801.875    
   318.750000       35.2555809       116679.375    
   322.500000       35.2555809       117303.375    
   326.250000       35.2555809       117788.375    
   330.000000       35.2555809       117979.875    
   333.750000       35.2555809       117828.375    
   337.500000       35.2555809       117371.875    
   341.250000       35.2555809       116734.375    
   345.000000       35.2555809       115954.875    
   348.750000       35.2555809       114830.375    
   352.500000       35.2555809       113703.875    
   356.250000       35.2555809       113311.375    
   360.000000       35.2555809       113511.375    
   0.00000000       38.9666100       112687.875    
   3.75000000       38.9666100       113229.375    
   7.50000000       38.9666100       114131.375    
   11.2500000       38.9666100       114879.375    
   15.0000000       38.9666100       115493.875    
   18.7500000       38.9666100       115839.875    
   22.5000000       38.9666100       116172.875    
   26.2500000       38.9666100       116300.375    
   30.0000000       38.9666100       116430.875    
   33.7500000       38.9666100       116503.875    
   37.5000000       38.9666100       116422.375    
   41.2500000       38.9666100       116215.875    
   45.0000000       38.9666100       116016.375    
   48.7500000       38.9666100       115715.875    
   52.5000000       38.9666100       115312.875    
   56.2500000       38.9666100       115000.375    
   60.0000000       38.9666100       114714.875    
   63.7500000       38.9666100       114602.375    
   67.5000000       38.9666100       114641.375    
   71.2500000       38.9666100       114725.375    
   75.0000000       38.9666100       115345.375    
   78.7500000       38.9666100       115453.875    
   82.5000000       38.9666100       115776.375    
   86.2500000       38.9666100       115798.375    
   90.0000000       38.9666100       115701.875    
   93.7500000       38.9666100       115414.875    
   97.5000000       38.9666100       114969.375    
   101.250000       38.9666100       114524.375    
   105.000000       38.9666100       114076.375    
   108.750000       38.9666100       113651.375    
   112.500000       38.9666100       113301.875    
   116.250000       38.9666100       113028.375    
   120.000000       38.9666100       112772.375    
   123.750000       38.9666100       112489.375    
   127.500000       38.9666100       112233.875    
   131.250000       38.9666100       112056.375    
   135.000000       38.9666100       111916.375    
   138.750000       38.9666100       111740.375    
   142.500000       38.9666100       111740.375    
   146.250000       38.9666100       111972.375    
   150.000000       38.9666100       112413.875    
   153.750000       38.9666100       113183.875    
   157.500000       38.9666100       114321.375    
   161.250000       38.9666100       115560.375    
   165.000000       38.9666100       116717.875    
   168.750000       38.9666100       117613.875    
   172.500000       38.9666100       118387.875    
   176.250000       38.9666100       118809.375    
   180.000000       38.9666100       119097.875    
   183.750000       38.9666100       119239.375    
   187.500000       38.9666100       119089.875    
   191.250000       38.9666100       119017.875    
   195.000000       38.9666100       118955.875    
   198.750000       38.9666100       118705.375    
   202.500000       38.9666100       118371.375    
   206.250000       38.9666100       117854.375    
   210.000000       38.9666100       117211.375    
   213.750000       38.9666100       116417.875    
   217.500000       38.9666100       115996.875    
   221.250000       38.9666100       116065.875    
   225.000000       38.9666100       116296.375    
   228.750000       38.9666100       116513.375    
   232.500000       38.9666100       116657.875    
   236.250000       38.9666100       116709.375    
   240.000000       38.9666100       116528.375    
   243.750000       38.9666100       116251.875    
   247.500000       38.9666100       115734.875    
   251.250000       38.9666100       115512.375    
   255.000000       38.9666100       115231.375    
   258.750000       38.9666100       114884.375    
   262.500000       38.9666100       114706.875    
   266.250000       38.9666100       114900.375    
   270.000000       38.9666100       115746.375    
   273.750000       38.9666100       116481.375    
   277.500000       38.9666100       117181.875    
   281.250000       38.9666100       117480.375    
   285.000000       38.9666100       117238.375    
   288.750000       38.9666100       116904.375    
   292.500000       38.9666100       116343.375    
   296.250000       38.9666100       115524.875    
   300.000000       38.9666100       114650.375    
   303.750000       38.9666100       113557.875    
   307.500000       38.9666100       113041.375    
   311.250000       38.9666100       113285.375    
   315.000000       38.9666100       114353.875    
   318.750000       38.9666100       115628.375    
   322.500000       38.9666100       116650.375    
   326.250000       38.9666100       117216.375    
   330.000000       38.9666100       117497.375    
   333.750000       38.9666100       117381.875    
   337.500000       38.9666100       116741.875    
   341.250000       38.9666100       116050.375    
   345.000000       38.9666100       115061.875    
   348.750000       38.9666100       113694.875    
   352.500000       38.9666100       112773.375    
   356.250000       38.9666100       112448.875    
   360.000000       38.9666100       112687.875    
   0.00000000       42.6776047       112004.375    
   3.75000000       42.6776047       112540.875    
   7.50000000       42.6776047       113200.375    
   11.2500000       42.6776047       113896.375    
   15.0000000       42.6776047       114350.875    
   18.7500000       42.6776047       114609.875    
   22.5000000       42.6776047       114764.375    
   26.2500000       42.6776047       114830.875    
   30.0000000       42.6776047       114987.375    
   33.7500000       42.6776047       114925.875    
   37.5000000       42.6776047       114687.875    
   41.2500000       42.6776047       114301.375    
   45.0000000       42.6776047       114053.875    
   48.7500000       42.6776047       113709.375    
   52.5000000       42.6776047       113359.375    
   56.2500000       42.6776047       113209.875    
   60.0000000       42.6776047       113119.875    
   63.7500000       42.6776047       113113.875    
   67.5000000       42.6776047       113240.875    
   71.2500000       42.6776047       113550.875    
   75.0000000       42.6776047       113850.375    
   78.7500000       42.6776047       114166.375    
   82.5000000       42.6776047       114331.875    
   86.2500000       42.6776047       114420.375    
   90.0000000       42.6776047       114221.875    
   93.7500000       42.6776047       113867.375    
   97.5000000       42.6776047       113550.875    
   101.250000       42.6776047       113253.875    
   105.000000       42.6776047       112909.875    
   108.750000       42.6776047       112414.375    
   112.500000       42.6776047       112039.875    
   116.250000       42.6776047       111810.875    
   120.000000       42.6776047       111651.875    
   123.750000       42.6776047       111491.875    
   127.500000       42.6776047       111393.375    
   131.250000       42.6776047       111341.375    
   135.000000       42.6776047       111227.375    
   138.750000       42.6776047       111003.375    
   142.500000       42.6776047       110791.875    
   146.250000       42.6776047       110709.375    
   150.000000       42.6776047       110856.375    
   153.750000       42.6776047       111260.375    
   157.500000       42.6776047       112036.875    
   161.250000       42.6776047       113343.375    
   165.000000       42.6776047       114610.875    
   168.750000       42.6776047       115738.375    
   172.500000       42.6776047       116668.875    
   176.250000       42.6776047       117223.375    
   180.000000       42.6776047       117856.875    
   183.750000       42.6776047       118208.375    
   187.500000       42.6776047       118548.375    
   191.250000       42.6776047       118669.875    
   195.000000       42.6776047       118767.875    
   198.750000       42.6776047       118676.875    
   202.500000       42.6776047       118516.375    
   206.250000       42.6776047       118145.375    
   210.000000       42.6776047       117659.875    
   213.750000       42.6776047       117149.875    
   217.500000       42.6776047       116775.375    
   221.250000       42.6776047       116395.375    
   225.000000       42.6776047       116147.875    
   228.750000       42.6776047       116041.875    
   232.500000       42.6776047       115867.375    
   236.250000       42.6776047       115685.875    
   240.000000       42.6776047       115456.375    
   243.750000       42.6776047       115178.875    
   247.500000       42.6776047       114635.875    
   251.250000       42.6776047       114171.875    
   255.000000       42.6776047       113900.375    
   258.750000       42.6776047       113548.875    
   262.500000       42.6776047       113113.875    
   266.250000       42.6776047       113032.375    
   270.000000       42.6776047       113389.875    
   273.750000       42.6776047       114083.875    
   277.500000       42.6776047       115011.875    
   281.250000       42.6776047       115244.875    
   285.000000       42.6776047       115063.875    
   288.750000       42.6776047       114980.875    
   292.500000       42.6776047       114283.875    
   296.250000       42.6776047       113326.875    
   300.000000       42.6776047       112191.875    
   303.750000       42.6776047       111399.375    
   307.500000       42.6776047       111227.375    
   311.250000       42.6776047       111728.875    
   315.000000       42.6776047       113025.875    
   318.750000       42.6776047       114530.875    
   322.500000       42.6776047       115821.875    
   326.250000       42.6776047       116614.875    
   330.000000       42.6776047       116815.875    
   333.750000       42.6776047       116756.375    
   337.500000       42.6776047       116093.875    
   341.250000       42.6776047       115231.875    
   345.000000       42.6776047       113960.875    
   348.750000       42.6776047       112729.375    
   352.500000       42.6776047       112010.875    
   356.250000       42.6776047       111753.875    
   360.000000       42.6776047       112004.375    
   0.00000000       46.3885536       111689.375    
   3.75000000       46.3885536       112177.375    
   7.50000000       46.3885536       112677.375    
   11.2500000       46.3885536       113069.375    
   15.0000000       46.3885536       113339.375    
   18.7500000       46.3885536       113417.375    
   22.5000000       46.3885536       113448.875    
   26.2500000       46.3885536       113636.375    
   30.0000000       46.3885536       113640.375    
   33.7500000       46.3885536       113340.375    
   37.5000000       46.3885536       112912.875    
   41.2500000       46.3885536       112484.375    
   45.0000000       46.3885536       112038.375    
   48.7500000       46.3885536       111608.875    
   52.5000000       46.3885536       111402.875    
   56.2500000       46.3885536       111256.375    
   60.0000000       46.3885536       111218.375    
   63.7500000       46.3885536       111479.375    
   67.5000000       46.3885536       111771.375    
   71.2500000       46.3885536       112165.375    
   75.0000000       46.3885536       112529.375    
   78.7500000       46.3885536       112840.375    
   82.5000000       46.3885536       113166.375    
   86.2500000       46.3885536       113259.875    
   90.0000000       46.3885536       113202.875    
   93.7500000       46.3885536       113034.375    
   97.5000000       46.3885536       112921.875    
   101.250000       46.3885536       112766.375    
   105.000000       46.3885536       112374.875    
   108.750000       46.3885536       111902.375    
   112.500000       46.3885536       111532.875    
   116.250000       46.3885536       111315.875    
   120.000000       46.3885536       111181.875    
   123.750000       46.3885536       111050.875    
   127.500000       46.3885536       110902.875    
   131.250000       46.3885536       110819.375    
   135.000000       46.3885536       110657.875    
   138.750000       46.3885536       110360.375    
   142.500000       46.3885536       110053.375    
   146.250000       46.3885536       109740.875    
   150.000000       46.3885536       109600.375    
   153.750000       46.3885536       109825.875    
   157.500000       46.3885536       110456.375    
   161.250000       46.3885536       111577.875    
   165.000000       46.3885536       112765.875    
   168.750000       46.3885536       113833.875    
   172.500000       46.3885536       114886.875    
   176.250000       46.3885536       115478.875    
   180.000000       46.3885536       116116.875    
   183.750000       46.3885536       116696.375    
   187.500000       46.3885536       117113.875    
   191.250000       46.3885536       117582.375    
   195.000000       46.3885536       117781.375    
   198.750000       46.3885536       117941.875    
   202.500000       46.3885536       117918.875    
   206.250000       46.3885536       117747.375    
   210.000000       46.3885536       117486.875    
   213.750000       46.3885536       117045.375    
   217.500000       46.3885536       116543.875    
   221.250000       46.3885536       116072.375    
   225.000000       46.3885536       115610.875    
   228.750000       46.3885536       115166.875    
   232.500000       46.3885536       114746.875    
   236.250000       46.3885536       114408.375    
   240.000000       46.3885536       114145.375    
   243.750000       46.3885536       113937.375    
   247.500000       46.3885536       113525.375    
   251.250000       46.3885536       113070.875    
   255.000000       46.3885536       112716.375    
   258.750000       46.3885536       112456.875    
   262.500000       46.3885536       112215.375    
   266.250000       46.3885536       111811.875    
   270.000000       46.3885536       111691.875    
   273.750000       46.3885536       111987.375    
   277.500000       46.3885536       112579.375    
   281.250000       46.3885536       112766.875    
   285.000000       46.3885536       112754.375    
   288.750000       46.3885536       112502.875    
   292.500000       46.3885536       111813.375    
   296.250000       46.3885536       111074.375    
   300.000000       46.3885536       110335.375    
   303.750000       46.3885536       110096.875    
   307.500000       46.3885536       110231.375    
   311.250000       46.3885536       111002.375    
   315.000000       46.3885536       112342.375    
   318.750000       46.3885536       113956.375    
   322.500000       46.3885536       115314.875    
   326.250000       46.3885536       115962.375    
   330.000000       46.3885536       116156.875    
   333.750000       46.3885536       116080.875    
   337.500000       46.3885536       115452.875    
   341.250000       46.3885536       114464.875    
   345.000000       46.3885536       113171.375    
   348.750000       46.3885536       112254.875    
   352.500000       46.3885536       111661.375    
   356.250000       46.3885536       111499.875    
   360.000000       46.3885536       111689.375    
   0.00000000       50.0994530       111721.375    
   3.75000000       50.0994530       112053.375    
   7.50000000       50.0994530       112348.375    
   11.2500000       50.0994530       112596.875    
   15.0000000       50.0994530       112806.375    
   18.7500000       50.0994530       112932.375    
   22.5000000       50.0994530       112975.375    
   26.2500000       50.0994530       112862.875    
   30.0000000       50.0994530       112487.875    
   33.7500000       50.0994530       111951.375    
   37.5000000       50.0994530       111374.875    
   41.2500000       50.0994530       110803.875    
   45.0000000       50.0994530       110286.375    
   48.7500000       50.0994530       109825.875    
   52.5000000       50.0994530       109480.875    
   56.2500000       50.0994530       109324.875    
   60.0000000       50.0994530       109343.375    
   63.7500000       50.0994530       109595.875    
   67.5000000       50.0994530       110119.375    
   71.2500000       50.0994530       110606.375    
   75.0000000       50.0994530       111029.375    
   78.7500000       50.0994530       111460.875    
   82.5000000       50.0994530       111804.375    
   86.2500000       50.0994530       112250.375    
   90.0000000       50.0994530       112361.875    
   93.7500000       50.0994530       112399.375    
   97.5000000       50.0994530       112411.875    
   101.250000       50.0994530       112393.875    
   105.000000       50.0994530       112176.375    
   108.750000       50.0994530       111879.375    
   112.500000       50.0994530       111559.375    
   116.250000       50.0994530       111312.875    
   120.000000       50.0994530       111067.875    
   123.750000       50.0994530       110790.875    
   127.500000       50.0994530       110487.375    
   131.250000       50.0994530       110162.375    
   135.000000       50.0994530       109647.875    
   138.750000       50.0994530       109303.375    
   142.500000       50.0994530       108850.375    
   146.250000       50.0994530       108526.875    
   150.000000       50.0994530       108404.375    
   153.750000       50.0994530       108556.875    
   157.500000       50.0994530       109042.875    
   161.250000       50.0994530       109862.375    
   165.000000       50.0994530       110804.375    
   168.750000       50.0994530       111737.875    
   172.500000       50.0994530       112675.375    
   176.250000       50.0994530       113446.375    
   180.000000       50.0994530       114135.875    
   183.750000       50.0994530       114687.875    
   187.500000       50.0994530       115206.875    
   191.250000       50.0994530       115631.375    
   195.000000       50.0994530       115997.875    
   198.750000       50.0994530       116336.375    
   202.500000       50.0994530       116539.875    
   206.250000       50.0994530       116498.375    
   210.000000       50.0994530       116340.875    
   213.750000       50.0994530       116007.875    
   217.500000       50.0994530       115507.875    
   221.250000       50.0994530       114875.375    
   225.000000       50.0994530       114142.375    
   228.750000       50.0994530       113436.875    
   232.500000       50.0994530       112776.875    
   236.250000       50.0994530       112723.375    
   240.000000       50.0994530       112492.875    
   243.750000       50.0994530       112470.375    
   247.500000       50.0994530       112360.875    
   251.250000       50.0994530       112062.875    
   255.000000       50.0994530       111758.875    
   258.750000       50.0994530       111537.375    
   262.500000       50.0994530       111483.375    
   266.250000       50.0994530       111261.875    
   270.000000       50.0994530       110961.875    
   273.750000       50.0994530       110821.375    
   277.500000       50.0994530       110825.875    
   281.250000       50.0994530       110726.875    
   285.000000       50.0994530       110521.875    
   288.750000       50.0994530       110286.875    
   292.500000       50.0994530       109912.875    
   296.250000       50.0994530       109643.875    
   300.000000       50.0994530       109474.375    
   303.750000       50.0994530       109544.375    
   307.500000       50.0994530       110018.375    
   311.250000       50.0994530       110899.375    
   315.000000       50.0994530       112278.875    
   318.750000       50.0994530       113864.375    
   322.500000       50.0994530       114929.375    
   326.250000       50.0994530       115522.375    
   330.000000       50.0994530       115593.875    
   333.750000       50.0994530       115466.875    
   337.500000       50.0994530       114841.375    
   341.250000       50.0994530       113890.375    
   345.000000       50.0994530       112761.375    
   348.750000       50.0994530       112141.875    
   352.500000       50.0994530       111703.375    
   356.250000       50.0994530       111556.875    
   360.000000       50.0994530       111721.375    
   0.00000000       53.8102722       112000.375    
   3.75000000       53.8102722       112235.875    
   7.50000000       53.8102722       112460.375    
   11.2500000       53.8102722       112659.375    
   15.0000000       53.8102722       112855.375    
   18.7500000       53.8102722       112950.375    
   22.5000000       53.8102722       112770.875    
   26.2500000       53.8102722       112235.875    
   30.0000000       53.8102722       111591.875    
   33.7500000       53.8102722       110881.875    
   37.5000000       53.8102722       110220.375    
   41.2500000       53.8102722       109703.375    
   45.0000000       53.8102722       109240.875    
   48.7500000       53.8102722       108851.375    
   52.5000000       53.8102722       108541.875    
   56.2500000       53.8102722       108355.375    
   60.0000000       53.8102722       108319.375    
   63.7500000       53.8102722       108505.875    
   67.5000000       53.8102722       108929.875    
   71.2500000       53.8102722       109398.875    
   75.0000000       53.8102722       109829.875    
   78.7500000       53.8102722       110277.375    
   82.5000000       53.8102722       110780.375    
   86.2500000       53.8102722       111225.875    
   90.0000000       53.8102722       111529.875    
   93.7500000       53.8102722       111623.875    
   97.5000000       53.8102722       111610.375    
   101.250000       53.8102722       111553.375    
   105.000000       53.8102722       111453.375    
   108.750000       53.8102722       111339.375    
   112.500000       53.8102722       111121.375    
   116.250000       53.8102722       110763.875    
   120.000000       53.8102722       110375.875    
   123.750000       53.8102722       109888.875    
   127.500000       53.8102722       109352.875    
   131.250000       53.8102722       108789.875    
   135.000000       53.8102722       108275.875    
   138.750000       53.8102722       107886.375    
   142.500000       53.8102722       107481.375    
   146.250000       53.8102722       107261.375    
   150.000000       53.8102722       107194.375    
   153.750000       53.8102722       107362.375    
   157.500000       53.8102722       107726.375    
   161.250000       53.8102722       108282.875    
   165.000000       53.8102722       108929.375    
   168.750000       53.8102722       109676.375    
   172.500000       53.8102722       110454.375    
   176.250000       53.8102722       111114.375    
   180.000000       53.8102722       111677.375    
   183.750000       53.8102722       112215.375    
   187.500000       53.8102722       112723.875    
   191.250000       53.8102722       113172.375    
   195.000000       53.8102722       113773.875    
   198.750000       53.8102722       114089.375    
   202.500000       53.8102722       114439.375    
   206.250000       53.8102722       114520.375    
   210.000000       53.8102722       114370.875    
   213.750000       53.8102722       114069.375    
   217.500000       53.8102722       113529.375    
   221.250000       53.8102722       112726.375    
   225.000000       53.8102722       111825.375    
   228.750000       53.8102722       111084.375    
   232.500000       53.8102722       110773.375    
   236.250000       53.8102722       110716.375    
   240.000000       53.8102722       110719.875    
   243.750000       53.8102722       110741.375    
   247.500000       53.8102722       110943.875    
   251.250000       53.8102722       110806.375    
   255.000000       53.8102722       110697.375    
   258.750000       53.8102722       110657.875    
   262.500000       53.8102722       110641.375    
   266.250000       53.8102722       110620.875    
   270.000000       53.8102722       110348.875    
   273.750000       53.8102722       109957.875    
   277.500000       53.8102722       109562.375    
   281.250000       53.8102722       109223.875    
   285.000000       53.8102722       109073.375    
   288.750000       53.8102722       109051.375    
   292.500000       53.8102722       109067.375    
   296.250000       53.8102722       109138.375    
   300.000000       53.8102722       109315.875    
   303.750000       53.8102722       109714.875    
   307.500000       53.8102722       110360.375    
   311.250000       53.8102722       111334.875    
   315.000000       53.8102722       112658.375    
   318.750000       53.8102722       113929.875    
   322.500000       53.8102722       114874.875    
   326.250000       53.8102722       115114.875    
   330.000000       53.8102722       115168.875    
   333.750000       53.8102722       114908.875    
   337.500000       53.8102722       114306.375    
   341.250000       53.8102722       113447.875    
   345.000000       53.8102722       112656.875    
   348.750000       53.8102722       112262.875    
   352.500000       53.8102722       111975.875    
   356.250000       53.8102722       111907.875    
   360.000000       53.8102722       112000.375    
   0.00000000       57.5209885       112354.375    
   3.75000000       57.5209885       112509.375    
   7.50000000       57.5209885       112656.375    
   11.2500000       57.5209885       112817.375    
   15.0000000       57.5209885       112914.875    
   18.7500000       57.5209885       112835.875    
   22.5000000       57.5209885       112418.875    
   26.2500000       57.5209885       111794.875    
   30.0000000       57.5209885       111060.375    
   33.7500000       57.5209885       110348.875    
   37.5000000       57.5209885       109787.875    
   41.2500000       57.5209885       109341.875    
   45.0000000       57.5209885       108978.875    
   48.7500000       57.5209885       108685.875    
   52.5000000       57.5209885       108442.875    
   56.2500000       57.5209885       108281.375    
   60.0000000       57.5209885       108220.875    
   63.7500000       57.5209885       108274.875    
   67.5000000       57.5209885       108480.375    
   71.2500000       57.5209885       108784.375    
   75.0000000       57.5209885       109179.875    
   78.7500000       57.5209885       109597.875    
   82.5000000       57.5209885       110046.375    
   86.2500000       57.5209885       110441.375    
   90.0000000       57.5209885       110679.375    
   93.7500000       57.5209885       110689.375    
   97.5000000       57.5209885       110583.375    
   101.250000       57.5209885       110446.875    
   105.000000       57.5209885       110303.875    
   108.750000       57.5209885       110155.375    
   112.500000       57.5209885       109895.875    
   116.250000       57.5209885       109488.375    
   120.000000       57.5209885       109074.375    
   123.750000       57.5209885       108468.375    
   127.500000       57.5209885       107972.875    
   131.250000       57.5209885       107420.875    
   135.000000       57.5209885       106962.875    
   138.750000       57.5209885       106436.375    
   142.500000       57.5209885       106229.875    
   146.250000       57.5209885       106063.375    
   150.000000       57.5209885       106055.375    
   153.750000       57.5209885       106223.875    
   157.500000       57.5209885       106534.875    
   161.250000       57.5209885       106903.875    
   165.000000       57.5209885       107346.375    
   168.750000       57.5209885       107852.375    
   172.500000       57.5209885       108353.375    
   176.250000       57.5209885       108815.875    
   180.000000       57.5209885       109234.375    
   183.750000       57.5209885       109656.875    
   187.500000       57.5209885       110091.875    
   191.250000       57.5209885       110712.875    
   195.000000       57.5209885       111136.875    
   198.750000       57.5209885       111680.875    
   202.500000       57.5209885       111953.875    
   206.250000       57.5209885       112176.375    
   210.000000       57.5209885       111990.875    
   213.750000       57.5209885       111614.875    
   217.500000       57.5209885       110965.375    
   221.250000       57.5209885       110215.875    
   225.000000       57.5209885       109581.875    
   228.750000       57.5209885       109124.875    
   232.500000       57.5209885       108927.875    
   236.250000       57.5209885       108921.875    
   240.000000       57.5209885       109107.875    
   243.750000       57.5209885       109277.875    
   247.500000       57.5209885       109443.875    
   251.250000       57.5209885       109516.875    
   255.000000       57.5209885       109597.375    
   258.750000       57.5209885       109667.375    
   262.500000       57.5209885       109731.875    
   266.250000       57.5209885       109763.375    
   270.000000       57.5209885       109643.375    
   273.750000       57.5209885       109281.875    
   277.500000       57.5209885       108859.375    
   281.250000       57.5209885       108591.375    
   285.000000       57.5209885       108623.375    
   288.750000       57.5209885       108743.375    
   292.500000       57.5209885       109012.875    
   296.250000       57.5209885       109335.375    
   300.000000       57.5209885       109798.875    
   303.750000       57.5209885       110486.375    
   307.500000       57.5209885       111256.375    
   311.250000       57.5209885       112204.875    
   315.000000       57.5209885       113233.375    
   318.750000       57.5209885       114184.375    
   322.500000       57.5209885       114675.875    
   326.250000       57.5209885       114833.375    
   330.000000       57.5209885       114751.375    
   333.750000       57.5209885       114454.375    
   337.500000       57.5209885       113939.375    
   341.250000       57.5209885       113074.875    
   345.000000       57.5209885       112583.875    
   348.750000       57.5209885       112350.375    
   352.500000       57.5209885       112257.375    
   356.250000       57.5209885       112257.375    
   360.000000       57.5209885       112354.375    
   0.00000000       61.2315712       112346.875    
   3.75000000       61.2315712       112434.375    
   7.50000000       61.2315712       112557.875    
   11.2500000       61.2315712       112663.875    
   15.0000000       61.2315712       112674.375    
   18.7500000       61.2315712       112529.375    
   22.5000000       61.2315712       112135.375    
   26.2500000       61.2315712       111535.875    
   30.0000000       61.2315712       110932.875    
   33.7500000       61.2315712       110321.875    
   37.5000000       61.2315712       109850.375    
   41.2500000       61.2315712       109464.375    
   45.0000000       61.2315712       109149.875    
   48.7500000       61.2315712       108909.375    
   52.5000000       61.2315712       108720.375    
   56.2500000       61.2315712       108610.875    
   60.0000000       61.2315712       108576.875    
   63.7500000       61.2315712       108596.875    
   67.5000000       61.2315712       108685.375    
   71.2500000       61.2315712       108836.875    
   75.0000000       61.2315712       109087.875    
   78.7500000       61.2315712       109378.375    
   82.5000000       61.2315712       109640.875    
   86.2500000       61.2315712       109786.375    
   90.0000000       61.2315712       109816.375    
   93.7500000       61.2315712       109723.375    
   97.5000000       61.2315712       109558.375    
   101.250000       61.2315712       109369.375    
   105.000000       61.2315712       109135.375    
   108.750000       61.2315712       108863.875    
   112.500000       61.2315712       108529.375    
   116.250000       61.2315712       108161.875    
   120.000000       61.2315712       107713.875    
   123.750000       61.2315712       107246.875    
   127.500000       61.2315712       106767.375    
   131.250000       61.2315712       106286.875    
   135.000000       61.2315712       105892.375    
   138.750000       61.2315712       105511.375    
   142.500000       61.2315712       105289.875    
   146.250000       61.2315712       105155.375    
   150.000000       61.2315712       105168.875    
   153.750000       61.2315712       105297.375    
   157.500000       61.2315712       105566.875    
   161.250000       61.2315712       105903.875    
   165.000000       61.2315712       106244.875    
   168.750000       61.2315712       106604.875    
   172.500000       61.2315712       106907.375    
   176.250000       61.2315712       107217.375    
   180.000000       61.2315712       107513.875    
   183.750000       61.2315712       107799.875    
   187.500000       61.2315712       108127.875    
   191.250000       61.2315712       108575.375    
   195.000000       61.2315712       108984.375    
   198.750000       61.2315712       109396.375    
   202.500000       61.2315712       109572.375    
   206.250000       61.2315712       109772.875    
   210.000000       61.2315712       109613.375    
   213.750000       61.2315712       109201.875    
   217.500000       61.2315712       108770.375    
   221.250000       61.2315712       108415.375    
   225.000000       61.2315712       108072.375    
   228.750000       61.2315712       107828.375    
   232.500000       61.2315712       107751.375    
   236.250000       61.2315712       107802.375    
   240.000000       61.2315712       107909.375    
   243.750000       61.2315712       108086.375    
   247.500000       61.2315712       108274.375    
   251.250000       61.2315712       108381.875    
   255.000000       61.2315712       108611.375    
   258.750000       61.2315712       108787.375    
   262.500000       61.2315712       108943.875    
   266.250000       61.2315712       109035.875    
   270.000000       61.2315712       109068.875    
   273.750000       61.2315712       108937.375    
   277.500000       61.2315712       108741.375    
   281.250000       61.2315712       108699.875    
   285.000000       61.2315712       108843.875    
   288.750000       61.2315712       109075.375    
   292.500000       61.2315712       109466.375    
   296.250000       61.2315712       109971.875    
   300.000000       61.2315712       110601.875    
   303.750000       61.2315712       111356.875    
   307.500000       61.2315712       112183.375    
   311.250000       61.2315712       112979.875    
   315.000000       61.2315712       113626.375    
   318.750000       61.2315712       114174.375    
   322.500000       61.2315712       114396.375    
   326.250000       61.2315712       114462.875    
   330.000000       61.2315712       114411.875    
   333.750000       61.2315712       114174.875    
   337.500000       61.2315712       113665.375    
   341.250000       61.2315712       113012.875    
   345.000000       61.2315712       112594.375    
   348.750000       61.2315712       112371.875    
   352.500000       61.2315712       112293.875    
   356.250000       61.2315712       112278.875    
   360.000000       61.2315712       112346.875    
   0.00000000       64.9419479       112030.375    
   3.75000000       64.9419479       112051.375    
   7.50000000       64.9419479       112103.875    
   11.2500000       64.9419479       112172.375    
   15.0000000       64.9419479       112168.875    
   18.7500000       64.9419479       112007.375    
   22.5000000       64.9419479       111691.375    
   26.2500000       64.9419479       111321.875    
   30.0000000       64.9419479       110915.875    
   33.7500000       64.9419479       110491.375    
   37.5000000       64.9419479       110137.875    
   41.2500000       64.9419479       109820.875    
   45.0000000       64.9419479       109540.375    
   48.7500000       64.9419479       109326.375    
   52.5000000       64.9419479       109158.375    
   56.2500000       64.9419479       109043.375    
   60.0000000       64.9419479       108964.875    
   63.7500000       64.9419479       108949.875    
   67.5000000       64.9419479       108964.875    
   71.2500000       64.9419479       109007.875    
   75.0000000       64.9419479       109054.875    
   78.7500000       64.9419479       109091.375    
   82.5000000       64.9419479       109092.375    
   86.2500000       64.9419479       109034.875    
   90.0000000       64.9419479       108899.875    
   93.7500000       64.9419479       108679.875    
   97.5000000       64.9419479       108442.375    
   101.250000       64.9419479       108164.375    
   105.000000       64.9419479       107847.875    
   108.750000       64.9419479       107533.375    
   112.500000       64.9419479       107221.375    
   116.250000       64.9419479       106884.875    
   120.000000       64.9419479       106515.375    
   123.750000       64.9419479       106140.375    
   127.500000       64.9419479       105726.375    
   131.250000       64.9419479       105319.375    
   135.000000       64.9419479       104974.375    
   138.750000       64.9419479       104710.375    
   142.500000       64.9419479       104545.875    
   146.250000       64.9419479       104484.875    
   150.000000       64.9419479       104513.875    
   153.750000       64.9419479       104619.875    
   157.500000       64.9419479       104821.375    
   161.250000       64.9419479       105077.875    
   165.000000       64.9419479       105391.875    
   168.750000       64.9419479       105651.375    
   172.500000       64.9419479       105855.375    
   176.250000       64.9419479       106054.375    
   180.000000       64.9419479       106205.875    
   183.750000       64.9419479       106389.875    
   187.500000       64.9419479       106600.375    
   191.250000       64.9419479       106863.875    
   195.000000       64.9419479       107141.875    
   198.750000       64.9419479       107402.875    
   202.500000       64.9419479       107498.875    
   206.250000       64.9419479       107551.875    
   210.000000       64.9419479       107471.875    
   213.750000       64.9419479       107339.375    
   217.500000       64.9419479       107162.375    
   221.250000       64.9419479       106981.875    
   225.000000       64.9419479       106822.875    
   228.750000       64.9419479       106737.875    
   232.500000       64.9419479       106715.375    
   236.250000       64.9419479       106800.375    
   240.000000       64.9419479       106924.875    
   243.750000       64.9419479       107090.375    
   247.500000       64.9419479       107257.375    
   251.250000       64.9419479       107473.875    
   255.000000       64.9419479       107770.375    
   258.750000       64.9419479       107996.875    
   262.500000       64.9419479       108198.375    
   266.250000       64.9419479       108391.375    
   270.000000       64.9419479       108531.875    
   273.750000       64.9419479       108604.375    
   277.500000       64.9419479       108659.375    
   281.250000       64.9419479       108810.375    
   285.000000       64.9419479       109081.375    
   288.750000       64.9419479       109456.875    
   292.500000       64.9419479       109987.375    
   296.250000       64.9419479       110570.375    
   300.000000       64.9419479       111255.375    
   303.750000       64.9419479       111902.875    
   307.500000       64.9419479       112487.375    
   311.250000       64.9419479       113083.375    
   315.000000       64.9419479       113442.375    
   318.750000       64.9419479       113668.375    
   322.500000       64.9419479       113877.875    
   326.250000       64.9419479       113994.375    
   330.000000       64.9419479       114002.875    
   333.750000       64.9419479       113844.875    
   337.500000       64.9419479       113485.375    
   341.250000       64.9419479       113027.375    
   345.000000       64.9419479       112607.375    
   348.750000       64.9419479       112289.875    
   352.500000       64.9419479       112133.875    
   356.250000       64.9419479       112051.875    
   360.000000       64.9419479       112030.375    
   0.00000000       68.6520157       111515.875    
   3.75000000       68.6520157       111475.875    
   7.50000000       68.6520157       111467.375    
   11.2500000       68.6520157       111474.375    
   15.0000000       68.6520157       111444.375    
   18.7500000       68.6520157       111336.375    
   22.5000000       68.6520157       111170.875    
   26.2500000       68.6520157       110920.875    
   30.0000000       68.6520157       110647.875    
   33.7500000       68.6520157       110388.875    
   37.5000000       68.6520157       110109.375    
   41.2500000       68.6520157       109847.375    
   45.0000000       68.6520157       109647.375    
   48.7500000       68.6520157       109467.375    
   52.5000000       68.6520157       109328.875    
   56.2500000       68.6520157       109219.375    
   60.0000000       68.6520157       109129.375    
   63.7500000       68.6520157       109054.875    
   67.5000000       68.6520157       108989.375    
   71.2500000       68.6520157       108896.375    
   75.0000000       68.6520157       108779.875    
   78.7500000       68.6520157       108638.875    
   82.5000000       68.6520157       108456.375    
   86.2500000       68.6520157       108258.875    
   90.0000000       68.6520157       108016.375    
   93.7500000       68.6520157       107750.375    
   97.5000000       68.6520157       107473.375    
   101.250000       68.6520157       107182.875    
   105.000000       68.6520157       106882.375    
   108.750000       68.6520157       106574.375    
   112.500000       68.6520157       106263.375    
   116.250000       68.6520157       105948.875    
   120.000000       68.6520157       105656.375    
   123.750000       68.6520157       105363.875    
   127.500000       68.6520157       105072.375    
   131.250000       68.6520157       104805.875    
   135.000000       68.6520157       104565.375    
   138.750000       68.6520157       104338.875    
   142.500000       68.6520157       104192.375    
   146.250000       68.6520157       104105.375    
   150.000000       68.6520157       104080.375    
   153.750000       68.6520157       104147.875    
   157.500000       68.6520157       104304.375    
   161.250000       68.6520157       104513.375    
   165.000000       68.6520157       104734.875    
   168.750000       68.6520157       104933.875    
   172.500000       68.6520157       105079.375    
   176.250000       68.6520157       105209.375    
   180.000000       68.6520157       105311.375    
   183.750000       68.6520157       105424.875    
   187.500000       68.6520157       105576.375    
   191.250000       68.6520157       105729.875    
   195.000000       68.6520157       105885.875    
   198.750000       68.6520157       106043.375    
   202.500000       68.6520157       106156.375    
   206.250000       68.6520157       106213.875    
   210.000000       68.6520157       106225.875    
   213.750000       68.6520157       106191.375    
   217.500000       68.6520157       106114.375    
   221.250000       68.6520157       106061.875    
   225.000000       68.6520157       106050.875    
   228.750000       68.6520157       106059.375    
   232.500000       68.6520157       106116.875    
   236.250000       68.6520157       106215.375    
   240.000000       68.6520157       106327.875    
   243.750000       68.6520157       106456.375    
   247.500000       68.6520157       106650.375    
   251.250000       68.6520157       106901.375    
   255.000000       68.6520157       107189.375    
   258.750000       68.6520157       107454.875    
   262.500000       68.6520157       107740.375    
   266.250000       68.6520157       107991.375    
   270.000000       68.6520157       108236.375    
   273.750000       68.6520157       108440.875    
   277.500000       68.6520157       108638.875    
   281.250000       68.6520157       108901.875    
   285.000000       68.6520157       109181.875    
   288.750000       68.6520157       109638.375    
   292.500000       68.6520157       110080.875    
   296.250000       68.6520157       110634.875    
   300.000000       68.6520157       111204.375    
   303.750000       68.6520157       111810.875    
   307.500000       68.6520157       112306.375    
   311.250000       68.6520157       112705.375    
   315.000000       68.6520157       113025.375    
   318.750000       68.6520157       113208.875    
   322.500000       68.6520157       113348.875    
   326.250000       68.6520157       113446.375    
   330.000000       68.6520157       113473.875    
   333.750000       68.6520157       113384.375    
   337.500000       68.6520157       113135.375    
   341.250000       68.6520157       112791.375    
   345.000000       68.6520157       112409.375    
   348.750000       68.6520157       112061.875    
   352.500000       68.6520157       111807.875    
   356.250000       68.6520157       111615.875    
   360.000000       68.6520157       111515.875    
   0.00000000       72.3615875       111034.875    
   3.75000000       72.3615875       110900.875    
   7.50000000       72.3615875       110808.875    
   11.2500000       72.3615875       110736.875    
   15.0000000       72.3615875       110664.375    
   18.7500000       72.3615875       110573.875    
   22.5000000       72.3615875       110449.375    
   26.2500000       72.3615875       110283.875    
   30.0000000       72.3615875       110106.875    
   33.7500000       72.3615875       109891.875    
   37.5000000       72.3615875       109670.375    
   41.2500000       72.3615875       109444.875    
   45.0000000       72.3615875       109254.375    
   48.7500000       72.3615875       109091.375    
   52.5000000       72.3615875       108964.875    
   56.2500000       72.3615875       108856.375    
   60.0000000       72.3615875       108755.875    
   63.7500000       72.3615875       108639.875    
   67.5000000       72.3615875       108510.875    
   71.2500000       72.3615875       108367.375    
   75.0000000       72.3615875       108192.875    
   78.7500000       72.3615875       108006.375    
   82.5000000       72.3615875       107808.875    
   86.2500000       72.3615875       107581.875    
   90.0000000       72.3615875       107343.875    
   93.7500000       72.3615875       107100.875    
   97.5000000       72.3615875       106852.375    
   101.250000       72.3615875       106589.875    
   105.000000       72.3615875       106316.375    
   108.750000       72.3615875       106042.375    
   112.500000       72.3615875       105777.375    
   116.250000       72.3615875       105518.375    
   120.000000       72.3615875       105279.875    
   123.750000       72.3615875       105057.375    
   127.500000       72.3615875       104864.875    
   131.250000       72.3615875       104674.375    
   135.000000       72.3615875       104476.875    
   138.750000       72.3615875       104283.375    
   142.500000       72.3615875       104136.375    
   146.250000       72.3615875       104038.875    
   150.000000       72.3615875       103983.875    
   153.750000       72.3615875       103972.375    
   157.500000       72.3615875       104018.375    
   161.250000       72.3615875       104121.875    
   165.000000       72.3615875       104252.375    
   168.750000       72.3615875       104378.875    
   172.500000       72.3615875       104498.875    
   176.250000       72.3615875       104605.875    
   180.000000       72.3615875       104718.375    
   183.750000       72.3615875       104834.375    
   187.500000       72.3615875       104955.375    
   191.250000       72.3615875       105086.375    
   195.000000       72.3615875       105217.375    
   198.750000       72.3615875       105334.875    
   202.500000       72.3615875       105429.875    
   206.250000       72.3615875       105499.875    
   210.000000       72.3615875       105536.375    
   213.750000       72.3615875       105554.875    
   217.500000       72.3615875       105564.375    
   221.250000       72.3615875       105573.375    
   225.000000       72.3615875       105617.375    
   228.750000       72.3615875       105701.375    
   232.500000       72.3615875       105799.375    
   236.250000       72.3615875       105900.375    
   240.000000       72.3615875       106027.375    
   243.750000       72.3615875       106202.375    
   247.500000       72.3615875       106395.875    
   251.250000       72.3615875       106667.875    
   255.000000       72.3615875       106979.875    
   258.750000       72.3615875       107285.875    
   262.500000       72.3615875       107591.875    
   266.250000       72.3615875       107897.375    
   270.000000       72.3615875       108165.375    
   273.750000       72.3615875       108446.875    
   277.500000       72.3615875       108718.375    
   281.250000       72.3615875       108990.375    
   285.000000       72.3615875       109309.875    
   288.750000       72.3615875       109661.375    
   292.500000       72.3615875       110033.375    
   296.250000       72.3615875       110401.875    
   300.000000       72.3615875       110838.375    
   303.750000       72.3615875       111285.875    
   307.500000       72.3615875       111658.875    
   311.250000       72.3615875       111921.875    
   315.000000       72.3615875       112174.375    
   318.750000       72.3615875       112413.875    
   322.500000       72.3615875       112596.875    
   326.250000       72.3615875       112693.875    
   330.000000       72.3615875       112737.875    
   333.750000       72.3615875       112649.375    
   337.500000       72.3615875       112447.375    
   341.250000       72.3615875       112255.875    
   345.000000       72.3615875       111945.875    
   348.750000       72.3615875       111653.375    
   352.500000       72.3615875       111404.375    
   356.250000       72.3615875       111195.875    
   360.000000       72.3615875       111034.875    
   0.00000000       76.0702438       110356.875    
   3.75000000       76.0702438       110245.875    
   7.50000000       76.0702438       110136.875    
   11.2500000       76.0702438       110038.375    
   15.0000000       76.0702438       109941.875    
   18.7500000       76.0702438       109845.875    
   22.5000000       76.0702438       109719.875    
   26.2500000       76.0702438       109588.875    
   30.0000000       76.0702438       109457.875    
   33.7500000       76.0702438       109303.375    
   37.5000000       76.0702438       109150.375    
   41.2500000       76.0702438       108969.875    
   45.0000000       76.0702438       108804.375    
   48.7500000       76.0702438       108641.375    
   52.5000000       76.0702438       108478.375    
   56.2500000       76.0702438       108321.375    
   60.0000000       76.0702438       108178.875    
   63.7500000       76.0702438       108023.875    
   67.5000000       76.0702438       107878.375    
   71.2500000       76.0702438       107723.875    
   75.0000000       76.0702438       107559.875    
   78.7500000       76.0702438       107385.375    
   82.5000000       76.0702438       107201.375    
   86.2500000       76.0702438       107011.375    
   90.0000000       76.0702438       106812.875    
   93.7500000       76.0702438       106620.875    
   97.5000000       76.0702438       106422.875    
   101.250000       76.0702438       106216.375    
   105.000000       76.0702438       106005.875    
   108.750000       76.0702438       105809.875    
   112.500000       76.0702438       105622.375    
   116.250000       76.0702438       105427.375    
   120.000000       76.0702438       105230.875    
   123.750000       76.0702438       105033.875    
   127.500000       76.0702438       104836.875    
   131.250000       76.0702438       104649.875    
   135.000000       76.0702438       104474.875    
   138.750000       76.0702438       104308.875    
   142.500000       76.0702438       104165.875    
   146.250000       76.0702438       104055.875    
   150.000000       76.0702438       103992.375    
   153.750000       76.0702438       103962.875    
   157.500000       76.0702438       103964.375    
   161.250000       76.0702438       103994.875    
   165.000000       76.0702438       104045.875    
   168.750000       76.0702438       104114.875    
   172.500000       76.0702438       104199.875    
   176.250000       76.0702438       104297.875    
   180.000000       76.0702438       104400.375    
   183.750000       76.0702438       104514.375    
   187.500000       76.0702438       104633.875    
   191.250000       76.0702438       104748.875    
   195.000000       76.0702438       104852.875    
   198.750000       76.0702438       104937.875    
   202.500000       76.0702438       105007.375    
   206.250000       76.0702438       105062.375    
   210.000000       76.0702438       105123.375    
   213.750000       76.0702438       105182.375    
   217.500000       76.0702438       105252.375    
   221.250000       76.0702438       105335.875    
   225.000000       76.0702438       105435.875    
   228.750000       76.0702438       105554.375    
   232.500000       76.0702438       105711.875    
   236.250000       76.0702438       105871.375    
   240.000000       76.0702438       106052.875    
   243.750000       76.0702438       106266.875    
   247.500000       76.0702438       106501.375    
   251.250000       76.0702438       106764.375    
   255.000000       76.0702438       107062.875    
   258.750000       76.0702438       107362.875    
   262.500000       76.0702438       107637.375    
   266.250000       76.0702438       107927.375    
   270.000000       76.0702438       108197.875    
   273.750000       76.0702438       108474.375    
   277.500000       76.0702438       108746.875    
   281.250000       76.0702438       108992.375    
   285.000000       76.0702438       109261.875    
   288.750000       76.0702438       109516.875    
   292.500000       76.0702438       109754.875    
   296.250000       76.0702438       109997.875    
   300.000000       76.0702438       110250.375    
   303.750000       76.0702438       110487.375    
   307.500000       76.0702438       110718.375    
   311.250000       76.0702438       110937.375    
   315.000000       76.0702438       111136.875    
   318.750000       76.0702438       111286.875    
   322.500000       76.0702438       111370.375    
   326.250000       76.0702438       111574.875    
   330.000000       76.0702438       111612.375    
   333.750000       76.0702438       111545.375    
   337.500000       76.0702438       111470.875    
   341.250000       76.0702438       111319.375    
   345.000000       76.0702438       111099.875    
   348.750000       76.0702438       110894.375    
   352.500000       76.0702438       110670.875    
   356.250000       76.0702438       110500.875    
   360.000000       76.0702438       110356.875    
   0.00000000       79.7770462       109353.875    
   3.75000000       79.7770462       109243.875    
   7.50000000       79.7770462       109147.875    
   11.2500000       79.7770462       109057.875    
   15.0000000       79.7770462       108968.375    
   18.7500000       79.7770462       108885.875    
   22.5000000       79.7770462       108801.875    
   26.2500000       79.7770462       108708.375    
   30.0000000       79.7770462       108614.375    
   33.7500000       79.7770462       108508.375    
   37.5000000       79.7770462       108393.875    
   41.2500000       79.7770462       108276.375    
   45.0000000       79.7770462       108157.875    
   48.7500000       79.7770462       108032.875    
   52.5000000       79.7770462       107907.875    
   56.2500000       79.7770462       107780.375    
   60.0000000       79.7770462       107645.375    
   63.7500000       79.7770462       107506.375    
   67.5000000       79.7770462       107363.875    
   71.2500000       79.7770462       107219.375    
   75.0000000       79.7770462       107072.375    
   78.7500000       79.7770462       106920.875    
   82.5000000       79.7770462       106765.875    
   86.2500000       79.7770462       106610.375    
   90.0000000       79.7770462       106454.375    
   93.7500000       79.7770462       106291.875    
   97.5000000       79.7770462       106131.875    
   101.250000       79.7770462       105976.875    
   105.000000       79.7770462       105816.875    
   108.750000       79.7770462       105660.375    
   112.500000       79.7770462       105507.375    
   116.250000       79.7770462       105351.375    
   120.000000       79.7770462       105196.375    
   123.750000       79.7770462       105048.875    
   127.500000       79.7770462       104901.375    
   131.250000       79.7770462       104754.375    
   135.000000       79.7770462       104618.875    
   138.750000       79.7770462       104495.375    
   142.500000       79.7770462       104383.875    
   146.250000       79.7770462       104288.875    
   150.000000       79.7770462       104212.375    
   153.750000       79.7770462       104154.875    
   157.500000       79.7770462       104116.375    
   161.250000       79.7770462       104099.875    
   165.000000       79.7770462       104105.875    
   168.750000       79.7770462       104131.875    
   172.500000       79.7770462       104178.375    
   176.250000       79.7770462       104242.875    
   180.000000       79.7770462       104319.375    
   183.750000       79.7770462       104402.375    
   187.500000       79.7770462       104484.875    
   191.250000       79.7770462       104566.875    
   195.000000       79.7770462       104650.875    
   198.750000       79.7770462       104732.375    
   202.500000       79.7770462       104814.375    
   206.250000       79.7770462       104898.375    
   210.000000       79.7770462       104999.875    
   213.750000       79.7770462       105121.875    
   217.500000       79.7770462       105237.875    
   221.250000       79.7770462       105357.375    
   225.000000       79.7770462       105500.375    
   228.750000       79.7770462       105654.375    
   232.500000       79.7770462       105825.875    
   236.250000       79.7770462       106013.375    
   240.000000       79.7770462       106225.375    
   243.750000       79.7770462       106443.875    
   247.500000       79.7770462       106662.875    
   251.250000       79.7770462       106912.375    
   255.000000       79.7770462       107158.375    
   258.750000       79.7770462       107385.375    
   262.500000       79.7770462       107615.875    
   266.250000       79.7770462       107834.375    
   270.000000       79.7770462       108044.875    
   273.750000       79.7770462       108261.375    
   277.500000       79.7770462       108483.375    
   281.250000       79.7770462       108703.375    
   285.000000       79.7770462       108904.375    
   288.750000       79.7770462       109089.875    
   292.500000       79.7770462       109258.375    
   296.250000       79.7770462       109414.375    
   300.000000       79.7770462       109578.375    
   303.750000       79.7770462       109725.375    
   307.500000       79.7770462       109869.875    
   311.250000       79.7770462       109986.375    
   315.000000       79.7770462       110081.875    
   318.750000       79.7770462       110154.375    
   322.500000       79.7770462       110196.875    
   326.250000       79.7770462       110213.875    
   330.000000       79.7770462       110164.875    
   333.750000       79.7770462       110109.375    
   337.500000       79.7770462       110008.375    
   341.250000       79.7770462       109908.375    
   345.000000       79.7770462       109807.375    
   348.750000       79.7770462       109695.375    
   352.500000       79.7770462       109580.875    
   356.250000       79.7770462       109472.375    
   360.000000       79.7770462       109353.875    
   0.00000000       83.4789200       108408.875    
   3.75000000       83.4789200       108341.875    
   7.50000000       83.4789200       108270.875    
   11.2500000       83.4789200       108202.375    
   15.0000000       83.4789200       108135.875    
   18.7500000       83.4789200       108067.375    
   22.5000000       83.4789200       107995.375    
   26.2500000       83.4789200       107919.375    
   30.0000000       83.4789200       107840.375    
   33.7500000       83.4789200       107758.375    
   37.5000000       83.4789200       107671.375    
   41.2500000       83.4789200       107583.875    
   45.0000000       83.4789200       107492.375    
   48.7500000       83.4789200       107400.375    
   52.5000000       83.4789200       107306.375    
   56.2500000       83.4789200       107209.875    
   60.0000000       83.4789200       107110.875    
   63.7500000       83.4789200       107010.375    
   67.5000000       83.4789200       106906.875    
   71.2500000       83.4789200       106800.875    
   75.0000000       83.4789200       106693.375    
   78.7500000       83.4789200       106583.375    
   82.5000000       83.4789200       106471.375    
   86.2500000       83.4789200       106357.875    
   90.0000000       83.4789200       106244.375    
   93.7500000       83.4789200       106130.875    
   97.5000000       83.4789200       106018.875    
   101.250000       83.4789200       105909.875    
   105.000000       83.4789200       105800.875    
   108.750000       83.4789200       105689.875    
   112.500000       83.4789200       105574.375    
   116.250000       83.4789200       105458.875    
   120.000000       83.4789200       105347.875    
   123.750000       83.4789200       105242.875    
   127.500000       83.4789200       105143.875    
   131.250000       83.4789200       105053.375    
   135.000000       83.4789200       104969.875    
   138.750000       83.4789200       104894.875    
   142.500000       83.4789200       104829.375    
   146.250000       83.4789200       104772.875    
   150.000000       83.4789200       104723.375    
   153.750000       83.4789200       104681.375    
   157.500000       83.4789200       104650.875    
   161.250000       83.4789200       104628.875    
   165.000000       83.4789200       104617.375    
   168.750000       83.4789200       104615.875    
   172.500000       83.4789200       104624.375    
   176.250000       83.4789200       104643.375    
   180.000000       83.4789200       104672.375    
   183.750000       83.4789200       104711.375    
   187.500000       83.4789200       104760.875    
   191.250000       83.4789200       104821.875    
   195.000000       83.4789200       104891.375    
   198.750000       83.4789200       104970.875    
   202.500000       83.4789200       105059.875    
   206.250000       83.4789200       105156.875    
   210.000000       83.4789200       105265.875    
   213.750000       83.4789200       105380.375    
   217.500000       83.4789200       105502.375    
   221.250000       83.4789200       105631.875    
   225.000000       83.4789200       105768.875    
   228.750000       83.4789200       105906.875    
   232.500000       83.4789200       106048.875    
   236.250000       83.4789200       106200.875    
   240.000000       83.4789200       106370.375    
   243.750000       83.4789200       106545.875    
   247.500000       83.4789200       106713.875    
   251.250000       83.4789200       106866.375    
   255.000000       83.4789200       107028.375    
   258.750000       83.4789200       107217.875    
   262.500000       83.4789200       107394.375    
   266.250000       83.4789200       107559.375    
   270.000000       83.4789200       107719.875    
   273.750000       83.4789200       107846.875    
   277.500000       83.4789200       107959.375    
   281.250000       83.4789200       108081.875    
   285.000000       83.4789200       108195.875    
   288.750000       83.4789200       108303.875    
   292.500000       83.4789200       108404.375    
   296.250000       83.4789200       108487.875    
   300.000000       83.4789200       108567.375    
   303.750000       83.4789200       108634.875    
   307.500000       83.4789200       108691.375    
   311.250000       83.4789200       108738.875    
   315.000000       83.4789200       108771.875    
   318.750000       83.4789200       108800.375    
   322.500000       83.4789200       108798.875    
   326.250000       83.4789200       108800.875    
   330.000000       83.4789200       108776.875    
   333.750000       83.4789200       108761.375    
   337.500000       83.4789200       108740.875    
   341.250000       83.4789200       108704.875    
   345.000000       83.4789200       108659.375    
   348.750000       83.4789200       108605.375    
   352.500000       83.4789200       108540.875    
   356.250000       83.4789200       108473.875    
   360.000000       83.4789200       108408.875    
   0.00000000       87.1590958       107409.375    
   3.75000000       87.1590958       107378.375    
   7.50000000       87.1590958       107344.375    
   11.2500000       87.1590958       107309.875    
   15.0000000       87.1590958       107273.875    
   18.7500000       87.1590958       107235.875    
   22.5000000       87.1590958       107196.375    
   26.2500000       87.1590958       107154.875    
   30.0000000       87.1590958       107111.375    
   33.7500000       87.1590958       107067.875    
   37.5000000       87.1590958       107021.875    
   41.2500000       87.1590958       106973.875    
   45.0000000       87.1590958       106925.875    
   48.7500000       87.1590958       106875.875    
   52.5000000       87.1590958       106824.375    
   56.2500000       87.1590958       106771.875    
   60.0000000       87.1590958       106718.375    
   63.7500000       87.1590958       106664.375    
   67.5000000       87.1590958       106609.375    
   71.2500000       87.1590958       106553.375    
   75.0000000       87.1590958       106497.875    
   78.7500000       87.1590958       106442.375    
   82.5000000       87.1590958       106386.375    
   86.2500000       87.1590958       106330.875    
   90.0000000       87.1590958       106274.375    
   93.7500000       87.1590958       106217.875    
   97.5000000       87.1590958       106162.875    
   101.250000       87.1590958       106107.875    
   105.000000       87.1590958       106052.875    
   108.750000       87.1590958       105999.875    
   112.500000       87.1590958       105948.375    
   116.250000       87.1590958       105898.875    
   120.000000       87.1590958       105853.375    
   123.750000       87.1590958       105811.375    
   127.500000       87.1590958       105771.375    
   131.250000       87.1590958       105736.375    
   135.000000       87.1590958       105705.875    
   138.750000       87.1590958       105678.375    
   142.500000       87.1590958       105655.375    
   146.250000       87.1590958       105636.875    
   150.000000       87.1590958       105620.875    
   153.750000       87.1590958       105608.875    
   157.500000       87.1590958       105600.875    
   161.250000       87.1590958       105595.375    
   165.000000       87.1590958       105595.375    
   168.750000       87.1590958       105600.375    
   172.500000       87.1590958       105609.375    
   176.250000       87.1590958       105624.375    
   180.000000       87.1590958       105643.375    
   183.750000       87.1590958       105666.875    
   187.500000       87.1590958       105696.375    
   191.250000       87.1590958       105730.375    
   195.000000       87.1590958       105767.875    
   198.750000       87.1590958       105810.875    
   202.500000       87.1590958       105857.375    
   206.250000       87.1590958       105908.375    
   210.000000       87.1590958       105962.875    
   213.750000       87.1590958       106020.375    
   217.500000       87.1590958       106081.375    
   221.250000       87.1590958       106145.875    
   225.000000       87.1590958       106212.375    
   228.750000       87.1590958       106281.875    
   232.500000       87.1590958       106353.875    
   236.250000       87.1590958       106427.875    
   240.000000       87.1590958       106503.375    
   243.750000       87.1590958       106579.875    
   247.500000       87.1590958       106654.375    
   251.250000       87.1590958       106725.375    
   255.000000       87.1590958       106794.375    
   258.750000       87.1590958       106859.375    
   262.500000       87.1590958       106921.375    
   266.250000       87.1590958       106982.875    
   270.000000       87.1590958       107043.375    
   273.750000       87.1590958       107102.875    
   277.500000       87.1590958       107162.375    
   281.250000       87.1590958       107219.875    
   285.000000       87.1590958       107275.875    
   288.750000       87.1590958       107329.375    
   292.500000       87.1590958       107377.875    
   296.250000       87.1590958       107417.375    
   300.000000       87.1590958       107449.375    
   303.750000       87.1590958       107475.375    
   307.500000       87.1590958       107494.875    
   311.250000       87.1590958       107510.875    
   315.000000       87.1590958       107523.875    
   318.750000       87.1590958       107534.375    
   322.500000       87.1590958       107542.875    
   326.250000       87.1590958       107548.875    
   330.000000       87.1590958       107549.375    
   333.750000       87.1590958       107545.875    
   337.500000       87.1590958       107538.875    
   341.250000       87.1590958       107526.375    
   345.000000       87.1590958       107508.875    
   348.750000       87.1590958       107488.375    
   352.500000       87.1590958       107465.375    
   356.250000       87.1590958       107438.375    
   360.000000       87.1590958       107409.375    
