   0.00000000      -87.1590958      -456.342041    
   3.75000000      -87.1590958      -460.467041    
   7.50000000      -87.1590958      -467.592041    
   11.2500000      -87.1590958      -466.842041    
   15.0000000      -87.1590958      -459.467041    
   18.7500000      -87.1590958      -453.092041    
   22.5000000      -87.1590958      -451.342041    
   26.2500000      -87.1590958      -455.217041    
   30.0000000      -87.1590958      -464.217041    
   33.7500000      -87.1590958      -476.217041    
   37.5000000      -87.1590958      -491.717041    
   41.2500000      -87.1590958      -512.967041    
   45.0000000      -87.1590958      -533.217041    
   48.7500000      -87.1590958      -542.967041    
   52.5000000      -87.1590958      -540.592041    
   56.2500000      -87.1590958      -529.842041    
   60.0000000      -87.1590958      -514.967041    
   63.7500000      -87.1590958      -498.217041    
   67.5000000      -87.1590958      -479.342041    
   71.2500000      -87.1590958      -459.842041    
   75.0000000      -87.1590958      -441.967041    
   78.7500000      -87.1590958      -426.217041    
   82.5000000      -87.1590958      -415.217041    
   86.2500000      -87.1590958      -413.967041    
   90.0000000      -87.1590958      -422.342041    
   93.7500000      -87.1590958      -435.467041    
   97.5000000      -87.1590958      -447.717041    
   101.250000      -87.1590958      -459.342041    
   105.000000      -87.1590958      -473.342041    
   108.750000      -87.1590958      -488.217041    
   112.500000      -87.1590958      -500.342041    
   116.250000      -87.1590958      -505.092041    
   120.000000      -87.1590958      -501.217041    
   123.750000      -87.1590958      -498.967041    
   127.500000      -87.1590958      -507.342041    
   131.250000      -87.1590958      -524.592041    
   135.000000      -87.1590958      -547.342041    
   138.750000      -87.1590958      -572.967041    
   142.500000      -87.1590958      -600.342041    
   146.250000      -87.1590958      -630.842041    
   150.000000      -87.1590958      -664.592041    
   153.750000      -87.1590958      -703.092041    
   157.500000      -87.1590958      -741.217041    
   161.250000      -87.1590958      -772.217041    
   165.000000      -87.1590958      -799.717041    
   168.750000      -87.1590958      -821.342041    
   172.500000      -87.1590958      -832.342041    
   176.250000      -87.1590958      -840.342041    
   180.000000      -87.1590958      -841.592041    
   183.750000      -87.1590958      -822.967041    
   187.500000      -87.1590958      -791.217041    
   191.250000      -87.1590958      -767.092041    
   195.000000      -87.1590958      -766.592041    
   198.750000      -87.1590958      -770.967041    
   202.500000      -87.1590958      -732.967041    
   206.250000      -87.1590958      -662.467041    
   210.000000      -87.1590958      -633.717041    
   213.750000      -87.1590958      -666.217041    
   217.500000      -87.1590958      -703.842041    
   221.250000      -87.1590958      -710.717041    
   225.000000      -87.1590958      -700.342041    
   228.750000      -87.1590958      -696.092041    
   232.500000      -87.1590958      -700.342041    
   236.250000      -87.1590958      -693.717041    
   240.000000      -87.1590958      -671.967041    
   243.750000      -87.1590958      -655.842041    
   247.500000      -87.1590958      -646.342041    
   251.250000      -87.1590958      -624.592041    
   255.000000      -87.1590958      -593.217041    
   258.750000      -87.1590958      -563.967041    
   262.500000      -87.1590958      -539.467041    
   266.250000      -87.1590958      -531.467041    
   270.000000      -87.1590958      -546.342041    
   273.750000      -87.1590958      -566.342041    
   277.500000      -87.1590958      -576.967041    
   281.250000      -87.1590958      -581.467041    
   285.000000      -87.1590958      -583.092041    
   288.750000      -87.1590958      -580.467041    
   292.500000      -87.1590958      -572.342041    
   296.250000      -87.1590958      -560.342041    
   300.000000      -87.1590958      -547.092041    
   303.750000      -87.1590958      -532.842041    
   307.500000      -87.1590958      -519.717041    
   311.250000      -87.1590958      -512.217041    
   315.000000      -87.1590958      -509.217041    
   318.750000      -87.1590958      -506.217041    
   322.500000      -87.1590958      -501.842041    
   326.250000      -87.1590958      -500.717041    
   330.000000      -87.1590958      -506.092041    
   333.750000      -87.1590958      -510.217041    
   337.500000      -87.1590958      -508.092041    
   341.250000      -87.1590958      -504.092041    
   345.000000      -87.1590958      -497.717041    
   348.750000      -87.1590958      -485.842041    
   352.500000      -87.1590958      -472.467041    
   356.250000      -87.1590958      -461.592041    
   360.000000      -87.1590958      -456.342041    
   0.00000000      -83.4789200      -677.842041    
   3.75000000      -83.4789200      -647.342041    
   7.50000000      -83.4789200      -607.217041    
   11.2500000      -83.4789200      -545.092041    
   15.0000000      -83.4789200      -492.092041    
   18.7500000      -83.4789200      -462.217041    
   22.5000000      -83.4789200      -455.842041    
   26.2500000      -83.4789200      -440.592041    
   30.0000000      -83.4789200      -467.217041    
   33.7500000      -83.4789200      -445.592041    
   37.5000000      -83.4789200      -517.467041    
   41.2500000      -83.4789200      -626.217041    
   45.0000000      -83.4789200      -607.967041    
   48.7500000      -83.4789200      -596.217041    
   52.5000000      -83.4789200      -603.467041    
   56.2500000      -83.4789200      -604.217041    
   60.0000000      -83.4789200      -612.217041    
   63.7500000      -83.4789200      -644.842041    
   67.5000000      -83.4789200      -690.967041    
   71.2500000      -83.4789200      -695.717041    
   75.0000000      -83.4789200      -676.217041    
   78.7500000      -83.4789200      -645.592041    
   82.5000000      -83.4789200      -609.342041    
   86.2500000      -83.4789200      -575.592041    
   90.0000000      -83.4789200      -553.217041    
   93.7500000      -83.4789200      -501.717041    
   97.5000000      -83.4789200      -430.342041    
   101.250000      -83.4789200      -407.217041    
   105.000000      -83.4789200      -396.342041    
   108.750000      -83.4789200      -398.967041    
   112.500000      -83.4789200      -446.592041    
   116.250000      -83.4789200      -499.592041    
   120.000000      -83.4789200      -528.967041    
   123.750000      -83.4789200      -536.717041    
   127.500000      -83.4789200      -593.717041    
   131.250000      -83.4789200      -677.717041    
   135.000000      -83.4789200      -774.842041    
   138.750000      -83.4789200      -847.717041    
   142.500000      -83.4789200      -877.717041    
   146.250000      -83.4789200      -915.342041    
   150.000000      -83.4789200      -937.092041    
   153.750000      -83.4789200      -941.092041    
   157.500000      -83.4789200      -897.842041    
   161.250000      -83.4789200      -949.217041    
   165.000000      -83.4789200      -790.842041    
   168.750000      -83.4789200      -812.217041    
   172.500000      -83.4789200      -835.967041    
   176.250000      -83.4789200      -860.717041    
   180.000000      -83.4789200      -876.967041    
   183.750000      -83.4789200      -902.592041    
   187.500000      -83.4789200      -911.467041    
   191.250000      -83.4789200      -914.592041    
   195.000000      -83.4789200      -924.467041    
   198.750000      -83.4789200      -922.342041    
   202.500000      -83.4789200      -916.592041    
   206.250000      -83.4789200      -908.217041    
   210.000000      -83.4789200      -895.592041    
   213.750000      -83.4789200      -881.842041    
   217.500000      -83.4789200      -864.717041    
   221.250000      -83.4789200      -866.842041    
   225.000000      -83.4789200      -865.717041    
   228.750000      -83.4789200      -864.342041    
   232.500000      -83.4789200      -850.217041    
   236.250000      -83.4789200      -841.467041    
   240.000000      -83.4789200      -847.967041    
   243.750000      -83.4789200      -815.967041    
   247.500000      -83.4789200      -769.592041    
   251.250000      -83.4789200      -707.467041    
   255.000000      -83.4789200      -646.717041    
   258.750000      -83.4789200      -612.217041    
   262.500000      -83.4789200      -613.842041    
   266.250000      -83.4789200      -611.842041    
   270.000000      -83.4789200      -639.467041    
   273.750000      -83.4789200      -708.092041    
   277.500000      -83.4789200      -750.467041    
   281.250000      -83.4789200      -830.842041    
   285.000000      -83.4789200      -933.092041    
   288.750000      -83.4789200      -1036.96704    
   292.500000      -83.4789200      -1093.34204    
   296.250000      -83.4789200      -1105.96704    
   300.000000      -83.4789200      -1114.34204    
   303.750000      -83.4789200      -1156.21704    
   307.500000      -83.4789200      -1052.84204    
   311.250000      -83.4789200      -988.592041    
   315.000000      -83.4789200      -1063.46704    
   318.750000      -83.4789200      -1039.71704    
   322.500000      -83.4789200      -907.592041    
   326.250000      -83.4789200      -862.092041    
   330.000000      -83.4789200      -814.342041    
   333.750000      -83.4789200      -782.342041    
   337.500000      -83.4789200      -764.217041    
   341.250000      -83.4789200      -746.592041    
   345.000000      -83.4789200      -719.967041    
   348.750000      -83.4789200      -689.217041    
   352.500000      -83.4789200      -696.092041    
   356.250000      -83.4789200      -700.592041    
   360.000000      -83.4789200      -677.842041    
   0.00000000      -79.7770462      -814.592041    
   3.75000000      -79.7770462      -799.967041    
   7.50000000      -79.7770462      -774.217041    
   11.2500000      -79.7770462      -746.217041    
   15.0000000      -79.7770462      -686.842041    
   18.7500000      -79.7770462      -626.717041    
   22.5000000      -79.7770462      -642.842041    
   26.2500000      -79.7770462      -694.092041    
   30.0000000      -79.7770462      -677.592041    
   33.7500000      -79.7770462      -675.967041    
   37.5000000      -79.7770462      -686.092041    
   41.2500000      -79.7770462      -696.967041    
   45.0000000      -79.7770462      -709.342041    
   48.7500000      -79.7770462      -694.467041    
   52.5000000      -79.7770462      -667.217041    
   56.2500000      -79.7770462      -645.467041    
   60.0000000      -79.7770462      -632.717041    
   63.7500000      -79.7770462      -650.592041    
   67.5000000      -79.7770462      -670.717041    
   71.2500000      -79.7770462      -708.592041    
   75.0000000      -79.7770462      -732.842041    
   78.7500000      -79.7770462      -739.717041    
   82.5000000      -79.7770462      -652.467041    
   86.2500000      -79.7770462      -532.217041    
   90.0000000      -79.7770462      -499.092041    
   93.7500000      -79.7770462      -449.217041    
   97.5000000      -79.7770462      -418.217041    
   101.250000      -79.7770462      -402.967041    
   105.000000      -79.7770462      -409.842041    
   108.750000      -79.7770462      -448.092041    
   112.500000      -79.7770462      -499.717041    
   116.250000      -79.7770462      -503.717041    
   120.000000      -79.7770462      -478.467041    
   123.750000      -79.7770462      -462.967041    
   127.500000      -79.7770462      -527.217041    
   131.250000      -79.7770462      -578.467041    
   135.000000      -79.7770462      -578.592041    
   138.750000      -79.7770462      -603.592041    
   142.500000      -79.7770462      -642.717041    
   146.250000      -79.7770462      -734.467041    
   150.000000      -79.7770462      -796.342041    
   153.750000      -79.7770462      -746.092041    
   157.500000      -79.7770462      -905.717041    
   161.250000      -79.7770462      -872.967041    
   165.000000      -79.7770462      -953.592041    
   168.750000      -79.7770462      -1059.96704    
   172.500000      -79.7770462      -1129.71704    
   176.250000      -79.7770462      -1223.09204    
   180.000000      -79.7770462      -1322.59204    
   183.750000      -79.7770462      -1338.84204    
   187.500000      -79.7770462      -1346.09204    
   191.250000      -79.7770462      -1368.96704    
   195.000000      -79.7770462      -1356.71704    
   198.750000      -79.7770462      -1327.71704    
   202.500000      -79.7770462      -1265.46704    
   206.250000      -79.7770462      -1212.34204    
   210.000000      -79.7770462      -1162.71704    
   213.750000      -79.7770462      -1109.96704    
   217.500000      -79.7770462      -1056.34204    
   221.250000      -79.7770462      -997.967041    
   225.000000      -79.7770462      -983.592041    
   228.750000      -79.7770462      -1033.34204    
   232.500000      -79.7770462      -1063.46704    
   236.250000      -79.7770462      -946.217041    
   240.000000      -79.7770462      -922.717041    
   243.750000      -79.7770462      -864.217041    
   247.500000      -79.7770462      -820.967041    
   251.250000      -79.7770462      -749.967041    
   255.000000      -79.7770462      -682.342041    
   258.750000      -79.7770462      -635.342041    
   262.500000      -79.7770462      -610.092041    
   266.250000      -79.7770462      -512.467041    
   270.000000      -79.7770462      -572.092041    
   273.750000      -79.7770462      -705.717041    
   277.500000      -79.7770462      -828.092041    
   281.250000      -79.7770462      -904.092041    
   285.000000      -79.7770462      -923.967041    
   288.750000      -79.7770462      -971.717041    
   292.500000      -79.7770462      -1012.84204    
   296.250000      -79.7770462      -1048.59204    
   300.000000      -79.7770462      -1082.34204    
   303.750000      -79.7770462      -1116.34204    
   307.500000      -79.7770462      -1157.34204    
   311.250000      -79.7770462      -1213.84204    
   315.000000      -79.7770462      -1209.09204    
   318.750000      -79.7770462      -1195.09204    
   322.500000      -79.7770462      -1242.84204    
   326.250000      -79.7770462      -1243.96704    
   330.000000      -79.7770462      -1209.34204    
   333.750000      -79.7770462      -1166.09204    
   337.500000      -79.7770462      -1133.34204    
   341.250000      -79.7770462      -1094.59204    
   345.000000      -79.7770462      -961.217041    
   348.750000      -79.7770462      -885.967041    
   352.500000      -79.7770462      -917.967041    
   356.250000      -79.7770462      -849.717041    
   360.000000      -79.7770462      -814.592041    
   0.00000000      -76.0702438      -957.217041    
   3.75000000      -76.0702438      -975.467041    
   7.50000000      -76.0702438      -975.842041    
   11.2500000      -76.0702438      -934.092041    
   15.0000000      -76.0702438      -904.342041    
   18.7500000      -76.0702438      -897.342041    
   22.5000000      -76.0702438      -886.467041    
   26.2500000      -76.0702438      -868.467041    
   30.0000000      -76.0702438      -789.217041    
   33.7500000      -76.0702438      -717.342041    
   37.5000000      -76.0702438      -727.717041    
   41.2500000      -76.0702438      -701.967041    
   45.0000000      -76.0702438      -628.592041    
   48.7500000      -76.0702438      -505.342041    
   52.5000000      -76.0702438      -537.217041    
   56.2500000      -76.0702438      -499.717041    
   60.0000000      -76.0702438      -425.467041    
   63.7500000      -76.0702438      -307.842041    
   67.5000000      -76.0702438      -318.967041    
   71.2500000      -76.0702438      -405.717041    
   75.0000000      -76.0702438      -481.342041    
   78.7500000      -76.0702438      -466.967041    
   82.5000000      -76.0702438      -603.217041    
   86.2500000      -76.0702438      -698.842041    
   90.0000000      -76.0702438      -792.467041    
   93.7500000      -76.0702438      -840.092041    
   97.5000000      -76.0702438      -747.092041    
   101.250000      -76.0702438      -547.842041    
   105.000000      -76.0702438      -467.217041    
   108.750000      -76.0702438      -345.217041    
   112.500000      -76.0702438      -267.842041    
   116.250000      -76.0702438      -275.217041    
   120.000000      -76.0702438      -311.592041    
   123.750000      -76.0702438      -351.717041    
   127.500000      -76.0702438      -475.717041    
   131.250000      -76.0702438      -520.342041    
   135.000000      -76.0702438      -532.467041    
   138.750000      -76.0702438      -561.092041    
   142.500000      -76.0702438      -600.842041    
   146.250000      -76.0702438      -672.217041    
   150.000000      -76.0702438      -810.842041    
   153.750000      -76.0702438      -904.467041    
   157.500000      -76.0702438      -926.467041    
   161.250000      -76.0702438      -1053.09204    
   165.000000      -76.0702438      -1146.21704    
   168.750000      -76.0702438      -1141.09204    
   172.500000      -76.0702438      -1192.59204    
   176.250000      -76.0702438      -1285.84204    
   180.000000      -76.0702438      -1377.09204    
   183.750000      -76.0702438      -1487.71704    
   187.500000      -76.0702438      -1595.71704    
   191.250000      -76.0702438      -1660.09204    
   195.000000      -76.0702438      -1726.09204    
   198.750000      -76.0702438      -1684.84204    
   202.500000      -76.0702438      -1517.34204    
   206.250000      -76.0702438      -1370.59204    
   210.000000      -76.0702438      -1278.84204    
   213.750000      -76.0702438      -1253.21704    
   217.500000      -76.0702438      -1341.46704    
   221.250000      -76.0702438      -1361.34204    
   225.000000      -76.0702438      -1369.84204    
   228.750000      -76.0702438      -1369.21704    
   232.500000      -76.0702438      -1291.09204    
   236.250000      -76.0702438      -1147.84204    
   240.000000      -76.0702438      -1094.34204    
   243.750000      -76.0702438      -1040.84204    
   247.500000      -76.0702438      -951.217041    
   251.250000      -76.0702438      -818.717041    
   255.000000      -76.0702438      -747.967041    
   258.750000      -76.0702438      -633.342041    
   262.500000      -76.0702438      -565.092041    
   266.250000      -76.0702438      -522.717041    
   270.000000      -76.0702438      -508.342041    
   273.750000      -76.0702438      -612.592041    
   277.500000      -76.0702438      -686.217041    
   281.250000      -76.0702438      -738.217041    
   285.000000      -76.0702438      -706.092041    
   288.750000      -76.0702438      -729.592041    
   292.500000      -76.0702438      -777.717041    
   296.250000      -76.0702438      -827.092041    
   300.000000      -76.0702438      -903.967041    
   303.750000      -76.0702438      -969.217041    
   307.500000      -76.0702438      -1031.59204    
   311.250000      -76.0702438      -1120.46704    
   315.000000      -76.0702438      -1216.34204    
   318.750000      -76.0702438      -1277.59204    
   322.500000      -76.0702438      -1312.09204    
   326.250000      -76.0702438      -1303.71704    
   330.000000      -76.0702438      -1304.84204    
   333.750000      -76.0702438      -1242.34204    
   337.500000      -76.0702438      -1176.21704    
   341.250000      -76.0702438      -1149.34204    
   345.000000      -76.0702438      -1106.59204    
   348.750000      -76.0702438      -1054.71704    
   352.500000      -76.0702438      -1062.71704    
   356.250000      -76.0702438      -985.842041    
   360.000000      -76.0702438      -957.217041    
   0.00000000      -72.3615875      -1020.71704    
   3.75000000      -72.3615875      -1058.46704    
   7.50000000      -72.3615875      -919.717041    
   11.2500000      -72.3615875      -870.592041    
   15.0000000      -72.3615875      -740.342041    
   18.7500000      -72.3615875      -636.717041    
   22.5000000      -72.3615875      -721.967041    
   26.2500000      -72.3615875      -552.967041    
   30.0000000      -72.3615875      -409.217041    
   33.7500000      -72.3615875      -459.342041    
   37.5000000      -72.3615875      -474.842041    
   41.2500000      -72.3615875      -418.092041    
   45.0000000      -72.3615875      -433.467041    
   48.7500000      -72.3615875      -515.217041    
   52.5000000      -72.3615875      -458.717041    
   56.2500000      -72.3615875      -348.342041    
   60.0000000      -72.3615875      -268.092041    
   63.7500000      -72.3615875      -297.967041    
   67.5000000      -72.3615875      -686.592041    
   71.2500000      -72.3615875      -793.092041    
   75.0000000      -72.3615875      -600.467041    
   78.7500000      -72.3615875      -407.717041    
   82.5000000      -72.3615875      -433.342041    
   86.2500000      -72.3615875      -480.717041    
   90.0000000      -72.3615875      -533.717041    
   93.7500000      -72.3615875      -584.842041    
   97.5000000      -72.3615875      -554.467041    
   101.250000      -72.3615875      -518.342041    
   105.000000      -72.3615875      -371.592041    
   108.750000      -72.3615875      -217.967041    
   112.500000      -72.3615875      -313.467041    
   116.250000      -72.3615875      -355.092041    
   120.000000      -72.3615875      -470.342041    
   123.750000      -72.3615875      -595.217041    
   127.500000      -72.3615875      -489.467041    
   131.250000      -72.3615875      -496.967041    
   135.000000      -72.3615875      -495.717041    
   138.750000      -72.3615875      -450.967041    
   142.500000      -72.3615875      -472.467041    
   146.250000      -72.3615875      -533.842041    
   150.000000      -72.3615875      -658.967041    
   153.750000      -72.3615875      -811.342041    
   157.500000      -72.3615875      -971.717041    
   161.250000      -72.3615875      -794.092041    
   165.000000      -72.3615875      -1063.09204    
   168.750000      -72.3615875      -1003.59204    
   172.500000      -72.3615875      -1098.84204    
   176.250000      -72.3615875      -1123.71704    
   180.000000      -72.3615875      -1123.09204    
   183.750000      -72.3615875      -1149.09204    
   187.500000      -72.3615875      -1189.96704    
   191.250000      -72.3615875      -1222.71704    
   195.000000      -72.3615875      -1224.34204    
   198.750000      -72.3615875      -1213.84204    
   202.500000      -72.3615875      -1245.59204    
   206.250000      -72.3615875      -1293.46704    
   210.000000      -72.3615875      -1257.84204    
   213.750000      -72.3615875      -1173.71704    
   217.500000      -72.3615875      -1099.84204    
   221.250000      -72.3615875      -1172.21704    
   225.000000      -72.3615875      -1325.96704    
   228.750000      -72.3615875      -1558.71704    
   232.500000      -72.3615875      -1726.34204    
   236.250000      -72.3615875      -1734.34204    
   240.000000      -72.3615875      -1710.71704    
   243.750000      -72.3615875      -1662.84204    
   247.500000      -72.3615875      -1623.96704    
   251.250000      -72.3615875      -1478.34204    
   255.000000      -72.3615875      -1272.34204    
   258.750000      -72.3615875      -1095.46704    
   262.500000      -72.3615875      -871.842041    
   266.250000      -72.3615875      -655.467041    
   270.000000      -72.3615875      -518.592041    
   273.750000      -72.3615875      -448.967041    
   277.500000      -72.3615875      -417.467041    
   281.250000      -72.3615875      -414.967041    
   285.000000      -72.3615875      -416.592041    
   288.750000      -72.3615875      -402.717041    
   292.500000      -72.3615875      -401.717041    
   296.250000      -72.3615875      -543.092041    
   300.000000      -72.3615875      -851.967041    
   303.750000      -72.3615875      -862.592041    
   307.500000      -72.3615875      -929.967041    
   311.250000      -72.3615875      -1018.09204    
   315.000000      -72.3615875      -1141.21704    
   318.750000      -72.3615875      -1269.09204    
   322.500000      -72.3615875      -1367.71704    
   326.250000      -72.3615875      -1404.21704    
   330.000000      -72.3615875      -1419.46704    
   333.750000      -72.3615875      -1424.21704    
   337.500000      -72.3615875      -1410.34204    
   341.250000      -72.3615875      -1384.21704    
   345.000000      -72.3615875      -1331.96704    
   348.750000      -72.3615875      -1258.46704    
   352.500000      -72.3615875      -1078.21704    
   356.250000      -72.3615875      -1000.59204    
   360.000000      -72.3615875      -1020.71704    
   0.00000000      -68.6520157      -1718.59204    
   3.75000000      -68.6520157      -1701.71704    
   7.50000000      -68.6520157      -1690.84204    
   11.2500000      -68.6520157      -1691.09204    
   15.0000000      -68.6520157      -1665.71704    
   18.7500000      -68.6520157      -1581.09204    
   22.5000000      -68.6520157      -1443.46704    
   26.2500000      -68.6520157      -1274.59204    
   30.0000000      -68.6520157      -1086.09204    
   33.7500000      -68.6520157      -874.592041    
   37.5000000      -68.6520157      -793.842041    
   41.2500000      -68.6520157      -722.842041    
   45.0000000      -68.6520157      -702.217041    
   48.7500000      -68.6520157      -730.217041    
   52.5000000      -68.6520157      -607.967041    
   56.2500000      -68.6520157      -556.717041    
   60.0000000      -68.6520157      -534.217041    
   63.7500000      -68.6520157      -601.467041    
   67.5000000      -68.6520157      -687.342041    
   71.2500000      -68.6520157      -944.592041    
   75.0000000      -68.6520157      -985.717041    
   78.7500000      -68.6520157      -988.342041    
   82.5000000      -68.6520157      -746.842041    
   86.2500000      -68.6520157      -638.217041    
   90.0000000      -68.6520157      -609.592041    
   93.7500000      -68.6520157      -481.592041    
   97.5000000      -68.6520157      -247.592041    
   101.250000      -68.6520157      -359.592041    
   105.000000      -68.6520157      -189.217041    
   108.750000      -68.6520157      -200.217041    
   112.500000      -68.6520157      -103.967041    
   116.250000      -68.6520157      -405.717041    
   120.000000      -68.6520157      -527.842041    
   123.750000      -68.6520157      -590.342041    
   127.500000      -68.6520157      -475.842041    
   131.250000      -68.6520157      -498.967041    
   135.000000      -68.6520157      -532.717041    
   138.750000      -68.6520157      -658.342041    
   142.500000      -68.6520157      -719.092041    
   146.250000      -68.6520157      -998.967041    
   150.000000      -68.6520157      -1159.21704    
   153.750000      -68.6520157      -1262.71704    
   157.500000      -68.6520157      -1249.09204    
   161.250000      -68.6520157      -1237.71704    
   165.000000      -68.6520157      -1146.59204    
   168.750000      -68.6520157      -1007.96704    
   172.500000      -68.6520157      -893.967041    
   176.250000      -68.6520157      -783.467041    
   180.000000      -68.6520157      -734.217041    
   183.750000      -68.6520157      -731.092041    
   187.500000      -68.6520157      -797.842041    
   191.250000      -68.6520157      -952.592041    
   195.000000      -68.6520157      -954.217041    
   198.750000      -68.6520157      -929.717041    
   202.500000      -68.6520157      -957.592041    
   206.250000      -68.6520157      -992.467041    
   210.000000      -68.6520157      -975.092041    
   213.750000      -68.6520157      -930.592041    
   217.500000      -68.6520157      -866.592041    
   221.250000      -68.6520157      -788.717041    
   225.000000      -68.6520157      -831.842041    
   228.750000      -68.6520157      -982.217041    
   232.500000      -68.6520157      -1227.84204    
   236.250000      -68.6520157      -1522.96704    
   240.000000      -68.6520157      -1742.96704    
   243.750000      -68.6520157      -1799.34204    
   247.500000      -68.6520157      -1713.34204    
   251.250000      -68.6520157      -1699.21704    
   255.000000      -68.6520157      -1705.84204    
   258.750000      -68.6520157      -1548.09204    
   262.500000      -68.6520157      -1330.09204    
   266.250000      -68.6520157      -1032.96704    
   270.000000      -68.6520157      -709.342041    
   273.750000      -68.6520157      -475.092041    
   277.500000      -68.6520157      -334.967041    
   281.250000      -68.6520157      -277.717041    
   285.000000      -68.6520157      -330.717041    
   288.750000      -68.6520157      -498.717041    
   292.500000      -68.6520157      -456.342041    
   296.250000      -68.6520157      -748.842041    
   300.000000      -68.6520157      -711.467041    
   303.750000      -68.6520157      -731.092041    
   307.500000      -68.6520157      -781.467041    
   311.250000      -68.6520157      -946.592041    
   315.000000      -68.6520157      -1159.59204    
   318.750000      -68.6520157      -1425.71704    
   322.500000      -68.6520157      -1617.34204    
   326.250000      -68.6520157      -1725.34204    
   330.000000      -68.6520157      -1876.34204    
   333.750000      -68.6520157      -1993.21704    
   337.500000      -68.6520157      -2063.71704    
   341.250000      -68.6520157      -2099.71704    
   345.000000      -68.6520157      -2095.21704    
   348.750000      -68.6520157      -1981.21704    
   352.500000      -68.6520157      -1847.96704    
   356.250000      -68.6520157      -1754.34204    
   360.000000      -68.6520157      -1718.59204    
   0.00000000      -64.9419479      -1924.09204    
   3.75000000      -64.9419479      -1833.84204    
   7.50000000      -64.9419479      -1759.09204    
   11.2500000      -64.9419479      -1685.34204    
   15.0000000      -64.9419479      -1580.34204    
   18.7500000      -64.9419479      -1455.34204    
   22.5000000      -64.9419479      -1383.71704    
   26.2500000      -64.9419479      -1299.09204    
   30.0000000      -64.9419479      -1111.84204    
   33.7500000      -64.9419479      -851.467041    
   37.5000000      -64.9419479      -670.342041    
   41.2500000      -64.9419479      -679.467041    
   45.0000000      -64.9419479      -756.967041    
   48.7500000      -64.9419479      -867.467041    
   52.5000000      -64.9419479      -888.717041    
   56.2500000      -64.9419479      -902.842041    
   60.0000000      -64.9419479      -1036.84204    
   63.7500000      -64.9419479      -1325.59204    
   67.5000000      -64.9419479      -1414.84204    
   71.2500000      -64.9419479      -1540.46704    
   75.0000000      -64.9419479      -1719.96704    
   78.7500000      -64.9419479      -1870.34204    
   82.5000000      -64.9419479      -1943.09204    
   86.2500000      -64.9419479      -1910.46704    
   90.0000000      -64.9419479      -1845.09204    
   93.7500000      -64.9419479      -1673.96704    
   97.5000000      -64.9419479      -1391.21704    
   101.250000      -64.9419479      -1054.84204    
   105.000000      -64.9419479      -750.967041    
   108.750000      -64.9419479      -559.967041    
   112.500000      -64.9419479      -521.842041    
   116.250000      -64.9419479      -544.717041    
   120.000000      -64.9419479      -590.342041    
   123.750000      -64.9419479      -683.092041    
   127.500000      -64.9419479      -800.342041    
   131.250000      -64.9419479      -915.967041    
   135.000000      -64.9419479      -1017.46704    
   138.750000      -64.9419479      -1147.96704    
   142.500000      -64.9419479      -1342.59204    
   146.250000      -64.9419479      -1649.96704    
   150.000000      -64.9419479      -1957.09204    
   153.750000      -64.9419479      -2021.46704    
   157.500000      -64.9419479      -1967.09204    
   161.250000      -64.9419479      -1728.21704    
   165.000000      -64.9419479      -1381.84204    
   168.750000      -64.9419479      -1023.84204    
   172.500000      -64.9419479      -698.842041    
   176.250000      -64.9419479      -449.467041    
   180.000000      -64.9419479      -301.967041    
   183.750000      -64.9419479      -264.717041    
   187.500000      -64.9419479      -312.717041    
   191.250000      -64.9419479      -425.592041    
   195.000000      -64.9419479      -473.092041    
   198.750000      -64.9419479      -704.842041    
   202.500000      -64.9419479      -1215.96704    
   206.250000      -64.9419479      -1427.96704    
   210.000000      -64.9419479      -1402.84204    
   213.750000      -64.9419479      -1166.59204    
   217.500000      -64.9419479      -737.092041    
   221.250000      -64.9419479      -402.842041    
   225.000000      -64.9419479      -284.467041    
   228.750000      -64.9419479      -380.967041    
   232.500000      -64.9419479      -587.467041    
   236.250000      -64.9419479      -867.467041    
   240.000000      -64.9419479      -1172.46704    
   243.750000      -64.9419479      -1412.84204    
   247.500000      -64.9419479      -1539.21704    
   251.250000      -64.9419479      -1723.34204    
   255.000000      -64.9419479      -2064.34204    
   258.750000      -64.9419479      -2493.21704    
   262.500000      -64.9419479      -2262.21704    
   266.250000      -64.9419479      -1702.34204    
   270.000000      -64.9419479      -1180.46704    
   273.750000      -64.9419479      -733.842041    
   277.500000      -64.9419479      -407.342041    
   281.250000      -64.9419479      -244.467041    
   285.000000      -64.9419479      -148.092041    
   288.750000      -64.9419479      -169.592041    
   292.500000      -64.9419479      -338.967041    
   296.250000      -64.9419479      -536.967041    
   300.000000      -64.9419479      -612.967041    
   303.750000      -64.9419479      -585.592041    
   307.500000      -64.9419479      -759.967041    
   311.250000      -64.9419479      -930.092041    
   315.000000      -64.9419479      -1069.46704    
   318.750000      -64.9419479      -1222.46704    
   322.500000      -64.9419479      -1387.84204    
   326.250000      -64.9419479      -1553.46704    
   330.000000      -64.9419479      -1683.96704    
   333.750000      -64.9419479      -1844.34204    
   337.500000      -64.9419479      -2011.46704    
   341.250000      -64.9419479      -2094.84204    
   345.000000      -64.9419479      -2161.34204    
   348.750000      -64.9419479      -2188.09204    
   352.500000      -64.9419479      -2142.46704    
   356.250000      -64.9419479      -2038.84204    
   360.000000      -64.9419479      -1924.09204    
   0.00000000      -61.2315712      -2178.59204    
   3.75000000      -61.2315712      -1798.34204    
   7.50000000      -61.2315712      -1545.96704    
   11.2500000      -61.2315712      -1303.96704    
   15.0000000      -61.2315712      -1050.21704    
   18.7500000      -61.2315712      -837.592041    
   22.5000000      -61.2315712      -667.467041    
   26.2500000      -61.2315712      -542.717041    
   30.0000000      -61.2315712      -407.842041    
   33.7500000      -61.2315712      -275.342041    
   37.5000000      -61.2315712      -176.467041    
   41.2500000      -61.2315712      -66.2170410    
   45.0000000      -61.2315712      -58.3420410    
   48.7500000      -61.2315712      -161.217041    
   52.5000000      -61.2315712      -373.842041    
   56.2500000      -61.2315712      -585.092041    
   60.0000000      -61.2315712      -819.842041    
   63.7500000      -61.2315712      -1244.21704    
   67.5000000      -61.2315712      -1664.21704    
   71.2500000      -61.2315712      -1931.59204    
   75.0000000      -61.2315712      -2262.46704    
   78.7500000      -61.2315712      -2554.09204    
   82.5000000      -61.2315712      -2741.84204    
   86.2500000      -61.2315712      -2603.09204    
   90.0000000      -61.2315712      -2308.84204    
   93.7500000      -61.2315712      -2102.84204    
   97.5000000      -61.2315712      -1837.59204    
   101.250000      -61.2315712      -1453.71704    
   105.000000      -61.2315712      -988.967041    
   108.750000      -61.2315712      -498.717041    
   112.500000      -61.2315712      -221.967041    
   116.250000      -61.2315712      -194.092041    
   120.000000      -61.2315712      -155.217041    
   123.750000      -61.2315712      -222.967041    
   127.500000      -61.2315712      -316.592041    
   131.250000      -61.2315712      -477.842041    
   135.000000      -61.2315712      -692.967041    
   138.750000      -61.2315712      -978.592041    
   142.500000      -61.2315712      -1294.21704    
   146.250000      -61.2315712      -1741.96704    
   150.000000      -61.2315712      -2055.46704    
   153.750000      -61.2315712      -2033.09204    
   157.500000      -61.2315712      -1945.71704    
   161.250000      -61.2315712      -1817.59204    
   165.000000      -61.2315712      -1533.71704    
   168.750000      -61.2315712      -1031.84204    
   172.500000      -61.2315712      -600.967041    
   176.250000      -61.2315712      -294.467041    
   180.000000      -61.2315712       16.1579590    
   183.750000      -61.2315712       237.657959    
   187.500000      -61.2315712       293.907959    
   191.250000      -61.2315712       241.782959    
   195.000000      -61.2315712       143.532959    
   198.750000      -61.2315712      -65.5920410    
   202.500000      -61.2315712      -301.967041    
   206.250000      -61.2315712      -458.467041    
   210.000000      -61.2315712      -506.717041    
   213.750000      -61.2315712      -484.217041    
   217.500000      -61.2315712      -395.967041    
   221.250000      -61.2315712      -122.092041    
   225.000000      -61.2315712       172.282959    
   228.750000      -61.2315712       219.657959    
   232.500000      -61.2315712       42.7829590    
   236.250000      -61.2315712      -217.342041    
   240.000000      -61.2315712      -587.342041    
   243.750000      -61.2315712      -928.467041    
   247.500000      -61.2315712      -1185.21704    
   251.250000      -61.2315712      -1436.46704    
   255.000000      -61.2315712      -1551.46704    
   258.750000      -61.2315712      -1600.46704    
   262.500000      -61.2315712      -1499.09204    
   266.250000      -61.2315712      -1393.09204    
   270.000000      -61.2315712      -1227.84204    
   273.750000      -61.2315712      -851.717041    
   277.500000      -61.2315712      -417.217041    
   281.250000      -61.2315712      -133.842041    
   285.000000      -61.2315712       44.7829590    
   288.750000      -61.2315712       15.4079590    
   292.500000      -61.2315712      -52.9670410    
   296.250000      -61.2315712      -253.217041    
   300.000000      -61.2315712      -467.967041    
   303.750000      -61.2315712      -761.967041    
   307.500000      -61.2315712      -1115.09204    
   311.250000      -61.2315712      -1292.59204    
   315.000000      -61.2315712      -1203.09204    
   318.750000      -61.2315712      -1070.46704    
   322.500000      -61.2315712      -1020.96704    
   326.250000      -61.2315712      -1114.84204    
   330.000000      -61.2315712      -1318.71704    
   333.750000      -61.2315712      -1585.84204    
   337.500000      -61.2315712      -1895.84204    
   341.250000      -61.2315712      -2407.34204    
   345.000000      -61.2315712      -3006.59204    
   348.750000      -61.2315712      -3171.84204    
   352.500000      -61.2315712      -2997.71704    
   356.250000      -61.2315712      -2629.09204    
   360.000000      -61.2315712      -2178.59204    
   0.00000000      -57.5209885      -1846.46704    
   3.75000000      -57.5209885      -1281.21704    
   7.50000000      -57.5209885      -893.342041    
   11.2500000      -57.5209885      -589.967041    
   15.0000000      -57.5209885      -365.717041    
   18.7500000      -57.5209885      -193.592041    
   22.5000000      -57.5209885      -58.4670410    
   26.2500000      -57.5209885       64.4079590    
   30.0000000      -57.5209885       184.782959    
   33.7500000      -57.5209885       332.032959    
   37.5000000      -57.5209885       470.157959    
   41.2500000      -57.5209885       562.532959    
   45.0000000      -57.5209885       602.907959    
   48.7500000      -57.5209885       543.032959    
   52.5000000      -57.5209885       346.532959    
   56.2500000      -57.5209885       15.2829590    
   60.0000000      -57.5209885      -364.467041    
   63.7500000      -57.5209885      -792.092041    
   67.5000000      -57.5209885      -1297.84204    
   71.2500000      -57.5209885      -1841.46704    
   75.0000000      -57.5209885      -2235.59204    
   78.7500000      -57.5209885      -2737.34204    
   82.5000000      -57.5209885      -2998.46704    
   86.2500000      -57.5209885      -2623.96704    
   90.0000000      -57.5209885      -2174.59204    
   93.7500000      -57.5209885      -1754.84204    
   97.5000000      -57.5209885      -1388.46704    
   101.250000      -57.5209885      -1163.59204    
   105.000000      -57.5209885      -809.342041    
   108.750000      -57.5209885      -345.467041    
   112.500000      -57.5209885      -17.5920410    
   116.250000      -57.5209885       170.532959    
   120.000000      -57.5209885       219.032959    
   123.750000      -57.5209885       90.2829590    
   127.500000      -57.5209885      -35.9670410    
   131.250000      -57.5209885      -221.592041    
   135.000000      -57.5209885      -428.842041    
   138.750000      -57.5209885      -669.967041    
   142.500000      -57.5209885      -1007.71704    
   146.250000      -57.5209885      -1445.96704    
   150.000000      -57.5209885      -1674.84204    
   153.750000      -57.5209885      -1841.71704    
   157.500000      -57.5209885      -1784.96704    
   161.250000      -57.5209885      -1657.46704    
   165.000000      -57.5209885      -1373.71704    
   168.750000      -57.5209885      -793.217041    
   172.500000      -57.5209885      -306.467041    
   176.250000      -57.5209885       63.9079590    
   180.000000      -57.5209885       337.657959    
   183.750000      -57.5209885       476.032959    
   187.500000      -57.5209885       554.032959    
   191.250000      -57.5209885       558.157959    
   195.000000      -57.5209885       503.157959    
   198.750000      -57.5209885       474.032959    
   202.500000      -57.5209885       504.407959    
   206.250000      -57.5209885       542.407959    
   210.000000      -57.5209885       530.157959    
   213.750000      -57.5209885       472.157959    
   217.500000      -57.5209885       372.157959    
   221.250000      -57.5209885       308.907959    
   225.000000      -57.5209885       451.157959    
   228.750000      -57.5209885       614.532959    
   232.500000      -57.5209885       484.032959    
   236.250000      -57.5209885       245.907959    
   240.000000      -57.5209885      -54.7170410    
   243.750000      -57.5209885      -366.342041    
   247.500000      -57.5209885      -622.717041    
   251.250000      -57.5209885      -822.092041    
   255.000000      -57.5209885      -941.592041    
   258.750000      -57.5209885      -953.467041    
   262.500000      -57.5209885      -985.967041    
   266.250000      -57.5209885      -981.342041    
   270.000000      -57.5209885      -711.967041    
   273.750000      -57.5209885      -455.592041    
   277.500000      -57.5209885      -164.592041    
   281.250000      -57.5209885       138.282959    
   285.000000      -57.5209885       298.907959    
   288.750000      -57.5209885       265.907959    
   292.500000      -57.5209885       74.6579590    
   296.250000      -57.5209885      -282.592041    
   300.000000      -57.5209885      -712.842041    
   303.750000      -57.5209885      -1360.71704    
   307.500000      -57.5209885      -2090.59204    
   311.250000      -57.5209885      -2073.59204    
   315.000000      -57.5209885      -1657.96704    
   318.750000      -57.5209885      -1007.34204    
   322.500000      -57.5209885      -703.467041    
   326.250000      -57.5209885      -580.342041    
   330.000000      -57.5209885      -699.342041    
   333.750000      -57.5209885      -1040.59204    
   337.500000      -57.5209885      -1624.84204    
   341.250000      -57.5209885      -2534.21704    
   345.000000      -57.5209885      -3219.09204    
   348.750000      -57.5209885      -3169.34204    
   352.500000      -57.5209885      -2830.96704    
   356.250000      -57.5209885      -2425.96704    
   360.000000      -57.5209885      -1846.46704    
   0.00000000      -53.8102722      -850.342041    
   3.75000000      -53.8102722      -411.217041    
   7.50000000      -53.8102722      -90.7170410    
   11.2500000      -53.8102722       167.032959    
   15.0000000      -53.8102722       356.407959    
   18.7500000      -53.8102722       451.032959    
   22.5000000      -53.8102722       485.907959    
   26.2500000      -53.8102722       496.157959    
   30.0000000      -53.8102722       536.407959    
   33.7500000      -53.8102722       563.157959    
   37.5000000      -53.8102722       697.657959    
   41.2500000      -53.8102722       878.407959    
   45.0000000      -53.8102722       1057.40796    
   48.7500000      -53.8102722       1119.15796    
   52.5000000      -53.8102722       1008.90796    
   56.2500000      -53.8102722       747.407959    
   60.0000000      -53.8102722       344.407959    
   63.7500000      -53.8102722      -114.342041    
   67.5000000      -53.8102722      -620.217041    
   71.2500000      -53.8102722      -1096.09204    
   75.0000000      -53.8102722      -1485.96704    
   78.7500000      -53.8102722      -1741.21704    
   82.5000000      -53.8102722      -1795.59204    
   86.2500000      -53.8102722      -1681.96704    
   90.0000000      -53.8102722      -1468.21704    
   93.7500000      -53.8102722      -1211.71704    
   97.5000000      -53.8102722      -919.342041    
   101.250000      -53.8102722      -710.592041    
   105.000000      -53.8102722      -369.467041    
   108.750000      -53.8102722       38.0329590    
   112.500000      -53.8102722       329.157959    
   116.250000      -53.8102722       569.157959    
   120.000000      -53.8102722       645.282959    
   123.750000      -53.8102722       608.282959    
   127.500000      -53.8102722       490.532959    
   131.250000      -53.8102722       309.782959    
   135.000000      -53.8102722       129.657959    
   138.750000      -53.8102722      -140.967041    
   142.500000      -53.8102722      -418.342041    
   146.250000      -53.8102722      -736.967041    
   150.000000      -53.8102722      -1088.34204    
   153.750000      -53.8102722      -1276.21704    
   157.500000      -53.8102722      -1249.21704    
   161.250000      -53.8102722      -1083.71704    
   165.000000      -53.8102722      -827.217041    
   168.750000      -53.8102722      -370.467041    
   172.500000      -53.8102722      -6.59204102    
   176.250000      -53.8102722       189.032959    
   180.000000      -53.8102722       338.407959    
   183.750000      -53.8102722       393.157959    
   187.500000      -53.8102722       563.782959    
   191.250000      -53.8102722       699.282959    
   195.000000      -53.8102722       872.657959    
   198.750000      -53.8102722       1101.03296    
   202.500000      -53.8102722       1285.15796    
   206.250000      -53.8102722       1408.65796    
   210.000000      -53.8102722       1424.28296    
   213.750000      -53.8102722       1342.40796    
   217.500000      -53.8102722       1223.28296    
   221.250000      -53.8102722       1069.90796    
   225.000000      -53.8102722       942.532959    
   228.750000      -53.8102722       888.657959    
   232.500000      -53.8102722       824.407959    
   236.250000      -53.8102722       656.032959    
   240.000000      -53.8102722       413.157959    
   243.750000      -53.8102722       152.282959    
   247.500000      -53.8102722      -45.4670410    
   251.250000      -53.8102722      -154.842041    
   255.000000      -53.8102722      -220.717041    
   258.750000      -53.8102722      -394.217041    
   262.500000      -53.8102722      -571.092041    
   266.250000      -53.8102722      -318.592041    
   270.000000      -53.8102722       28.4079590    
   273.750000      -53.8102722       262.907959    
   277.500000      -53.8102722       369.407959    
   281.250000      -53.8102722       551.907959    
   285.000000      -53.8102722       819.157959    
   288.750000      -53.8102722       700.032959    
   292.500000      -53.8102722       245.407959    
   296.250000      -53.8102722      -122.967041    
   300.000000      -53.8102722      -528.217041    
   303.750000      -53.8102722      -807.467041    
   307.500000      -53.8102722      -994.967041    
   311.250000      -53.8102722      -1032.96704    
   315.000000      -53.8102722      -809.967041    
   318.750000      -53.8102722      -339.717041    
   322.500000      -53.8102722      -42.8420410    
   326.250000      -53.8102722       70.1579590    
   330.000000      -53.8102722       99.4079590    
   333.750000      -53.8102722      -9.46704102    
   337.500000      -53.8102722      -341.342041    
   341.250000      -53.8102722      -804.967041    
   345.000000      -53.8102722      -1197.71704    
   348.750000      -53.8102722      -1415.21704    
   352.500000      -53.8102722      -1413.59204    
   356.250000      -53.8102722      -1285.96704    
   360.000000      -53.8102722      -850.342041    
   0.00000000      -50.0994530       143.532959    
   3.75000000      -50.0994530       239.532959    
   7.50000000      -50.0994530       454.282959    
   11.2500000      -50.0994530       664.907959    
   15.0000000      -50.0994530       792.907959    
   18.7500000      -50.0994530       828.032959    
   22.5000000      -50.0994530       734.907959    
   26.2500000      -50.0994530       363.907959    
   30.0000000      -50.0994530      -234.092041    
   33.7500000      -50.0994530      -472.092041    
   37.5000000      -50.0994530      -17.3420410    
   41.2500000      -50.0994530       473.407959    
   45.0000000      -50.0994530       990.532959    
   48.7500000      -50.0994530       1333.15796    
   52.5000000      -50.0994530       1429.03296    
   56.2500000      -50.0994530       1345.65796    
   60.0000000      -50.0994530       1078.40796    
   63.7500000      -50.0994530       644.532959    
   67.5000000      -50.0994530       147.907959    
   71.2500000      -50.0994530      -378.092041    
   75.0000000      -50.0994530      -805.467041    
   78.7500000      -50.0994530      -1028.21704    
   82.5000000      -50.0994530      -938.967041    
   86.2500000      -50.0994530      -827.342041    
   90.0000000      -50.0994530      -708.092041    
   93.7500000      -50.0994530      -600.967041    
   97.5000000      -50.0994530      -539.842041    
   101.250000      -50.0994530      -423.842041    
   105.000000      -50.0994530      -60.5920410    
   108.750000      -50.0994530       218.907959    
   112.500000      -50.0994530       522.282959    
   116.250000      -50.0994530       764.532959    
   120.000000      -50.0994530       932.532959    
   123.750000      -50.0994530       989.282959    
   127.500000      -50.0994530       951.032959    
   131.250000      -50.0994530       853.782959    
   135.000000      -50.0994530       688.157959    
   138.750000      -50.0994530       459.407959    
   142.500000      -50.0994530       233.157959    
   146.250000      -50.0994530       27.0329590    
   150.000000      -50.0994530      -176.592041    
   153.750000      -50.0994530      -338.842041    
   157.500000      -50.0994530      -429.842041    
   161.250000      -50.0994530      -527.217041    
   165.000000      -50.0994530      -340.592041    
   168.750000      -50.0994530      -176.467041    
   172.500000      -50.0994530      -14.4670410    
   176.250000      -50.0994530       121.657959    
   180.000000      -50.0994530       255.782959    
   183.750000      -50.0994530       528.532959    
   187.500000      -50.0994530       832.782959    
   191.250000      -50.0994530       1124.15796    
   195.000000      -50.0994530       1392.28296    
   198.750000      -50.0994530       1735.03296    
   202.500000      -50.0994530       1941.53296    
   206.250000      -50.0994530       2025.53296    
   210.000000      -50.0994530       1964.90796    
   213.750000      -50.0994530       1913.65796    
   217.500000      -50.0994530       1847.78296    
   221.250000      -50.0994530       1704.53296    
   225.000000      -50.0994530       1484.40796    
   228.750000      -50.0994530       1240.90796    
   232.500000      -50.0994530       1047.90796    
   236.250000      -50.0994530       865.157959    
   240.000000      -50.0994530       916.657959    
   243.750000      -50.0994530       770.907959    
   247.500000      -50.0994530       646.157959    
   251.250000      -50.0994530       577.032959    
   255.000000      -50.0994530       513.907959    
   258.750000      -50.0994530       498.282959    
   262.500000      -50.0994530       579.157959    
   266.250000      -50.0994530       715.032959    
   270.000000      -50.0994530       886.532959    
   273.750000      -50.0994530       981.282959    
   277.500000      -50.0994530       1139.65796    
   281.250000      -50.0994530       1287.78296    
   285.000000      -50.0994530       1462.78296    
   288.750000      -50.0994530       968.657959    
   292.500000      -50.0994530       775.532959    
   296.250000      -50.0994530       426.532959    
   300.000000      -50.0994530       161.157959    
   303.750000      -50.0994530      -64.5920410    
   307.500000      -50.0994530      -211.842041    
   311.250000      -50.0994530      -275.467041    
   315.000000      -50.0994530      -59.2170410    
   318.750000      -50.0994530       229.157959    
   322.500000      -50.0994530       475.407959    
   326.250000      -50.0994530       652.532959    
   330.000000      -50.0994530       771.532959    
   333.750000      -50.0994530       796.407959    
   337.500000      -50.0994530       685.407959    
   341.250000      -50.0994530       505.532959    
   345.000000      -50.0994530       279.782959    
   348.750000      -50.0994530       89.6579590    
   352.500000      -50.0994530      -68.2170410    
   356.250000      -50.0994530      -102.592041    
   360.000000      -50.0994530       143.532959    
   0.00000000      -46.3885536       841.782959    
   3.75000000      -46.3885536       665.657959    
   7.50000000      -46.3885536       790.032959    
   11.2500000      -46.3885536       977.532959    
   15.0000000      -46.3885536       1054.65796    
   18.7500000      -46.3885536       964.657959    
   22.5000000      -46.3885536       486.532959    
   26.2500000      -46.3885536      -233.967041    
   30.0000000      -46.3885536      -629.967041    
   33.7500000      -46.3885536      -337.342041    
   37.5000000      -46.3885536       295.032959    
   41.2500000      -46.3885536       839.907959    
   45.0000000      -46.3885536       1303.65796    
   48.7500000      -46.3885536       1605.28296    
   52.5000000      -46.3885536       1695.28296    
   56.2500000      -46.3885536       1653.03296    
   60.0000000      -46.3885536       1484.28296    
   63.7500000      -46.3885536       1214.78296    
   67.5000000      -46.3885536       847.532959    
   71.2500000      -46.3885536       441.407959    
   75.0000000      -46.3885536       95.4079590    
   78.7500000      -46.3885536      -141.842041    
   82.5000000      -46.3885536      -131.342041    
   86.2500000      -46.3885536      -44.4670410    
   90.0000000      -46.3885536      -30.7170410    
   93.7500000      -46.3885536      -130.592041    
   97.5000000      -46.3885536      -409.217041    
   101.250000      -46.3885536      -105.467041    
   105.000000      -46.3885536       67.4079590    
   108.750000      -46.3885536       319.282959    
   112.500000      -46.3885536       668.657959    
   116.250000      -46.3885536       881.532959    
   120.000000      -46.3885536       977.532959    
   123.750000      -46.3885536       1022.53296    
   127.500000      -46.3885536       1027.28296    
   131.250000      -46.3885536       1022.40796    
   135.000000      -46.3885536       989.282959    
   138.750000      -46.3885536       877.032959    
   142.500000      -46.3885536       728.407959    
   146.250000      -46.3885536       576.907959    
   150.000000      -46.3885536       438.657959    
   153.750000      -46.3885536       258.032959    
   157.500000      -46.3885536       72.5329590    
   161.250000      -46.3885536       8.53295898    
   165.000000      -46.3885536      -201.967041    
   168.750000      -46.3885536      -437.467041    
   172.500000      -46.3885536      -327.842041    
   176.250000      -46.3885536      -78.5920410    
   180.000000      -46.3885536       325.157959    
   183.750000      -46.3885536       659.032959    
   187.500000      -46.3885536       1047.53296    
   191.250000      -46.3885536       1349.40796    
   195.000000      -46.3885536       1653.65796    
   198.750000      -46.3885536       2034.15796    
   202.500000      -46.3885536       2245.28296    
   206.250000      -46.3885536       2296.53296    
   210.000000      -46.3885536       2235.78296    
   213.750000      -46.3885536       2182.90796    
   217.500000      -46.3885536       2142.53296    
   221.250000      -46.3885536       2043.15796    
   225.000000      -46.3885536       1905.78296    
   228.750000      -46.3885536       1777.40796    
   232.500000      -46.3885536       1643.28296    
   236.250000      -46.3885536       1522.40796    
   240.000000      -46.3885536       1409.90796    
   243.750000      -46.3885536       1277.28296    
   247.500000      -46.3885536       1115.78296    
   251.250000      -46.3885536       1004.28296    
   255.000000      -46.3885536       1023.53296    
   258.750000      -46.3885536       1180.53296    
   262.500000      -46.3885536       1340.40796    
   266.250000      -46.3885536       1437.78296    
   270.000000      -46.3885536       1520.40796    
   273.750000      -46.3885536       1634.03296    
   277.500000      -46.3885536       1736.28296    
   281.250000      -46.3885536       1815.03296    
   285.000000      -46.3885536       1756.15796    
   288.750000      -46.3885536       1175.90796    
   292.500000      -46.3885536       590.657959    
   296.250000      -46.3885536       769.782959    
   300.000000      -46.3885536       766.907959    
   303.750000      -46.3885536       598.782959    
   307.500000      -46.3885536       336.657959    
   311.250000      -46.3885536       314.782959    
   315.000000      -46.3885536       343.657959    
   318.750000      -46.3885536       457.032959    
   322.500000      -46.3885536       750.907959    
   326.250000      -46.3885536       960.532959    
   330.000000      -46.3885536       1094.40796    
   333.750000      -46.3885536       1152.03296    
   337.500000      -46.3885536       1143.28296    
   341.250000      -46.3885536       1119.65796    
   345.000000      -46.3885536       1053.65796    
   348.750000      -46.3885536       953.407959    
   352.500000      -46.3885536       850.407959    
   356.250000      -46.3885536       833.157959    
   360.000000      -46.3885536       841.782959    
   0.00000000      -42.6776047       1176.03296    
   3.75000000      -42.6776047       941.282959    
   7.50000000      -42.6776047       1078.65796    
   11.2500000      -42.6776047       1145.28296    
   15.0000000      -42.6776047       1120.03296    
   18.7500000      -42.6776047       1032.15796    
   22.5000000      -42.6776047       691.657959    
   26.2500000      -42.6776047       277.907959    
   30.0000000      -42.6776047       138.907959    
   33.7500000      -42.6776047       241.407959    
   37.5000000      -42.6776047       771.782959    
   41.2500000      -42.6776047       1257.53296    
   45.0000000      -42.6776047       1627.53296    
   48.7500000      -42.6776047       1909.53296    
   52.5000000      -42.6776047       2022.15796    
   56.2500000      -42.6776047       2014.90796    
   60.0000000      -42.6776047       1921.15796    
   63.7500000      -42.6776047       1757.90796    
   67.5000000      -42.6776047       1575.53296    
   71.2500000      -42.6776047       1353.03296    
   75.0000000      -42.6776047       1102.78296    
   78.7500000      -42.6776047       896.532959    
   82.5000000      -42.6776047       714.532959    
   86.2500000      -42.6776047       583.032959    
   90.0000000      -42.6776047       497.407959    
   93.7500000      -42.6776047       226.657959    
   97.5000000      -42.6776047      -32.9670410    
   101.250000      -42.6776047       163.407959    
   105.000000      -42.6776047       209.782959    
   108.750000      -42.6776047       361.032959    
   112.500000      -42.6776047       562.032959    
   116.250000      -42.6776047       825.532959    
   120.000000      -42.6776047       972.282959    
   123.750000      -42.6776047       1091.65796    
   127.500000      -42.6776047       1154.28296    
   131.250000      -42.6776047       1224.15796    
   135.000000      -42.6776047       1213.53296    
   138.750000      -42.6776047       1159.40796    
   142.500000      -42.6776047       1097.03296    
   146.250000      -42.6776047       1029.53296    
   150.000000      -42.6776047       867.157959    
   153.750000      -42.6776047       720.907959    
   157.500000      -42.6776047       538.532959    
   161.250000      -42.6776047       415.657959    
   165.000000      -42.6776047      -112.592041    
   168.750000      -42.6776047      -579.717041    
   172.500000      -42.6776047      -685.092041    
   176.250000      -42.6776047      -106.217041    
   180.000000      -42.6776047       408.032959    
   183.750000      -42.6776047       853.532959    
   187.500000      -42.6776047       1168.40796    
   191.250000      -42.6776047       1462.65796    
   195.000000      -42.6776047       1716.53296    
   198.750000      -42.6776047       2077.78296    
   202.500000      -42.6776047       2297.03296    
   206.250000      -42.6776047       2350.90796    
   210.000000      -42.6776047       2300.65796    
   213.750000      -42.6776047       2188.03296    
   217.500000      -42.6776047       2060.78296    
   221.250000      -42.6776047       1928.78296    
   225.000000      -42.6776047       1814.78296    
   228.750000      -42.6776047       1752.40796    
   232.500000      -42.6776047       1685.90796    
   236.250000      -42.6776047       1623.15796    
   240.000000      -42.6776047       1555.90796    
   243.750000      -42.6776047       1499.28296    
   247.500000      -42.6776047       1452.78296    
   251.250000      -42.6776047       1458.65796    
   255.000000      -42.6776047       1538.78296    
   258.750000      -42.6776047       1689.53296    
   262.500000      -42.6776047       1835.90796    
   266.250000      -42.6776047       1941.90796    
   270.000000      -42.6776047       2005.28296    
   273.750000      -42.6776047       2029.78296    
   277.500000      -42.6776047       2055.03296    
   281.250000      -42.6776047       2009.28296    
   285.000000      -42.6776047       1896.78296    
   288.750000      -42.6776047       1542.28296    
   292.500000      -42.6776047       906.532959    
   296.250000      -42.6776047       942.032959    
   300.000000      -42.6776047       903.407959    
   303.750000      -42.6776047       710.907959    
   307.500000      -42.6776047       645.657959    
   311.250000      -42.6776047       682.157959    
   315.000000      -42.6776047       773.282959    
   318.750000      -42.6776047       1001.40796    
   322.500000      -42.6776047       1186.90796    
   326.250000      -42.6776047       1329.15796    
   330.000000      -42.6776047       1407.03296    
   333.750000      -42.6776047       1463.90796    
   337.500000      -42.6776047       1519.03296    
   341.250000      -42.6776047       1595.28296    
   345.000000      -42.6776047       1633.78296    
   348.750000      -42.6776047       1594.15796    
   352.500000      -42.6776047       1511.15796    
   356.250000      -42.6776047       1393.78296    
   360.000000      -42.6776047       1176.03296    
   0.00000000      -38.9666100       1317.28296    
   3.75000000      -38.9666100       1154.65796    
   7.50000000      -38.9666100       1198.28296    
   11.2500000      -38.9666100       1197.03296    
   15.0000000      -38.9666100       1183.90796    
   18.7500000      -38.9666100       1143.65796    
   22.5000000      -38.9666100       1060.15796    
   26.2500000      -38.9666100       910.407959    
   30.0000000      -38.9666100       743.657959    
   33.7500000      -38.9666100       819.282959    
   37.5000000      -38.9666100       1118.15796    
   41.2500000      -38.9666100       1338.78296    
   45.0000000      -38.9666100       1575.53296    
   48.7500000      -38.9666100       1848.78296    
   52.5000000      -38.9666100       2033.28296    
   56.2500000      -38.9666100       2098.78296    
   60.0000000      -38.9666100       2075.65796    
   63.7500000      -38.9666100       2011.15796    
   67.5000000      -38.9666100       1912.28296    
   71.2500000      -38.9666100       1777.90796    
   75.0000000      -38.9666100       1611.90796    
   78.7500000      -38.9666100       1430.40796    
   82.5000000      -38.9666100       1283.65796    
   86.2500000      -38.9666100       1139.78296    
   90.0000000      -38.9666100       864.157959    
   93.7500000      -38.9666100       599.282959    
   97.5000000      -38.9666100       609.907959    
   101.250000      -38.9666100       449.157959    
   105.000000      -38.9666100       229.907959    
   108.750000      -38.9666100       219.657959    
   112.500000      -38.9666100       386.407959    
   116.250000      -38.9666100       633.032959    
   120.000000      -38.9666100       872.907959    
   123.750000      -38.9666100       941.157959    
   127.500000      -38.9666100       1082.90796    
   131.250000      -38.9666100       1199.03296    
   135.000000      -38.9666100       1279.15796    
   138.750000      -38.9666100       1271.03296    
   142.500000      -38.9666100       1283.53296    
   146.250000      -38.9666100       1282.90796    
   150.000000      -38.9666100       1197.65796    
   153.750000      -38.9666100       1142.15796    
   157.500000      -38.9666100       1050.40796    
   161.250000      -38.9666100       867.032959    
   165.000000      -38.9666100       446.532959    
   168.750000      -38.9666100       63.2829590    
   172.500000      -38.9666100       60.4079590    
   176.250000      -38.9666100       267.157959    
   180.000000      -38.9666100       537.782959    
   183.750000      -38.9666100       932.032959    
   187.500000      -38.9666100       1304.28296    
   191.250000      -38.9666100       1522.03296    
   195.000000      -38.9666100       1670.53296    
   198.750000      -38.9666100       1950.65796    
   202.500000      -38.9666100       2166.28296    
   206.250000      -38.9666100       2124.53296    
   210.000000      -38.9666100       2047.28296    
   213.750000      -38.9666100       1915.65796    
   217.500000      -38.9666100       1714.78296    
   221.250000      -38.9666100       1564.90796    
   225.000000      -38.9666100       1505.90796    
   228.750000      -38.9666100       1583.28296    
   232.500000      -38.9666100       1718.53296    
   236.250000      -38.9666100       1748.78296    
   240.000000      -38.9666100       1696.03296    
   243.750000      -38.9666100       1636.28296    
   247.500000      -38.9666100       1768.78296    
   251.250000      -38.9666100       1926.40796    
   255.000000      -38.9666100       2036.53296    
   258.750000      -38.9666100       2080.78296    
   262.500000      -38.9666100       2095.90796    
   266.250000      -38.9666100       2134.78296    
   270.000000      -38.9666100       2173.40796    
   273.750000      -38.9666100       2201.40796    
   277.500000      -38.9666100       2177.65796    
   281.250000      -38.9666100       2074.53296    
   285.000000      -38.9666100       1863.03296    
   288.750000      -38.9666100       1515.65796    
   292.500000      -38.9666100       750.657959    
   296.250000      -38.9666100       887.532959    
   300.000000      -38.9666100       969.657959    
   303.750000      -38.9666100       907.032959    
   307.500000      -38.9666100       950.032959    
   311.250000      -38.9666100       1053.53296    
   315.000000      -38.9666100       1124.78296    
   318.750000      -38.9666100       1112.65796    
   322.500000      -38.9666100       1169.53296    
   326.250000      -38.9666100       1269.15796    
   330.000000      -38.9666100       1366.90796    
   333.750000      -38.9666100       1414.15796    
   337.500000      -38.9666100       1623.65796    
   341.250000      -38.9666100       1851.15796    
   345.000000      -38.9666100       1927.03296    
   348.750000      -38.9666100       1886.65796    
   352.500000      -38.9666100       1739.15796    
   356.250000      -38.9666100       1550.15796    
   360.000000      -38.9666100       1317.28296    
   0.00000000      -35.2555809       1345.28296    
   3.75000000      -35.2555809       1188.78296    
   7.50000000      -35.2555809       1246.03296    
   11.2500000      -35.2555809       1240.53296    
   15.0000000      -35.2555809       1221.40796    
   18.7500000      -35.2555809       1171.78296    
   22.5000000      -35.2555809       1172.15796    
   26.2500000      -35.2555809       1045.40796    
   30.0000000      -35.2555809       894.532959    
   33.7500000      -35.2555809       988.407959    
   37.5000000      -35.2555809       1161.15796    
   41.2500000      -35.2555809       1282.65796    
   45.0000000      -35.2555809       1487.03296    
   48.7500000      -35.2555809       1712.40796    
   52.5000000      -35.2555809       1880.03296    
   56.2500000      -35.2555809       2006.65796    
   60.0000000      -35.2555809       2068.53296    
   63.7500000      -35.2555809       2046.65796    
   67.5000000      -35.2555809       2031.65796    
   71.2500000      -35.2555809       1942.78296    
   75.0000000      -35.2555809       1825.15796    
   78.7500000      -35.2555809       1659.53296    
   82.5000000      -35.2555809       1457.03296    
   86.2500000      -35.2555809       1289.65796    
   90.0000000      -35.2555809       1154.40796    
   93.7500000      -35.2555809       1068.78296    
   97.5000000      -35.2555809       884.782959    
   101.250000      -35.2555809       577.532959    
   105.000000      -35.2555809       248.157959    
   108.750000      -35.2555809       178.532959    
   112.500000      -35.2555809       314.157959    
   116.250000      -35.2555809       414.782959    
   120.000000      -35.2555809       614.407959    
   123.750000      -35.2555809       715.782959    
   127.500000      -35.2555809       865.907959    
   131.250000      -35.2555809       911.532959    
   135.000000      -35.2555809       1017.78296    
   138.750000      -35.2555809       1044.65796    
   142.500000      -35.2555809       1207.53296    
   146.250000      -35.2555809       1201.53296    
   150.000000      -35.2555809       1225.65796    
   153.750000      -35.2555809       1409.15796    
   157.500000      -35.2555809       1324.28296    
   161.250000      -35.2555809       1175.53296    
   165.000000      -35.2555809       923.782959    
   168.750000      -35.2555809       746.032959    
   172.500000      -35.2555809       698.907959    
   176.250000      -35.2555809       686.032959    
   180.000000      -35.2555809       887.157959    
   183.750000      -35.2555809       1040.53296    
   187.500000      -35.2555809       1386.78296    
   191.250000      -35.2555809       1557.78296    
   195.000000      -35.2555809       1527.28296    
   198.750000      -35.2555809       1753.53296    
   202.500000      -35.2555809       1905.65796    
   206.250000      -35.2555809       1867.03296    
   210.000000      -35.2555809       1767.90796    
   213.750000      -35.2555809       1589.40796    
   217.500000      -35.2555809       1369.78296    
   221.250000      -35.2555809       1357.78296    
   225.000000      -35.2555809       1301.53296    
   228.750000      -35.2555809       1390.15796    
   232.500000      -35.2555809       1582.65796    
   236.250000      -35.2555809       1660.78296    
   240.000000      -35.2555809       1676.53296    
   243.750000      -35.2555809       1775.78296    
   247.500000      -35.2555809       1896.28296    
   251.250000      -35.2555809       2035.65796    
   255.000000      -35.2555809       2103.65796    
   258.750000      -35.2555809       2084.90796    
   262.500000      -35.2555809       2060.53296    
   266.250000      -35.2555809       2024.15796    
   270.000000      -35.2555809       2085.53296    
   273.750000      -35.2555809       2099.90796    
   277.500000      -35.2555809       2087.78296    
   281.250000      -35.2555809       1950.90796    
   285.000000      -35.2555809       1578.28296    
   288.750000      -35.2555809       1153.65796    
   292.500000      -35.2555809       637.782959    
   296.250000      -35.2555809       733.782959    
   300.000000      -35.2555809       862.407959    
   303.750000      -35.2555809       980.532959    
   307.500000      -35.2555809       1110.53296    
   311.250000      -35.2555809       1175.28296    
   315.000000      -35.2555809       1020.28296    
   318.750000      -35.2555809       865.907959    
   322.500000      -35.2555809       812.907959    
   326.250000      -35.2555809       1022.90796    
   330.000000      -35.2555809       1030.40796    
   333.750000      -35.2555809       1024.15796    
   337.500000      -35.2555809       1555.28296    
   341.250000      -35.2555809       1906.15796    
   345.000000      -35.2555809       2015.78296    
   348.750000      -35.2555809       1967.40796    
   352.500000      -35.2555809       1732.78296    
   356.250000      -35.2555809       1554.90796    
   360.000000      -35.2555809       1345.28296    
   0.00000000      -31.5445251       1442.03296    
   3.75000000      -31.5445251       1352.65796    
   7.50000000      -31.5445251       1260.28296    
   11.2500000      -31.5445251       1222.78296    
   15.0000000      -31.5445251       1184.15796    
   18.7500000      -31.5445251       1047.78296    
   22.5000000      -31.5445251       993.782959    
   26.2500000      -31.5445251       983.657959    
   30.0000000      -31.5445251       883.907959    
   33.7500000      -31.5445251       951.032959    
   37.5000000      -31.5445251       1018.65796    
   41.2500000      -31.5445251       1081.65796    
   45.0000000      -31.5445251       1187.78296    
   48.7500000      -31.5445251       1430.15796    
   52.5000000      -31.5445251       1662.28296    
   56.2500000      -31.5445251       1868.15796    
   60.0000000      -31.5445251       1908.90796    
   63.7500000      -31.5445251       1919.28296    
   67.5000000      -31.5445251       1927.90796    
   71.2500000      -31.5445251       1888.65796    
   75.0000000      -31.5445251       1787.40796    
   78.7500000      -31.5445251       1645.65796    
   82.5000000      -31.5445251       1547.03296    
   86.2500000      -31.5445251       1457.90796    
   90.0000000      -31.5445251       1365.03296    
   93.7500000      -31.5445251       1162.15796    
   97.5000000      -31.5445251       1002.40796    
   101.250000      -31.5445251       680.532959    
   105.000000      -31.5445251       408.032959    
   108.750000      -31.5445251       409.907959    
   112.500000      -31.5445251       536.407959    
   116.250000      -31.5445251       631.657959    
   120.000000      -31.5445251       471.032959    
   123.750000      -31.5445251       491.157959    
   127.500000      -31.5445251       587.407959    
   131.250000      -31.5445251       612.532959    
   135.000000      -31.5445251       841.782959    
   138.750000      -31.5445251       1120.90796    
   142.500000      -31.5445251       1128.78296    
   146.250000      -31.5445251       1169.65796    
   150.000000      -31.5445251       1317.40796    
   153.750000      -31.5445251       1540.90796    
   157.500000      -31.5445251       1507.03296    
   161.250000      -31.5445251       1377.28296    
   165.000000      -31.5445251       1240.15796    
   168.750000      -31.5445251       1118.15796    
   172.500000      -31.5445251       1034.15796    
   176.250000      -31.5445251       1011.28296    
   180.000000      -31.5445251       1169.40796    
   183.750000      -31.5445251       1346.53296    
   187.500000      -31.5445251       1414.53296    
   191.250000      -31.5445251       1524.78296    
   195.000000      -31.5445251       1456.28296    
   198.750000      -31.5445251       1531.15796    
   202.500000      -31.5445251       1676.65796    
   206.250000      -31.5445251       1658.15796    
   210.000000      -31.5445251       1572.03296    
   213.750000      -31.5445251       1392.90796    
   217.500000      -31.5445251       1309.03296    
   221.250000      -31.5445251       1249.90796    
   225.000000      -31.5445251       1178.65796    
   228.750000      -31.5445251       1186.15796    
   232.500000      -31.5445251       1450.40796    
   236.250000      -31.5445251       1608.40796    
   240.000000      -31.5445251       1765.65796    
   243.750000      -31.5445251       1881.53296    
   247.500000      -31.5445251       1856.53296    
   251.250000      -31.5445251       1913.03296    
   255.000000      -31.5445251       1955.28296    
   258.750000      -31.5445251       1946.78296    
   262.500000      -31.5445251       1934.15796    
   266.250000      -31.5445251       1850.53296    
   270.000000      -31.5445251       1859.28296    
   273.750000      -31.5445251       1896.03296    
   277.500000      -31.5445251       1913.78296    
   281.250000      -31.5445251       1748.40796    
   285.000000      -31.5445251       1438.15796    
   288.750000      -31.5445251       1115.15796    
   292.500000      -31.5445251       513.157959    
   296.250000      -31.5445251       795.782959    
   300.000000      -31.5445251       791.407959    
   303.750000      -31.5445251       945.907959    
   307.500000      -31.5445251       1088.65796    
   311.250000      -31.5445251       1112.78296    
   315.000000      -31.5445251       952.407959    
   318.750000      -31.5445251       708.532959    
   322.500000      -31.5445251       511.782959    
   326.250000      -31.5445251       990.782959    
   330.000000      -31.5445251       1242.53296    
   333.750000      -31.5445251       1426.90796    
   337.500000      -31.5445251       1638.03296    
   341.250000      -31.5445251       1919.03296    
   345.000000      -31.5445251       2026.65796    
   348.750000      -31.5445251       1915.65796    
   352.500000      -31.5445251       1735.15796    
   356.250000      -31.5445251       1563.28296    
   360.000000      -31.5445251       1442.03296    
   0.00000000      -27.8334446       1482.53296    
   3.75000000      -27.8334446       1365.03296    
   7.50000000      -27.8334446       1216.15796    
   11.2500000      -27.8334446       1087.90796    
   15.0000000      -27.8334446       1023.28296    
   18.7500000      -27.8334446       919.032959    
   22.5000000      -27.8334446       631.657959    
   26.2500000      -27.8334446       851.407959    
   30.0000000      -27.8334446       815.407959    
   33.7500000      -27.8334446       781.157959    
   37.5000000      -27.8334446       882.282959    
   41.2500000      -27.8334446       891.657959    
   45.0000000      -27.8334446       926.282959    
   48.7500000      -27.8334446       1220.53296    
   52.5000000      -27.8334446       1479.28296    
   56.2500000      -27.8334446       1637.65796    
   60.0000000      -27.8334446       1625.15796    
   63.7500000      -27.8334446       1668.15796    
   67.5000000      -27.8334446       1727.90796    
   71.2500000      -27.8334446       1740.15796    
   75.0000000      -27.8334446       1697.40796    
   78.7500000      -27.8334446       1607.78296    
   82.5000000      -27.8334446       1518.40796    
   86.2500000      -27.8334446       1454.65796    
   90.0000000      -27.8334446       1349.65796    
   93.7500000      -27.8334446       1171.15796    
   97.5000000      -27.8334446       979.157959    
   101.250000      -27.8334446       806.907959    
   105.000000      -27.8334446       686.657959    
   108.750000      -27.8334446       704.657959    
   112.500000      -27.8334446       789.532959    
   116.250000      -27.8334446       766.032959    
   120.000000      -27.8334446       518.407959    
   123.750000      -27.8334446       415.532959    
   127.500000      -27.8334446       329.657959    
   131.250000      -27.8334446       616.282959    
   135.000000      -27.8334446       865.657959    
   138.750000      -27.8334446       974.282959    
   142.500000      -27.8334446       972.782959    
   146.250000      -27.8334446       1013.78296    
   150.000000      -27.8334446       1203.28296    
   153.750000      -27.8334446       1558.53296    
   157.500000      -27.8334446       1520.90796    
   161.250000      -27.8334446       1448.90796    
   165.000000      -27.8334446       1304.78296    
   168.750000      -27.8334446       1154.15796    
   172.500000      -27.8334446       1167.78296    
   176.250000      -27.8334446       1153.15796    
   180.000000      -27.8334446       1337.40796    
   183.750000      -27.8334446       1404.90796    
   187.500000      -27.8334446       1447.15796    
   191.250000      -27.8334446       1478.40796    
   195.000000      -27.8334446       1422.03296    
   198.750000      -27.8334446       1443.65796    
   202.500000      -27.8334446       1493.78296    
   206.250000      -27.8334446       1481.28296    
   210.000000      -27.8334446       1424.65796    
   213.750000      -27.8334446       1368.40796    
   217.500000      -27.8334446       1280.65796    
   221.250000      -27.8334446       1172.40796    
   225.000000      -27.8334446       1093.53296    
   228.750000      -27.8334446       1257.15796    
   232.500000      -27.8334446       1457.78296    
   236.250000      -27.8334446       1652.28296    
   240.000000      -27.8334446       1796.28296    
   243.750000      -27.8334446       1866.78296    
   247.500000      -27.8334446       1858.28296    
   251.250000      -27.8334446       1880.53296    
   255.000000      -27.8334446       1846.03296    
   258.750000      -27.8334446       1816.03296    
   262.500000      -27.8334446       1773.15796    
   266.250000      -27.8334446       1719.78296    
   270.000000      -27.8334446       1762.15796    
   273.750000      -27.8334446       1773.03296    
   277.500000      -27.8334446       1747.15796    
   281.250000      -27.8334446       1618.90796    
   285.000000      -27.8334446       1391.65796    
   288.750000      -27.8334446       1168.15796    
   292.500000      -27.8334446       745.782959    
   296.250000      -27.8334446       478.407959    
   300.000000      -27.8334446       740.907959    
   303.750000      -27.8334446       775.157959    
   307.500000      -27.8334446       935.157959    
   311.250000      -27.8334446       1119.90796    
   315.000000      -27.8334446       1014.53296    
   318.750000      -27.8334446       917.282959    
   322.500000      -27.8334446       1015.15796    
   326.250000      -27.8334446       1231.15796    
   330.000000      -27.8334446       1478.03296    
   333.750000      -27.8334446       1665.90796    
   337.500000      -27.8334446       1758.90796    
   341.250000      -27.8334446       1853.90796    
   345.000000      -27.8334446       1858.28296    
   348.750000      -27.8334446       1815.40796    
   352.500000      -27.8334446       1722.65796    
   356.250000      -27.8334446       1593.03296    
   360.000000      -27.8334446       1482.53296    
   0.00000000      -24.1223469       1375.40796    
   3.75000000      -24.1223469       1272.53296    
   7.50000000      -24.1223469       1164.40796    
   11.2500000      -24.1223469       1093.90796    
   15.0000000      -24.1223469       946.532959    
   18.7500000      -24.1223469       655.907959    
   22.5000000      -24.1223469       498.032959    
   26.2500000      -24.1223469       671.407959    
   30.0000000      -24.1223469       913.407959    
   33.7500000      -24.1223469       745.407959    
   37.5000000      -24.1223469       783.407959    
   41.2500000      -24.1223469       884.907959    
   45.0000000      -24.1223469       967.282959    
   48.7500000      -24.1223469       1153.28296    
   52.5000000      -24.1223469       1353.40796    
   56.2500000      -24.1223469       1441.28296    
   60.0000000      -24.1223469       1417.53296    
   63.7500000      -24.1223469       1439.28296    
   67.5000000      -24.1223469       1449.03296    
   71.2500000      -24.1223469       1512.40796    
   75.0000000      -24.1223469       1487.40796    
   78.7500000      -24.1223469       1468.03296    
   82.5000000      -24.1223469       1421.03296    
   86.2500000      -24.1223469       1363.65796    
   90.0000000      -24.1223469       1313.15796    
   93.7500000      -24.1223469       1231.90796    
   97.5000000      -24.1223469       1110.40796    
   101.250000      -24.1223469       1004.28296    
   105.000000      -24.1223469       941.282959    
   108.750000      -24.1223469       941.157959    
   112.500000      -24.1223469       917.657959    
   116.250000      -24.1223469       884.157959    
   120.000000      -24.1223469       650.407959    
   123.750000      -24.1223469       459.657959    
   127.500000      -24.1223469       552.782959    
   131.250000      -24.1223469       695.907959    
   135.000000      -24.1223469       867.157959    
   138.750000      -24.1223469       857.532959    
   142.500000      -24.1223469       838.282959    
   146.250000      -24.1223469       956.032959    
   150.000000      -24.1223469       1156.78296    
   153.750000      -24.1223469       1293.53296    
   157.500000      -24.1223469       1302.28296    
   161.250000      -24.1223469       1237.78296    
   165.000000      -24.1223469       1220.90796    
   168.750000      -24.1223469       1195.40796    
   172.500000      -24.1223469       1167.15796    
   176.250000      -24.1223469       1216.78296    
   180.000000      -24.1223469       1289.53296    
   183.750000      -24.1223469       1302.90796    
   187.500000      -24.1223469       1335.40796    
   191.250000      -24.1223469       1332.28296    
   195.000000      -24.1223469       1311.40796    
   198.750000      -24.1223469       1262.78296    
   202.500000      -24.1223469       1257.78296    
   206.250000      -24.1223469       1206.65796    
   210.000000      -24.1223469       1224.03296    
   213.750000      -24.1223469       1220.28296    
   217.500000      -24.1223469       1123.28296    
   221.250000      -24.1223469       1061.90796    
   225.000000      -24.1223469       1153.40796    
   228.750000      -24.1223469       1312.78296    
   232.500000      -24.1223469       1487.03296    
   236.250000      -24.1223469       1595.78296    
   240.000000      -24.1223469       1700.03296    
   243.750000      -24.1223469       1759.03296    
   247.500000      -24.1223469       1751.15796    
   251.250000      -24.1223469       1742.40796    
   255.000000      -24.1223469       1672.53296    
   258.750000      -24.1223469       1655.03296    
   262.500000      -24.1223469       1633.03296    
   266.250000      -24.1223469       1609.53296    
   270.000000      -24.1223469       1604.40796    
   273.750000      -24.1223469       1612.65796    
   277.500000      -24.1223469       1585.78296    
   281.250000      -24.1223469       1476.40796    
   285.000000      -24.1223469       1331.15796    
   288.750000      -24.1223469       1230.03296    
   292.500000      -24.1223469       908.657959    
   296.250000      -24.1223469       413.407959    
   300.000000      -24.1223469       500.407959    
   303.750000      -24.1223469       657.782959    
   307.500000      -24.1223469       863.782959    
   311.250000      -24.1223469       1095.28296    
   315.000000      -24.1223469       1163.15796    
   318.750000      -24.1223469       1217.78296    
   322.500000      -24.1223469       1307.65796    
   326.250000      -24.1223469       1402.90796    
   330.000000      -24.1223469       1567.15796    
   333.750000      -24.1223469       1671.78296    
   337.500000      -24.1223469       1670.03296    
   341.250000      -24.1223469       1680.03296    
   345.000000      -24.1223469       1632.90796    
   348.750000      -24.1223469       1597.53296    
   352.500000      -24.1223469       1546.53296    
   356.250000      -24.1223469       1472.65796    
   360.000000      -24.1223469       1375.40796    
   0.00000000      -20.4112377       1210.15796    
   3.75000000      -20.4112377       1186.53296    
   7.50000000      -20.4112377       1149.40796    
   11.2500000      -20.4112377       1035.53296    
   15.0000000      -20.4112377       959.657959    
   18.7500000      -20.4112377       816.032959    
   22.5000000      -20.4112377       697.907959    
   26.2500000      -20.4112377       802.032959    
   30.0000000      -20.4112377       923.407959    
   33.7500000      -20.4112377       666.157959    
   37.5000000      -20.4112377       324.782959    
   41.2500000      -20.4112377       714.282959    
   45.0000000      -20.4112377       926.032959    
   48.7500000      -20.4112377       1129.65796    
   52.5000000      -20.4112377       1235.78296    
   56.2500000      -20.4112377       1280.53296    
   60.0000000      -20.4112377       1257.28296    
   63.7500000      -20.4112377       1207.78296    
   67.5000000      -20.4112377       1243.03296    
   71.2500000      -20.4112377       1272.90796    
   75.0000000      -20.4112377       1292.03296    
   78.7500000      -20.4112377       1269.53296    
   82.5000000      -20.4112377       1239.28296    
   86.2500000      -20.4112377       1243.90796    
   90.0000000      -20.4112377       1222.65796    
   93.7500000      -20.4112377       1164.78296    
   97.5000000      -20.4112377       1112.40796    
   101.250000      -20.4112377       1078.53296    
   105.000000      -20.4112377       1031.03296    
   108.750000      -20.4112377       976.157959    
   112.500000      -20.4112377       958.407959    
   116.250000      -20.4112377       924.532959    
   120.000000      -20.4112377       798.407959    
   123.750000      -20.4112377       788.157959    
   127.500000      -20.4112377       706.407959    
   131.250000      -20.4112377       830.532959    
   135.000000      -20.4112377       838.157959    
   138.750000      -20.4112377       796.157959    
   142.500000      -20.4112377       764.157959    
   146.250000      -20.4112377       860.782959    
   150.000000      -20.4112377       1084.90796    
   153.750000      -20.4112377       1104.28296    
   157.500000      -20.4112377       1141.53296    
   161.250000      -20.4112377       1140.15796    
   165.000000      -20.4112377       1081.03296    
   168.750000      -20.4112377       1070.65796    
   172.500000      -20.4112377       1037.65796    
   176.250000      -20.4112377       1108.53296    
   180.000000      -20.4112377       1144.40796    
   183.750000      -20.4112377       1164.15796    
   187.500000      -20.4112377       1161.03296    
   191.250000      -20.4112377       1164.40796    
   195.000000      -20.4112377       1101.28296    
   198.750000      -20.4112377       1008.28296    
   202.500000      -20.4112377       917.782959    
   206.250000      -20.4112377       898.282959    
   210.000000      -20.4112377       943.907959    
   213.750000      -20.4112377       1059.40796    
   217.500000      -20.4112377       1034.15796    
   221.250000      -20.4112377       1016.28296    
   225.000000      -20.4112377       1114.03296    
   228.750000      -20.4112377       1308.15796    
   232.500000      -20.4112377       1413.40796    
   236.250000      -20.4112377       1464.53296    
   240.000000      -20.4112377       1547.40796    
   243.750000      -20.4112377       1566.28296    
   247.500000      -20.4112377       1542.15796    
   251.250000      -20.4112377       1511.28296    
   255.000000      -20.4112377       1491.40796    
   258.750000      -20.4112377       1487.65796    
   262.500000      -20.4112377       1470.53296    
   266.250000      -20.4112377       1453.28296    
   270.000000      -20.4112377       1462.15796    
   273.750000      -20.4112377       1438.53296    
   277.500000      -20.4112377       1387.15796    
   281.250000      -20.4112377       1293.53296    
   285.000000      -20.4112377       1243.78296    
   288.750000      -20.4112377       1177.78296    
   292.500000      -20.4112377       767.782959    
   296.250000      -20.4112377       761.282959    
   300.000000      -20.4112377       483.657959    
   303.750000      -20.4112377       638.532959    
   307.500000      -20.4112377       747.907959    
   311.250000      -20.4112377       835.282959    
   315.000000      -20.4112377       1036.28296    
   318.750000      -20.4112377       1276.28296    
   322.500000      -20.4112377       1292.90796    
   326.250000      -20.4112377       1408.78296    
   330.000000      -20.4112377       1466.03296    
   333.750000      -20.4112377       1514.28296    
   337.500000      -20.4112377       1504.78296    
   341.250000      -20.4112377       1481.65796    
   345.000000      -20.4112377       1459.65796    
   348.750000      -20.4112377       1394.53296    
   352.500000      -20.4112377       1348.53296    
   356.250000      -20.4112377       1318.03296    
   360.000000      -20.4112377       1210.15796    
   0.00000000      -16.7001171       1193.53296    
   3.75000000      -16.7001171       1136.78296    
   7.50000000      -16.7001171       1071.28296    
   11.2500000      -16.7001171       960.657959    
   15.0000000      -16.7001171       812.407959    
   18.7500000      -16.7001171       708.657959    
   22.5000000      -16.7001171       711.657959    
   26.2500000      -16.7001171       821.282959    
   30.0000000      -16.7001171       824.282959    
   33.7500000      -16.7001171       562.657959    
   37.5000000      -16.7001171       220.407959    
   41.2500000      -16.7001171       524.782959    
   45.0000000      -16.7001171       813.407959    
   48.7500000      -16.7001171       1254.53296    
   52.5000000      -16.7001171       1080.90796    
   56.2500000      -16.7001171       1088.28296    
   60.0000000      -16.7001171       1040.15796    
   63.7500000      -16.7001171       1016.78296    
   67.5000000      -16.7001171       996.282959    
   71.2500000      -16.7001171       1062.15796    
   75.0000000      -16.7001171       1137.65796    
   78.7500000      -16.7001171       1126.65796    
   82.5000000      -16.7001171       1137.90796    
   86.2500000      -16.7001171       1073.28296    
   90.0000000      -16.7001171       1060.53296    
   93.7500000      -16.7001171       1046.65796    
   97.5000000      -16.7001171       1021.03296    
   101.250000      -16.7001171       969.782959    
   105.000000      -16.7001171       1002.28296    
   108.750000      -16.7001171       1014.15796    
   112.500000      -16.7001171       1015.53296    
   116.250000      -16.7001171       1009.40796    
   120.000000      -16.7001171       944.282959    
   123.750000      -16.7001171       832.407959    
   127.500000      -16.7001171       850.407959    
   131.250000      -16.7001171       826.657959    
   135.000000      -16.7001171       855.657959    
   138.750000      -16.7001171       809.282959    
   142.500000      -16.7001171       823.782959    
   146.250000      -16.7001171       954.907959    
   150.000000      -16.7001171       1041.15796    
   153.750000      -16.7001171       1030.03296    
   157.500000      -16.7001171       1077.65796    
   161.250000      -16.7001171       1004.78296    
   165.000000      -16.7001171       921.407959    
   168.750000      -16.7001171       906.657959    
   172.500000      -16.7001171       956.157959    
   176.250000      -16.7001171       952.282959    
   180.000000      -16.7001171       971.032959    
   183.750000      -16.7001171       1039.28296    
   187.500000      -16.7001171       1020.78296    
   191.250000      -16.7001171       951.032959    
   195.000000      -16.7001171       917.032959    
   198.750000      -16.7001171       812.532959    
   202.500000      -16.7001171       803.657959    
   206.250000      -16.7001171       785.157959    
   210.000000      -16.7001171       799.157959    
   213.750000      -16.7001171       883.782959    
   217.500000      -16.7001171       951.657959    
   221.250000      -16.7001171       995.282959    
   225.000000      -16.7001171       1093.53296    
   228.750000      -16.7001171       1228.03296    
   232.500000      -16.7001171       1282.03296    
   236.250000      -16.7001171       1325.53296    
   240.000000      -16.7001171       1354.28296    
   243.750000      -16.7001171       1361.65796    
   247.500000      -16.7001171       1337.78296    
   251.250000      -16.7001171       1340.28296    
   255.000000      -16.7001171       1322.15796    
   258.750000      -16.7001171       1338.65796    
   262.500000      -16.7001171       1321.15796    
   266.250000      -16.7001171       1313.40796    
   270.000000      -16.7001171       1318.15796    
   273.750000      -16.7001171       1294.78296    
   277.500000      -16.7001171       1242.40796    
   281.250000      -16.7001171       1206.15796    
   285.000000      -16.7001171       1162.53296    
   288.750000      -16.7001171       1458.03296    
   292.500000      -16.7001171       1246.28296    
   296.250000      -16.7001171       625.157959    
   300.000000      -16.7001171       611.657959    
   303.750000      -16.7001171       631.657959    
   307.500000      -16.7001171       796.032959    
   311.250000      -16.7001171       884.407959    
   315.000000      -16.7001171       951.532959    
   318.750000      -16.7001171       1233.65796    
   322.500000      -16.7001171       1229.03296    
   326.250000      -16.7001171       1283.53296    
   330.000000      -16.7001171       1310.65796    
   333.750000      -16.7001171       1324.53296    
   337.500000      -16.7001171       1342.40796    
   341.250000      -16.7001171       1369.28296    
   345.000000      -16.7001171       1388.90796    
   348.750000      -16.7001171       1361.65796    
   352.500000      -16.7001171       1297.40796    
   356.250000      -16.7001171       1247.78296    
   360.000000      -16.7001171       1193.53296    
   0.00000000      -12.9889879       1177.53296    
   3.75000000      -12.9889879       1104.28296    
   7.50000000      -12.9889879       1051.40796    
   11.2500000      -12.9889879       987.407959    
   15.0000000      -12.9889879       1125.90796    
   18.7500000      -12.9889879       989.657959    
   22.5000000      -12.9889879       849.282959    
   26.2500000      -12.9889879       843.657959    
   30.0000000      -12.9889879       832.282959    
   33.7500000      -12.9889879       759.032959    
   37.5000000      -12.9889879       642.907959    
   41.2500000      -12.9889879       667.907959    
   45.0000000      -12.9889879       769.782959    
   48.7500000      -12.9889879       808.532959    
   52.5000000      -12.9889879       903.157959    
   56.2500000      -12.9889879       857.032959    
   60.0000000      -12.9889879       862.532959    
   63.7500000      -12.9889879       775.657959    
   67.5000000      -12.9889879       874.282959    
   71.2500000      -12.9889879       927.657959    
   75.0000000      -12.9889879       993.157959    
   78.7500000      -12.9889879       1036.65796    
   82.5000000      -12.9889879       969.282959    
   86.2500000      -12.9889879       873.282959    
   90.0000000      -12.9889879       722.282959    
   93.7500000      -12.9889879       810.532959    
   97.5000000      -12.9889879       838.032959    
   101.250000      -12.9889879       885.282959    
   105.000000      -12.9889879       943.282959    
   108.750000      -12.9889879       988.532959    
   112.500000      -12.9889879       1010.78296    
   116.250000      -12.9889879       971.282959    
   120.000000      -12.9889879       896.032959    
   123.750000      -12.9889879       863.782959    
   127.500000      -12.9889879       839.282959    
   131.250000      -12.9889879       804.157959    
   135.000000      -12.9889879       818.032959    
   138.750000      -12.9889879       827.907959    
   142.500000      -12.9889879       860.407959    
   146.250000      -12.9889879       917.282959    
   150.000000      -12.9889879       946.532959    
   153.750000      -12.9889879       960.407959    
   157.500000      -12.9889879       954.532959    
   161.250000      -12.9889879       879.407959    
   165.000000      -12.9889879       832.532959    
   168.750000      -12.9889879       782.282959    
   172.500000      -12.9889879       792.282959    
   176.250000      -12.9889879       774.282959    
   180.000000      -12.9889879       839.032959    
   183.750000      -12.9889879       838.407959    
   187.500000      -12.9889879       820.782959    
   191.250000      -12.9889879       787.657959    
   195.000000      -12.9889879       770.157959    
   198.750000      -12.9889879       765.032959    
   202.500000      -12.9889879       742.407959    
   206.250000      -12.9889879       779.782959    
   210.000000      -12.9889879       756.032959    
   213.750000      -12.9889879       830.532959    
   217.500000      -12.9889879       896.407959    
   221.250000      -12.9889879       976.782959    
   225.000000      -12.9889879       1030.40796    
   228.750000      -12.9889879       1091.28296    
   232.500000      -12.9889879       1148.40796    
   236.250000      -12.9889879       1164.28296    
   240.000000      -12.9889879       1192.28296    
   243.750000      -12.9889879       1172.15796    
   247.500000      -12.9889879       1189.40796    
   251.250000      -12.9889879       1206.65796    
   255.000000      -12.9889879       1215.15796    
   258.750000      -12.9889879       1243.53296    
   262.500000      -12.9889879       1231.03296    
   266.250000      -12.9889879       1204.03296    
   270.000000      -12.9889879       1200.65796    
   273.750000      -12.9889879       1162.78296    
   277.500000      -12.9889879       1144.15796    
   281.250000      -12.9889879       1111.78296    
   285.000000      -12.9889879       1733.78296    
   288.750000      -12.9889879       850.282959    
   292.500000      -12.9889879       629.157959    
   296.250000      -12.9889879       702.282959    
   300.000000      -12.9889879       803.407959    
   303.750000      -12.9889879       818.907959    
   307.500000      -12.9889879       815.907959    
   311.250000      -12.9889879       832.407959    
   315.000000      -12.9889879       1107.03296    
   318.750000      -12.9889879       1222.53296    
   322.500000      -12.9889879       1146.40796    
   326.250000      -12.9889879       1152.40796    
   330.000000      -12.9889879       1157.40796    
   333.750000      -12.9889879       1187.15796    
   337.500000      -12.9889879       1212.15796    
   341.250000      -12.9889879       1265.90796    
   345.000000      -12.9889879       1307.40796    
   348.750000      -12.9889879       1293.53296    
   352.500000      -12.9889879       1249.65796    
   356.250000      -12.9889879       1201.40796    
   360.000000      -12.9889879       1177.53296    
   0.00000000      -9.27785301       1136.15796    
   3.75000000      -9.27785301       1068.28296    
   7.50000000      -9.27785301       1007.40796    
   11.2500000      -9.27785301       929.282959    
   15.0000000      -9.27785301       952.282959    
   18.7500000      -9.27785301       928.782959    
   22.5000000      -9.27785301       879.282959    
   26.2500000      -9.27785301       897.407959    
   30.0000000      -9.27785301       884.657959    
   33.7500000      -9.27785301       672.907959    
   37.5000000      -9.27785301       779.907959    
   41.2500000      -9.27785301       727.532959    
   45.0000000      -9.27785301       775.282959    
   48.7500000      -9.27785301       787.282959    
   52.5000000      -9.27785301       776.157959    
   56.2500000      -9.27785301       745.157959    
   60.0000000      -9.27785301       700.157959    
   63.7500000      -9.27785301       732.032959    
   67.5000000      -9.27785301       812.782959    
   71.2500000      -9.27785301       909.907959    
   75.0000000      -9.27785301       960.157959    
   78.7500000      -9.27785301       945.907959    
   82.5000000      -9.27785301       855.532959    
   86.2500000      -9.27785301       734.532959    
   90.0000000      -9.27785301       258.782959    
   93.7500000      -9.27785301       690.907959    
   97.5000000      -9.27785301       868.532959    
   101.250000      -9.27785301       893.657959    
   105.000000      -9.27785301       957.157959    
   108.750000      -9.27785301       937.407959    
   112.500000      -9.27785301       916.157959    
   116.250000      -9.27785301       945.532959    
   120.000000      -9.27785301       911.407959    
   123.750000      -9.27785301       851.282959    
   127.500000      -9.27785301       850.782959    
   131.250000      -9.27785301       863.782959    
   135.000000      -9.27785301       849.282959    
   138.750000      -9.27785301       865.407959    
   142.500000      -9.27785301       852.907959    
   146.250000      -9.27785301       863.157959    
   150.000000      -9.27785301       914.407959    
   153.750000      -9.27785301       872.782959    
   157.500000      -9.27785301       866.032959    
   161.250000      -9.27785301       786.907959    
   165.000000      -9.27785301       796.657959    
   168.750000      -9.27785301       794.532959    
   172.500000      -9.27785301       772.657959    
   176.250000      -9.27785301       804.907959    
   180.000000      -9.27785301       765.657959    
   183.750000      -9.27785301       762.282959    
   187.500000      -9.27785301       740.032959    
   191.250000      -9.27785301       751.282959    
   195.000000      -9.27785301       745.407959    
   198.750000      -9.27785301       767.657959    
   202.500000      -9.27785301       732.657959    
   206.250000      -9.27785301       731.032959    
   210.000000      -9.27785301       717.907959    
   213.750000      -9.27785301       777.657959    
   217.500000      -9.27785301       817.032959    
   221.250000      -9.27785301       884.282959    
   225.000000      -9.27785301       941.657959    
   228.750000      -9.27785301       1004.40796    
   232.500000      -9.27785301       1004.28296    
   236.250000      -9.27785301       1020.53296    
   240.000000      -9.27785301       1019.90796    
   243.750000      -9.27785301       1032.78296    
   247.500000      -9.27785301       1064.15796    
   251.250000      -9.27785301       1080.90796    
   255.000000      -9.27785301       1135.15796    
   258.750000      -9.27785301       1162.78296    
   262.500000      -9.27785301       1133.53296    
   266.250000      -9.27785301       1133.65796    
   270.000000      -9.27785301       1127.65796    
   273.750000      -9.27785301       1090.78296    
   277.500000      -9.27785301       1078.53296    
   281.250000      -9.27785301       1059.65796    
   285.000000      -9.27785301       687.782959    
   288.750000      -9.27785301       774.907959    
   292.500000      -9.27785301       811.532959    
   296.250000      -9.27785301       818.657959    
   300.000000      -9.27785301       842.032959    
   303.750000      -9.27785301       858.907959    
   307.500000      -9.27785301       885.657959    
   311.250000      -9.27785301       928.157959    
   315.000000      -9.27785301       1033.90796    
   318.750000      -9.27785301       1019.65796    
   322.500000      -9.27785301       981.157959    
   326.250000      -9.27785301       1069.65796    
   330.000000      -9.27785301       1080.28296    
   333.750000      -9.27785301       1092.40796    
   337.500000      -9.27785301       1109.40796    
   341.250000      -9.27785301       1169.15796    
   345.000000      -9.27785301       1227.90796    
   348.750000      -9.27785301       1238.78296    
   352.500000      -9.27785301       1202.65796    
   356.250000      -9.27785301       1154.78296    
   360.000000      -9.27785301       1136.15796    
   0.00000000      -5.56671333       1073.78296    
   3.75000000      -5.56671333       998.282959    
   7.50000000      -5.56671333       930.157959    
   11.2500000      -5.56671333       872.032959    
   15.0000000      -5.56671333       923.657959    
   18.7500000      -5.56671333       856.407959    
   22.5000000      -5.56671333       796.282959    
   26.2500000      -5.56671333       782.407959    
   30.0000000      -5.56671333       914.407959    
   33.7500000      -5.56671333       953.782959    
   37.5000000      -5.56671333       899.032959    
   41.2500000      -5.56671333       781.407959    
   45.0000000      -5.56671333       755.907959    
   48.7500000      -5.56671333       746.282959    
   52.5000000      -5.56671333       762.032959    
   56.2500000      -5.56671333       743.032959    
   60.0000000      -5.56671333       759.032959    
   63.7500000      -5.56671333       761.907959    
   67.5000000      -5.56671333       793.282959    
   71.2500000      -5.56671333       901.907959    
   75.0000000      -5.56671333       916.032959    
   78.7500000      -5.56671333       917.157959    
   82.5000000      -5.56671333       836.532959    
   86.2500000      -5.56671333       755.657959    
   90.0000000      -5.56671333       651.157959    
   93.7500000      -5.56671333       820.157959    
   97.5000000      -5.56671333       911.157959    
   101.250000      -5.56671333       944.032959    
   105.000000      -5.56671333       932.032959    
   108.750000      -5.56671333       926.782959    
   112.500000      -5.56671333       923.157959    
   116.250000      -5.56671333       882.532959    
   120.000000      -5.56671333       899.532959    
   123.750000      -5.56671333       949.657959    
   127.500000      -5.56671333       852.407959    
   131.250000      -5.56671333       954.157959    
   135.000000      -5.56671333       838.657959    
   138.750000      -5.56671333       838.657959    
   142.500000      -5.56671333       1154.65796    
   146.250000      -5.56671333       1095.28296    
   150.000000      -5.56671333       899.032959    
   153.750000      -5.56671333       809.657959    
   157.500000      -5.56671333       817.282959    
   161.250000      -5.56671333       781.657959    
   165.000000      -5.56671333       780.907959    
   168.750000      -5.56671333       815.657959    
   172.500000      -5.56671333       799.532959    
   176.250000      -5.56671333       774.657959    
   180.000000      -5.56671333       751.657959    
   183.750000      -5.56671333       723.532959    
   187.500000      -5.56671333       743.032959    
   191.250000      -5.56671333       770.907959    
   195.000000      -5.56671333       782.532959    
   198.750000      -5.56671333       777.157959    
   202.500000      -5.56671333       786.407959    
   206.250000      -5.56671333       742.032959    
   210.000000      -5.56671333       705.532959    
   213.750000      -5.56671333       707.532959    
   217.500000      -5.56671333       747.032959    
   221.250000      -5.56671333       786.032959    
   225.000000      -5.56671333       843.532959    
   228.750000      -5.56671333       878.407959    
   232.500000      -5.56671333       858.407959    
   236.250000      -5.56671333       855.907959    
   240.000000      -5.56671333       883.907959    
   243.750000      -5.56671333       925.407959    
   247.500000      -5.56671333       951.657959    
   251.250000      -5.56671333       990.907959    
   255.000000      -5.56671333       1044.03296    
   258.750000      -5.56671333       1084.90796    
   262.500000      -5.56671333       1065.15796    
   266.250000      -5.56671333       1081.53296    
   270.000000      -5.56671333       1101.78296    
   273.750000      -5.56671333       1074.03296    
   277.500000      -5.56671333       1032.90796    
   281.250000      -5.56671333       756.032959    
   285.000000      -5.56671333       630.282959    
   288.750000      -5.56671333       778.657959    
   292.500000      -5.56671333       754.282959    
   296.250000      -5.56671333       778.907959    
   300.000000      -5.56671333       800.907959    
   303.750000      -5.56671333       873.657959    
   307.500000      -5.56671333       877.657959    
   311.250000      -5.56671333       835.282959    
   315.000000      -5.56671333       863.657959    
   318.750000      -5.56671333       848.782959    
   322.500000      -5.56671333       845.907959    
   326.250000      -5.56671333       990.782959    
   330.000000      -5.56671333       1023.53296    
   333.750000      -5.56671333       1026.40796    
   337.500000      -5.56671333       1022.90796    
   341.250000      -5.56671333       1086.03296    
   345.000000      -5.56671333       1166.78296    
   348.750000      -5.56671333       1208.65796    
   352.500000      -5.56671333       1167.65796    
   356.250000      -5.56671333       1122.78296    
   360.000000      -5.56671333       1073.78296    
   0.00000000      -1.85557151       1012.53296    
   3.75000000      -1.85557151       927.407959    
   7.50000000      -1.85557151       873.282959    
   11.2500000      -1.85557151       860.407959    
   15.0000000      -1.85557151       854.407959    
   18.7500000      -1.85557151       811.157959    
   22.5000000      -1.85557151       796.157959    
   26.2500000      -1.85557151       863.907959    
   30.0000000      -1.85557151       1019.03296    
   33.7500000      -1.85557151       849.407959    
   37.5000000      -1.85557151       1066.03296    
   41.2500000      -1.85557151       811.657959    
   45.0000000      -1.85557151       830.407959    
   48.7500000      -1.85557151       757.157959    
   52.5000000      -1.85557151       782.032959    
   56.2500000      -1.85557151       820.157959    
   60.0000000      -1.85557151       810.282959    
   63.7500000      -1.85557151       809.407959    
   67.5000000      -1.85557151       857.282959    
   71.2500000      -1.85557151       883.532959    
   75.0000000      -1.85557151       930.657959    
   78.7500000      -1.85557151       889.032959    
   82.5000000      -1.85557151       812.907959    
   86.2500000      -1.85557151       766.157959    
   90.0000000      -1.85557151       752.032959    
   93.7500000      -1.85557151       838.157959    
   97.5000000      -1.85557151       957.157959    
   101.250000      -1.85557151       1171.15796    
   105.000000      -1.85557151       953.282959    
   108.750000      -1.85557151       948.157959    
   112.500000      -1.85557151       964.032959    
   116.250000      -1.85557151       959.157959    
   120.000000      -1.85557151       1202.53296    
   123.750000      -1.85557151       897.282959    
   127.500000      -1.85557151       906.657959    
   131.250000      -1.85557151       922.532959    
   135.000000      -1.85557151       874.657959    
   138.750000      -1.85557151       876.907959    
   142.500000      -1.85557151       870.407959    
   146.250000      -1.85557151       865.532959    
   150.000000      -1.85557151       889.907959    
   153.750000      -1.85557151       872.157959    
   157.500000      -1.85557151       827.157959    
   161.250000      -1.85557151       793.407959    
   165.000000      -1.85557151       836.782959    
   168.750000      -1.85557151       776.032959    
   172.500000      -1.85557151       808.532959    
   176.250000      -1.85557151       744.407959    
   180.000000      -1.85557151       791.282959    
   183.750000      -1.85557151       731.032959    
   187.500000      -1.85557151       733.907959    
   191.250000      -1.85557151       755.032959    
   195.000000      -1.85557151       757.282959    
   198.750000      -1.85557151       746.657959    
   202.500000      -1.85557151       782.282959    
   206.250000      -1.85557151       762.532959    
   210.000000      -1.85557151       729.282959    
   213.750000      -1.85557151       672.532959    
   217.500000      -1.85557151       649.032959    
   221.250000      -1.85557151       721.907959    
   225.000000      -1.85557151       778.282959    
   228.750000      -1.85557151       804.657959    
   232.500000      -1.85557151       798.532959    
   236.250000      -1.85557151       811.532959    
   240.000000      -1.85557151       818.157959    
   243.750000      -1.85557151       867.032959    
   247.500000      -1.85557151       907.657959    
   251.250000      -1.85557151       910.282959    
   255.000000      -1.85557151       965.782959    
   258.750000      -1.85557151       1013.15796    
   262.500000      -1.85557151       1022.03296    
   266.250000      -1.85557151       1050.28296    
   270.000000      -1.85557151       1076.15796    
   273.750000      -1.85557151       1023.90796    
   277.500000      -1.85557151       1013.65796    
   281.250000      -1.85557151       1597.90796    
   285.000000      -1.85557151       622.907959    
   288.750000      -1.85557151       655.907959    
   292.500000      -1.85557151       725.782959    
   296.250000      -1.85557151       695.657959    
   300.000000      -1.85557151       815.657959    
   303.750000      -1.85557151       809.407959    
   307.500000      -1.85557151       882.657959    
   311.250000      -1.85557151       887.782959    
   315.000000      -1.85557151       855.782959    
   318.750000      -1.85557151       840.157959    
   322.500000      -1.85557151       899.282959    
   326.250000      -1.85557151       907.032959    
   330.000000      -1.85557151       927.532959    
   333.750000      -1.85557151       934.532959    
   337.500000      -1.85557151       955.157959    
   341.250000      -1.85557151       998.782959    
   345.000000      -1.85557151       1048.15796    
   348.750000      -1.85557151       1123.03296    
   352.500000      -1.85557151       1105.78296    
   356.250000      -1.85557151       1049.15796    
   360.000000      -1.85557151       1012.53296    
   0.00000000       1.85557151       935.032959    
   3.75000000       1.85557151       882.407959    
   7.50000000       1.85557151       872.407959    
   11.2500000       1.85557151       957.907959    
   15.0000000       1.85557151       749.657959    
   18.7500000       1.85557151       676.532959    
   22.5000000       1.85557151       679.407959    
   26.2500000       1.85557151       702.532959    
   30.0000000       1.85557151       859.657959    
   33.7500000       1.85557151       782.657959    
   37.5000000       1.85557151       915.282959    
   41.2500000       1.85557151       861.532959    
   45.0000000       1.85557151       849.157959    
   48.7500000       1.85557151       836.532959    
   52.5000000       1.85557151       844.782959    
   56.2500000       1.85557151       850.782959    
   60.0000000       1.85557151       853.282959    
   63.7500000       1.85557151       891.657959    
   67.5000000       1.85557151       856.532959    
   71.2500000       1.85557151       903.282959    
   75.0000000       1.85557151       878.532959    
   78.7500000       1.85557151       886.157959    
   82.5000000       1.85557151       861.032959    
   86.2500000       1.85557151       843.782959    
   90.0000000       1.85557151       810.657959    
   93.7500000       1.85557151       868.782959    
   97.5000000       1.85557151       922.907959    
   101.250000       1.85557151       949.907959    
   105.000000       1.85557151       930.657959    
   108.750000       1.85557151       952.532959    
   112.500000       1.85557151       977.907959    
   116.250000       1.85557151       1151.40796    
   120.000000       1.85557151       958.657959    
   123.750000       1.85557151       961.782959    
   127.500000       1.85557151       990.907959    
   131.250000       1.85557151       957.282959    
   135.000000       1.85557151       865.282959    
   138.750000       1.85557151       891.532959    
   142.500000       1.85557151       897.782959    
   146.250000       1.85557151       875.532959    
   150.000000       1.85557151       880.532959    
   153.750000       1.85557151       872.407959    
   157.500000       1.85557151       828.157959    
   161.250000       1.85557151       830.157959    
   165.000000       1.85557151       777.032959    
   168.750000       1.85557151       753.157959    
   172.500000       1.85557151       731.657959    
   176.250000       1.85557151       736.907959    
   180.000000       1.85557151       728.407959    
   183.750000       1.85557151       763.407959    
   187.500000       1.85557151       762.282959    
   191.250000       1.85557151       723.782959    
   195.000000       1.85557151       732.407959    
   198.750000       1.85557151       725.782959    
   202.500000       1.85557151       776.282959    
   206.250000       1.85557151       791.157959    
   210.000000       1.85557151       732.032959    
   213.750000       1.85557151       683.782959    
   217.500000       1.85557151       662.407959    
   221.250000       1.85557151       694.407959    
   225.000000       1.85557151       715.407959    
   228.750000       1.85557151       756.157959    
   232.500000       1.85557151       778.282959    
   236.250000       1.85557151       836.407959    
   240.000000       1.85557151       785.907959    
   243.750000       1.85557151       848.282959    
   247.500000       1.85557151       874.157959    
   251.250000       1.85557151       857.782959    
   255.000000       1.85557151       919.782959    
   258.750000       1.85557151       967.157959    
   262.500000       1.85557151       963.907959    
   266.250000       1.85557151       989.782959    
   270.000000       1.85557151       993.657959    
   273.750000       1.85557151       940.282959    
   277.500000       1.85557151       928.907959    
   281.250000       1.85557151       915.282959    
   285.000000       1.85557151       668.407959    
   288.750000       1.85557151       673.782959    
   292.500000       1.85557151       694.907959    
   296.250000       1.85557151       733.907959    
   300.000000       1.85557151       839.657959    
   303.750000       1.85557151       901.532959    
   307.500000       1.85557151       937.157959    
   311.250000       1.85557151       915.532959    
   315.000000       1.85557151       917.907959    
   318.750000       1.85557151       889.532959    
   322.500000       1.85557151       927.407959    
   326.250000       1.85557151       949.907959    
   330.000000       1.85557151       960.532959    
   333.750000       1.85557151       976.657959    
   337.500000       1.85557151       974.657959    
   341.250000       1.85557151       964.282959    
   345.000000       1.85557151       992.032959    
   348.750000       1.85557151       1008.53296    
   352.500000       1.85557151       1063.03296    
   356.250000       1.85557151       1001.53296    
   360.000000       1.85557151       935.032959    
   0.00000000       5.56671333       907.532959    
   3.75000000       5.56671333       843.782959    
   7.50000000       5.56671333       841.032959    
   11.2500000       5.56671333       873.157959    
   15.0000000       5.56671333       787.157959    
   18.7500000       5.56671333       650.907959    
   22.5000000       5.56671333       613.657959    
   26.2500000       5.56671333       649.532959    
   30.0000000       5.56671333       638.282959    
   33.7500000       5.56671333       580.657959    
   37.5000000       5.56671333       901.032959    
   41.2500000       5.56671333       905.782959    
   45.0000000       5.56671333       980.407959    
   48.7500000       5.56671333       934.657959    
   52.5000000       5.56671333       906.657959    
   56.2500000       5.56671333       906.407959    
   60.0000000       5.56671333       900.782959    
   63.7500000       5.56671333       921.907959    
   67.5000000       5.56671333       949.532959    
   71.2500000       5.56671333       976.782959    
   75.0000000       5.56671333       969.782959    
   78.7500000       5.56671333       927.157959    
   82.5000000       5.56671333       924.157959    
   86.2500000       5.56671333       952.282959    
   90.0000000       5.56671333       902.782959    
   93.7500000       5.56671333       901.532959    
   97.5000000       5.56671333       971.032959    
   101.250000       5.56671333       1042.15796    
   105.000000       5.56671333       961.032959    
   108.750000       5.56671333       991.907959    
   112.500000       5.56671333       937.532959    
   116.250000       5.56671333       1064.40796    
   120.000000       5.56671333       932.532959    
   123.750000       5.56671333       996.657959    
   127.500000       5.56671333       970.782959    
   131.250000       5.56671333       896.657959    
   135.000000       5.56671333       897.157959    
   138.750000       5.56671333       936.032959    
   142.500000       5.56671333       939.657959    
   146.250000       5.56671333       965.532959    
   150.000000       5.56671333       920.657959    
   153.750000       5.56671333       893.407959    
   157.500000       5.56671333       874.782959    
   161.250000       5.56671333       881.407959    
   165.000000       5.56671333       850.657959    
   168.750000       5.56671333       797.782959    
   172.500000       5.56671333       751.282959    
   176.250000       5.56671333       744.032959    
   180.000000       5.56671333       771.157959    
   183.750000       5.56671333       780.782959    
   187.500000       5.56671333       775.657959    
   191.250000       5.56671333       804.657959    
   195.000000       5.56671333       777.407959    
   198.750000       5.56671333       711.282959    
   202.500000       5.56671333       732.407959    
   206.250000       5.56671333       742.032959    
   210.000000       5.56671333       744.532959    
   213.750000       5.56671333       715.657959    
   217.500000       5.56671333       714.657959    
   221.250000       5.56671333       705.407959    
   225.000000       5.56671333       726.282959    
   228.750000       5.56671333       712.782959    
   232.500000       5.56671333       749.657959    
   236.250000       5.56671333       787.032959    
   240.000000       5.56671333       792.657959    
   243.750000       5.56671333       757.032959    
   247.500000       5.56671333       805.907959    
   251.250000       5.56671333       839.532959    
   255.000000       5.56671333       883.407959    
   258.750000       5.56671333       913.032959    
   262.500000       5.56671333       935.157959    
   266.250000       5.56671333       952.532959    
   270.000000       5.56671333       973.282959    
   273.750000       5.56671333       928.032959    
   277.500000       5.56671333       853.657959    
   281.250000       5.56671333       775.782959    
   285.000000       5.56671333       933.407959    
   288.750000       5.56671333       765.532959    
   292.500000       5.56671333       727.282959    
   296.250000       5.56671333       864.407959    
   300.000000       5.56671333       1119.78296    
   303.750000       5.56671333       980.532959    
   307.500000       5.56671333       944.032959    
   311.250000       5.56671333       972.032959    
   315.000000       5.56671333       929.157959    
   318.750000       5.56671333       955.532959    
   322.500000       5.56671333       983.157959    
   326.250000       5.56671333       972.907959    
   330.000000       5.56671333       965.907959    
   333.750000       5.56671333       989.032959    
   337.500000       5.56671333       1013.90796    
   341.250000       5.56671333       1009.78296    
   345.000000       5.56671333       1005.03296    
   348.750000       5.56671333       959.782959    
   352.500000       5.56671333       957.782959    
   356.250000       5.56671333       951.407959    
   360.000000       5.56671333       907.532959    
   0.00000000       9.27785301       751.407959    
   3.75000000       9.27785301       799.032959    
   7.50000000       9.27785301       866.532959    
   11.2500000       9.27785301       746.032959    
   15.0000000       9.27785301       833.032959    
   18.7500000       9.27785301       705.907959    
   22.5000000       9.27785301       640.657959    
   26.2500000       9.27785301       698.657959    
   30.0000000       9.27785301       601.282959    
   33.7500000       9.27785301       618.907959    
   37.5000000       9.27785301       1024.15796    
   41.2500000       9.27785301       1250.15796    
   45.0000000       9.27785301       1158.40796    
   48.7500000       9.27785301       1208.90796    
   52.5000000       9.27785301       1074.40796    
   56.2500000       9.27785301       1050.90796    
   60.0000000       9.27785301       1009.53296    
   63.7500000       9.27785301       978.032959    
   67.5000000       9.27785301       1001.40796    
   71.2500000       9.27785301       1016.65796    
   75.0000000       9.27785301       1013.15796    
   78.7500000       9.27785301       1090.78296    
   82.5000000       9.27785301       1030.65796    
   86.2500000       9.27785301       1001.65796    
   90.0000000       9.27785301       932.157959    
   93.7500000       9.27785301       973.532959    
   97.5000000       9.27785301       966.032959    
   101.250000       9.27785301       1010.90796    
   105.000000       9.27785301       1038.65796    
   108.750000       9.27785301       1053.78296    
   112.500000       9.27785301       1001.65796    
   116.250000       9.27785301       974.782959    
   120.000000       9.27785301       976.282959    
   123.750000       9.27785301       1028.65796    
   127.500000       9.27785301       1010.90796    
   131.250000       9.27785301       1021.65796    
   135.000000       9.27785301       1033.40796    
   138.750000       9.27785301       1018.15796    
   142.500000       9.27785301       1042.40796    
   146.250000       9.27785301       1032.90796    
   150.000000       9.27785301       1065.90796    
   153.750000       9.27785301       1031.90796    
   157.500000       9.27785301       982.532959    
   161.250000       9.27785301       968.532959    
   165.000000       9.27785301       938.157959    
   168.750000       9.27785301       876.157959    
   172.500000       9.27785301       838.782959    
   176.250000       9.27785301       847.657959    
   180.000000       9.27785301       863.532959    
   183.750000       9.27785301       885.532959    
   187.500000       9.27785301       853.782959    
   191.250000       9.27785301       889.407959    
   195.000000       9.27785301       892.782959    
   198.750000       9.27785301       843.407959    
   202.500000       9.27785301       834.032959    
   206.250000       9.27785301       865.282959    
   210.000000       9.27785301       846.532959    
   213.750000       9.27785301       847.532959    
   217.500000       9.27785301       807.782959    
   221.250000       9.27785301       811.282959    
   225.000000       9.27785301       753.282959    
   228.750000       9.27785301       780.907959    
   232.500000       9.27785301       790.657959    
   236.250000       9.27785301       794.782959    
   240.000000       9.27785301       827.782959    
   243.750000       9.27785301       788.282959    
   247.500000       9.27785301       843.157959    
   251.250000       9.27785301       861.657959    
   255.000000       9.27785301       917.657959    
   258.750000       9.27785301       948.282959    
   262.500000       9.27785301       958.032959    
   266.250000       9.27785301       968.157959    
   270.000000       9.27785301       954.157959    
   273.750000       9.27785301       878.657959    
   277.500000       9.27785301       1112.15796    
   281.250000       9.27785301       889.782959    
   285.000000       9.27785301       791.157959    
   288.750000       9.27785301       927.282959    
   292.500000       9.27785301       815.407959    
   296.250000       9.27785301       963.032959    
   300.000000       9.27785301       1037.03296    
   303.750000       9.27785301       1049.65796    
   307.500000       9.27785301       1043.90796    
   311.250000       9.27785301       1037.90796    
   315.000000       9.27785301       1058.90796    
   318.750000       9.27785301       1073.03296    
   322.500000       9.27785301       1106.28296    
   326.250000       9.27785301       1101.90796    
   330.000000       9.27785301       1103.40796    
   333.750000       9.27785301       1096.65796    
   337.500000       9.27785301       1047.90796    
   341.250000       9.27785301       995.282959    
   345.000000       9.27785301       955.782959    
   348.750000       9.27785301       1040.03296    
   352.500000       9.27785301       972.407959    
   356.250000       9.27785301       823.407959    
   360.000000       9.27785301       751.407959    
   0.00000000       12.9889879       832.157959    
   3.75000000       12.9889879       837.032959    
   7.50000000       12.9889879       959.657959    
   11.2500000       12.9889879       967.907959    
   15.0000000       12.9889879       887.157959    
   18.7500000       12.9889879       794.657959    
   22.5000000       12.9889879       838.032959    
   26.2500000       12.9889879       883.657959    
   30.0000000       12.9889879       835.407959    
   33.7500000       12.9889879       632.907959    
   37.5000000       12.9889879       962.032959    
   41.2500000       12.9889879       1008.40796    
   45.0000000       12.9889879       1191.90796    
   48.7500000       12.9889879       1250.90796    
   52.5000000       12.9889879       1228.53296    
   56.2500000       12.9889879       1177.78296    
   60.0000000       12.9889879       1106.78296    
   63.7500000       12.9889879       1062.65796    
   67.5000000       12.9889879       1039.28296    
   71.2500000       12.9889879       1049.40796    
   75.0000000       12.9889879       1050.15796    
   78.7500000       12.9889879       1246.78296    
   82.5000000       12.9889879       1127.90796    
   86.2500000       12.9889879       1121.65796    
   90.0000000       12.9889879       1071.65796    
   93.7500000       12.9889879       1059.53296    
   97.5000000       12.9889879       1054.40796    
   101.250000       12.9889879       1074.28296    
   105.000000       12.9889879       1110.53296    
   108.750000       12.9889879       1251.15796    
   112.500000       12.9889879       1121.90796    
   116.250000       12.9889879       1081.28296    
   120.000000       12.9889879       1017.15796    
   123.750000       12.9889879       1095.28296    
   127.500000       12.9889879       1090.03296    
   131.250000       12.9889879       1133.65796    
   135.000000       12.9889879       1150.40796    
   138.750000       12.9889879       1155.40796    
   142.500000       12.9889879       1130.90796    
   146.250000       12.9889879       1136.28296    
   150.000000       12.9889879       1150.03296    
   153.750000       12.9889879       1154.40796    
   157.500000       12.9889879       1124.65796    
   161.250000       12.9889879       1117.90796    
   165.000000       12.9889879       1106.65796    
   168.750000       12.9889879       1029.40796    
   172.500000       12.9889879       941.157959    
   176.250000       12.9889879       914.407959    
   180.000000       12.9889879       935.532959    
   183.750000       12.9889879       989.782959    
   187.500000       12.9889879       901.032959    
   191.250000       12.9889879       1014.78296    
   195.000000       12.9889879       1071.78296    
   198.750000       12.9889879       1056.90796    
   202.500000       12.9889879       1062.78296    
   206.250000       12.9889879       1060.15796    
   210.000000       12.9889879       1032.28296    
   213.750000       12.9889879       1008.78296    
   217.500000       12.9889879       991.157959    
   221.250000       12.9889879       964.407959    
   225.000000       12.9889879       940.907959    
   228.750000       12.9889879       938.782959    
   232.500000       12.9889879       923.907959    
   236.250000       12.9889879       934.532959    
   240.000000       12.9889879       927.407959    
   243.750000       12.9889879       937.657959    
   247.500000       12.9889879       929.907959    
   251.250000       12.9889879       957.907959    
   255.000000       12.9889879       977.907959    
   258.750000       12.9889879       952.157959    
   262.500000       12.9889879       982.032959    
   266.250000       12.9889879       1000.53296    
   270.000000       12.9889879       978.657959    
   273.750000       12.9889879       1006.28296    
   277.500000       12.9889879       1040.03296    
   281.250000       12.9889879       1002.65796    
   285.000000       12.9889879       1000.53296    
   288.750000       12.9889879       1081.90796    
   292.500000       12.9889879       1129.53296    
   296.250000       12.9889879       1101.65796    
   300.000000       12.9889879       1120.78296    
   303.750000       12.9889879       1143.15796    
   307.500000       12.9889879       1182.40796    
   311.250000       12.9889879       1210.53296    
   315.000000       12.9889879       1226.40796    
   318.750000       12.9889879       1220.40796    
   322.500000       12.9889879       1239.15796    
   326.250000       12.9889879       1228.03296    
   330.000000       12.9889879       1216.28296    
   333.750000       12.9889879       1212.28296    
   337.500000       12.9889879       1189.53296    
   341.250000       12.9889879       1100.03296    
   345.000000       12.9889879       1003.53296    
   348.750000       12.9889879       971.282959    
   352.500000       12.9889879       929.407959    
   356.250000       12.9889879       817.907959    
   360.000000       12.9889879       832.157959    
   0.00000000       16.7001171       886.782959    
   3.75000000       16.7001171       922.407959    
   7.50000000       16.7001171       1038.40796    
   11.2500000       16.7001171       1035.03296    
   15.0000000       16.7001171       973.282959    
   18.7500000       16.7001171       859.407959    
   22.5000000       16.7001171       1009.78296    
   26.2500000       16.7001171       1064.28296    
   30.0000000       16.7001171       894.407959    
   33.7500000       16.7001171       727.157959    
   37.5000000       16.7001171       680.657959    
   41.2500000       16.7001171       963.657959    
   45.0000000       16.7001171       1705.78296    
   48.7500000       16.7001171       1715.40796    
   52.5000000       16.7001171       1421.15796    
   56.2500000       16.7001171       1336.03296    
   60.0000000       16.7001171       1258.03296    
   63.7500000       16.7001171       1186.53296    
   67.5000000       16.7001171       1116.90796    
   71.2500000       16.7001171       1127.78296    
   75.0000000       16.7001171       1339.65796    
   78.7500000       16.7001171       1338.28296    
   82.5000000       16.7001171       1285.28296    
   86.2500000       16.7001171       1283.15796    
   90.0000000       16.7001171       1247.28296    
   93.7500000       16.7001171       1187.53296    
   97.5000000       16.7001171       1203.90796    
   101.250000       16.7001171       1381.90796    
   105.000000       16.7001171       1335.03296    
   108.750000       16.7001171       1373.28296    
   112.500000       16.7001171       1318.53296    
   116.250000       16.7001171       1256.03296    
   120.000000       16.7001171       1164.78296    
   123.750000       16.7001171       1248.53296    
   127.500000       16.7001171       1320.90796    
   131.250000       16.7001171       1369.90796    
   135.000000       16.7001171       1399.90796    
   138.750000       16.7001171       1370.15796    
   142.500000       16.7001171       1309.28296    
   146.250000       16.7001171       1237.65796    
   150.000000       16.7001171       1205.28296    
   153.750000       16.7001171       1215.28296    
   157.500000       16.7001171       1219.15796    
   161.250000       16.7001171       1233.78296    
   165.000000       16.7001171       1255.28296    
   168.750000       16.7001171       1208.65796    
   172.500000       16.7001171       1134.40796    
   176.250000       16.7001171       1122.03296    
   180.000000       16.7001171       1167.53296    
   183.750000       16.7001171       1179.90796    
   187.500000       16.7001171       1204.28296    
   191.250000       16.7001171       1201.40796    
   195.000000       16.7001171       1291.90796    
   198.750000       16.7001171       1315.90796    
   202.500000       16.7001171       1318.90796    
   206.250000       16.7001171       1347.53296    
   210.000000       16.7001171       1312.03296    
   213.750000       16.7001171       1265.78296    
   217.500000       16.7001171       1229.53296    
   221.250000       16.7001171       1181.03296    
   225.000000       16.7001171       1145.90796    
   228.750000       16.7001171       1170.78296    
   232.500000       16.7001171       1204.65796    
   236.250000       16.7001171       1137.53296    
   240.000000       16.7001171       1067.65796    
   243.750000       16.7001171       1089.03296    
   247.500000       16.7001171       1109.53296    
   251.250000       16.7001171       1088.53296    
   255.000000       16.7001171       992.657959    
   258.750000       16.7001171       899.282959    
   262.500000       16.7001171       1087.03296    
   266.250000       16.7001171       1079.40796    
   270.000000       16.7001171       926.532959    
   273.750000       16.7001171       1032.15796    
   277.500000       16.7001171       1099.03296    
   281.250000       16.7001171       1113.90796    
   285.000000       16.7001171       1172.15796    
   288.750000       16.7001171       1246.40796    
   292.500000       16.7001171       1261.40796    
   296.250000       16.7001171       1256.03296    
   300.000000       16.7001171       1264.15796    
   303.750000       16.7001171       1295.78296    
   307.500000       16.7001171       1302.40796    
   311.250000       16.7001171       1333.65796    
   315.000000       16.7001171       1371.03296    
   318.750000       16.7001171       1403.90796    
   322.500000       16.7001171       1390.78296    
   326.250000       16.7001171       1369.28296    
   330.000000       16.7001171       1358.40796    
   333.750000       16.7001171       1370.28296    
   337.500000       16.7001171       1376.65796    
   341.250000       16.7001171       1309.28296    
   345.000000       16.7001171       1220.40796    
   348.750000       16.7001171       1171.03296    
   352.500000       16.7001171       1157.78296    
   356.250000       16.7001171       1094.40796    
   360.000000       16.7001171       886.782959    
   0.00000000       20.4112377       1055.28296    
   3.75000000       20.4112377       1006.65796    
   7.50000000       20.4112377       1026.65796    
   11.2500000       20.4112377       1070.65796    
   15.0000000       20.4112377       1017.15796    
   18.7500000       20.4112377       1329.90796    
   22.5000000       20.4112377       1176.15796    
   26.2500000       20.4112377       1254.28296    
   30.0000000       20.4112377       1059.65796    
   33.7500000       20.4112377       933.782959    
   37.5000000       20.4112377       989.907959    
   41.2500000       20.4112377       1355.28296    
   45.0000000       20.4112377       1756.28296    
   48.7500000       20.4112377       1747.78296    
   52.5000000       20.4112377       1620.15796    
   56.2500000       20.4112377       1479.78296    
   60.0000000       20.4112377       1353.78296    
   63.7500000       20.4112377       1261.40796    
   67.5000000       20.4112377       1242.90796    
   71.2500000       20.4112377       1224.53296    
   75.0000000       20.4112377       1440.78296    
   78.7500000       20.4112377       1493.03296    
   82.5000000       20.4112377       1455.90796    
   86.2500000       20.4112377       1399.15796    
   90.0000000       20.4112377       1328.15796    
   93.7500000       20.4112377       1316.15796    
   97.5000000       20.4112377       1518.65796    
   101.250000       20.4112377       1561.90796    
   105.000000       20.4112377       1680.90796    
   108.750000       20.4112377       1673.90796    
   112.500000       20.4112377       1686.15796    
   116.250000       20.4112377       1667.03296    
   120.000000       20.4112377       1590.65796    
   123.750000       20.4112377       1619.65796    
   127.500000       20.4112377       1600.53296    
   131.250000       20.4112377       1615.65796    
   135.000000       20.4112377       1565.90796    
   138.750000       20.4112377       1563.28296    
   142.500000       20.4112377       1496.40796    
   146.250000       20.4112377       1371.53296    
   150.000000       20.4112377       1258.40796    
   153.750000       20.4112377       1242.03296    
   157.500000       20.4112377       1256.28296    
   161.250000       20.4112377       1344.15796    
   165.000000       20.4112377       1356.15796    
   168.750000       20.4112377       1354.28296    
   172.500000       20.4112377       1343.28296    
   176.250000       20.4112377       1348.03296    
   180.000000       20.4112377       1381.03296    
   183.750000       20.4112377       1428.03296    
   187.500000       20.4112377       1474.53296    
   191.250000       20.4112377       1506.53296    
   195.000000       20.4112377       1574.53296    
   198.750000       20.4112377       1621.40796    
   202.500000       20.4112377       1552.28296    
   206.250000       20.4112377       1652.65796    
   210.000000       20.4112377       1546.15796    
   213.750000       20.4112377       1461.90796    
   217.500000       20.4112377       1394.40796    
   221.250000       20.4112377       1347.03296    
   225.000000       20.4112377       1352.65796    
   228.750000       20.4112377       1392.15796    
   232.500000       20.4112377       1425.53296    
   236.250000       20.4112377       1434.40796    
   240.000000       20.4112377       1348.40796    
   243.750000       20.4112377       1322.40796    
   247.500000       20.4112377       1311.28296    
   251.250000       20.4112377       1235.03296    
   255.000000       20.4112377       1090.40796    
   258.750000       20.4112377       955.282959    
   262.500000       20.4112377       597.157959    
   266.250000       20.4112377       787.782959    
   270.000000       20.4112377       905.532959    
   273.750000       20.4112377       1091.53296    
   277.500000       20.4112377       1194.28296    
   281.250000       20.4112377       1282.53296    
   285.000000       20.4112377       1390.65796    
   288.750000       20.4112377       1414.28296    
   292.500000       20.4112377       1416.15796    
   296.250000       20.4112377       1411.65796    
   300.000000       20.4112377       1405.28296    
   303.750000       20.4112377       1365.15796    
   307.500000       20.4112377       1349.15796    
   311.250000       20.4112377       1397.78296    
   315.000000       20.4112377       1418.40796    
   318.750000       20.4112377       1481.90796    
   322.500000       20.4112377       1530.53296    
   326.250000       20.4112377       1510.53296    
   330.000000       20.4112377       1509.40796    
   333.750000       20.4112377       1511.65796    
   337.500000       20.4112377       1526.15796    
   341.250000       20.4112377       1503.53296    
   345.000000       20.4112377       1385.78296    
   348.750000       20.4112377       1361.53296    
   352.500000       20.4112377       1288.03296    
   356.250000       20.4112377       1185.90796    
   360.000000       20.4112377       1055.28296    
   0.00000000       24.1223469       1005.40796    
   3.75000000       24.1223469       986.032959    
   7.50000000       24.1223469       1155.28296    
   11.2500000       24.1223469       1176.28296    
   15.0000000       24.1223469       1174.53296    
   18.7500000       24.1223469       1181.53296    
   22.5000000       24.1223469       1315.53296    
   26.2500000       24.1223469       1404.65796    
   30.0000000       24.1223469       1255.28296    
   33.7500000       24.1223469       1196.28296    
   37.5000000       24.1223469       1121.78296    
   41.2500000       24.1223469       1627.03296    
   45.0000000       24.1223469       1750.40796    
   48.7500000       24.1223469       1802.40796    
   52.5000000       24.1223469       1641.78296    
   56.2500000       24.1223469       1586.03296    
   60.0000000       24.1223469       1497.03296    
   63.7500000       24.1223469       1448.15796    
   67.5000000       24.1223469       1434.15796    
   71.2500000       24.1223469       1374.53296    
   75.0000000       24.1223469       1558.40796    
   78.7500000       24.1223469       1545.03296    
   82.5000000       24.1223469       1504.15796    
   86.2500000       24.1223469       1470.15796    
   90.0000000       24.1223469       1383.65796    
   93.7500000       24.1223469       1490.28296    
   97.5000000       24.1223469       1503.15796    
   101.250000       24.1223469       1610.15796    
   105.000000       24.1223469       1760.65796    
   108.750000       24.1223469       1999.40796    
   112.500000       24.1223469       2029.40796    
   116.250000       24.1223469       2003.15796    
   120.000000       24.1223469       1756.03296    
   123.750000       24.1223469       1945.78296    
   127.500000       24.1223469       1867.90796    
   131.250000       24.1223469       1759.90796    
   135.000000       24.1223469       1645.40796    
   138.750000       24.1223469       1553.15796    
   142.500000       24.1223469       1469.78296    
   146.250000       24.1223469       1362.28296    
   150.000000       24.1223469       1240.65796    
   153.750000       24.1223469       1203.53296    
   157.500000       24.1223469       1189.65796    
   161.250000       24.1223469       1285.90796    
   165.000000       24.1223469       1397.28296    
   168.750000       24.1223469       1449.65796    
   172.500000       24.1223469       1501.28296    
   176.250000       24.1223469       1598.90796    
   180.000000       24.1223469       1657.40796    
   183.750000       24.1223469       1730.15796    
   187.500000       24.1223469       1841.78296    
   191.250000       24.1223469       1917.03296    
   195.000000       24.1223469       1997.28296    
   198.750000       24.1223469       2041.40796    
   202.500000       24.1223469       1987.65796    
   206.250000       24.1223469       1893.90796    
   210.000000       24.1223469       1702.28296    
   213.750000       24.1223469       1472.53296    
   217.500000       24.1223469       1392.78296    
   221.250000       24.1223469       1406.78296    
   225.000000       24.1223469       1503.15796    
   228.750000       24.1223469       1611.15796    
   232.500000       24.1223469       1708.28296    
   236.250000       24.1223469       1713.40796    
   240.000000       24.1223469       1681.03296    
   243.750000       24.1223469       1577.40796    
   247.500000       24.1223469       1431.28296    
   251.250000       24.1223469       1305.78296    
   255.000000       24.1223469       1418.53296    
   258.750000       24.1223469       882.407959    
   262.500000       24.1223469       590.907959    
   266.250000       24.1223469       806.907959    
   270.000000       24.1223469       976.782959    
   273.750000       24.1223469       1141.03296    
   277.500000       24.1223469       1241.65796    
   281.250000       24.1223469       1391.15796    
   285.000000       24.1223469       1472.53296    
   288.750000       24.1223469       1526.90796    
   292.500000       24.1223469       1491.03296    
   296.250000       24.1223469       1443.90796    
   300.000000       24.1223469       1402.03296    
   303.750000       24.1223469       1366.53296    
   307.500000       24.1223469       1330.53296    
   311.250000       24.1223469       1304.40796    
   315.000000       24.1223469       1327.03296    
   318.750000       24.1223469       1459.15796    
   322.500000       24.1223469       1586.78296    
   326.250000       24.1223469       1637.28296    
   330.000000       24.1223469       1658.40796    
   333.750000       24.1223469       1675.40796    
   337.500000       24.1223469       1680.78296    
   341.250000       24.1223469       1575.28296    
   345.000000       24.1223469       1447.15796    
   348.750000       24.1223469       1314.40796    
   352.500000       24.1223469       1177.15796    
   356.250000       24.1223469       1080.90796    
   360.000000       24.1223469       1005.40796    
   0.00000000       27.8334446       674.532959    
   3.75000000       27.8334446       729.407959    
   7.50000000       27.8334446       725.657959    
   11.2500000       27.8334446       1094.53296    
   15.0000000       27.8334446       1263.90796    
   18.7500000       27.8334446       1385.78296    
   22.5000000       27.8334446       1442.53296    
   26.2500000       27.8334446       1496.03296    
   30.0000000       27.8334446       1419.03296    
   33.7500000       27.8334446       1299.90796    
   37.5000000       27.8334446       1464.65796    
   41.2500000       27.8334446       1609.40796    
   45.0000000       27.8334446       1789.78296    
   48.7500000       27.8334446       1775.65796    
   52.5000000       27.8334446       1626.53296    
   56.2500000       27.8334446       1668.40796    
   60.0000000       27.8334446       1665.53296    
   63.7500000       27.8334446       1614.15796    
   67.5000000       27.8334446       1649.03296    
   71.2500000       27.8334446       1605.65796    
   75.0000000       27.8334446       1595.15796    
   78.7500000       27.8334446       1476.65796    
   82.5000000       27.8334446       1385.03296    
   86.2500000       27.8334446       1437.03296    
   90.0000000       27.8334446       1517.65796    
   93.7500000       27.8334446       1543.90796    
   97.5000000       27.8334446       1608.15796    
   101.250000       27.8334446       1548.28296    
   105.000000       27.8334446       2145.15796    
   108.750000       27.8334446       2391.53296    
   112.500000       27.8334446       2407.28296    
   116.250000       27.8334446       2347.90796    
   120.000000       27.8334446       2434.03296    
   123.750000       27.8334446       2209.65796    
   127.500000       27.8334446       2029.28296    
   131.250000       27.8334446       1804.78296    
   135.000000       27.8334446       1702.15796    
   138.750000       27.8334446       1605.03296    
   142.500000       27.8334446       1457.28296    
   146.250000       27.8334446       1242.28296    
   150.000000       27.8334446       1059.65796    
   153.750000       27.8334446       1001.28296    
   157.500000       27.8334446       1007.90796    
   161.250000       27.8334446       1057.78296    
   165.000000       27.8334446       1227.53296    
   168.750000       27.8334446       1413.15796    
   172.500000       27.8334446       1579.40796    
   176.250000       27.8334446       1763.53296    
   180.000000       27.8334446       1917.53296    
   183.750000       27.8334446       2023.40796    
   187.500000       27.8334446       2178.78296    
   191.250000       27.8334446       2307.28296    
   195.000000       27.8334446       2387.90796    
   198.750000       27.8334446       2435.40796    
   202.500000       27.8334446       2388.03296    
   206.250000       27.8334446       2196.03296    
   210.000000       27.8334446       1850.78296    
   213.750000       27.8334446       1470.78296    
   217.500000       27.8334446       1220.40796    
   221.250000       27.8334446       1298.15796    
   225.000000       27.8334446       1551.40796    
   228.750000       27.8334446       1775.40796    
   232.500000       27.8334446       1934.78296    
   236.250000       27.8334446       1958.40796    
   240.000000       27.8334446       1942.53296    
   243.750000       27.8334446       1772.03296    
   247.500000       27.8334446       1661.53296    
   251.250000       27.8334446       1338.78296    
   255.000000       27.8334446       1087.28296    
   258.750000       27.8334446       777.407959    
   262.500000       27.8334446       542.532959    
   266.250000       27.8334446       723.907959    
   270.000000       27.8334446       886.532959    
   273.750000       27.8334446       1041.28296    
   277.500000       27.8334446       1164.78296    
   281.250000       27.8334446       1277.78296    
   285.000000       27.8334446       1420.40796    
   288.750000       27.8334446       1447.65796    
   292.500000       27.8334446       1427.90796    
   296.250000       27.8334446       1339.78296    
   300.000000       27.8334446       1291.40796    
   303.750000       27.8334446       1241.03296    
   307.500000       27.8334446       1146.40796    
   311.250000       27.8334446       1130.28296    
   315.000000       27.8334446       1126.28296    
   318.750000       27.8334446       1282.03296    
   322.500000       27.8334446       1493.28296    
   326.250000       27.8334446       1728.90796    
   330.000000       27.8334446       1790.15796    
   333.750000       27.8334446       1796.53296    
   337.500000       27.8334446       1742.53296    
   341.250000       27.8334446       1576.90796    
   345.000000       27.8334446       1407.03296    
   348.750000       27.8334446       1227.78296    
   352.500000       27.8334446       960.032959    
   356.250000       27.8334446       617.282959    
   360.000000       27.8334446       674.532959    
   0.00000000       31.5445251       288.907959    
   3.75000000       31.5445251       595.907959    
   7.50000000       31.5445251       748.157959    
   11.2500000       31.5445251       1120.40796    
   15.0000000       31.5445251       1371.78296    
   18.7500000       31.5445251       1453.03296    
   22.5000000       31.5445251       1531.03296    
   26.2500000       31.5445251       1571.90796    
   30.0000000       31.5445251       1530.03296    
   33.7500000       31.5445251       1443.78296    
   37.5000000       31.5445251       1552.90796    
   41.2500000       31.5445251       1698.53296    
   45.0000000       31.5445251       1739.90796    
   48.7500000       31.5445251       1679.78296    
   52.5000000       31.5445251       1608.53296    
   56.2500000       31.5445251       1636.53296    
   60.0000000       31.5445251       1693.28296    
   63.7500000       31.5445251       1774.28296    
   67.5000000       31.5445251       1792.65796    
   71.2500000       31.5445251       1591.15796    
   75.0000000       31.5445251       1536.78296    
   78.7500000       31.5445251       2359.28296    
   82.5000000       31.5445251       2384.90796    
   86.2500000       31.5445251       2054.40796    
   90.0000000       31.5445251       1927.15796    
   93.7500000       31.5445251       2450.65796    
   97.5000000       31.5445251       2600.65796    
   101.250000       31.5445251       2485.90796    
   105.000000       31.5445251       2170.53296    
   108.750000       31.5445251       2155.90796    
   112.500000       31.5445251       2592.53296    
   116.250000       31.5445251       2542.28296    
   120.000000       31.5445251       2542.15796    
   123.750000       31.5445251       2320.53296    
   127.500000       31.5445251       2121.78296    
   131.250000       31.5445251       2061.28296    
   135.000000       31.5445251       1877.90796    
   138.750000       31.5445251       1667.65796    
   142.500000       31.5445251       1412.90796    
   146.250000       31.5445251       1169.28296    
   150.000000       31.5445251       928.782959    
   153.750000       31.5445251       695.407959    
   157.500000       31.5445251       670.282959    
   161.250000       31.5445251       758.657959    
   165.000000       31.5445251       865.032959    
   168.750000       31.5445251       1140.28296    
   172.500000       31.5445251       1470.40796    
   176.250000       31.5445251       1775.65796    
   180.000000       31.5445251       2037.90796    
   183.750000       31.5445251       2190.53296    
   187.500000       31.5445251       2415.15796    
   191.250000       31.5445251       2612.40796    
   195.000000       31.5445251       2727.53296    
   198.750000       31.5445251       2748.90796    
   202.500000       31.5445251       2680.53296    
   206.250000       31.5445251       2448.28296    
   210.000000       31.5445251       2014.15796    
   213.750000       31.5445251       1450.40796    
   217.500000       31.5445251       1115.28296    
   221.250000       31.5445251       1200.90796    
   225.000000       31.5445251       1618.90796    
   228.750000       31.5445251       1951.28296    
   232.500000       31.5445251       2136.65796    
   236.250000       31.5445251       2193.28296    
   240.000000       31.5445251       2081.53296    
   243.750000       31.5445251       1882.15796    
   247.500000       31.5445251       1912.28296    
   251.250000       31.5445251       1757.03296    
   255.000000       31.5445251       1558.15796    
   258.750000       31.5445251       1176.28296    
   262.500000       31.5445251       820.407959    
   266.250000       31.5445251       477.157959    
   270.000000       31.5445251       534.782959    
   273.750000       31.5445251       709.032959    
   277.500000       31.5445251       809.407959    
   281.250000       31.5445251       955.032959    
   285.000000       31.5445251       1064.53296    
   288.750000       31.5445251       1160.65796    
   292.500000       31.5445251       1310.28296    
   296.250000       31.5445251       1329.53296    
   300.000000       31.5445251       1298.40796    
   303.750000       31.5445251       1215.03296    
   307.500000       31.5445251       1069.03296    
   311.250000       31.5445251       966.157959    
   315.000000       31.5445251       853.157959    
   318.750000       31.5445251       1036.78296    
   322.500000       31.5445251       1313.40796    
   326.250000       31.5445251       1620.40796    
   330.000000       31.5445251       1795.15796    
   333.750000       31.5445251       1861.28296    
   337.500000       31.5445251       1785.53296    
   341.250000       31.5445251       1536.28296    
   345.000000       31.5445251       1281.90796    
   348.750000       31.5445251       950.657959    
   352.500000       31.5445251       910.157959    
   356.250000       31.5445251       391.407959    
   360.000000       31.5445251       288.907959    
   0.00000000       35.2555809       335.782959    
   3.75000000       35.2555809       663.657959    
   7.50000000       35.2555809       1042.40796    
   11.2500000       35.2555809       1156.40796    
   15.0000000       35.2555809       1422.90796    
   18.7500000       35.2555809       1567.15796    
   22.5000000       35.2555809       1579.90796    
   26.2500000       35.2555809       1565.15796    
   30.0000000       35.2555809       1537.65796    
   33.7500000       35.2555809       1474.65796    
   37.5000000       35.2555809       1556.40796    
   41.2500000       35.2555809       1591.40796    
   45.0000000       35.2555809       1688.03296    
   48.7500000       35.2555809       1744.90796    
   52.5000000       35.2555809       1678.40796    
   56.2500000       35.2555809       1814.03296    
   60.0000000       35.2555809       1759.78296    
   63.7500000       35.2555809       1650.53296    
   67.5000000       35.2555809       1793.65796    
   71.2500000       35.2555809       1907.40796    
   75.0000000       35.2555809       2599.53296    
   78.7500000       35.2555809       2386.40796    
   82.5000000       35.2555809       2465.65796    
   86.2500000       35.2555809       2571.03296    
   90.0000000       35.2555809       3072.65796    
   93.7500000       35.2555809       3261.78296    
   97.5000000       35.2555809       2913.53296    
   101.250000       35.2555809       1969.03296    
   105.000000       35.2555809       2085.53296    
   108.750000       35.2555809       2342.28296    
   112.500000       35.2555809       2553.65796    
   116.250000       35.2555809       2580.03296    
   120.000000       35.2555809       2536.53296    
   123.750000       35.2555809       2359.28296    
   127.500000       35.2555809       2240.90796    
   131.250000       35.2555809       2054.53296    
   135.000000       35.2555809       1947.78296    
   138.750000       35.2555809       1581.40796    
   142.500000       35.2555809       1446.78296    
   146.250000       35.2555809       1254.40796    
   150.000000       35.2555809       1020.90796    
   153.750000       35.2555809       722.532959    
   157.500000       35.2555809       455.157959    
   161.250000       35.2555809       411.157959    
   165.000000       35.2555809       504.157959    
   168.750000       35.2555809       645.532959    
   172.500000       35.2555809       1050.40796    
   176.250000       35.2555809       1546.78296    
   180.000000       35.2555809       1925.65796    
   183.750000       35.2555809       2192.90796    
   187.500000       35.2555809       2478.40796    
   191.250000       35.2555809       2750.28296    
   195.000000       35.2555809       2908.90796    
   198.750000       35.2555809       2945.03296    
   202.500000       35.2555809       2880.28296    
   206.250000       35.2555809       2675.15796    
   210.000000       35.2555809       2258.40796    
   213.750000       35.2555809       1590.03296    
   217.500000       35.2555809       1257.03296    
   221.250000       35.2555809       1367.90796    
   225.000000       35.2555809       1856.40796    
   228.750000       35.2555809       2159.90796    
   232.500000       35.2555809       2332.40796    
   236.250000       35.2555809       2324.03296    
   240.000000       35.2555809       2309.53296    
   243.750000       35.2555809       2286.15796    
   247.500000       35.2555809       2157.03296    
   251.250000       35.2555809       2189.53296    
   255.000000       35.2555809       1478.78296    
   258.750000       35.2555809       1384.65796    
   262.500000       35.2555809       1157.15796    
   266.250000       35.2555809       637.657959    
   270.000000       35.2555809       147.282959    
   273.750000       35.2555809       99.2829590    
   277.500000       35.2555809       330.907959    
   281.250000       35.2555809       430.032959    
   285.000000       35.2555809       579.532959    
   288.750000       35.2555809       713.157959    
   292.500000       35.2555809       1021.03296    
   296.250000       35.2555809       1091.53296    
   300.000000       35.2555809       1077.15796    
   303.750000       35.2555809       955.907959    
   307.500000       35.2555809       756.407959    
   311.250000       35.2555809       640.157959    
   315.000000       35.2555809       568.532959    
   318.750000       35.2555809       633.157959    
   322.500000       35.2555809       1005.90796    
   326.250000       35.2555809       1389.03296    
   330.000000       35.2555809       1692.90796    
   333.750000       35.2555809       1868.78296    
   337.500000       35.2555809       1755.40796    
   341.250000       35.2555809       1454.78296    
   345.000000       35.2555809       1076.03296    
   348.750000       35.2555809       607.657959    
   352.500000       35.2555809       249.157959    
   356.250000       35.2555809       198.157959    
   360.000000       35.2555809       335.782959    
   0.00000000       38.9666100       184.282959    
   3.75000000       38.9666100       306.032959    
   7.50000000       38.9666100       673.157959    
   11.2500000       38.9666100       1110.65796    
   15.0000000       38.9666100       1372.03296    
   18.7500000       38.9666100       1532.40796    
   22.5000000       38.9666100       1591.65796    
   26.2500000       38.9666100       1566.28296    
   30.0000000       38.9666100       1685.28296    
   33.7500000       38.9666100       1574.78296    
   37.5000000       38.9666100       1724.15796    
   41.2500000       38.9666100       1789.90796    
   45.0000000       38.9666100       1614.15796    
   48.7500000       38.9666100       1396.40796    
   52.5000000       38.9666100       1362.53296    
   56.2500000       38.9666100       1386.90796    
   60.0000000       38.9666100       1574.15796    
   63.7500000       38.9666100       1878.28296    
   67.5000000       38.9666100       1998.28296    
   71.2500000       38.9666100       2504.03296    
   75.0000000       38.9666100       2471.28296    
   78.7500000       38.9666100       2341.28296    
   82.5000000       38.9666100       2505.78296    
   86.2500000       38.9666100       2458.78296    
   90.0000000       38.9666100       2121.15796    
   93.7500000       38.9666100       2455.40796    
   97.5000000       38.9666100       2610.78296    
   101.250000       38.9666100       2598.03296    
   105.000000       38.9666100       2597.65796    
   108.750000       38.9666100       2157.40796    
   112.500000       38.9666100       2339.78296    
   116.250000       38.9666100       2523.65796    
   120.000000       38.9666100       2486.15796    
   123.750000       38.9666100       2324.78296    
   127.500000       38.9666100       2122.65796    
   131.250000       38.9666100       1970.78296    
   135.000000       38.9666100       1767.40796    
   138.750000       38.9666100       1538.65796    
   142.500000       38.9666100       1337.03296    
   146.250000       38.9666100       1221.65796    
   150.000000       38.9666100       1102.40796    
   153.750000       38.9666100       793.907959    
   157.500000       38.9666100       453.907959    
   161.250000       38.9666100       151.907959    
   165.000000       38.9666100       127.157959    
   168.750000       38.9666100       388.907959    
   172.500000       38.9666100       586.407959    
   176.250000       38.9666100       1106.65796    
   180.000000       38.9666100       1590.15796    
   183.750000       38.9666100       1975.65796    
   187.500000       38.9666100       2311.40796    
   191.250000       38.9666100       2668.53296    
   195.000000       38.9666100       2856.53296    
   198.750000       38.9666100       2971.40796    
   202.500000       38.9666100       2995.03296    
   206.250000       38.9666100       2857.40796    
   210.000000       38.9666100       2545.03296    
   213.750000       38.9666100       2123.15796    
   217.500000       38.9666100       1725.78296    
   221.250000       38.9666100       1825.65796    
   225.000000       38.9666100       2140.78296    
   228.750000       38.9666100       2338.53296    
   232.500000       38.9666100       2440.53296    
   236.250000       38.9666100       2412.03296    
   240.000000       38.9666100       2259.78296    
   243.750000       38.9666100       2465.90796    
   247.500000       38.9666100       2546.90796    
   251.250000       38.9666100       2450.53296    
   255.000000       38.9666100       1476.53296    
   258.750000       38.9666100       1429.15796    
   262.500000       38.9666100       1138.03296    
   266.250000       38.9666100       761.032959    
   270.000000       38.9666100       231.907959    
   273.750000       38.9666100      -239.467041    
   277.500000       38.9666100      -471.717041    
   281.250000       38.9666100      -70.3420410    
   285.000000       38.9666100       308.657959    
   288.750000       38.9666100       689.032959    
   292.500000       38.9666100       892.782959    
   296.250000       38.9666100       927.907959    
   300.000000       38.9666100       771.032959    
   303.750000       38.9666100       583.157959    
   307.500000       38.9666100       304.907959    
   311.250000       38.9666100       241.282959    
   315.000000       38.9666100       174.907959    
   318.750000       38.9666100       306.032959    
   322.500000       38.9666100       618.782959    
   326.250000       38.9666100       1073.40796    
   330.000000       38.9666100       1471.28296    
   333.750000       38.9666100       1775.78296    
   337.500000       38.9666100       1659.40796    
   341.250000       38.9666100       1288.65796    
   345.000000       38.9666100       861.907959    
   348.750000       38.9666100       424.407959    
   352.500000       38.9666100       351.157959    
   356.250000       38.9666100       292.782959    
   360.000000       38.9666100       184.282959    
   0.00000000       42.6776047       194.282959    
   3.75000000       42.6776047       127.532959    
   7.50000000       42.6776047       826.782959    
   11.2500000       42.6776047       1228.28296    
   15.0000000       42.6776047       1460.90796    
   18.7500000       42.6776047       1621.65796    
   22.5000000       42.6776047       1660.03296    
   26.2500000       42.6776047       1641.90796    
   30.0000000       42.6776047       1504.03296    
   33.7500000       42.6776047       1448.65796    
   37.5000000       42.6776047       1464.78296    
   41.2500000       42.6776047       1473.03296    
   45.0000000       42.6776047       1381.03296    
   48.7500000       42.6776047       1536.53296    
   52.5000000       42.6776047       1346.78296    
   56.2500000       42.6776047       1367.15796    
   60.0000000       42.6776047       1616.03296    
   63.7500000       42.6776047       1859.28296    
   67.5000000       42.6776047       2068.65796    
   71.2500000       42.6776047       1867.90796    
   75.0000000       42.6776047       1810.40796    
   78.7500000       42.6776047       1825.65796    
   82.5000000       42.6776047       1792.90796    
   86.2500000       42.6776047       1972.28296    
   90.0000000       42.6776047       2465.03296    
   93.7500000       42.6776047       2540.53296    
   97.5000000       42.6776047       2513.78296    
   101.250000       42.6776047       2993.03296    
   105.000000       42.6776047       2940.53296    
   108.750000       42.6776047       2977.15796    
   112.500000       42.6776047       2768.40796    
   116.250000       42.6776047       2581.78296    
   120.000000       42.6776047       2414.78296    
   123.750000       42.6776047       2353.15796    
   127.500000       42.6776047       2391.15796    
   131.250000       42.6776047       1851.65796    
   135.000000       42.6776047       1502.15796    
   138.750000       42.6776047       1304.15796    
   142.500000       42.6776047       1190.65796    
   146.250000       42.6776047       991.407959    
   150.000000       42.6776047       933.032959    
   153.750000       42.6776047       646.907959    
   157.500000       42.6776047       255.907959    
   161.250000       42.6776047      -266.717041    
   165.000000       42.6776047      -470.217041    
   168.750000       42.6776047       26.1579590    
   172.500000       42.6776047       375.782959    
   176.250000       42.6776047       670.407959    
   180.000000       42.6776047       1098.90796    
   183.750000       42.6776047       1482.90796    
   187.500000       42.6776047       1879.28296    
   191.250000       42.6776047       2223.15796    
   195.000000       42.6776047       2466.78296    
   198.750000       42.6776047       2685.28296    
   202.500000       42.6776047       2812.15796    
   206.250000       42.6776047       2817.15796    
   210.000000       42.6776047       2737.40796    
   213.750000       42.6776047       2564.40796    
   217.500000       42.6776047       2391.40796    
   221.250000       42.6776047       2291.90796    
   225.000000       42.6776047       2303.28296    
   228.750000       42.6776047       2261.28296    
   232.500000       42.6776047       2221.53296    
   236.250000       42.6776047       2422.90796    
   240.000000       42.6776047       2435.78296    
   243.750000       42.6776047       2420.03296    
   247.500000       42.6776047       2554.15796    
   251.250000       42.6776047       1838.90796    
   255.000000       42.6776047       1427.78296    
   258.750000       42.6776047       1193.78296    
   262.500000       42.6776047       894.407959    
   266.250000       42.6776047       516.907959    
   270.000000       42.6776047      -217.842041    
   273.750000       42.6776047      -626.342041    
   277.500000       42.6776047      -1110.84204    
   281.250000       42.6776047      -699.717041    
   285.000000       42.6776047       166.657959    
   288.750000       42.6776047       661.157959    
   292.500000       42.6776047       725.907959    
   296.250000       42.6776047       647.907959    
   300.000000       42.6776047       525.657959    
   303.750000       42.6776047       288.657959    
   307.500000       42.6776047       95.1579590    
   311.250000       42.6776047       43.7829590    
   315.000000       42.6776047      -89.0920410    
   318.750000       42.6776047      -92.0920410    
   322.500000       42.6776047       258.032959    
   326.250000       42.6776047       784.032959    
   330.000000       42.6776047       1258.90796    
   333.750000       42.6776047       1647.90796    
   337.500000       42.6776047       1534.03296    
   341.250000       42.6776047       1156.40796    
   345.000000       42.6776047       683.657959    
   348.750000       42.6776047       235.782959    
   352.500000       42.6776047       407.282959    
   356.250000       42.6776047       394.157959    
   360.000000       42.6776047       194.282959    
   0.00000000       46.3885536       264.032959    
   3.75000000       46.3885536       352.657959    
   7.50000000       46.3885536       1162.15796    
   11.2500000       46.3885536       1562.28296    
   15.0000000       46.3885536       1516.28296    
   18.7500000       46.3885536       1511.03296    
   22.5000000       46.3885536       1632.03296    
   26.2500000       46.3885536       1583.40796    
   30.0000000       46.3885536       1658.15796    
   33.7500000       46.3885536       1656.03296    
   37.5000000       46.3885536       1616.65796    
   41.2500000       46.3885536       1575.78296    
   45.0000000       46.3885536       1488.65796    
   48.7500000       46.3885536       1365.90796    
   52.5000000       46.3885536       1248.40796    
   56.2500000       46.3885536       1173.28296    
   60.0000000       46.3885536       1079.03296    
   63.7500000       46.3885536       1345.40796    
   67.5000000       46.3885536       1845.40796    
   71.2500000       46.3885536       2168.78296    
   75.0000000       46.3885536       2415.65796    
   78.7500000       46.3885536       2406.03296    
   82.5000000       46.3885536       2521.28296    
   86.2500000       46.3885536       2537.90796    
   90.0000000       46.3885536       2535.28296    
   93.7500000       46.3885536       2153.40796    
   97.5000000       46.3885536       2473.90796    
   101.250000       46.3885536       2226.28296    
   105.000000       46.3885536       2945.65796    
   108.750000       46.3885536       2852.40796    
   112.500000       46.3885536       2926.53296    
   116.250000       46.3885536       2761.78296    
   120.000000       46.3885536       2430.53296    
   123.750000       46.3885536       1931.15796    
   127.500000       46.3885536       1992.40796    
   131.250000       46.3885536       1695.15796    
   135.000000       46.3885536       1706.15796    
   138.750000       46.3885536       928.907959    
   142.500000       46.3885536       759.532959    
   146.250000       46.3885536       687.782959    
   150.000000       46.3885536       504.407959    
   153.750000       46.3885536       454.907959    
   157.500000       46.3885536       191.282959    
   161.250000       46.3885536      -174.717041    
   165.000000       46.3885536      -86.9670410    
   168.750000       46.3885536      -21.9670410    
   172.500000       46.3885536       301.532959    
   176.250000       46.3885536       631.407959    
   180.000000       46.3885536       891.907959    
   183.750000       46.3885536       1126.15796    
   187.500000       46.3885536       1306.78296    
   191.250000       46.3885536       1508.78296    
   195.000000       46.3885536       1718.78296    
   198.750000       46.3885536       1995.90796    
   202.500000       46.3885536       2268.03296    
   206.250000       46.3885536       2396.03296    
   210.000000       46.3885536       2484.90796    
   213.750000       46.3885536       2491.53296    
   217.500000       46.3885536       2432.90796    
   221.250000       46.3885536       2336.40796    
   225.000000       46.3885536       2217.15796    
   228.750000       46.3885536       2047.78296    
   232.500000       46.3885536       1830.78296    
   236.250000       46.3885536       1794.28296    
   240.000000       46.3885536       1878.53296    
   243.750000       46.3885536       2086.40796    
   247.500000       46.3885536       1899.78296    
   251.250000       46.3885536       1283.90796    
   255.000000       46.3885536       1120.03296    
   258.750000       46.3885536       797.532959    
   262.500000       46.3885536       625.407959    
   266.250000       46.3885536       262.657959    
   270.000000       46.3885536      -376.717041    
   273.750000       46.3885536      -685.967041    
   277.500000       46.3885536      -665.967041    
   281.250000       46.3885536      -165.342041    
   285.000000       46.3885536       339.032959    
   288.750000       46.3885536       682.657959    
   292.500000       46.3885536       560.407959    
   296.250000       46.3885536       290.532959    
   300.000000       46.3885536       9.90795898    
   303.750000       46.3885536      -199.342041    
   307.500000       46.3885536      -264.342041    
   311.250000       46.3885536      -260.092041    
   315.000000       46.3885536      -410.842041    
   318.750000       46.3885536      -458.717041    
   322.500000       46.3885536       68.7829590    
   326.250000       46.3885536       580.282959    
   330.000000       46.3885536       1193.40796    
   333.750000       46.3885536       1573.53296    
   337.500000       46.3885536       1433.03296    
   341.250000       46.3885536       1070.78296    
   345.000000       46.3885536       652.657959    
   348.750000       46.3885536       336.282959    
   352.500000       46.3885536       185.407959    
   356.250000       46.3885536       170.407959    
   360.000000       46.3885536       264.032959    
   0.00000000       50.0994530       574.157959    
   3.75000000       50.0994530       873.782959    
   7.50000000       50.0994530       1171.53296    
   11.2500000       50.0994530       1389.40796    
   15.0000000       50.0994530       1406.65796    
   18.7500000       50.0994530       1457.15796    
   22.5000000       50.0994530       1547.90796    
   26.2500000       50.0994530       1751.78296    
   30.0000000       50.0994530       1841.28296    
   33.7500000       50.0994530       1801.03296    
   37.5000000       50.0994530       1684.15796    
   41.2500000       50.0994530       1527.15796    
   45.0000000       50.0994530       1300.03296    
   48.7500000       50.0994530       1008.65796    
   52.5000000       50.0994530       809.032959    
   56.2500000       50.0994530       633.282959    
   60.0000000       50.0994530       349.657959    
   63.7500000       50.0994530       369.282959    
   67.5000000       50.0994530       980.532959    
   71.2500000       50.0994530       1634.65796    
   75.0000000       50.0994530       2020.65796    
   78.7500000       50.0994530       2182.90796    
   82.5000000       50.0994530       2152.40796    
   86.2500000       50.0994530       2023.03296    
   90.0000000       50.0994530       2114.53296    
   93.7500000       50.0994530       2531.15796    
   97.5000000       50.0994530       2164.78296    
   101.250000       50.0994530       2635.40796    
   105.000000       50.0994530       2626.40796    
   108.750000       50.0994530       2620.28296    
   112.500000       50.0994530       2253.28296    
   116.250000       50.0994530       2414.53296    
   120.000000       50.0994530       2318.40796    
   123.750000       50.0994530       1741.15796    
   127.500000       50.0994530       1469.28296    
   131.250000       50.0994530       1462.78296    
   135.000000       50.0994530       953.157959    
   138.750000       50.0994530       1087.28296    
   142.500000       50.0994530       684.532959    
   146.250000       50.0994530       375.907959    
   150.000000       50.0994530       156.657959    
   153.750000       50.0994530       105.657959    
   157.500000       50.0994530       190.782959    
   161.250000       50.0994530       224.032959    
   165.000000       50.0994530       317.407959    
   168.750000       50.0994530       505.782959    
   172.500000       50.0994530       695.157959    
   176.250000       50.0994530       764.782959    
   180.000000       50.0994530       951.157959    
   183.750000       50.0994530       891.032959    
   187.500000       50.0994530       903.032959    
   191.250000       50.0994530       732.157959    
   195.000000       50.0994530       708.157959    
   198.750000       50.0994530       1015.90796    
   202.500000       50.0994530       1429.53296    
   206.250000       50.0994530       1753.78296    
   210.000000       50.0994530       1926.40796    
   213.750000       50.0994530       2033.03296    
   217.500000       50.0994530       2006.03296    
   221.250000       50.0994530       1878.90796    
   225.000000       50.0994530       1691.40796    
   228.750000       50.0994530       1523.03296    
   232.500000       50.0994530       1383.15796    
   236.250000       50.0994530       1425.03296    
   240.000000       50.0994530       1147.40796    
   243.750000       50.0994530       1531.03296    
   247.500000       50.0994530       538.907959    
   251.250000       50.0994530       615.032959    
   255.000000       50.0994530       573.532959    
   258.750000       50.0994530       338.157959    
   262.500000       50.0994530       224.657959    
   266.250000       50.0994530       175.657959    
   270.000000       50.0994530      -97.5920410    
   273.750000       50.0994530      -158.467041    
   277.500000       50.0994530       125.532959    
   281.250000       50.0994530       492.657959    
   285.000000       50.0994530       748.782959    
   288.750000       50.0994530       748.782959    
   292.500000       50.0994530       388.157959    
   296.250000       50.0994530      -148.717041    
   300.000000       50.0994530      -617.217041    
   303.750000       50.0994530      -841.717041    
   307.500000       50.0994530      -751.092041    
   311.250000       50.0994530      -731.467041    
   315.000000       50.0994530      -828.717041    
   318.750000       50.0994530      -597.967041    
   322.500000       50.0994530       83.7829590    
   326.250000       50.0994530       720.032959    
   330.000000       50.0994530       1379.78296    
   333.750000       50.0994530       1562.03296    
   337.500000       50.0994530       1392.65796    
   341.250000       50.0994530       1099.90796    
   345.000000       50.0994530       803.657959    
   348.750000       50.0994530       621.282959    
   352.500000       50.0994530       379.532959    
   356.250000       50.0994530       339.157959    
   360.000000       50.0994530       574.157959    
   0.00000000       53.8102722       743.532959    
   3.75000000       53.8102722       1032.90796    
   7.50000000       53.8102722       1265.40796    
   11.2500000       53.8102722       1482.78296    
   15.0000000       53.8102722       1713.65796    
   18.7500000       53.8102722       1867.90796    
   22.5000000       53.8102722       1935.40796    
   26.2500000       53.8102722       1941.90796    
   30.0000000       53.8102722       1827.78296    
   33.7500000       53.8102722       1639.53296    
   37.5000000       53.8102722       1431.78296    
   41.2500000       53.8102722       1239.15796    
   45.0000000       53.8102722       1038.65796    
   48.7500000       53.8102722       598.782959    
   52.5000000       53.8102722       366.532959    
   56.2500000       53.8102722       199.657959    
   60.0000000       53.8102722      -77.8420410    
   63.7500000       53.8102722      -115.592041    
   67.5000000       53.8102722       400.782959    
   71.2500000       53.8102722       909.032959    
   75.0000000       53.8102722       1258.15796    
   78.7500000       53.8102722       1487.53296    
   82.5000000       53.8102722       1347.28296    
   86.2500000       53.8102722       1330.90796    
   90.0000000       53.8102722       1640.53296    
   93.7500000       53.8102722       1895.15796    
   97.5000000       53.8102722       1945.90796    
   101.250000       53.8102722       2025.40796    
   105.000000       53.8102722       2010.65796    
   108.750000       53.8102722       2119.28296    
   112.500000       53.8102722       1789.03296    
   116.250000       53.8102722       1951.65796    
   120.000000       53.8102722       1724.03296    
   123.750000       53.8102722       1603.28296    
   127.500000       53.8102722       1179.78296    
   131.250000       53.8102722       1061.78296    
   135.000000       53.8102722       681.657959    
   138.750000       53.8102722       575.907959    
   142.500000       53.8102722       255.907959    
   146.250000       53.8102722      -108.092041    
   150.000000       53.8102722      -291.592041    
   153.750000       53.8102722      -326.592041    
   157.500000       53.8102722       87.6579590    
   161.250000       53.8102722       168.157959    
   165.000000       53.8102722       361.032959    
   168.750000       53.8102722       511.407959    
   172.500000       53.8102722       649.657959    
   176.250000       53.8102722       765.907959    
   180.000000       53.8102722       786.407959    
   183.750000       53.8102722       695.907959    
   187.500000       53.8102722       426.782959    
   191.250000       53.8102722      -40.0920410    
   195.000000       53.8102722      -428.967041    
   198.750000       53.8102722      -38.3420410    
   202.500000       53.8102722       571.407959    
   206.250000       53.8102722       1044.65796    
   210.000000       53.8102722       1380.15796    
   213.750000       53.8102722       1454.78296    
   217.500000       53.8102722       1366.78296    
   221.250000       53.8102722       1142.78296    
   225.000000       53.8102722       866.907959    
   228.750000       53.8102722       732.282959    
   232.500000       53.8102722       527.157959    
   236.250000       53.8102722       25.4079590    
   240.000000       53.8102722       251.407959    
   243.750000       53.8102722      -118.092041    
   247.500000       53.8102722       94.7829590    
   251.250000       53.8102722       223.782959    
   255.000000       53.8102722       138.657959    
   258.750000       53.8102722      -39.7170410    
   262.500000       53.8102722       25.5329590    
   266.250000       53.8102722       101.032959    
   270.000000       53.8102722       140.657959    
   273.750000       53.8102722       194.157959    
   277.500000       53.8102722       450.282959    
   281.250000       53.8102722       703.157959    
   285.000000       53.8102722       757.532959    
   288.750000       53.8102722       641.032959    
   292.500000       53.8102722       197.657959    
   296.250000       53.8102722      -223.592041    
   300.000000       53.8102722      -829.592041    
   303.750000       53.8102722      -1176.71704    
   307.500000       53.8102722      -1280.71704    
   311.250000       53.8102722      -1125.21704    
   315.000000       53.8102722      -914.467041    
   318.750000       53.8102722      -237.842041    
   322.500000       53.8102722       600.282959    
   326.250000       53.8102722       1354.15796    
   330.000000       53.8102722       1688.15796    
   333.750000       53.8102722       1666.53296    
   337.500000       53.8102722       1445.78296    
   341.250000       53.8102722       1215.28296    
   345.000000       53.8102722       1017.03296    
   348.750000       53.8102722       854.282959    
   352.500000       53.8102722       735.907959    
   356.250000       53.8102722       489.157959    
   360.000000       53.8102722       743.532959    
   0.00000000       57.5209885       1297.28296    
   3.75000000       57.5209885       1514.53296    
   7.50000000       57.5209885       1778.65796    
   11.2500000       57.5209885       1998.65796    
   15.0000000       57.5209885       2176.03296    
   18.7500000       57.5209885       2255.28296    
   22.5000000       57.5209885       2229.40796    
   26.2500000       57.5209885       2016.28296    
   30.0000000       57.5209885       1724.03296    
   33.7500000       57.5209885       1465.78296    
   37.5000000       57.5209885       1319.78296    
   41.2500000       57.5209885       1256.15796    
   45.0000000       57.5209885       950.532959    
   48.7500000       57.5209885       495.782959    
   52.5000000       57.5209885       222.782959    
   56.2500000       57.5209885       82.1579590    
   60.0000000       57.5209885      -62.2170410    
   63.7500000       57.5209885      -76.7170410    
   67.5000000       57.5209885       106.157959    
   71.2500000       57.5209885       279.532959    
   75.0000000       57.5209885       424.907959    
   78.7500000       57.5209885       393.532959    
   82.5000000       57.5209885       539.657959    
   86.2500000       57.5209885       952.032959    
   90.0000000       57.5209885       1349.28296    
   93.7500000       57.5209885       1560.15796    
   97.5000000       57.5209885       1633.65796    
   101.250000       57.5209885       1623.90796    
   105.000000       57.5209885       1654.53296    
   108.750000       57.5209885       1706.15796    
   112.500000       57.5209885       1669.40796    
   116.250000       57.5209885       1640.53296    
   120.000000       57.5209885       1258.15796    
   123.750000       57.5209885       1237.78296    
   127.500000       57.5209885       1062.53296    
   131.250000       57.5209885       827.782959    
   135.000000       57.5209885       761.282959    
   138.750000       57.5209885       298.157959    
   142.500000       57.5209885      -31.8420410    
   146.250000       57.5209885      -380.217041    
   150.000000       57.5209885      -752.842041    
   153.750000       57.5209885      -866.467041    
   157.500000       57.5209885      -547.092041    
   161.250000       57.5209885       36.5329590    
   165.000000       57.5209885       105.657959    
   168.750000       57.5209885       283.032959    
   172.500000       57.5209885       387.282959    
   176.250000       57.5209885       413.282959    
   180.000000       57.5209885       391.532959    
   183.750000       57.5209885       220.157959    
   187.500000       57.5209885       38.1579590    
   191.250000       57.5209885      -140.342041    
   195.000000       57.5209885      -160.592041    
   198.750000       57.5209885       86.4079590    
   202.500000       57.5209885       467.907959    
   206.250000       57.5209885       699.907959    
   210.000000       57.5209885       713.657959    
   213.750000       57.5209885       671.282959    
   217.500000       57.5209885       440.907959    
   221.250000       57.5209885       181.532959    
   225.000000       57.5209885       108.032959    
   228.750000       57.5209885       60.7829590    
   232.500000       57.5209885      -170.592041    
   236.250000       57.5209885      -664.342041    
   240.000000       57.5209885      -821.717041    
   243.750000       57.5209885      -586.842041    
   247.500000       57.5209885      -297.217041    
   251.250000       57.5209885       25.0329590    
   255.000000       57.5209885       58.5329590    
   258.750000       57.5209885      -78.3420410    
   262.500000       57.5209885      -11.8420410    
   266.250000       57.5209885       111.532959    
   270.000000       57.5209885       269.782959    
   273.750000       57.5209885       435.782959    
   277.500000       57.5209885       598.532959    
   281.250000       57.5209885       589.407959    
   285.000000       57.5209885       468.782959    
   288.750000       57.5209885       110.907959    
   292.500000       57.5209885      -227.592041    
   296.250000       57.5209885      -655.342041    
   300.000000       57.5209885      -1564.21704    
   303.750000       57.5209885      -1707.96704    
   307.500000       57.5209885      -1482.46704    
   311.250000       57.5209885      -971.717041    
   315.000000       57.5209885      -124.217041    
   318.750000       57.5209885       819.032959    
   322.500000       57.5209885       1473.65796    
   326.250000       57.5209885       1879.78296    
   330.000000       57.5209885       1981.40796    
   333.750000       57.5209885       1815.90796    
   337.500000       57.5209885       1559.15796    
   341.250000       57.5209885       1283.53296    
   345.000000       57.5209885       1215.28296    
   348.750000       57.5209885       1121.40796    
   352.500000       57.5209885       1131.65796    
   356.250000       57.5209885       1231.90796    
   360.000000       57.5209885       1297.28296    
   0.00000000       61.2315712       1669.90796    
   3.75000000       61.2315712       1818.90796    
   7.50000000       61.2315712       2112.65796    
   11.2500000       61.2315712       2326.15796    
   15.0000000       61.2315712       2478.78296    
   18.7500000       61.2315712       2529.90796    
   22.5000000       61.2315712       2430.40796    
   26.2500000       61.2315712       2258.03296    
   30.0000000       61.2315712       1959.53296    
   33.7500000       61.2315712       1773.40796    
   37.5000000       61.2315712       1727.65796    
   41.2500000       61.2315712       1593.78296    
   45.0000000       61.2315712       1336.90796    
   48.7500000       61.2315712       987.032959    
   52.5000000       61.2315712       668.157959    
   56.2500000       61.2315712       376.157959    
   60.0000000       61.2315712       383.157959    
   63.7500000       61.2315712       83.7829590    
   67.5000000       61.2315712      -102.342041    
   71.2500000       61.2315712      -221.717041    
   75.0000000       61.2315712      -117.217041    
   78.7500000       61.2315712       190.157959    
   82.5000000       61.2315712       505.907959    
   86.2500000       61.2315712       861.032959    
   90.0000000       61.2315712       1115.40796    
   93.7500000       61.2315712       1211.40796    
   97.5000000       61.2315712       1214.03296    
   101.250000       61.2315712       1245.03296    
   105.000000       61.2315712       1212.03296    
   108.750000       61.2315712       1176.65796    
   112.500000       61.2315712       1098.53296    
   116.250000       61.2315712       1036.53296    
   120.000000       61.2315712       1104.90796    
   123.750000       61.2315712       1111.03296    
   127.500000       61.2315712       1188.90796    
   131.250000       61.2315712       1255.28296    
   135.000000       61.2315712       1249.40796    
   138.750000       61.2315712       300.782959    
   142.500000       61.2315712       137.657959    
   146.250000       61.2315712      -92.9670410    
   150.000000       61.2315712      -5.21704102    
   153.750000       61.2315712      -25.5920410    
   157.500000       61.2315712      -589.842041    
   161.250000       61.2315712      -35.7170410    
   165.000000       61.2315712       119.157959    
   168.750000       61.2315712       398.157959    
   172.500000       61.2315712       314.282959    
   176.250000       61.2315712       170.782959    
   180.000000       61.2315712      -20.9670410    
   183.750000       61.2315712      -92.0920410    
   187.500000       61.2315712      -241.842041    
   191.250000       61.2315712      -112.592041    
   195.000000       61.2315712       147.907959    
   198.750000       61.2315712       430.907959    
   202.500000       61.2315712       586.032959    
   206.250000       61.2315712       701.782959    
   210.000000       61.2315712       479.282959    
   213.750000       61.2315712       346.407959    
   217.500000       61.2315712       561.657959    
   221.250000       61.2315712       540.407959    
   225.000000       61.2315712       562.907959    
   228.750000       61.2315712       54.9079590    
   232.500000       61.2315712      -473.092041    
   236.250000       61.2315712       103.032959    
   240.000000       61.2315712      -16.3420410    
   243.750000       61.2315712      -108.842041    
   247.500000       61.2315712      -58.0920410    
   251.250000       61.2315712       53.5329590    
   255.000000       61.2315712       48.9079590    
   258.750000       61.2315712      -54.2170410    
   262.500000       61.2315712      -59.4670410    
   266.250000       61.2315712       108.532959    
   270.000000       61.2315712       283.157959    
   273.750000       61.2315712       437.032959    
   277.500000       61.2315712       451.907959    
   281.250000       61.2315712       272.907959    
   285.000000       61.2315712       24.6579590    
   288.750000       61.2315712      -244.092041    
   292.500000       61.2315712      -509.842041    
   296.250000       61.2315712      -799.967041    
   300.000000       61.2315712      -1213.09204    
   303.750000       61.2315712      -927.842041    
   307.500000       61.2315712      -420.342041    
   311.250000       61.2315712       139.157959    
   315.000000       61.2315712       910.407959    
   318.750000       61.2315712       2208.53296    
   322.500000       61.2315712       2340.03296    
   326.250000       61.2315712       2426.53296    
   330.000000       61.2315712       2379.28296    
   333.750000       61.2315712       2222.78296    
   337.500000       61.2315712       1970.90796    
   341.250000       61.2315712       1784.28296    
   345.000000       61.2315712       1666.03296    
   348.750000       61.2315712       1583.15796    
   352.500000       61.2315712       1531.65796    
   356.250000       61.2315712       1537.03296    
   360.000000       61.2315712       1669.90796    
   0.00000000       64.9419479       1480.90796    
   3.75000000       64.9419479       1498.03296    
   7.50000000       64.9419479       1601.03296    
   11.2500000       64.9419479       1755.28296    
   15.0000000       64.9419479       2241.15796    
   18.7500000       64.9419479       2424.03296    
   22.5000000       64.9419479       2488.90796    
   26.2500000       64.9419479       2456.53296    
   30.0000000       64.9419479       2355.90796    
   33.7500000       64.9419479       2167.03296    
   37.5000000       64.9419479       1996.28296    
   41.2500000       64.9419479       1796.78296    
   45.0000000       64.9419479       1592.90796    
   48.7500000       64.9419479       1379.40796    
   52.5000000       64.9419479       1181.28296    
   56.2500000       64.9419479       949.032959    
   60.0000000       64.9419479       883.407959    
   63.7500000       64.9419479       958.157959    
   67.5000000       64.9419479       766.032959    
   71.2500000       64.9419479       761.907959    
   75.0000000       64.9419479       769.532959    
   78.7500000       64.9419479       842.157959    
   82.5000000       64.9419479       960.407959    
   86.2500000       64.9419479       1072.90796    
   90.0000000       64.9419479       1149.15796    
   93.7500000       64.9419479       1153.65796    
   97.5000000       64.9419479       1105.40796    
   101.250000       64.9419479       1032.40796    
   105.000000       64.9419479       1073.53296    
   108.750000       64.9419479       1204.28296    
   112.500000       64.9419479       1426.28296    
   116.250000       64.9419479       1547.15796    
   120.000000       64.9419479       1516.90796    
   123.750000       64.9419479       1370.28296    
   127.500000       64.9419479       872.907959    
   131.250000       64.9419479       866.782959    
   135.000000       64.9419479       895.407959    
   138.750000       64.9419479       832.282959    
   142.500000       64.9419479       609.657959    
   146.250000       64.9419479       275.532959    
   150.000000       64.9419479       791.407959    
   153.750000       64.9419479       678.532959    
   157.500000       64.9419479       570.782959    
   161.250000       64.9419479       533.282959    
   165.000000       64.9419479       302.407959    
   168.750000       64.9419479       557.282959    
   172.500000       64.9419479       601.407959    
   176.250000       64.9419479       499.032959    
   180.000000       64.9419479       167.157959    
   183.750000       64.9419479      -85.5920410    
   187.500000       64.9419479       263.407959    
   191.250000       64.9419479       297.782959    
   195.000000       64.9419479       412.532959    
   198.750000       64.9419479       489.407959    
   202.500000       64.9419479       519.032959    
   206.250000       64.9419479       404.032959    
   210.000000       64.9419479       417.657959    
   213.750000       64.9419479       454.407959    
   217.500000       64.9419479       363.032959    
   221.250000       64.9419479       341.532959    
   225.000000       64.9419479       336.907959    
   228.750000       64.9419479       272.282959    
   232.500000       64.9419479       237.407959    
   236.250000       64.9419479       382.532959    
   240.000000       64.9419479       277.907959    
   243.750000       64.9419479       256.657959    
   247.500000       64.9419479       208.657959    
   251.250000       64.9419479       160.907959    
   255.000000       64.9419479       90.9079590    
   258.750000       64.9419479      -52.4670410    
   262.500000       64.9419479      -109.467041    
   266.250000       64.9419479       51.9079590    
   270.000000       64.9419479       215.032959    
   273.750000       64.9419479       225.407959    
   277.500000       64.9419479       1.65795898    
   281.250000       64.9419479      -287.342041    
   285.000000       64.9419479      -626.342041    
   288.750000       64.9419479      -452.467041    
   292.500000       64.9419479      -357.842041    
   296.250000       64.9419479      -175.967041    
   300.000000       64.9419479       161.407959    
   303.750000       64.9419479       322.407959    
   307.500000       64.9419479       269.407959    
   311.250000       64.9419479       797.657959    
   315.000000       64.9419479       1951.40796    
   318.750000       64.9419479       2681.03296    
   322.500000       64.9419479       2683.78296    
   326.250000       64.9419479       2662.40796    
   330.000000       64.9419479       2622.65796    
   333.750000       64.9419479       2604.65796    
   337.500000       64.9419479       2469.78296    
   341.250000       64.9419479       2478.90796    
   345.000000       64.9419479       2337.03296    
   348.750000       64.9419479       1983.53296    
   352.500000       64.9419479       1750.03296    
   356.250000       64.9419479       1548.53296    
   360.000000       64.9419479       1480.90796    
   0.00000000       68.6520157       755.907959    
   3.75000000       68.6520157       764.032959    
   7.50000000       68.6520157       1022.78296    
   11.2500000       68.6520157       1186.15796    
   15.0000000       68.6520157       1460.78296    
   18.7500000       68.6520157       1602.03296    
   22.5000000       68.6520157       2043.28296    
   26.2500000       68.6520157       2310.65796    
   30.0000000       68.6520157       2346.40796    
   33.7500000       68.6520157       2308.90796    
   37.5000000       68.6520157       2152.28296    
   41.2500000       68.6520157       2019.53296    
   45.0000000       68.6520157       1905.90796    
   48.7500000       68.6520157       1796.15796    
   52.5000000       68.6520157       1636.78296    
   56.2500000       68.6520157       1526.78296    
   60.0000000       68.6520157       1494.90796    
   63.7500000       68.6520157       1566.90796    
   67.5000000       68.6520157       1713.03296    
   71.2500000       68.6520157       1638.15796    
   75.0000000       68.6520157       1596.15796    
   78.7500000       68.6520157       1518.40796    
   82.5000000       68.6520157       1404.03296    
   86.2500000       68.6520157       1229.53296    
   90.0000000       68.6520157       1197.40796    
   93.7500000       68.6520157       1318.15796    
   97.5000000       68.6520157       1474.40796    
   101.250000       68.6520157       1770.90796    
   105.000000       68.6520157       1807.53296    
   108.750000       68.6520157       1824.53296    
   112.500000       68.6520157       1844.78296    
   116.250000       68.6520157       1785.90796    
   120.000000       68.6520157       1624.28296    
   123.750000       68.6520157       1486.78296    
   127.500000       68.6520157       1084.15796    
   131.250000       68.6520157       1073.90796    
   135.000000       68.6520157       1167.90796    
   138.750000       68.6520157       879.407959    
   142.500000       68.6520157       900.407959    
   146.250000       68.6520157       803.532959    
   150.000000       68.6520157       699.532959    
   153.750000       68.6520157       629.782959    
   157.500000       68.6520157       599.532959    
   161.250000       68.6520157       648.407959    
   165.000000       68.6520157       497.157959    
   168.750000       68.6520157       376.532959    
   172.500000       68.6520157       459.157959    
   176.250000       68.6520157       268.407959    
   180.000000       68.6520157       313.782959    
   183.750000       68.6520157       498.907959    
   187.500000       68.6520157       468.032959    
   191.250000       68.6520157       405.407959    
   195.000000       68.6520157       331.282959    
   198.750000       68.6520157       263.782959    
   202.500000       68.6520157       251.282959    
   206.250000       68.6520157       240.532959    
   210.000000       68.6520157       201.907959    
   213.750000       68.6520157       186.782959    
   217.500000       68.6520157       326.657959    
   221.250000       68.6520157       550.407959    
   225.000000       68.6520157       638.032959    
   228.750000       68.6520157       535.532959    
   232.500000       68.6520157       519.657959    
   236.250000       68.6520157       429.282959    
   240.000000       68.6520157       249.782959    
   243.750000       68.6520157       292.032959    
   247.500000       68.6520157       110.157959    
   251.250000       68.6520157      -64.0920410    
   255.000000       68.6520157      -286.217041    
   258.750000       68.6520157      -365.467041    
   262.500000       68.6520157      -291.717041    
   266.250000       68.6520157      -138.342041    
   270.000000       68.6520157       24.1579590    
   273.750000       68.6520157       104.657959    
   277.500000       68.6520157      -165.217041    
   281.250000       68.6520157      -435.967041    
   285.000000       68.6520157      -323.842041    
   288.750000       68.6520157      -16.9670410    
   292.500000       68.6520157       388.907959    
   296.250000       68.6520157       318.657959    
   300.000000       68.6520157       569.532959    
   303.750000       68.6520157       773.657959    
   307.500000       68.6520157       798.032959    
   311.250000       68.6520157       1258.65796    
   315.000000       68.6520157       2338.28296    
   318.750000       68.6520157       2633.15796    
   322.500000       68.6520157       2333.03296    
   326.250000       68.6520157       2251.53296    
   330.000000       68.6520157       2360.78296    
   333.750000       68.6520157       2324.28296    
   337.500000       68.6520157       2405.90796    
   341.250000       68.6520157       2396.90796    
   345.000000       68.6520157       2185.15796    
   348.750000       68.6520157       1852.78296    
   352.500000       68.6520157       1476.28296    
   356.250000       68.6520157       1094.28296    
   360.000000       68.6520157       755.907959    
   0.00000000       72.3615875       760.157959    
   3.75000000       72.3615875       633.782959    
   7.50000000       72.3615875       679.782959    
   11.2500000       72.3615875       734.032959    
   15.0000000       72.3615875       797.782959    
   18.7500000       72.3615875       1149.65796    
   22.5000000       72.3615875       1433.40796    
   26.2500000       72.3615875       1796.78296    
   30.0000000       72.3615875       2044.28296    
   33.7500000       72.3615875       2178.15796    
   37.5000000       72.3615875       2213.40796    
   41.2500000       72.3615875       2167.78296    
   45.0000000       72.3615875       2168.90796    
   48.7500000       72.3615875       2217.53296    
   52.5000000       72.3615875       2223.40796    
   56.2500000       72.3615875       2250.28296    
   60.0000000       72.3615875       2200.40796    
   63.7500000       72.3615875       2171.53296    
   67.5000000       72.3615875       2145.03296    
   71.2500000       72.3615875       2098.28296    
   75.0000000       72.3615875       2035.28296    
   78.7500000       72.3615875       1961.28296    
   82.5000000       72.3615875       1904.03296    
   86.2500000       72.3615875       1855.40796    
   90.0000000       72.3615875       1826.78296    
   93.7500000       72.3615875       1802.28296    
   97.5000000       72.3615875       1772.78296    
   101.250000       72.3615875       1745.28296    
   105.000000       72.3615875       1745.65796    
   108.750000       72.3615875       1703.65796    
   112.500000       72.3615875       1681.28296    
   116.250000       72.3615875       1581.15796    
   120.000000       72.3615875       1447.28296    
   123.750000       72.3615875       1274.65796    
   127.500000       72.3615875       1066.28296    
   131.250000       72.3615875       810.657959    
   135.000000       72.3615875       628.032959    
   138.750000       72.3615875       520.407959    
   142.500000       72.3615875       465.657959    
   146.250000       72.3615875       405.032959    
   150.000000       72.3615875       333.907959    
   153.750000       72.3615875       251.157959    
   157.500000       72.3615875       196.282959    
   161.250000       72.3615875       248.407959    
   165.000000       72.3615875       294.782959    
   168.750000       72.3615875       337.782959    
   172.500000       72.3615875       386.157959    
   176.250000       72.3615875       440.657959    
   180.000000       72.3615875       499.157959    
   183.750000       72.3615875       549.282959    
   187.500000       72.3615875       575.657959    
   191.250000       72.3615875       567.407959    
   195.000000       72.3615875       568.907959    
   198.750000       72.3615875       595.532959    
   202.500000       72.3615875       628.532959    
   206.250000       72.3615875       667.907959    
   210.000000       72.3615875       700.407959    
   213.750000       72.3615875       729.157959    
   217.500000       72.3615875       746.657959    
   221.250000       72.3615875       743.407959    
   225.000000       72.3615875       711.032959    
   228.750000       72.3615875       637.657959    
   232.500000       72.3615875       542.407959    
   236.250000       72.3615875       427.657959    
   240.000000       72.3615875       280.907959    
   243.750000       72.3615875       106.907959    
   247.500000       72.3615875      -94.5920410    
   251.250000       72.3615875      -286.592041    
   255.000000       72.3615875      -401.467041    
   258.750000       72.3615875      -332.092041    
   262.500000       72.3615875      -201.592041    
   266.250000       72.3615875      -4.46704102    
   270.000000       72.3615875      0.532958984    
   273.750000       72.3615875      -14.0920410    
   277.500000       72.3615875       20.5329590    
   281.250000       72.3615875       69.7829590    
   285.000000       72.3615875       244.407959    
   288.750000       72.3615875       319.032959    
   292.500000       72.3615875       476.782959    
   296.250000       72.3615875       671.657959    
   300.000000       72.3615875       906.782959    
   303.750000       72.3615875       1116.40796    
   307.500000       72.3615875       1435.40796    
   311.250000       72.3615875       1968.40796    
   315.000000       72.3615875       2356.53296    
   318.750000       72.3615875       2548.90796    
   322.500000       72.3615875       2561.40796    
   326.250000       72.3615875       2554.90796    
   330.000000       72.3615875       1965.65796    
   333.750000       72.3615875       2372.28296    
   337.500000       72.3615875       2056.28296    
   341.250000       72.3615875       2101.15796    
   345.000000       72.3615875       2078.03296    
   348.750000       72.3615875       1871.40796    
   352.500000       72.3615875       1539.65796    
   356.250000       72.3615875       1126.53296    
   360.000000       72.3615875       760.157959    
   0.00000000       76.0702438       1360.28296    
   3.75000000       76.0702438       1185.40796    
   7.50000000       76.0702438       1073.28296    
   11.2500000       76.0702438       1138.53296    
   15.0000000       76.0702438       1284.53296    
   18.7500000       76.0702438       1466.65796    
   22.5000000       76.0702438       1621.15796    
   26.2500000       76.0702438       1764.03296    
   30.0000000       76.0702438       1902.40796    
   33.7500000       76.0702438       2044.28296    
   37.5000000       76.0702438       2155.78296    
   41.2500000       76.0702438       2224.40796    
   45.0000000       76.0702438       2266.28296    
   48.7500000       76.0702438       2279.03296    
   52.5000000       76.0702438       2291.78296    
   56.2500000       76.0702438       2278.78296    
   60.0000000       76.0702438       2270.53296    
   63.7500000       76.0702438       2260.53296    
   67.5000000       76.0702438       2194.65796    
   71.2500000       76.0702438       2156.65796    
   75.0000000       76.0702438       2066.53296    
   78.7500000       76.0702438       1987.15796    
   82.5000000       76.0702438       1934.40796    
   86.2500000       76.0702438       1883.65796    
   90.0000000       76.0702438       1835.40796    
   93.7500000       76.0702438       1791.65796    
   97.5000000       76.0702438       1707.65796    
   101.250000       76.0702438       1645.53296    
   105.000000       76.0702438       1584.90796    
   108.750000       76.0702438       1389.28296    
   112.500000       76.0702438       1188.90796    
   116.250000       76.0702438       1046.03296    
   120.000000       76.0702438       844.657959    
   123.750000       76.0702438       648.407959    
   127.500000       76.0702438       470.157959    
   131.250000       76.0702438       313.532959    
   135.000000       76.0702438       171.782959    
   138.750000       76.0702438       48.9079590    
   142.500000       76.0702438      -39.2170410    
   146.250000       76.0702438      -105.342041    
   150.000000       76.0702438      -135.217041    
   153.750000       76.0702438      -99.0920410    
   157.500000       76.0702438      -47.9670410    
   161.250000       76.0702438      -27.0920410    
   165.000000       76.0702438      -13.7170410    
   168.750000       76.0702438      -3.71704102    
   172.500000       76.0702438       25.7829590    
   176.250000       76.0702438       117.657959    
   180.000000       76.0702438       209.407959    
   183.750000       76.0702438       304.782959    
   187.500000       76.0702438       401.907959    
   191.250000       76.0702438       485.532959    
   195.000000       76.0702438       566.407959    
   198.750000       76.0702438       632.532959    
   202.500000       76.0702438       680.657959    
   206.250000       76.0702438       726.532959    
   210.000000       76.0702438       762.282959    
   213.750000       76.0702438       779.157959    
   217.500000       76.0702438       780.657959    
   221.250000       76.0702438       755.532959    
   225.000000       76.0702438       691.657959    
   228.750000       76.0702438       595.407959    
   232.500000       76.0702438       463.907959    
   236.250000       76.0702438       304.282959    
   240.000000       76.0702438       145.782959    
   243.750000       76.0702438       23.2829590    
   247.500000       76.0702438      -57.2170410    
   251.250000       76.0702438      -87.5920410    
   255.000000       76.0702438      -19.0920410    
   258.750000       76.0702438       69.0329590    
   262.500000       76.0702438       176.282959    
   266.250000       76.0702438       220.782959    
   270.000000       76.0702438       284.657959    
   273.750000       76.0702438       224.532959    
   277.500000       76.0702438       288.032959    
   281.250000       76.0702438       410.407959    
   285.000000       76.0702438       291.032959    
   288.750000       76.0702438       241.407959    
   292.500000       76.0702438       342.157959    
   296.250000       76.0702438       662.282959    
   300.000000       76.0702438       1041.90796    
   303.750000       76.0702438       1259.65796    
   307.500000       76.0702438       1435.28296    
   311.250000       76.0702438       1641.78296    
   315.000000       76.0702438       1813.65796    
   318.750000       76.0702438       1870.90796    
   322.500000       76.0702438       1941.90796    
   326.250000       76.0702438       2014.90796    
   330.000000       76.0702438       2011.28296    
   333.750000       76.0702438       1860.53296    
   337.500000       76.0702438       1819.65796    
   341.250000       76.0702438       1782.28296    
   345.000000       76.0702438       1845.90796    
   348.750000       76.0702438       1831.03296    
   352.500000       76.0702438       1732.15796    
   356.250000       76.0702438       1583.03296    
   360.000000       76.0702438       1360.28296    
   0.00000000       79.7770462       1694.03296    
   3.75000000       79.7770462       1635.15796    
   7.50000000       79.7770462       1571.65796    
   11.2500000       79.7770462       1524.65796    
   15.0000000       79.7770462       1508.78296    
   18.7500000       79.7770462       1419.53296    
   22.5000000       79.7770462       1340.65796    
   26.2500000       79.7770462       1234.40796    
   30.0000000       79.7770462       1234.65796    
   33.7500000       79.7770462       1263.03296    
   37.5000000       79.7770462       1290.90796    
   41.2500000       79.7770462       1347.15796    
   45.0000000       79.7770462       1441.53296    
   48.7500000       79.7770462       1545.90796    
   52.5000000       79.7770462       1605.28296    
   56.2500000       79.7770462       1641.53296    
   60.0000000       79.7770462       1637.40796    
   63.7500000       79.7770462       1602.78296    
   67.5000000       79.7770462       1559.90796    
   71.2500000       79.7770462       1506.65796    
   75.0000000       79.7770462       1442.53296    
   78.7500000       79.7770462       1372.40796    
   82.5000000       79.7770462       1299.40796    
   86.2500000       79.7770462       1230.03296    
   90.0000000       79.7770462       1188.40796    
   93.7500000       79.7770462       1214.15796    
   97.5000000       79.7770462       1137.40796    
   101.250000       79.7770462       895.782959    
   105.000000       79.7770462       892.157959    
   108.750000       79.7770462       815.032959    
   112.500000       79.7770462       706.032959    
   116.250000       79.7770462       581.782959    
   120.000000       79.7770462       452.032959    
   123.750000       79.7770462       323.907959    
   127.500000       79.7770462       195.532959    
   131.250000       79.7770462       71.1579590    
   135.000000       79.7770462      -50.2170410    
   138.750000       79.7770462      -163.717041    
   142.500000       79.7770462      -266.842041    
   146.250000       79.7770462      -356.092041    
   150.000000       79.7770462      -422.342041    
   153.750000       79.7770462      -450.092041    
   157.500000       79.7770462      -443.467041    
   161.250000       79.7770462      -390.717041    
   165.000000       79.7770462      -295.967041    
   168.750000       79.7770462      -215.092041    
   172.500000       79.7770462      -146.092041    
   176.250000       79.7770462      -80.7170410    
   180.000000       79.7770462      -8.21704102    
   183.750000       79.7770462       73.2829590    
   187.500000       79.7770462       149.532959    
   191.250000       79.7770462       231.407959    
   195.000000       79.7770462       315.407959    
   198.750000       79.7770462       385.532959    
   202.500000       79.7770462       443.282959    
   206.250000       79.7770462       488.532959    
   210.000000       79.7770462       523.032959    
   213.750000       79.7770462       536.907959    
   217.500000       79.7770462       525.657959    
   221.250000       79.7770462       492.907959    
   225.000000       79.7770462       444.782959    
   228.750000       79.7770462       377.907959    
   232.500000       79.7770462       291.657959    
   236.250000       79.7770462       219.282959    
   240.000000       79.7770462       164.282959    
   243.750000       79.7770462       152.657959    
   247.500000       79.7770462       176.532959    
   251.250000       79.7770462       228.532959    
   255.000000       79.7770462       301.907959    
   258.750000       79.7770462       387.907959    
   262.500000       79.7770462       459.782959    
   266.250000       79.7770462       391.157959    
   270.000000       79.7770462       437.782959    
   273.750000       79.7770462       630.407959    
   277.500000       79.7770462       647.532959    
   281.250000       79.7770462       702.407959    
   285.000000       79.7770462       839.282959    
   288.750000       79.7770462       877.657959    
   292.500000       79.7770462       867.782959    
   296.250000       79.7770462       832.032959    
   300.000000       79.7770462       820.532959    
   303.750000       79.7770462       1019.53296    
   307.500000       79.7770462       1237.28296    
   311.250000       79.7770462       1355.40796    
   315.000000       79.7770462       1411.90796    
   318.750000       79.7770462       1438.28296    
   322.500000       79.7770462       1488.15796    
   326.250000       79.7770462       1422.40796    
   330.000000       79.7770462       1184.03296    
   333.750000       79.7770462       1149.65796    
   337.500000       79.7770462       1462.65796    
   341.250000       79.7770462       1492.40796    
   345.000000       79.7770462       1534.15796    
   348.750000       79.7770462       1618.28296    
   352.500000       79.7770462       1677.53296    
   356.250000       79.7770462       1704.40796    
   360.000000       79.7770462       1694.03296    
   0.00000000       83.4789200       1485.03296    
   3.75000000       83.4789200       1493.90796    
   7.50000000       83.4789200       1495.28296    
   11.2500000       83.4789200       1489.90796    
   15.0000000       83.4789200       1474.78296    
   18.7500000       83.4789200       1449.40796    
   22.5000000       83.4789200       1418.15796    
   26.2500000       83.4789200       1379.28296    
   30.0000000       83.4789200       1335.78296    
   33.7500000       83.4789200       1292.03296    
   37.5000000       83.4789200       1248.15796    
   41.2500000       83.4789200       1205.90796    
   45.0000000       83.4789200       1172.53296    
   48.7500000       83.4789200       1146.65796    
   52.5000000       83.4789200       1126.03296    
   56.2500000       83.4789200       1107.78296    
   60.0000000       83.4789200       1086.15796    
   63.7500000       83.4789200       1059.03296    
   67.5000000       83.4789200       1023.53296    
   71.2500000       83.4789200       983.907959    
   75.0000000       83.4789200       941.407959    
   78.7500000       83.4789200       898.032959    
   82.5000000       83.4789200       859.032959    
   86.2500000       83.4789200       822.407959    
   90.0000000       83.4789200       793.407959    
   93.7500000       83.4789200       766.782959    
   97.5000000       83.4789200       738.782959    
   101.250000       83.4789200       706.032959    
   105.000000       83.4789200       663.657959    
   108.750000       83.4789200       612.407959    
   112.500000       83.4789200       549.157959    
   116.250000       83.4789200       477.282959    
   120.000000       83.4789200       394.782959    
   123.750000       83.4789200       302.907959    
   127.500000       83.4789200       205.157959    
   131.250000       83.4789200       106.157959    
   135.000000       83.4789200       13.7829590    
   138.750000       83.4789200      -68.7170410    
   142.500000       83.4789200      -135.842041    
   146.250000       83.4789200      -193.592041    
   150.000000       83.4789200      -244.217041    
   153.750000       83.4789200      -275.717041    
   157.500000       83.4789200      -293.217041    
   161.250000       83.4789200      -301.217041    
   165.000000       83.4789200      -296.342041    
   168.750000       83.4789200      -273.342041    
   172.500000       83.4789200      -231.467041    
   176.250000       83.4789200      -174.592041    
   180.000000       83.4789200      -110.842041    
   183.750000       83.4789200      -49.8420410    
   187.500000       83.4789200       8.40795898    
   191.250000       83.4789200       58.7829590    
   195.000000       83.4789200       102.657959    
   198.750000       83.4789200       140.407959    
   202.500000       83.4789200       169.907959    
   206.250000       83.4789200       186.907959    
   210.000000       83.4789200       199.282959    
   213.750000       83.4789200       202.907959    
   217.500000       83.4789200       201.157959    
   221.250000       83.4789200       203.907959    
   225.000000       83.4789200       214.032959    
   228.750000       83.4789200       217.282959    
   232.500000       83.4789200       220.032959    
   236.250000       83.4789200       244.657959    
   240.000000       83.4789200       280.157959    
   243.750000       83.4789200       322.282959    
   247.500000       83.4789200       370.032959    
   251.250000       83.4789200       426.532959    
   255.000000       83.4789200       498.532959    
   258.750000       83.4789200       567.532959    
   262.500000       83.4789200       616.907959    
   266.250000       83.4789200       656.657959    
   270.000000       83.4789200       670.157959    
   273.750000       83.4789200       670.282959    
   277.500000       83.4789200       674.282959    
   281.250000       83.4789200       671.657959    
   285.000000       83.4789200       684.407959    
   288.750000       83.4789200       675.532959    
   292.500000       83.4789200       696.282959    
   296.250000       83.4789200       698.407959    
   300.000000       83.4789200       750.407959    
   303.750000       83.4789200       836.032959    
   307.500000       83.4789200       898.657959    
   311.250000       83.4789200       951.282959    
   315.000000       83.4789200       986.657959    
   318.750000       83.4789200       1034.90796    
   322.500000       83.4789200       1093.78296    
   326.250000       83.4789200       1166.03296    
   330.000000       83.4789200       1108.65796    
   333.750000       83.4789200       1070.15796    
   337.500000       83.4789200       1122.65796    
   341.250000       83.4789200       1226.53296    
   345.000000       83.4789200       1304.78296    
   348.750000       83.4789200       1369.65796    
   352.500000       83.4789200       1424.40796    
   356.250000       83.4789200       1462.40796    
   360.000000       83.4789200       1485.03296    
   0.00000000       87.1590958       1360.53296    
   3.75000000       87.1590958       1367.53296    
   7.50000000       87.1590958       1371.90796    
   11.2500000       87.1590958       1375.15796    
   15.0000000       87.1590958       1374.90796    
   18.7500000       87.1590958       1371.78296    
   22.5000000       87.1590958       1368.15796    
   26.2500000       87.1590958       1361.40796    
   30.0000000       87.1590958       1352.03296    
   33.7500000       87.1590958       1343.15796    
   37.5000000       87.1590958       1331.15796    
   41.2500000       87.1590958       1315.65796    
   45.0000000       87.1590958       1300.90796    
   48.7500000       87.1590958       1283.65796    
   52.5000000       87.1590958       1262.53296    
   56.2500000       87.1590958       1241.90796    
   60.0000000       87.1590958       1219.03296    
   63.7500000       87.1590958       1193.53296    
   67.5000000       87.1590958       1167.15796    
   71.2500000       87.1590958       1138.65796    
   75.0000000       87.1590958       1108.78296    
   78.7500000       87.1590958       1077.28296    
   82.5000000       87.1590958       1043.03296    
   86.2500000       87.1590958       1006.40796    
   90.0000000       87.1590958       967.407959    
   93.7500000       87.1590958       927.032959    
   97.5000000       87.1590958       885.532959    
   101.250000       87.1590958       842.032959    
   105.000000       87.1590958       798.907959    
   108.750000       87.1590958       756.407959    
   112.500000       87.1590958       712.532959    
   116.250000       87.1590958       669.032959    
   120.000000       87.1590958       627.782959    
   123.750000       87.1590958       585.657959    
   127.500000       87.1590958       543.032959    
   131.250000       87.1590958       502.282959    
   135.000000       87.1590958       462.157959    
   138.750000       87.1590958       424.282959    
   142.500000       87.1590958       392.032959    
   146.250000       87.1590958       364.782959    
   150.000000       87.1590958       342.157959    
   153.750000       87.1590958       325.907959    
   157.500000       87.1590958       313.157959    
   161.250000       87.1590958       300.907959    
   165.000000       87.1590958       293.407959    
   168.750000       87.1590958       287.407959    
   172.500000       87.1590958       281.407959    
   176.250000       87.1590958       280.032959    
   180.000000       87.1590958       279.157959    
   183.750000       87.1590958       278.782959    
   187.500000       87.1590958       282.157959    
   191.250000       87.1590958       286.157959    
   195.000000       87.1590958       291.407959    
   198.750000       87.1590958       298.657959    
   202.500000       87.1590958       307.157959    
   206.250000       87.1590958       319.032959    
   210.000000       87.1590958       334.032959    
   213.750000       87.1590958       351.407959    
   217.500000       87.1590958       373.282959    
   221.250000       87.1590958       399.032959    
   225.000000       87.1590958       428.032959    
   228.750000       87.1590958       460.782959    
   232.500000       87.1590958       494.407959    
   236.250000       87.1590958       528.657959    
   240.000000       87.1590958       565.532959    
   243.750000       87.1590958       603.657959    
   247.500000       87.1590958       641.282959    
   251.250000       87.1590958       680.782959    
   255.000000       87.1590958       721.657959    
   258.750000       87.1590958       759.032959    
   262.500000       87.1590958       791.407959    
   266.250000       87.1590958       821.407959    
   270.000000       87.1590958       849.032959    
   273.750000       87.1590958       874.157959    
   277.500000       87.1590958       898.282959    
   281.250000       87.1590958       921.282959    
   285.000000       87.1590958       940.907959    
   288.750000       87.1590958       958.532959    
   292.500000       87.1590958       975.907959    
   296.250000       87.1590958       990.907959    
   300.000000       87.1590958       1008.28296    
   303.750000       87.1590958       1029.90796    
   307.500000       87.1590958       1052.03296    
   311.250000       87.1590958       1076.65796    
   315.000000       87.1590958       1102.15796    
   318.750000       87.1590958       1125.78296    
   322.500000       87.1590958       1150.90796    
   326.250000       87.1590958       1177.65796    
   330.000000       87.1590958       1204.15796    
   333.750000       87.1590958       1231.90796    
   337.500000       87.1590958       1259.15796    
   341.250000       87.1590958       1283.53296    
   345.000000       87.1590958       1304.40796    
   348.750000       87.1590958       1322.65796    
   352.500000       87.1590958       1338.53296    
   356.250000       87.1590958       1350.78296    
   360.000000       87.1590958       1360.53296    
