   0.00000000      -87.1590958      -2.25536496E-06
   3.75000000      -87.1590958      -2.26048724E-06
   7.50000000      -87.1590958      -2.26002157E-06
   11.2500000      -87.1590958      -2.25303666E-06
   15.0000000      -87.1590958      -2.23021925E-06
   18.7500000      -87.1590958      -2.15571345E-06
   22.5000000      -87.1590958      -2.04442040E-06
   26.2500000      -87.1590958      -1.90937862E-06
   30.0000000      -87.1590958      -1.77107722E-06
   33.7500000      -87.1590958      -1.66816608E-06
   37.5000000      -87.1590958      -1.59645424E-06
   41.2500000      -87.1590958      -1.54755980E-06
   45.0000000      -87.1590958      -1.51170389E-06
   48.7500000      -87.1590958      -1.46979437E-06
   52.5000000      -87.1590958      -1.41205237E-06
   56.2500000      -87.1590958      -1.34918810E-06
   60.0000000      -87.1590958      -1.29377440E-06
   63.7500000      -87.1590958      -1.26536906E-06
   67.5000000      -87.1590958      -1.24720827E-06
   71.2500000      -87.1590958      -1.23044447E-06
   75.0000000      -87.1590958      -1.20343611E-06
   78.7500000      -87.1590958      -1.15593866E-06
   82.5000000      -87.1590958      -1.09633402E-06
   86.2500000      -87.1590958      -1.01391197E-06
   90.0000000      -87.1590958      -8.96565325E-07
   93.7500000      -87.1590958      -7.68042810E-07
   97.5000000      -87.1590958      -6.65597327E-07
   101.250000      -87.1590958      -5.94351150E-07
   105.000000      -87.1590958      -5.58495231E-07
   108.750000      -87.1590958      -5.65480150E-07
   112.500000      -87.1590958      -6.21359504E-07
   116.250000      -87.1590958      -7.37309165E-07
   120.000000      -87.1590958      -9.23573680E-07
   123.750000      -87.1590958      -1.11356348E-06
   127.500000      -87.1590958      -1.20250479E-06
   131.250000      -87.1590958      -1.19319157E-06
   135.000000      -87.1590958      -1.08795211E-06
   138.750000      -87.1590958      -9.38009180E-07
   142.500000      -87.1590958      -8.37892003E-07
   146.250000      -87.1590958      -7.93654181E-07
   150.000000      -87.1590958      -8.12280632E-07
   153.750000      -87.1590958      -9.18451406E-07
   157.500000      -87.1590958      -1.07351661E-06
   161.250000      -87.1590958      -1.25419319E-06
   165.000000      -87.1590958      -1.44232035E-06
   168.750000      -87.1590958      -1.62346259E-06
   172.500000      -87.1590958      -1.78178743E-06
   176.250000      -87.1590958      -1.90611900E-06
   180.000000      -87.1590958      -1.99180067E-06
   183.750000      -87.1590958      -2.03324453E-06
   187.500000      -87.1590958      -2.05978722E-06
   191.250000      -87.1590958      -2.08027632E-06
   195.000000      -87.1590958      -2.10076541E-06
   198.750000      -87.1590958      -2.11007864E-06
   202.500000      -87.1590958      -2.12591112E-06
   206.250000      -87.1590958      -2.15105683E-06
   210.000000      -87.1590958      -2.18644709E-06
   213.750000      -87.1590958      -2.18272180E-06
   217.500000      -87.1590958      -2.17061461E-06
   221.250000      -87.1590958      -2.15291948E-06
   225.000000      -87.1590958      -2.13755266E-06
   228.750000      -87.1590958      -2.14267493E-06
   232.500000      -87.1590958      -2.15385080E-06
   236.250000      -87.1590958      -2.15105683E-06
   240.000000      -87.1590958      -2.11287261E-06
   243.750000      -87.1590958      -2.01461808E-06
   247.500000      -87.1590958      -1.87119440E-06
   251.250000      -87.1590958      -1.68399856E-06
   255.000000      -87.1590958      -1.45489321E-06
   258.750000      -87.1590958      -1.24208600E-06
   262.500000      -87.1590958      -1.04185165E-06
   266.250000      -87.1590958      -8.83526809E-07
   270.000000      -87.1590958      -8.07158358E-07
   273.750000      -87.1590958      -8.55587132E-07
   277.500000      -87.1590958      -9.22176696E-07
   281.250000      -87.1590958      -9.81315679E-07
   285.000000      -87.1590958      -1.00180478E-06
   288.750000      -87.1590958      -1.01437763E-06
   292.500000      -87.1590958      -1.07351661E-06
   296.250000      -87.1590958      -1.17456511E-06
   300.000000      -87.1590958      -1.31146953E-06
   303.750000      -87.1590958      -1.41344935E-06
   307.500000      -87.1590958      -1.48748950E-06
   311.250000      -87.1590958      -1.54383451E-06
   315.000000      -87.1590958      -1.59226329E-06
   318.750000      -87.1590958      -1.69564009E-06
   322.500000      -87.1590958      -1.83207885E-06
   326.250000      -87.1590958      -1.98760972E-06
   330.000000      -87.1590958      -2.14965985E-06
   333.750000      -87.1590958      -2.28051067E-06
   337.500000      -87.1590958      -2.34942854E-06
   341.250000      -87.1590958      -2.36526103E-06
   345.000000      -87.1590958      -2.33592436E-06
   348.750000      -87.1590958      -2.29448051E-06
   352.500000      -87.1590958      -2.26654083E-06
   356.250000      -87.1590958      -2.25396798E-06
   360.000000      -87.1590958      -2.25536496E-06
   0.00000000      -83.4789200      -7.86203600E-07
   3.75000000      -83.4789200      -8.20196874E-07
   7.50000000      -83.4789200      -9.56169970E-07
   11.2500000      -83.4789200      -1.08143286E-06
   15.0000000      -83.4789200      -1.13731221E-06
   18.7500000      -83.4789200      -1.07677624E-06
   22.5000000      -83.4789200      -9.38474841E-07
   26.2500000      -83.4789200      -8.49533535E-07
   30.0000000      -83.4789200      -8.60243745E-07
   33.7500000      -83.4789200      -9.61292244E-07
   37.5000000      -83.4789200      -1.09912799E-06
   41.2500000      -83.4789200      -1.27840758E-06
   45.0000000      -83.4789200      -1.63929508E-06
   48.7500000      -83.4789200      -1.90239371E-06
   52.5000000      -83.4789200      -1.86048419E-06
   56.2500000      -83.4789200      -1.95268512E-06
   60.0000000      -83.4789200      -2.13382737E-06
   63.7500000      -83.4789200      -2.23813549E-06
   67.5000000      -83.4789200      -2.23906682E-06
   71.2500000      -83.4789200      -2.17946217E-06
   75.0000000      -83.4789200      -2.08958954E-06
   78.7500000      -83.4789200      -1.97643385E-06
   82.5000000      -83.4789200      -1.84325472E-06
   86.2500000      -83.4789200      -1.66723476E-06
   90.0000000      -83.4789200      -1.49028347E-06
   93.7500000      -83.4789200      -1.28213287E-06
   97.5000000      -83.4789200      -1.10983819E-06
   101.250000      -83.4789200      -1.03812636E-06
   105.000000      -83.4789200      -1.05768413E-06
   108.750000      -83.4789200      -1.04092032E-06
   112.500000      -83.4789200      -9.32886906E-07
   116.250000      -83.4789200      -8.14608939E-07
   120.000000      -83.4789200      -9.18917067E-07
   123.750000      -83.4789200      -1.31752313E-06
   127.500000      -83.4789200      -1.67096005E-06
   131.250000      -83.4789200      -1.71799184E-06
   135.000000      -83.4789200      -1.68492988E-06
   138.750000      -83.4789200      -1.58853800E-06
   142.500000      -83.4789200      -1.58946932E-06
   146.250000      -83.4789200      -1.56478927E-06
   150.000000      -83.4789200      -1.77200855E-06
   153.750000      -83.4789200      -1.88283593E-06
   157.500000      -83.4789200      -2.16875196E-06
   161.250000      -83.4789200      -2.81369284E-06
   165.000000      -83.4789200      -2.56689236E-06
   168.750000      -83.4789200      -2.90170283E-06
   172.500000      -83.4789200      -2.14127795E-06
   176.250000      -83.4789200      -1.71473221E-06
   180.000000      -83.4789200      -2.04348908E-06
   183.750000      -83.4789200      -1.93266169E-06
   187.500000      -83.4789200      -1.93778396E-06
   191.250000      -83.4789200      -1.97270856E-06
   195.000000      -83.4789200      -1.92427979E-06
   198.750000      -83.4789200      -1.93918095E-06
   202.500000      -83.4789200      -2.01927469E-06
   206.250000      -83.4789200      -2.10635335E-06
   210.000000      -83.4789200      -2.16176704E-06
   213.750000      -83.4789200      -2.23068491E-06
   217.500000      -83.4789200      -2.19482899E-06
   221.250000      -83.4789200      -2.08772690E-06
   225.000000      -83.4789200      -1.90984429E-06
   228.750000      -83.4789200      -1.71380088E-06
   232.500000      -83.4789200      -1.60995842E-06
   236.250000      -83.4789200      -1.64208905E-06
   240.000000      -83.4789200      -1.72590808E-06
   243.750000      -83.4789200      -1.81810901E-06
   247.500000      -83.4789200      -1.94523454E-06
   251.250000      -83.4789200      -2.06490949E-06
   255.000000      -83.4789200      -2.14733154E-06
   258.750000      -83.4789200      -2.22276867E-06
   262.500000      -83.4789200      -2.30472506E-06
   266.250000      -83.4789200      -2.29913712E-06
   270.000000      -83.4789200      -2.25350232E-06
   273.750000      -83.4789200      -2.30193109E-06
   277.500000      -83.4789200      -2.51939491E-06
   281.250000      -83.4789200      -2.56689236E-06
   285.000000      -83.4789200      -2.41788075E-06
   288.750000      -83.4789200      -2.22509698E-06
   292.500000      -83.4789200      -1.95734174E-06
   296.250000      -83.4789200      -1.77759648E-06
   300.000000      -83.4789200      -1.83859811E-06
   303.750000      -83.4789200      -1.89214916E-06
   307.500000      -83.4789200      -1.91263825E-06
   311.250000      -83.4789200      -1.91496656E-06
   315.000000      -83.4789200      -1.87305704E-06
   318.750000      -83.4789200      -1.59971387E-06
   322.500000      -83.4789200      -1.25465886E-06
   326.250000      -83.4789200      -1.01670594E-06
   330.000000      -83.4789200      -1.10378460E-06
   333.750000      -83.4789200      -1.33801223E-06
   337.500000      -83.4789200      -1.53172732E-06
   341.250000      -83.4789200      -1.72125146E-06
   345.000000      -83.4789200      -1.95827306E-06
   348.750000      -83.4789200      -1.79808558E-06
   352.500000      -83.4789200      -1.37945608E-06
   356.250000      -83.4789200      -9.94354195E-07
   360.000000      -83.4789200      -7.86203600E-07
   0.00000000      -79.7770462      -1.37060852E-06
   3.75000000      -79.7770462      -1.52055145E-06
   7.50000000      -79.7770462      -1.67002872E-06
   11.2500000      -79.7770462      -1.79855124E-06
   15.0000000      -79.7770462      -1.98993803E-06
   18.7500000      -79.7770462      -2.04209209E-06
   22.5000000      -79.7770462      -1.84791134E-06
   26.2500000      -79.7770462      -1.49261177E-06
   30.0000000      -79.7770462      -1.23277277E-06
   33.7500000      -79.7770462      -1.11123518E-06
   37.5000000      -79.7770462      -1.10192195E-06
   41.2500000      -79.7770462      -1.16106094E-06
   45.0000000      -79.7770462      -1.26816303E-06
   48.7500000      -79.7770462      -1.38271571E-06
   52.5000000      -79.7770462      -1.56618626E-06
   56.2500000      -79.7770462      -1.78411574E-06
   60.0000000      -79.7770462      -2.02113733E-06
   63.7500000      -79.7770462      -2.18039349E-06
   67.5000000      -79.7770462      -2.26654083E-06
   71.2500000      -79.7770462      -2.33499304E-06
   75.0000000      -79.7770462      -2.37923086E-06
   78.7500000      -79.7770462      -2.42626265E-06
   82.5000000      -79.7770462      -2.51660094E-06
   86.2500000      -79.7770462      -2.68470467E-06
   90.0000000      -79.7770462      -3.01113323E-06
   93.7500000      -79.7770462      -3.44606087E-06
   97.5000000      -79.7770462      -3.64443258E-06
   101.250000      -79.7770462      -3.43907595E-06
   105.000000      -79.7770462      -2.97993392E-06
   108.750000      -79.7770462      -2.34430627E-06
   112.500000      -79.7770462      -1.84930832E-06
   116.250000      -79.7770462      -1.71706051E-06
   120.000000      -79.7770462      -1.72404543E-06
   123.750000      -79.7770462      -1.66118116E-06
   127.500000      -79.7770462      -1.47119135E-06
   131.250000      -79.7770462      -1.15128205E-06
   135.000000      -79.7770462      -8.63037712E-07
   138.750000      -79.7770462      -6.79101504E-07
   142.500000      -79.7770462      -6.50696165E-07
   146.250000      -79.7770462      -7.52675987E-07
   150.000000      -79.7770462      -9.16588760E-07
   153.750000      -79.7770462      -1.18248136E-06
   157.500000      -79.7770462      -9.78521712E-07
   161.250000      -79.7770462      -8.89114744E-07
   165.000000      -79.7770462      -1.04417995E-06
   168.750000      -79.7770462      -1.49726839E-06
   172.500000      -79.7770462      -2.14686588E-06
   176.250000      -79.7770462      -2.42020906E-06
   180.000000      -79.7770462      -2.64093251E-06
   183.750000      -79.7770462      -2.87655712E-06
   187.500000      -79.7770462      -3.02696571E-06
   191.250000      -79.7770462      -2.84675480E-06
   195.000000      -79.7770462      -2.64558912E-06
   198.750000      -79.7770462      -2.41136149E-06
   202.500000      -79.7770462      -2.19762296E-06
   206.250000      -79.7770462      -2.05047400E-06
   210.000000      -79.7770462      -1.93545566E-06
   213.750000      -79.7770462      -2.02951924E-06
   217.500000      -79.7770462      -2.30379374E-06
   221.250000      -79.7770462      -2.59250373E-06
   225.000000      -79.7770462      -2.82393739E-06
   228.750000      -79.7770462      -2.39459769E-06
   232.500000      -79.7770462      -2.15617911E-06
   236.250000      -79.7770462      -2.02858791E-06
   240.000000      -79.7770462      -1.23137579E-06
   243.750000      -79.7770462      -7.66180165E-07
   247.500000      -79.7770462      -6.96330972E-07
   251.250000      -79.7770462      -9.35215212E-07
   255.000000      -79.7770462      -1.17503077E-06
   258.750000      -79.7770462      -1.23323844E-06
   262.500000      -79.7770462      -1.19179458E-06
   266.250000      -79.7770462      -1.09493703E-06
   270.000000      -79.7770462      -1.05069921E-06
   273.750000      -79.7770462      -1.01065234E-06
   277.500000      -79.7770462      -9.36612196E-07
   281.250000      -79.7770462      -8.70953954E-07
   285.000000      -79.7770462      -6.45108230E-07
   288.750000      -79.7770462      -6.92605681E-07
   292.500000      -79.7770462      -1.50239066E-06
   296.250000      -79.7770462      -3.23837594E-06
   300.000000      -79.7770462      -3.90008063E-06
   303.750000      -79.7770462      -3.64350126E-06
   307.500000      -79.7770462      -3.95270035E-06
   311.250000      -79.7770462      -3.71335045E-06
   315.000000      -79.7770462      -2.31357262E-06
   318.750000      -79.7770462      -1.82835356E-06
   322.500000      -79.7770462      -1.46653474E-06
   326.250000      -79.7770462      -1.07305095E-06
   330.000000      -79.7770462      -1.38783798E-06
   333.750000      -79.7770462      -1.15547300E-06
   337.500000      -79.7770462      -1.39761687E-06
   341.250000      -79.7770462      -1.52381108E-06
   345.000000      -79.7770462      -1.55081943E-06
   348.750000      -79.7770462      -1.35524169E-06
   352.500000      -79.7770462      -1.28585816E-06
   356.250000      -79.7770462      -1.35524169E-06
   360.000000      -79.7770462      -1.37060852E-06
   0.00000000      -76.0702438      -8.75610567E-07
   3.75000000      -76.0702438      -8.05761374E-07
   7.50000000      -76.0702438      -4.41148586E-07
   11.2500000      -76.0702438      -1.04790524E-06
   15.0000000      -76.0702438      -1.72916771E-06
   18.7500000      -76.0702438      -1.83440716E-06
   22.5000000      -76.0702438      -1.83068187E-06
   26.2500000      -76.0702438      -1.82835356E-06
   30.0000000      -76.0702438      -1.88376725E-06
   33.7500000      -76.0702438      -2.15711043E-06
   37.5000000      -76.0702438      -2.53709004E-06
   41.2500000      -76.0702438      -2.65583367E-06
   45.0000000      -76.0702438      -2.66468123E-06
   48.7500000      -76.0702438      -2.66561256E-06
   52.5000000      -76.0702438      -2.69960583E-06
   56.2500000      -76.0702438      -2.70426244E-06
   60.0000000      -76.0702438      -2.67585710E-06
   63.7500000      -76.0702438      -2.60740489E-06
   67.5000000      -76.0702438      -2.54966290E-06
   71.2500000      -76.0702438      -2.51613528E-06
   75.0000000      -76.0702438      -2.53848702E-06
   78.7500000      -76.0702438      -2.50356243E-06
   82.5000000      -76.0702438      -2.45932461E-06
   86.2500000      -76.0702438      -2.48493598E-06
   90.0000000      -76.0702438      -2.51101301E-06
   93.7500000      -76.0702438      -2.51939491E-06
   97.5000000      -76.0702438      -2.46211857E-06
   101.250000      -76.0702438      -2.31636659E-06
   105.000000      -76.0702438      -2.10262806E-06
   108.750000      -76.0702438      -2.03231320E-06
   112.500000      -76.0702438      -2.10914732E-06
   116.250000      -76.0702438      -2.16595799E-06
   120.000000      -76.0702438      -2.09704012E-06
   123.750000      -76.0702438      -2.15571345E-06
   127.500000      -76.0702438      -2.96875805E-06
   131.250000      -76.0702438      -1.99785427E-06
   135.000000      -76.0702438      -2.17806519E-06
   138.750000      -76.0702438      -2.52312020E-06
   142.500000      -76.0702438      -2.87609146E-06
   146.250000      -76.0702438      -3.18435923E-06
   150.000000      -76.0702438      -3.96015093E-06
   153.750000      -76.0702438      -3.86841566E-06
   157.500000      -76.0702438      -3.56946111E-06
   161.250000      -76.0702438      -3.53733049E-06
   165.000000      -76.0702438      -3.46654997E-06
   168.750000      -76.0702438      -3.62394348E-06
   172.500000      -76.0702438      -3.75479431E-06
   176.250000      -76.0702438      -3.88285116E-06
   180.000000      -76.0702438      -3.82557482E-06
   183.750000      -76.0702438      -3.80089477E-06
   187.500000      -76.0702438      -3.61835555E-06
   191.250000      -76.0702438      -3.24256689E-06
   195.000000      -76.0702438      -2.98785017E-06
   198.750000      -76.0702438      -2.71962926E-06
   202.500000      -76.0702438      -2.05792458E-06
   206.250000      -76.0702438      -1.55081943E-06
   210.000000      -76.0702438      -1.19691686E-06
   213.750000      -76.0702438      -5.12394763E-07
   217.500000      -76.0702438      -7.18217052E-07
   221.250000      -76.0702438      -8.29975761E-07
   225.000000      -76.0702438      -1.73335866E-06
   228.750000      -76.0702438      -2.90263415E-06
   232.500000      -76.0702438      -2.11100996E-06
   236.250000      -76.0702438      -1.24627695E-06
   240.000000      -76.0702438      -8.43479938E-07
   243.750000      -76.0702438      -1.42229692E-06
   247.500000      -76.0702438      -8.33235390E-07
   251.250000      -76.0702438      -4.86317731E-07
   255.000000      -76.0702438      -5.33349521E-07
   258.750000      -76.0702438      -3.19610990E-07
   262.500000      -76.0702438      -4.80729796E-07
   266.250000      -76.0702438      -5.78518666E-07
   270.000000      -76.0702438      -7.99242116E-07
   273.750000      -76.0702438      -9.05412890E-07
   277.500000      -76.0702438      -8.68159987E-07
   281.250000      -76.0702438      -8.17402906E-07
   285.000000      -76.0702438      -6.64666004E-07
   288.750000      -76.0702438      -4.63500328E-07
   292.500000      -76.0702438      -3.09832103E-07
   296.250000      -76.0702438      -3.64780135E-07
   300.000000      -76.0702438      -3.80612619E-07
   303.750000      -76.0702438      -4.75607521E-07
   307.500000      -76.0702438      -7.39637471E-07
   311.250000      -76.0702438      -1.17177115E-06
   315.000000      -76.0702438      -2.12684245E-06
   318.750000      -76.0702438      -2.24558607E-06
   322.500000      -76.0702438      -1.23649806E-06
   326.250000      -76.0702438      -1.28585816E-06
   330.000000      -76.0702438      -2.42300302E-06
   333.750000      -76.0702438      -2.96223880E-06
   337.500000      -76.0702438      -1.47026003E-06
   341.250000      -76.0702438      -1.00040779E-06
   345.000000      -76.0702438      -8.97496648E-07
   348.750000      -76.0702438      -1.27328531E-06
   352.500000      -76.0702438      -1.81298674E-06
   356.250000      -76.0702438      -1.39202893E-06
   360.000000      -76.0702438      -8.75610567E-07
   0.00000000      -72.3615875      -1.88190461E-06
   3.75000000      -72.3615875      -1.13451824E-06
   7.50000000      -72.3615875      -1.25233055E-06
   11.2500000      -72.3615875      -1.51403219E-06
   15.0000000      -72.3615875      -1.62951619E-06
   18.7500000      -72.3615875      -1.47584797E-06
   22.5000000      -72.3615875      -1.11915142E-06
   26.2500000      -72.3615875      -9.99476470E-07
   30.0000000      -72.3615875      -8.01104761E-07
   33.7500000      -72.3615875      -8.69091309E-07
   37.5000000      -72.3615875      -9.23573680E-07
   41.2500000      -72.3615875      -1.86420948E-06
   45.0000000      -72.3615875      -2.02299998E-06
   48.7500000      -72.3615875      -1.43207581E-06
   52.5000000      -72.3615875      -1.19039760E-06
   56.2500000      -72.3615875      -1.17922173E-06
   60.0000000      -72.3615875      -1.35850132E-06
   63.7500000      -72.3615875      -8.73747922E-07
   67.5000000      -72.3615875      -4.87249054E-07
   71.2500000      -72.3615875      -4.90974344E-07
   75.0000000      -72.3615875      -5.86434908E-07
   78.7500000      -72.3615875      -6.79567165E-07
   82.5000000      -72.3615875      -6.64666004E-07
   86.2500000      -72.3615875      -6.32069714E-07
   90.0000000      -72.3615875      -7.16820068E-07
   93.7500000      -72.3615875      -8.30907084E-07
   97.5000000      -72.3615875      -9.09138180E-07
   101.250000      -72.3615875      -1.04138599E-06
   105.000000      -72.3615875      -1.28120155E-06
   108.750000      -72.3615875      -1.58248440E-06
   112.500000      -72.3615875      -1.97876216E-06
   116.250000      -72.3615875      -2.45699630E-06
   120.000000      -72.3615875      -2.95152859E-06
   123.750000      -72.3615875      -3.86655302E-06
   127.500000      -72.3615875      -4.42162127E-06
   131.250000      -72.3615875      -2.62323738E-06
   135.000000      -72.3615875      -1.67841063E-06
   138.750000      -72.3615875      -2.41834641E-06
   142.500000      -72.3615875      -3.46561865E-06
   146.250000      -72.3615875      -3.45397711E-06
   150.000000      -72.3615875      -3.85677413E-06
   153.750000      -72.3615875      -4.20276046E-06
   157.500000      -72.3615875      -3.21788684E-06
   161.250000      -72.3615875      -2.68889562E-06
   165.000000      -72.3615875      -2.26095290E-06
   168.750000      -72.3615875      -1.13591523E-06
   172.500000      -72.3615875      -1.05582149E-06
   176.250000      -72.3615875      -5.00287570E-07
   180.000000      -72.3615875      -3.82009603E-07
   183.750000      -72.3615875      -7.70371116E-07
   187.500000      -72.3615875      -7.18217052E-07
   191.250000      -72.3615875      -8.50464858E-07
   195.000000      -72.3615875      -3.25198926E-07
   198.750000      -72.3615875      -1.61751814E-07
   202.500000      -72.3615875      -1.30552507E-07
   206.250000      -72.3615875      -2.94930942E-07
   210.000000      -72.3615875      -8.69091309E-07
   213.750000      -72.3615875      -2.35501648E-06
   217.500000      -72.3615875      -1.53824658E-06
   221.250000      -72.3615875      -2.41462112E-06
   225.000000      -72.3615875      -1.14010618E-06
   228.750000      -72.3615875      -2.67073483E-06
   232.500000      -72.3615875      -5.03815681E-06
   236.250000      -72.3615875      -5.07494406E-06
   240.000000      -72.3615875      -3.63279105E-06
   243.750000      -72.3615875      -1.51123822E-06
   247.500000      -72.3615875      -1.63091318E-06
   251.250000      -72.3615875      -7.01453246E-07
   255.000000      -72.3615875      -4.93768312E-07
   258.750000      -72.3615875      -7.70371116E-07
   262.500000      -72.3615875      -9.94354195E-07
   266.250000      -72.3615875      -4.83989425E-07
   270.000000      -72.3615875      -9.59429599E-07
   273.750000      -72.3615875      -3.61520506E-07
   277.500000      -72.3615875      -3.94116796E-07
   281.250000      -72.3615875      -1.78049959E-07
   285.000000      -72.3615875      -1.43591024E-07
   288.750000      -72.3615875      -1.92019797E-07
   292.500000      -72.3615875      -2.40448571E-07
   296.250000      -72.3615875      -1.57095201E-07
   300.000000      -72.3615875      -6.22756488E-07
   303.750000      -72.3615875      -6.33001036E-07
   307.500000      -72.3615875      -4.47202183E-07
   311.250000      -72.3615875      -3.99704732E-07
   315.000000      -72.3615875      -1.04185165E-06
   318.750000      -72.3615875      -1.53684960E-06
   322.500000      -72.3615875      -2.20879883E-06
   326.250000      -72.3615875      -1.96199835E-06
   330.000000      -72.3615875      -1.39156327E-06
   333.750000      -72.3615875      -1.06699736E-06
   337.500000      -72.3615875      -6.59078069E-07
   341.250000      -72.3615875      -5.50113327E-07
   345.000000      -72.3615875      -5.69205440E-07
   348.750000      -72.3615875      -8.14608939E-07
   352.500000      -72.3615875      -1.50844426E-06
   356.250000      -72.3615875      -2.15012551E-06
   360.000000      -72.3615875      -1.88190461E-06
   0.00000000      -68.6520157      -1.07584492E-06
   3.75000000      -68.6520157      -1.17130548E-06
   7.50000000      -68.6520157      -1.49261177E-06
   11.2500000      -68.6520157      -1.56618626E-06
   15.0000000      -68.6520157      -1.32311106E-06
   18.7500000      -68.6520157      -1.08050153E-06
   22.5000000      -68.6520157      -9.95285518E-07
   26.2500000      -68.6520157      -9.52910341E-07
   30.0000000      -68.6520157      -8.12280632E-07
   33.7500000      -68.6520157      -1.10005931E-06
   37.5000000      -68.6520157      -8.60709406E-07
   41.2500000      -68.6520157      -1.77852780E-06
   45.0000000      -68.6520157      -1.58295006E-06
   48.7500000      -68.6520157      -1.38550968E-06
   52.5000000      -68.6520157      -8.60709406E-07
   56.2500000      -68.6520157      -2.47433491E-07
   60.0000000      -68.6520157      -2.18562491E-07
   63.7500000      -68.6520157      -5.55810402E-08
   67.5000000      -68.6520157      -1.31483830E-07
   71.2500000      -68.6520157      -1.55698217E-07
   75.0000000      -68.6520157      -1.46028469E-08
   78.7500000      -68.6520157      -2.21356458E-07
   82.5000000      -68.6520157      -1.01065234E-06
   86.2500000      -68.6520157      -2.02067167E-06
   90.0000000      -68.6520157      -1.24534563E-06
   93.7500000      -68.6520157      -9.45459760E-07
   97.5000000      -68.6520157      -3.95979441E-07
   101.250000      -68.6520157      -3.01915861E-07
   105.000000      -68.6520157      -3.39168764E-07
   108.750000      -68.6520157      -5.91557182E-07
   112.500000      -68.6520157      -1.73475564E-06
   116.250000      -68.6520157      -2.98691884E-06
   120.000000      -68.6520157      -1.36222661E-06
   123.750000      -68.6520157      -1.00133911E-06
   127.500000      -68.6520157      -8.11814971E-07
   131.250000      -68.6520157      -6.84689439E-07
   135.000000      -68.6520157      -2.99809471E-06
   138.750000      -68.6520157      -3.51963536E-06
   142.500000      -68.6520157      -2.15524778E-06
   146.250000      -68.6520157      -2.13848398E-06
   150.000000      -68.6520157      -2.04209209E-06
   153.750000      -68.6520157      -2.32661114E-06
   157.500000      -68.6520157      -9.80384357E-07
   161.250000      -68.6520157      -1.55361340E-06
   165.000000      -68.6520157      -1.90285937E-06
   168.750000      -68.6520157      -2.60740489E-06
   172.500000      -68.6520157      -2.02672527E-06
   176.250000      -68.6520157      -1.62066863E-06
   180.000000      -68.6520157      -1.50192500E-06
   183.750000      -68.6520157      -1.99936039E-07
   187.500000      -68.6520157      -2.48473953E-08
   191.250000      -68.6520157      -5.00753231E-07
   195.000000      -68.6520157      -3.29389877E-07
   198.750000      -68.6520157      -1.33801223E-06
   202.500000      -68.6520157      -1.69657142E-06
   206.250000      -68.6520157      -1.14290015E-06
   210.000000      -68.6520157      -1.21787161E-06
   213.750000      -68.6520157      -1.38597534E-06
   217.500000      -68.6520157      -1.32637069E-06
   221.250000      -68.6520157      -1.02182821E-06
   225.000000      -68.6520157      -5.94351150E-07
   228.750000      -68.6520157      -1.32963032E-06
   232.500000      -68.6520157      -1.45489321E-06
   236.250000      -68.6520157      -4.28425119E-06
   240.000000      -68.6520157      -5.27052180E-06
   243.750000      -68.6520157      -4.34944377E-06
   247.500000      -68.6520157      -1.77992479E-06
   251.250000      -68.6520157      -1.83347584E-06
   255.000000      -68.6520157      -2.51753227E-06
   258.750000      -68.6520157      -1.60204218E-06
   262.500000      -68.6520157      -1.10657857E-06
   266.250000      -68.6520157      -8.66297341E-07
   270.000000      -68.6520157      -6.44642569E-07
   273.750000      -68.6520157      -4.83989425E-07
   277.500000      -68.6520157      -2.60937668E-07
   281.250000      -68.6520157      -2.10646249E-07
   285.000000      -68.6520157      -1.56163878E-07
   288.750000      -68.6520157      -6.81538950E-08
   292.500000      -68.6520157      -3.64889274E-08
   296.250000      -68.6520157      -2.45570845E-07
   300.000000      -68.6520157      -1.06338121E-07
   303.750000      -68.6520157      -3.51741619E-07
   307.500000      -68.6520157      -4.45339538E-07
   311.250000      -68.6520157      -5.42662747E-07
   315.000000      -68.6520157      -1.33894355E-06
   318.750000      -68.6520157      -3.44419823E-06
   322.500000      -68.6520157      -4.15060640E-06
   326.250000      -68.6520157      -4.09007043E-06
   330.000000      -68.6520157      -3.37388337E-06
   333.750000      -68.6520157      -3.35618824E-06
   337.500000      -68.6520157      -3.01672117E-06
   341.250000      -68.6520157      -2.95339123E-06
   345.000000      -68.6520157      -3.28913302E-06
   348.750000      -68.6520157      -3.38831887E-06
   352.500000      -68.6520157      -2.55897612E-06
   356.250000      -68.6520157      -1.10518158E-06
   360.000000      -68.6520157      -1.07584492E-06
   0.00000000      -64.9419479       1.84591045E-08
   3.75000000      -64.9419479      -1.15826697E-06
   7.50000000      -64.9419479      -3.31055344E-06
   11.2500000      -64.9419479      -4.20602009E-06
   15.0000000      -64.9419479      -4.73733962E-06
   18.7500000      -64.9419479      -4.14594979E-06
   22.5000000      -64.9419479      -3.68587644E-06
   26.2500000      -64.9419479      -2.60507659E-06
   30.0000000      -64.9419479      -1.54476584E-06
   33.7500000      -64.9419479      -7.67111487E-07
   37.5000000      -64.9419479      -1.18806929E-06
   41.2500000      -64.9419479      -1.45722152E-06
   45.0000000      -64.9419479      -5.24677307E-06
   48.7500000      -64.9419479      -6.04165689E-06
   52.5000000      -64.9419479      -3.57737736E-06
   56.2500000      -64.9419479      -8.43479938E-07
   60.0000000      -64.9419479      -5.29624231E-07
   63.7500000      -64.9419479      -6.19496859E-07
   67.5000000      -64.9419479      -3.09366442E-07
   71.2500000      -64.9419479      -4.30904038E-07
   75.0000000      -64.9419479      -4.61999298E-06
   78.7500000      -64.9419479      -5.37762389E-06
   82.5000000      -64.9419479      -3.75991658E-06
   86.2500000      -64.9419479      -2.93709309E-06
   90.0000000      -64.9419479      -2.15850741E-06
   93.7500000      -64.9419479      -2.30472506E-06
   97.5000000      -64.9419479      -1.77899346E-06
   101.250000      -64.9419479      -3.79681296E-07
   105.000000      -64.9419479      -1.28689862E-07
   108.750000      -64.9419479      -1.56163878E-07
   112.500000      -64.9419479       3.33602657E-08
   116.250000      -64.9419479      -1.38003088E-07
   120.000000      -64.9419479      -1.80739880E-06
   123.750000      -64.9419479      -2.02439696E-06
   127.500000      -64.9419479      -1.40331395E-07
   131.250000      -64.9419479      -2.46036507E-07
   135.000000      -64.9419479      -1.87363185E-07
   138.750000      -64.9419479      -6.53024472E-07
   142.500000      -64.9419479      -3.70217458E-06
   146.250000      -64.9419479      -1.54383451E-06
   150.000000      -64.9419479      -1.16117008E-07
   153.750000      -64.9419479      -1.45396189E-06
   157.500000      -64.9419479      -1.50797860E-06
   161.250000      -64.9419479      -1.16106094E-06
   165.000000      -64.9419479      -6.37191988E-07
   168.750000      -64.9419479      -8.29510100E-07
   172.500000      -64.9419479      -2.03195668E-07
   176.250000      -64.9419479      -1.54766894E-07
   180.000000      -64.9419479      -1.19842298E-07
   183.750000      -64.9419479      -6.26481778E-07
   187.500000      -64.9419479      -3.07503797E-07
   191.250000      -64.9419479      -2.82358087E-07
   195.000000      -64.9419479      -1.31845445E-06
   198.750000      -64.9419479      -4.02953447E-06
   202.500000      -64.9419479      -2.86677823E-06
   206.250000      -64.9419479      -1.56944589E-06
   210.000000      -64.9419479      -3.41497071E-07
   213.750000      -64.9419479       1.85631507E-07
   217.500000      -64.9419479       7.85294105E-08
   221.250000      -64.9419479      -4.29507054E-07
   225.000000      -64.9419479      -1.41996861E-06
   228.750000      -64.9419479      -1.18445314E-07
   232.500000      -64.9419479      -6.20428182E-07
   236.250000      -64.9419479      -2.43650720E-06
   240.000000      -64.9419479      -3.63558502E-06
   243.750000      -64.9419479      -4.17156116E-06
   247.500000      -64.9419479      -3.56759847E-06
   251.250000      -64.9419479      -3.62766878E-06
   255.000000      -64.9419479      -3.65095184E-06
   258.750000      -64.9419479      -2.65490235E-06
   262.500000      -64.9419479      -2.43045361E-06
   266.250000      -64.9419479      -2.81695247E-06
   270.000000      -64.9419479      -2.07468838E-06
   273.750000      -64.9419479      -9.80384357E-07
   277.500000      -64.9419479      -1.47817627E-06
   281.250000      -64.9419479      -4.49996151E-07
   285.000000      -64.9419479      -4.94233973E-07
   288.750000      -64.9419479       7.48041202E-08
   292.500000      -64.9419479      -6.44286047E-08
   296.250000      -64.9419479      -2.73044861E-07
   300.000000      -64.9419479      -4.00170393E-07
   303.750000      -64.9419479      -6.68391294E-07
   307.500000      -64.9419479      -1.29563705E-06
   311.250000      -64.9419479      -2.04209209E-06
   315.000000      -64.9419479      -3.68168548E-06
   318.750000      -64.9419479      -3.53034557E-06
   322.500000      -64.9419479      -3.87214095E-06
   326.250000      -64.9419479      -4.04862658E-06
   330.000000      -64.9419479      -3.00182001E-06
   333.750000      -64.9419479      -2.37271161E-06
   337.500000      -64.9419479      -3.48936737E-06
   341.250000      -64.9419479      -1.41728378E-07
   345.000000      -64.9419479      -2.20425136E-07
   348.750000      -64.9419479      -2.32066668E-07
   352.500000      -64.9419479      -1.32058631E-08
   356.250000      -64.9419479      -1.23101927E-07
   360.000000      -64.9419479       1.84591045E-08
   0.00000000      -61.2315712      -1.78049959E-07
   3.75000000      -61.2315712      -4.25316102E-07
   7.50000000      -61.2315712      -2.74907507E-07
   11.2500000      -61.2315712      -2.12974555E-07
   15.0000000      -61.2315712      -2.94930942E-07
   18.7500000      -61.2315712      -3.58110265E-06
   22.5000000      -61.2315712      -2.46537820E-06
   26.2500000      -61.2315712      -1.24627695E-06
   30.0000000      -61.2315712      -7.74096407E-07
   33.7500000      -61.2315712      -6.87483407E-07
   37.5000000      -61.2315712      -2.10169674E-06
   41.2500000      -61.2315712      -1.73987792E-06
   45.0000000      -61.2315712      -1.08003587E-06
   48.7500000      -61.2315712      -1.97457121E-06
   52.5000000      -61.2315712      -3.00182001E-06
   56.2500000      -61.2315712      -3.99088458E-06
   60.0000000      -61.2315712      -9.66414518E-07
   63.7500000      -61.2315712      -6.28810085E-07
   67.5000000      -61.2315712      -5.34746505E-07
   71.2500000      -61.2315712      -3.96946416E-06
   75.0000000      -61.2315712      -4.03558806E-06
   78.7500000      -61.2315712      -4.15712566E-06
   82.5000000      -61.2315712      -3.83209408E-06
   86.2500000      -61.2315712      -3.58110265E-06
   90.0000000      -61.2315712      -3.03534762E-06
   93.7500000      -61.2315712      -2.55105988E-06
   97.5000000      -61.2315712      -4.07703192E-06
   101.250000      -61.2315712      -1.49307743E-06
   105.000000      -61.2315712      -1.69668056E-07
   108.750000      -61.2315712      -2.13440217E-07
   112.500000      -61.2315712      -8.58490239E-08
   116.250000      -61.2315712      -4.85961209E-08
   120.000000      -61.2315712       7.63975549E-10
   123.750000      -61.2315712      -4.95630957E-07
   127.500000      -61.2315712      -4.07703192E-06
   131.250000      -61.2315712      -3.48481990E-07
   135.000000      -61.2315712       3.42915882E-08
   138.750000      -61.2315712      -3.19145329E-07
   142.500000      -61.2315712      -5.19787864E-06
   146.250000      -61.2315712      -1.06466905E-06
   150.000000      -61.2315712      -1.55501039E-06
   153.750000      -61.2315712      -2.82905967E-06
   157.500000      -61.2315712      -1.10657857E-06
   161.250000      -61.2315712      -9.57101292E-07
   165.000000      -61.2315712      -9.91094566E-07
   168.750000      -61.2315712      -3.89263732E-09
   172.500000      -61.2315712      -4.93302650E-07
   176.250000      -61.2315712      -2.65594281E-07
   180.000000      -61.2315712      -1.61751814E-07
   183.750000      -61.2315712      -2.82823748E-07
   187.500000      -61.2315712      -6.22756488E-07
   191.250000      -61.2315712      -2.51846359E-06
   195.000000      -61.2315712      -2.45466799E-06
   198.750000      -61.2315712      -1.99004717E-07
   202.500000      -61.2315712      -9.84218786E-08
   206.250000      -61.2315712      -5.48250682E-07
   210.000000      -61.2315712      -4.74210538E-07
   213.750000      -61.2315712      -2.38120265E-07
   217.500000      -61.2315712      -5.64083166E-07
   221.250000      -61.2315712      -2.66059942E-07
   225.000000      -61.2315712      -3.79681296E-07
   228.750000      -61.2315712      -1.39621989E-06
   232.500000      -61.2315712      -2.44173862E-07
   236.250000      -61.2315712      -2.43976683E-06
   240.000000      -61.2315712      -4.03093145E-06
   243.750000      -61.2315712      -4.80672315E-06
   247.500000      -61.2315712      -3.69891495E-06
   251.250000      -61.2315712      -3.53919313E-06
   255.000000      -61.2315712      -3.79297853E-06
   258.750000      -61.2315712      -3.52801726E-06
   262.500000      -61.2315712      -3.88657645E-06
   266.250000      -61.2315712      -2.89099262E-06
   270.000000      -61.2315712      -6.77238859E-07
   273.750000      -61.2315712      -1.06803782E-07
   277.500000      -61.2315712      -1.57560862E-07
   281.250000      -61.2315712      -2.69785232E-07
   285.000000      -61.2315712      -1.03579805E-06
   288.750000      -61.2315712      -1.74546585E-06
   292.500000      -61.2315712      -1.96618930E-06
   296.250000      -61.2315712      -1.49819971E-06
   300.000000      -61.2315712      -1.75431342E-06
   303.750000      -61.2315712      -2.34058098E-06
   307.500000      -61.2315712      -1.47538231E-06
   311.250000      -61.2315712      -9.99942131E-07
   315.000000      -61.2315712      -7.47088052E-07
   318.750000      -61.2315712      -6.33466698E-07
   322.500000      -61.2315712      -1.80320785E-06
   326.250000      -61.2315712      -9.17520083E-07
   330.000000      -61.2315712      -1.33242429E-06
   333.750000      -61.2315712      -1.60354830E-07
   337.500000      -61.2315712       9.61154001E-09
   341.250000      -61.2315712      -1.10063411E-07
   345.000000      -61.2315712      -5.13900886E-08
   348.750000      -61.2315712      -4.01567377E-07
   352.500000      -61.2315712      -2.92136974E-07
   356.250000      -61.2315712      -9.56279109E-08
   360.000000      -61.2315712      -1.78049959E-07
   0.00000000      -57.5209885      -7.83984433E-08
   3.75000000      -57.5209885      -3.41031409E-07
   7.50000000      -57.5209885      -3.02381522E-07
   11.2500000      -57.5209885      -1.62217475E-07
   15.0000000      -57.5209885      -1.79912604E-07
   18.7500000      -57.5209885      -5.01684553E-07
   22.5000000      -57.5209885      -7.57798261E-07
   26.2500000      -57.5209885      -1.09260873E-06
   30.0000000      -57.5209885      -6.21359504E-07
   33.7500000      -57.5209885      -1.24033249E-07
   37.5000000      -57.5209885      -6.02733053E-07
   41.2500000      -57.5209885      -1.13638089E-06
   45.0000000      -57.5209885      -1.26071245E-06
   48.7500000      -57.5209885      -3.69902409E-07
   52.5000000      -57.5209885      -1.09959365E-06
   56.2500000      -57.5209885      -3.69751797E-06
   60.0000000      -57.5209885      -4.04164166E-06
   63.7500000      -57.5209885      -9.68277163E-07
   67.5000000      -57.5209885      -8.07158358E-07
   71.2500000      -57.5209885      -9.99010808E-07
   75.0000000      -57.5209885      -3.89495835E-06
   78.7500000      -57.5209885      -3.66166205E-06
   82.5000000      -57.5209885      -4.78390575E-06
   86.2500000      -57.5209885      -7.34980858E-07
   90.0000000      -57.5209885      -4.24384780E-07
   93.7500000      -57.5209885      -2.07655103E-06
   97.5000000      -57.5209885      -4.04955790E-06
   101.250000      -57.5209885      -9.98188625E-08
   105.000000      -57.5209885      -1.96210749E-07
   108.750000      -57.5209885      -3.12626071E-07
   112.500000      -57.5209885      -1.08189852E-06
   116.250000      -57.5209885      -6.84689439E-07
   120.000000      -57.5209885      -2.69785232E-07
   123.750000      -57.5209885      -2.24150426E-07
   127.500000      -57.5209885       7.74889486E-09
   131.250000      -57.5209885      -3.93593655E-06
   135.000000      -57.5209885      -6.99124939E-07
   138.750000      -57.5209885      -8.76076228E-07
   142.500000      -57.5209885      -1.25605584E-06
   146.250000      -57.5209885      -1.55920134E-06
   150.000000      -57.5209885      -2.26560951E-06
   153.750000      -57.5209885      -4.78111178E-06
   157.500000      -57.5209885      -6.14317105E-06
   161.250000      -57.5209885      -4.90404636E-06
   165.000000      -57.5209885      -9.45459760E-07
   168.750000      -57.5209885      -1.02147169E-07
   172.500000      -57.5209885      -4.58843715E-07
   176.250000      -57.5209885      -1.61787466E-06
   180.000000      -57.5209885      -3.87131877E-07
   183.750000      -57.5209885      -5.24501957E-07
   187.500000      -57.5209885      -9.65592335E-08
   191.250000      -57.5209885      -4.81661118E-07
   195.000000      -57.5209885      -5.24036295E-07
   198.750000      -57.5209885      -1.65011443E-07
   202.500000      -57.5209885       1.33011781E-07
   206.250000      -57.5209885      -2.78632797E-07
   210.000000      -57.5209885      -2.80961103E-07
   213.750000      -57.5209885      -2.30204023E-07
   217.500000      -57.5209885      -1.87828846E-07
   221.250000      -57.5209885      -1.54766894E-07
   225.000000      -57.5209885      -4.95165295E-07
   228.750000      -57.5209885      -5.58495231E-07
   232.500000      -57.5209885      -7.60701369E-08
   236.250000      -57.5209885      -2.60507659E-06
   240.000000      -57.5209885      -1.99180067E-06
   243.750000      -57.5209885      -3.06561560E-06
   247.500000      -57.5209885      -3.91824142E-06
   251.250000      -57.5209885      -3.63185973E-06
   255.000000      -57.5209885      -3.86049942E-06
   258.750000      -57.5209885      -2.58458749E-06
   262.500000      -57.5209885      -3.54198710E-06
   266.250000      -57.5209885      -2.95862264E-07
   270.000000      -57.5209885      -1.17048330E-07
   273.750000      -57.5209885      -7.59660907E-07
   277.500000      -57.5209885       3.56885721E-08
   281.250000      -57.5209885       1.05428626E-08
   285.000000      -57.5209885      -3.26595909E-07
   288.750000      -57.5209885      -1.36688323E-06
   292.500000      -57.5209885      -2.75501952E-06
   296.250000      -57.5209885      -9.40337486E-07
   300.000000      -57.5209885      -2.91706965E-06
   303.750000      -57.5209885      -2.65024573E-06
   307.500000      -57.5209885      -2.22463132E-06
   311.250000      -57.5209885      -2.18924106E-06
   315.000000      -57.5209885      -9.63620550E-07
   318.750000      -57.5209885      -1.62683136E-07
   322.500000      -57.5209885      -9.47322405E-07
   326.250000      -57.5209885      -7.94119842E-07
   330.000000      -57.5209885      -3.11218173E-06
   333.750000      -57.5209885      -3.42231215E-06
   337.500000      -57.5209885       1.22963684E-09
   341.250000      -57.5209885      -7.16354407E-07
   345.000000      -57.5209885      -1.47445098E-06
   348.750000      -57.5209885      -2.66700954E-06
   352.500000      -57.5209885      -1.57829345E-06
   356.250000      -57.5209885       4.36048140E-08
   360.000000      -57.5209885      -7.83984433E-08
   0.00000000      -53.8102722       1.38024916E-08
   3.75000000      -53.8102722      -9.56279109E-08
   7.50000000      -53.8102722      -9.60935722E-08
   11.2500000      -53.8102722      -5.32527338E-08
   15.0000000      -53.8102722      -9.85506631E-07
   18.7500000      -53.8102722      -2.00856448E-06
   22.5000000      -53.8102722      -4.22987796E-07
   26.2500000      -53.8102722      -2.39785732E-06
   30.0000000      -53.8102722      -7.32761691E-08
   33.7500000      -53.8102722       2.31731974E-07
   37.5000000      -53.8102722       1.26026862E-07
   41.2500000      -53.8102722       1.24055077E-08
   45.0000000      -53.8102722      -2.22287781E-07
   48.7500000      -53.8102722      -1.34277798E-07
   52.5000000      -53.8102722      -8.67803465E-08
   56.2500000      -53.8102722      -9.12863470E-07
   60.0000000      -53.8102722      -2.56596104E-06
   63.7500000      -53.8102722      -4.97342990E-06
   67.5000000      -53.8102722      -5.18484012E-06
   71.2500000      -53.8102722      -2.67865107E-06
   75.0000000      -53.8102722      -1.51216955E-06
   78.7500000      -53.8102722      -1.46793172E-06
   82.5000000      -53.8102722      -2.19808862E-06
   86.2500000      -53.8102722      -1.98015914E-06
   90.0000000      -53.8102722      -1.01996557E-06
   93.7500000      -53.8102722      -1.98109046E-06
   97.5000000      -53.8102722      -2.53802136E-06
   101.250000      -53.8102722      -2.29272700E-07
   105.000000      -53.8102722      -1.77584297E-07
   108.750000      -53.8102722      -1.79446943E-07
   112.500000      -53.8102722      -3.86200554E-07
   116.250000      -53.8102722      -4.58843715E-07
   120.000000      -53.8102722      -5.94816811E-07
   123.750000      -53.8102722      -2.18096829E-07
   127.500000      -53.8102722      -4.64431650E-07
   131.250000      -53.8102722      -4.47667844E-07
   135.000000      -53.8102722      -2.68889562E-06
   138.750000      -53.8102722      -9.29627276E-07
   142.500000      -53.8102722      -7.22408004E-07
   146.250000      -53.8102722      -9.09138180E-07
   150.000000      -53.8102722      -1.44092337E-06
   153.750000      -53.8102722      -2.03883246E-06
   157.500000      -53.8102722      -5.99089981E-06
   161.250000      -53.8102722      -3.53174255E-06
   165.000000      -53.8102722      -5.55701263E-07
   168.750000      -53.8102722      -5.99007763E-07
   172.500000      -53.8102722      -2.53130565E-08
   176.250000      -53.8102722      -4.37423296E-07
   180.000000      -53.8102722      -8.63146852E-08
   183.750000      -53.8102722      -1.03905768E-06
   187.500000      -53.8102722      -2.99121893E-07
   191.250000      -53.8102722      -5.35212166E-07
   195.000000      -53.8102722       2.85283022E-07
   198.750000      -53.8102722      -9.75262083E-07
   202.500000      -53.8102722      -6.62803359E-07
   206.250000      -53.8102722      -4.11811925E-07
   210.000000      -53.8102722      -3.28458555E-07
   213.750000      -53.8102722      -2.49761797E-07
   217.500000      -53.8102722      -1.58492185E-07
   221.250000      -53.8102722      -1.09597750E-07
   225.000000      -53.8102722      -3.73627699E-07
   228.750000      -53.8102722      -4.11346264E-07
   232.500000      -53.8102722      -5.15654392E-07
   236.250000      -53.8102722      -1.60354830E-07
   240.000000      -53.8102722      -3.12475458E-06
   243.750000      -53.8102722      -3.43441934E-06
   247.500000      -53.8102722      -2.74710328E-06
   251.250000      -53.8102722      -3.36969242E-06
   255.000000      -53.8102722      -2.60647357E-06
   258.750000      -53.8102722      -2.49797449E-06
   262.500000      -53.8102722      -3.14954377E-07
   266.250000      -53.8102722      -2.10646249E-07
   270.000000      -53.8102722      -7.62920536E-07
   273.750000      -53.8102722      -7.51744665E-07
   277.500000      -53.8102722      -4.56049747E-07
   281.250000      -53.8102722      -4.82395990E-09
   285.000000      -53.8102722       9.29649104E-08
   288.750000      -53.8102722      -2.70716555E-07
   292.500000      -53.8102722      -1.84884266E-06
   296.250000      -53.8102722      -4.76155401E-06
   300.000000      -53.8102722      -5.91918797E-06
   303.750000      -53.8102722      -4.84537304E-06
   307.500000      -53.8102722      -2.67585710E-06
   311.250000      -53.8102722      -2.31135346E-07
   315.000000      -53.8102722      -9.61757905E-07
   318.750000      -53.8102722      -2.22287781E-07
   322.500000      -53.8102722      -3.13091732E-07
   326.250000      -53.8102722      -1.58957846E-07
   330.000000      -53.8102722      -3.55001248E-07
   333.750000      -53.8102722      -3.43359716E-07
   337.500000      -53.8102722      -6.56749762E-07
   341.250000      -53.8102722      -2.02113733E-06
   345.000000      -53.8102722      -3.36224184E-06
   348.750000      -53.8102722      -4.02767182E-06
   352.500000      -53.8102722      -4.79694427E-06
   356.250000      -53.8102722      -1.39621989E-06
   360.000000      -53.8102722       1.38024916E-08
   0.00000000      -50.0994530      -1.70599378E-07
   3.75000000      -50.0994530      -1.25895895E-07
   7.50000000      -50.0994530      -1.66408427E-07
   11.2500000      -50.0994530      -1.75943569E-06
   15.0000000      -50.0994530      -7.56401278E-07
   18.7500000      -50.0994530      -3.00518877E-07
   22.5000000      -50.0994530      -2.05792458E-06
   26.2500000      -50.0994530      -6.02376531E-08
   30.0000000      -50.0994530      -1.62217475E-07
   33.7500000      -50.0994530      -5.47785021E-07
   37.5000000      -50.0994530      -3.76421667E-07
   41.2500000      -50.0994530      -1.60820491E-07
   45.0000000      -50.0994530      -3.89263732E-09
   48.7500000      -50.0994530      -4.48708306E-08
   52.5000000      -50.0994530      -3.88172339E-08
   56.2500000      -50.0994530      -5.25433279E-07
   60.0000000      -50.0994530      -2.60006345E-07
   63.7500000      -50.0994530      -7.61792762E-09
   67.5000000      -50.0994530      -2.51334131E-06
   71.2500000      -50.0994530      -4.46585909E-06
   75.0000000      -50.0994530      -4.55386908E-06
   78.7500000      -50.0994530      -4.34059621E-06
   82.5000000      -50.0994530      -3.48890171E-06
   86.2500000      -50.0994530      -2.53941835E-06
   90.0000000      -50.0994530      -2.68563599E-06
   93.7500000      -50.0994530      -1.20110781E-06
   97.5000000      -50.0994530      -2.22369999E-06
   101.250000      -50.0994530      -4.34738467E-08
   105.000000      -50.0994530      -3.95513780E-07
   108.750000      -50.0994530      -5.28227247E-07
   112.500000      -50.0994530      -3.80612619E-07
   116.250000      -50.0994530      -5.46388037E-07
   120.000000      -50.0994530      -6.52558811E-07
   123.750000      -50.0994530       1.38024916E-08
   127.500000      -50.0994530      -6.24153472E-07
   131.250000      -50.0994530      -8.11924110E-08
   135.000000      -50.0994530      -2.68388249E-07
   138.750000      -50.0994530      -6.80032826E-07
   142.500000      -50.0994530      -6.85620762E-07
   146.250000      -50.0994530      -2.32532329E-07
   150.000000      -50.0994530      -9.06809873E-07
   153.750000      -50.0994530      -5.16120053E-07
   157.500000      -50.0994530      -2.50728772E-06
   161.250000      -50.0994530      -7.64317519E-07
   165.000000      -50.0994530      -5.39868779E-07
   168.750000      -50.0994530       2.62662070E-09
   172.500000      -50.0994530       1.85165845E-07
   176.250000      -50.0994530      -1.55341695E-08
   180.000000      -50.0994530      -8.46739567E-07
   183.750000      -50.0994530      -2.27410055E-07
   187.500000      -50.0994530      -3.95979441E-07
   191.250000      -50.0994530      -5.20311005E-07
   195.000000      -50.0994530      -6.39054633E-07
   198.750000      -50.0994530      -5.55701263E-07
   202.500000      -50.0994530      -9.73865099E-07
   206.250000      -50.0994530      -7.58263923E-07
   210.000000      -50.0994530      -3.75490345E-07
   213.750000      -50.0994530      -1.14254362E-07
   217.500000      -50.0994530      -6.10649295E-07
   221.250000      -50.0994530      -1.15686998E-06
   225.000000      -50.0994530      -2.83289410E-07
   228.750000      -50.0994530      -3.44756700E-07
   232.500000      -50.0994530      -2.74907507E-07
   236.250000      -50.0994530      -2.51624442E-07
   240.000000      -50.0994530      -2.00401701E-07
   243.750000      -50.0994530      -3.22673441E-06
   247.500000      -50.0994530      -6.35737524E-06
   251.250000      -50.0994530      -3.82464350E-06
   255.000000      -50.0994530      -3.63848812E-07
   258.750000      -50.0994530      -1.71996362E-07
   262.500000      -50.0994530      -3.50810296E-07
   266.250000      -50.0994530      -5.18448360E-07
   270.000000      -50.0994530      -6.30207069E-07
   273.750000      -50.0994530      -4.81195457E-07
   277.500000      -50.0994530      -2.66991265E-07
   281.250000      -50.0994530       4.17421688E-08
   285.000000      -50.0994530      -6.33008312E-10
   288.750000      -50.0994530      -1.87828846E-07
   292.500000      -50.0994530      -1.08795211E-06
   296.250000      -50.0994530      -1.87212572E-06
   300.000000      -50.0994530      -2.16083572E-06
   303.750000      -50.0994530      -1.96246401E-06
   307.500000      -50.0994530      -1.48003892E-06
   311.250000      -50.0994530      -6.16702891E-07
   315.000000      -50.0994530      -2.20425136E-07
   318.750000      -50.0994530      -3.90391506E-07
   322.500000      -50.0994530      -1.95745088E-07
   326.250000      -50.0994530      -5.04012860E-07
   330.000000      -50.0994530      -2.61868990E-07
   333.750000      -50.0994530      -7.18791853E-08
   337.500000      -50.0994530      -8.58490239E-08
   341.250000      -50.0994530      -2.90383468E-08
   345.000000      -50.0994530      -4.00636054E-07
   348.750000      -50.0994530      -8.37892003E-07
   352.500000      -50.0994530      -7.81081326E-07
   356.250000      -50.0994530      -1.08189852E-06
   360.000000      -50.0994530      -1.70599378E-07
   0.00000000      -46.3885536      -4.24384780E-07
   3.75000000      -46.3885536      -2.53487087E-07
   7.50000000      -46.3885536      -9.51047696E-07
   11.2500000      -46.3885536      -1.69424311E-06
   15.0000000      -46.3885536      -7.67577149E-07
   18.7500000      -46.3885536      -1.35896698E-06
   22.5000000      -46.3885536      -1.37060852E-06
   26.2500000      -46.3885536      -1.35384471E-06
   30.0000000      -46.3885536      -1.98528141E-06
   33.7500000      -46.3885536      -9.59895260E-07
   37.5000000      -46.3885536      -5.97145117E-07
   41.2500000      -46.3885536      -4.67334758E-08
   45.0000000      -46.3885536      -4.16468538E-07
   48.7500000      -46.3885536      -7.02850230E-07
   52.5000000      -46.3885536      -6.72116585E-07
   56.2500000      -46.3885536      -4.93768312E-07
   60.0000000      -46.3885536      -3.76887328E-07
   63.7500000      -46.3885536      -3.58726538E-07
   67.5000000      -46.3885536      -9.74905561E-08
   71.2500000      -46.3885536       3.84825398E-08
   75.0000000      -46.3885536      -2.31135346E-07
   78.7500000      -46.3885536      -3.07038135E-07
   82.5000000      -46.3885536      -1.81775249E-07
   86.2500000      -46.3885536      -7.42897100E-07
   90.0000000      -46.3885536      -1.91217259E-06
   93.7500000      -46.3885536      -1.56013266E-06
   97.5000000      -46.3885536      -1.54942245E-06
   101.250000      -46.3885536       1.31149136E-07
   105.000000      -46.3885536      -6.83758117E-07
   108.750000      -46.3885536      -4.91905666E-07
   112.500000      -46.3885536      -1.25512452E-06
   116.250000      -46.3885536      -2.56746716E-07
   120.000000      -46.3885536      -4.02498699E-07
   123.750000      -46.3885536      -2.97724910E-07
   127.500000      -46.3885536      -2.39982910E-07
   131.250000      -46.3885536      -2.18562491E-07
   135.000000      -46.3885536      -8.58381100E-07
   138.750000      -46.3885536      -3.52207280E-07
   142.500000      -46.3885536      -3.36374796E-07
   146.250000      -46.3885536      -3.10763426E-07
   150.000000      -46.3885536      -4.99821908E-07
   153.750000      -46.3885536      -8.68159987E-07
   157.500000      -46.3885536      -9.36146535E-07
   161.250000      -46.3885536      -1.18088792E-08
   165.000000      -46.3885536      -3.94571543E-06
   168.750000      -46.3885536      -8.21237336E-08
   172.500000      -46.3885536      -3.16351361E-07
   176.250000      -46.3885536      -1.98539055E-07
   180.000000      -46.3885536      -7.76424713E-07
   183.750000      -46.3885536      -2.19493813E-07
   187.500000      -46.3885536      -1.90622814E-07
   191.250000      -46.3885536      -3.55932571E-07
   195.000000      -46.3885536      -5.44059731E-07
   198.750000      -46.3885536      -4.63500328E-07
   202.500000      -46.3885536      -9.77590389E-07
   206.250000      -46.3885536      -2.83755071E-07
   210.000000      -46.3885536      -5.31021215E-07
   213.750000      -46.3885536      -5.59426553E-07
   217.500000      -46.3885536      -3.85269232E-07
   221.250000      -46.3885536      -3.82940925E-07
   225.000000      -46.3885536      -5.64548827E-07
   228.750000      -46.3885536      -2.59075023E-07
   232.500000      -46.3885536      -1.83637894E-07
   236.250000      -46.3885536      -1.69202394E-07
   240.000000      -46.3885536      -1.62217475E-07
   243.750000      -46.3885536      -6.34972821E-08
   247.500000      -46.3885536      -2.26944394E-07
   251.250000      -46.3885536      -3.01450200E-07
   255.000000      -46.3885536      -3.91322828E-07
   258.750000      -46.3885536      -5.35212166E-07
   262.500000      -46.3885536      -3.06106813E-07
   266.250000      -46.3885536      -3.92719812E-07
   270.000000      -46.3885536      -5.93885488E-07
   273.750000      -46.3885536      -1.40879274E-06
   277.500000      -46.3885536      -8.67228664E-07
   281.250000      -46.3885536      -8.97496648E-07
   285.000000      -46.3885536      -3.22870619E-07
   288.750000      -46.3885536      -9.36146535E-07
   292.500000      -46.3885536      -4.95165295E-07
   296.250000      -46.3885536      -8.36960680E-07
   300.000000      -46.3885536      -9.42200131E-07
   303.750000      -46.3885536      -1.10844121E-06
   307.500000      -46.3885536      -8.77116690E-08
   311.250000      -46.3885536      -3.45222361E-07
   315.000000      -46.3885536      -6.70253939E-07
   318.750000      -46.3885536      -7.09478627E-08
   322.500000      -46.3885536      -4.53255780E-07
   326.250000      -46.3885536      -1.12391717E-07
   330.000000      -46.3885536      -9.54772986E-07
   333.750000      -46.3885536      -5.08669473E-07
   337.500000      -46.3885536       5.01240720E-08
   341.250000      -46.3885536      -4.75141860E-07
   345.000000      -46.3885536      -5.62686182E-07
   348.750000      -46.3885536      -3.86666215E-07
   352.500000      -46.3885536      -6.38588972E-07
   356.250000      -46.3885536      -1.48247636E-07
   360.000000      -46.3885536      -4.24384780E-07
   0.00000000      -42.6776047      -1.12391717E-07
   3.75000000      -42.6776047      -1.28259853E-06
   7.50000000      -42.6776047      -7.77356036E-07
   11.2500000      -42.6776047      -8.50464858E-07
   15.0000000      -42.6776047      -5.54769940E-07
   18.7500000      -42.6776047      -5.69205440E-07
   22.5000000      -42.6776047      -2.89611489E-06
   26.2500000      -42.6776047      -2.39087240E-06
   30.0000000      -42.6776047      -5.00753231E-07
   33.7500000      -42.6776047      -8.35563696E-07
   37.5000000      -42.6776047      -1.97607733E-07
   41.2500000      -42.6776047      -3.30321200E-07
   45.0000000      -42.6776047      -3.52672942E-07
   48.7500000      -42.6776047      -5.77587343E-07
   52.5000000      -42.6776047      -4.77935828E-07
   56.2500000      -42.6776047      -4.10880602E-07
   60.0000000      -42.6776047      -6.72116585E-07
   63.7500000      -42.6776047      -3.13557393E-07
   67.5000000      -42.6776047      -5.10532118E-07
   71.2500000      -42.6776047      -5.14723070E-07
   75.0000000      -42.6776047      -2.64197297E-07
   78.7500000      -42.6776047      -7.37309165E-07
   82.5000000      -42.6776047      -6.21825166E-07
   86.2500000      -42.6776047      -3.28924216E-07
   90.0000000      -42.6776047      -6.28344424E-07
   93.7500000      -42.6776047      -9.61292244E-07
   97.5000000      -42.6776047      -2.33173341E-06
   101.250000      -42.6776047       1.07400410E-07
   105.000000      -42.6776047      -4.35094989E-07
   108.750000      -42.6776047      -1.22532219E-06
   112.500000      -42.6776047      -1.85500539E-07
   116.250000      -42.6776047      -4.08552296E-07
   120.000000      -42.6776047      -8.34632374E-07
   123.750000      -42.6776047      -2.20890797E-07
   127.500000      -42.6776047      -2.24150426E-07
   131.250000      -42.6776047      -4.63965989E-07
   135.000000      -42.6776047      -3.74093361E-07
   138.750000      -42.6776047      -4.21125151E-07
   142.500000      -42.6776047      -2.28341378E-07
   146.250000      -42.6776047      -1.54766894E-07
   150.000000      -42.6776047      -9.42200131E-07
   153.750000      -42.6776047      -5.27295924E-07
   157.500000      -42.6776047      -2.40448571E-07
   161.250000      -42.6776047      -2.83289410E-07
   165.000000      -42.6776047      -1.88702688E-06
   168.750000      -42.6776047      -2.74524064E-06
   172.500000      -42.6776047      -3.38703103E-07
   176.250000      -42.6776047      -4.45339538E-07
   180.000000      -42.6776047      -7.97954272E-08
   183.750000      -42.6776047      -4.09949280E-07
   187.500000      -42.6776047      -3.25198926E-07
   191.250000      -42.6776047      -4.28110070E-07
   195.000000      -42.6776047      -8.46739567E-07
   198.750000      -42.6776047      -5.55701263E-07
   202.500000      -42.6776047      -9.99476470E-07
   206.250000      -42.6776047      -3.38237442E-07
   210.000000      -42.6776047      -1.45453669E-07
   213.750000      -42.6776047      -4.34163667E-07
   217.500000      -42.6776047      -8.78870196E-07
   221.250000      -42.6776047      -1.42194040E-07
   225.000000      -42.6776047      -2.49761797E-07
   228.750000      -42.6776047      -1.12194539E-06
   232.500000      -42.6776047      -1.77200855E-06
   236.250000      -42.6776047      -1.71659485E-06
   240.000000      -42.6776047      -1.27561361E-06
   243.750000      -42.6776047      -3.19145329E-07
   247.500000      -42.6776047      -6.82826794E-07
   251.250000      -42.6776047      -2.57212378E-07
   255.000000      -42.6776047      -2.16699846E-07
   258.750000      -42.6776047      -2.34504114E-08
   262.500000      -42.6776047      -4.73279215E-07
   266.250000      -42.6776047      -4.34629328E-07
   270.000000      -42.6776047      -2.96327926E-07
   273.750000      -42.6776047      -1.08666427E-07
   277.500000      -42.6776047      -2.81426765E-07
   281.250000      -42.6776047      -5.75259037E-07
   285.000000      -42.6776047      -7.15423084E-07
   288.750000      -42.6776047      -3.68039764E-07
   292.500000      -42.6776047      -2.45570845E-07
   296.250000      -42.6776047      -3.65711458E-07
   300.000000      -42.6776047      -4.16934199E-07
   303.750000      -42.6776047      -4.32301022E-07
   307.500000      -42.6776047      -6.73047907E-07
   311.250000      -42.6776047      -5.30555553E-07
   315.000000      -42.6776047      -2.66059942E-07
   318.750000      -42.6776047      -2.80495442E-07
   322.500000      -42.6776047      -1.36606104E-07
   326.250000      -42.6776047      -1.94348104E-07
   330.000000      -42.6776047      -1.10890687E-06
   333.750000      -42.6776047      -4.06223990E-07
   337.500000      -42.6776047      -5.10532118E-07
   341.250000      -42.6776047      -5.78984327E-07
   345.000000      -42.6776047      -4.25781764E-07
   348.750000      -42.6776047      -5.95748133E-07
   352.500000      -42.6776047      -9.44994099E-07
   356.250000      -42.6776047       8.68021743E-09
   360.000000      -42.6776047      -1.12391717E-07
   0.00000000      -38.9666100      -4.03430022E-07
   3.75000000      -38.9666100      -1.32497371E-06
   7.50000000      -38.9666100      -9.70605470E-07
   11.2500000      -38.9666100      -8.22990842E-07
   15.0000000      -38.9666100      -1.12380803E-06
   18.7500000      -38.9666100      -1.30262197E-06
   22.5000000      -38.9666100      -9.16588760E-07
   26.2500000      -38.9666100      -3.30321200E-07
   30.0000000      -38.9666100      -7.22408004E-07
   33.7500000      -38.9666100      -3.68505425E-07
   37.5000000      -38.9666100      -8.53833626E-08
   41.2500000      -38.9666100      -2.44639523E-07
   45.0000000      -38.9666100      -3.72696377E-07
   48.7500000      -38.9666100      -1.10797555E-06
   52.5000000      -38.9666100      -9.72468115E-07
   56.2500000      -38.9666100      -9.65592335E-08
   60.0000000      -38.9666100      -8.63146852E-08
   63.7500000      -38.9666100      -1.63148798E-07
   67.5000000      -38.9666100      -8.28578777E-07
   71.2500000      -38.9666100      -6.53955794E-07
   75.0000000      -38.9666100      -3.61054845E-07
   78.7500000      -38.9666100      -1.14254362E-07
   82.5000000      -38.9666100      -2.52555765E-07
   86.2500000      -38.9666100      -4.71882231E-07
   90.0000000      -38.9666100      -6.95508788E-08
   93.7500000      -38.9666100      -2.71182216E-07
   97.5000000      -38.9666100      -3.47550667E-07
   101.250000      -38.9666100      -3.81078280E-07
   105.000000      -38.9666100      -1.26769737E-06
   108.750000      -38.9666100      -9.70248948E-08
   112.500000      -38.9666100      -3.87131877E-07
   116.250000      -38.9666100      -6.81895472E-07
   120.000000      -38.9666100      -5.40800102E-07
   123.750000      -38.9666100      -2.95862264E-07
   127.500000      -38.9666100      -2.19493813E-07
   131.250000      -38.9666100      -7.94119842E-07
   135.000000      -38.9666100      -6.41382940E-07
   138.750000      -38.9666100      -8.13211955E-07
   142.500000      -38.9666100      -5.51975972E-07
   146.250000      -38.9666100      -3.32649506E-07
   150.000000      -38.9666100      -4.47202183E-07
   153.750000      -38.9666100      -4.54187102E-07
   157.500000      -38.9666100      -1.53835572E-07
   161.250000      -38.9666100      -2.44173862E-07
   165.000000      -38.9666100      -6.88880391E-07
   168.750000      -38.9666100      -9.70687688E-06
   172.500000      -38.9666100      -7.80604751E-06
   176.250000      -38.9666100      -2.81892426E-07
   180.000000      -38.9666100      -3.59192200E-07
   183.750000      -38.9666100      -5.58495231E-07
   187.500000      -38.9666100      -2.93999619E-07
   191.250000      -38.9666100      -7.28105078E-08
   195.000000      -38.9666100      -4.81661118E-07
   198.750000      -38.9666100      -4.49996151E-07
   202.500000      -38.9666100      -7.03781552E-07
   206.250000      -38.9666100      -3.09366442E-07
   210.000000      -38.9666100      -2.59075023E-07
   213.750000      -38.9666100      -2.19493813E-07
   217.500000      -38.9666100      -1.89225830E-07
   221.250000      -38.9666100      -1.47771061E-06
   225.000000      -38.9666100      -1.11635745E-06
   228.750000      -38.9666100      -1.07677624E-06
   232.500000      -38.9666100      -6.32535375E-07
   236.250000      -38.9666100      -6.34972821E-08
   240.000000      -38.9666100      -6.33008312E-10
   243.750000      -38.9666100      -4.41614247E-07
   247.500000      -38.9666100       6.54908945E-08
   251.250000      -38.9666100      -9.74905561E-08
   255.000000      -38.9666100      -1.67347025E-10
   258.750000      -38.9666100      -2.07386620E-07
   262.500000      -38.9666100      -3.42428393E-07
   266.250000      -38.9666100      -4.35560651E-07
   270.000000      -38.9666100      -2.29738362E-07
   273.750000      -38.9666100      -9.88300599E-07
   277.500000      -38.9666100      -7.40103133E-07
   281.250000      -38.9666100      -9.66414518E-07
   285.000000      -38.9666100      -1.10797555E-06
   288.750000      -38.9666100      -1.24394865E-06
   292.500000      -38.9666100      -1.24394865E-06
   296.250000      -38.9666100      -1.20203913E-06
   300.000000      -38.9666100       4.68644430E-08
   303.750000      -38.9666100       2.45701813E-07
   307.500000      -38.9666100      -1.67515100E-06
   311.250000      -38.9666100      -4.27644409E-07
   315.000000      -38.9666100      -3.00518877E-07
   318.750000      -38.9666100      -7.07972504E-07
   322.500000      -38.9666100      -4.10880602E-07
   326.250000      -38.9666100       1.69529812E-09
   330.000000      -38.9666100      -4.97493602E-07
   333.750000      -38.9666100      -5.82709617E-07
   337.500000      -38.9666100      -6.45573891E-07
   341.250000      -38.9666100      -4.81661118E-07
   345.000000      -38.9666100       1.00772013E-08
   348.750000      -38.9666100      -2.53021426E-07
   352.500000      -38.9666100      -3.60232661E-08
   356.250000      -38.9666100      -6.21002982E-08
   360.000000      -38.9666100      -4.03430022E-07
   0.00000000      -35.2555809      -4.54652763E-07
   3.75000000      -35.2555809      -1.25326187E-06
   7.50000000      -35.2555809      -1.50006235E-06
   11.2500000      -35.2555809      -9.30092938E-07
   15.0000000      -35.2555809      -5.51975972E-07
   18.7500000      -35.2555809      -4.57912392E-07
   22.5000000      -35.2555809      -3.53138603E-07
   26.2500000      -35.2555809      -3.14488716E-07
   30.0000000      -35.2555809      -4.31835360E-07
   33.7500000      -35.2555809       1.64211087E-07
   37.5000000      -35.2555809      -2.20890797E-07
   41.2500000      -35.2555809      -6.65131665E-07
   45.0000000      -35.2555809      -3.08435119E-07
   48.7500000      -35.2555809      -4.81661118E-07
   52.5000000      -35.2555809      -2.64662958E-07
   56.2500000      -35.2555809      -7.75493390E-07
   60.0000000      -35.2555809      -2.15877662E-08
   63.7500000      -35.2555809      -1.64080120E-07
   67.5000000      -35.2555809      -6.67569111E-08
   71.2500000      -35.2555809      -2.28341378E-07
   75.0000000      -35.2555809      -2.49296136E-07
   78.7500000      -35.2555809      -1.32415153E-07
   82.5000000      -35.2555809      -3.05641151E-07
   86.2500000      -35.2555809      -2.46502168E-07
   90.0000000      -35.2555809      -2.33929313E-07
   93.7500000      -35.2555809      -1.97142072E-07
   97.5000000      -35.2555809      -2.05523975E-07
   101.250000      -35.2555809      -3.92719812E-07
   105.000000      -35.2555809      -1.30552507E-07
   108.750000      -35.2555809      -1.95035682E-06
   112.500000      -35.2555809      -9.20314051E-07
   116.250000      -35.2555809      -5.42662747E-07
   120.000000      -35.2555809      -4.20193828E-07
   123.750000      -35.2555809      -4.02498699E-07
   127.500000      -35.2555809      -3.55466909E-07
   131.250000      -35.2555809      -4.86783392E-07
   135.000000      -35.2555809      -8.16005922E-07
   138.750000      -35.2555809      -5.00753231E-07
   142.500000      -35.2555809      -3.45222361E-07
   146.250000      -35.2555809      -6.41382940E-07
   150.000000      -35.2555809      -3.20542313E-07
   153.750000      -35.2555809      -4.53255780E-07
   157.500000      -35.2555809      -3.82940925E-07
   161.250000      -35.2555809      -6.30207069E-07
   165.000000      -35.2555809      -1.13870919E-06
   168.750000      -35.2555809      -1.02601916E-06
   172.500000      -35.2555809      -6.18099875E-07
   176.250000      -35.2555809      -3.76421667E-07
   180.000000      -35.2555809      -3.21939297E-07
   183.750000      -35.2555809      -4.48133505E-07
   187.500000      -35.2555809      -7.54072971E-07
   191.250000      -35.2555809      -2.07386620E-07
   195.000000      -35.2555809      -5.02150215E-07
   198.750000      -35.2555809      -1.80843927E-07
   202.500000      -35.2555809      -3.68505425E-07
   206.250000      -35.2555809      -2.28807039E-07
   210.000000      -35.2555809      -8.81773303E-08
   213.750000      -35.2555809      -3.91788490E-07
   217.500000      -35.2555809      -1.30308763E-06
   221.250000      -35.2555809      -2.14965985E-06
   225.000000      -35.2555809      -7.29392923E-07
   228.750000      -35.2555809      -1.01437763E-06
   232.500000      -35.2555809      -4.88646037E-07
   236.250000      -35.2555809      -8.30550562E-08
   240.000000      -35.2555809      -4.62678145E-08
   243.750000      -35.2555809      -1.41262717E-07
   247.500000      -35.2555809      -1.96210749E-07
   251.250000      -35.2555809      -3.94582457E-07
   255.000000      -35.2555809      -9.65592335E-08
   258.750000      -35.2555809      -3.33115167E-07
   262.500000      -35.2555809      -6.61872036E-07
   266.250000      -35.2555809      -5.04012860E-07
   270.000000      -35.2555809      -2.01907824E-08
   273.750000      -35.2555809      -7.78753019E-07
   277.500000      -35.2555809      -1.10994733E-07
   281.250000      -35.2555809      -2.53021426E-07
   285.000000      -35.2555809      -6.72225724E-08
   288.750000      -35.2555809      -2.32066668E-07
   292.500000      -35.2555809      -1.64080120E-07
   296.250000      -35.2555809       7.71324267E-08
   300.000000      -35.2555809      -2.65594281E-07
   303.750000      -35.2555809      -4.77470167E-07
   307.500000      -35.2555809       1.62814104E-07
   311.250000      -35.2555809      -4.40217264E-07
   315.000000      -35.2555809      -1.21647463E-06
   318.750000      -35.2555809      -2.40914233E-07
   322.500000      -35.2555809      -1.28689862E-07
   326.250000      -35.2555809      -2.27957935E-06
   330.000000      -35.2555809       6.28941052E-07
   333.750000      -35.2555809      -2.01741204E-06
   337.500000      -35.2555809      -4.53255780E-07
   341.250000      -35.2555809      -9.44528438E-07
   345.000000      -35.2555809      -7.42074917E-08
   348.750000      -35.2555809      -8.08358891E-09
   352.500000      -35.2555809      -1.70133717E-07
   356.250000      -35.2555809      -5.58495231E-07
   360.000000      -35.2555809      -4.54652763E-07
   0.00000000      -31.5445251      -2.80029781E-07
   3.75000000      -31.5445251      -2.71647878E-07
   7.50000000      -31.5445251      -4.84455086E-07
   11.2500000      -31.5445251      -5.98542101E-07
   15.0000000      -31.5445251      -1.80843927E-07
   18.7500000      -31.5445251      -2.18096829E-07
   22.5000000      -31.5445251      -3.41031409E-07
   26.2500000      -31.5445251      -2.47433491E-07
   30.0000000      -31.5445251      -6.22094376E-09
   33.7500000      -31.5445251      -4.64897312E-07
   37.5000000      -31.5445251      -2.63731636E-07
   41.2500000      -31.5445251      -9.72468115E-07
   45.0000000      -31.5445251      -9.20779712E-07
   48.7500000      -31.5445251       8.13233783E-08
   52.5000000      -31.5445251      -3.60123522E-07
   56.2500000      -31.5445251      -1.43125362E-07
   60.0000000      -31.5445251      -5.35212166E-07
   63.7500000      -31.5445251      -2.03661330E-07
   67.5000000      -31.5445251      -3.09832103E-07
   71.2500000      -31.5445251      -3.76421667E-07
   75.0000000      -31.5445251      -5.46388037E-07
   78.7500000      -31.5445251      -9.13329131E-07
   82.5000000      -31.5445251      -1.10611290E-06
   86.2500000      -31.5445251      -1.27561361E-06
   90.0000000      -31.5445251      -3.29389877E-07
   93.7500000      -31.5445251      -1.93882443E-07
   97.5000000      -31.5445251      -1.05406798E-07
   101.250000      -31.5445251      -6.93537004E-07
   105.000000      -31.5445251      -4.77004505E-07
   108.750000      -31.5445251      -1.38934411E-07
   112.500000      -31.5445251      -3.61986167E-07
   116.250000      -31.5445251      -4.28575731E-07
   120.000000      -31.5445251      -5.74327714E-07
   123.750000      -31.5445251      -2.68388249E-07
   127.500000      -31.5445251      -1.11356348E-06
   131.250000      -31.5445251      -1.52753637E-06
   135.000000      -31.5445251      -8.77116690E-08
   138.750000      -31.5445251      -4.61172021E-07
   142.500000      -31.5445251      -2.21356458E-07
   146.250000      -31.5445251      -5.85969246E-07
   150.000000      -31.5445251      -4.44408215E-07
   153.750000      -31.5445251      -4.76647983E-08
   157.500000      -31.5445251      -1.25430233E-07
   161.250000      -31.5445251      -4.69553925E-07
   165.000000      -31.5445251      -7.42431439E-07
   168.750000      -31.5445251      -7.85737939E-07
   172.500000      -31.5445251      -5.81312634E-07
   176.250000      -31.5445251      -4.16002877E-07
   180.000000      -31.5445251      -1.24115468E-06
   183.750000      -31.5445251      -2.93999619E-07
   187.500000      -31.5445251      -1.27758540E-07
   191.250000      -31.5445251      -2.60472007E-07
   195.000000      -31.5445251      -3.79681296E-07
   198.750000      -31.5445251      -3.94664676E-06
   202.500000      -31.5445251      -3.29389877E-07
   206.250000      -31.5445251      -5.89228875E-07
   210.000000      -31.5445251      -1.76652975E-07
   213.750000      -31.5445251      -4.39751602E-07
   217.500000      -31.5445251      -5.15654392E-07
   221.250000      -31.5445251      -5.41731424E-07
   225.000000      -31.5445251      -5.93419827E-07
   228.750000      -31.5445251      -2.49761797E-07
   232.500000      -31.5445251      -2.62800313E-07
   236.250000      -31.5445251      -2.89808668E-07
   240.000000      -31.5445251      -2.57212378E-07
   243.750000      -31.5445251      -2.16234184E-07
   247.500000      -31.5445251      -4.66294296E-07
   251.250000      -31.5445251      -3.02847184E-07
   255.000000      -31.5445251      -6.67925633E-07
   258.750000      -31.5445251      -2.06920959E-07
   262.500000      -31.5445251      -3.08435119E-07
   266.250000      -31.5445251      -5.23570634E-07
   270.000000      -31.5445251      -4.70194936E-06
   273.750000      -31.5445251      -3.75956006E-07
   277.500000      -31.5445251      -6.34972821E-08
   281.250000      -31.5445251      -4.27178747E-07
   285.000000      -31.5445251      -4.46736522E-07
   288.750000      -31.5445251      -1.73393346E-07
   292.500000      -31.5445251      -3.75024683E-07
   296.250000      -31.5445251      -4.43011231E-07
   300.000000      -31.5445251      -7.83984433E-08
   303.750000      -31.5445251       5.05897333E-08
   307.500000      -31.5445251      -2.11111910E-07
   311.250000      -31.5445251       7.71324267E-08
   315.000000      -31.5445251      -1.48247636E-07
   318.750000      -31.5445251      -1.05406798E-07
   322.500000      -31.5445251      -8.41617293E-07
   326.250000      -31.5445251      -5.88297553E-07
   330.000000      -31.5445251      -1.33812136E-07
   333.750000      -31.5445251      -2.26944394E-07
   337.500000      -31.5445251      -4.40682925E-07
   341.250000      -31.5445251      -2.10646249E-07
   345.000000      -31.5445251      -1.29191176E-06
   348.750000      -31.5445251      -3.88063199E-07
   352.500000      -31.5445251      -2.57212378E-07
   356.250000      -31.5445251       1.51994755E-08
   360.000000      -31.5445251      -2.80029781E-07
   0.00000000      -27.8334446      -7.07506842E-07
   3.75000000      -27.8334446      -6.54421456E-07
   7.50000000      -27.8334446      -1.50110282E-07
   11.2500000      -27.8334446      -2.05058313E-07
   15.0000000      -27.8334446      -1.24498911E-07
   18.7500000      -27.8334446      -5.65945811E-07
   22.5000000      -27.8334446      -2.79098458E-07
   26.2500000      -27.8334446      -1.99936039E-07
   30.0000000      -27.8334446      -1.92485459E-07
   33.7500000      -27.8334446      -3.55576049E-08
   37.5000000      -27.8334446      -2.29272700E-07
   41.2500000      -27.8334446      -2.81426765E-07
   45.0000000      -27.8334446      -2.50693120E-07
   48.7500000      -27.8334446      -1.51729182E-06
   52.5000000      -27.8334446      -4.01101715E-07
   56.2500000      -27.8334446      -5.51044650E-07
   60.0000000      -27.8334446      -3.92254151E-07
   63.7500000      -27.8334446      -1.81775249E-07
   67.5000000      -27.8334446      -7.03315891E-07
   71.2500000      -27.8334446      -7.99707777E-07
   75.0000000      -27.8334446      -8.09952326E-07
   78.7500000      -27.8334446      -4.31835360E-07
   82.5000000      -27.8334446      -1.62217475E-07
   86.2500000      -27.8334446      -8.30550562E-08
   90.0000000      -27.8334446       4.40704753E-08
   93.7500000      -27.8334446       3.10319592E-08
   97.5000000      -27.8334446      -3.88172339E-08
   101.250000      -27.8334446       9.20335879E-08
   105.000000      -27.8334446      -3.20076651E-07
   108.750000      -27.8334446      -4.66294296E-07
   112.500000      -27.8334446      -1.04650826E-06
   116.250000      -27.8334446      -9.00290615E-07
   120.000000      -27.8334446      -3.04709829E-07
   123.750000      -27.8334446      -2.67922587E-07
   127.500000      -27.8334446      -4.27178747E-07
   131.250000      -27.8334446      -5.09135134E-07
   135.000000      -27.8334446      -5.56632585E-07
   138.750000      -27.8334446      -1.75255991E-07
   142.500000      -27.8334446      -4.38354618E-07
   146.250000      -27.8334446      -4.69088263E-07
   150.000000      -27.8334446      -6.66062988E-07
   153.750000      -27.8334446      -5.80381311E-07
   157.500000      -27.8334446      -3.75024683E-07
   161.250000      -27.8334446      -4.30438376E-07
   165.000000      -27.8334446      -5.18448360E-07
   168.750000      -27.8334446      -4.54187102E-07
   172.500000      -27.8334446      -1.14243448E-06
   176.250000      -27.8334446      -5.76190359E-07
   180.000000      -27.8334446      -2.95862264E-07
   183.750000      -27.8334446      -7.02850230E-07
   187.500000      -27.8334446      -3.29855538E-07
   191.250000      -27.8334446      -2.69785232E-07
   195.000000      -27.8334446      -3.86666215E-07
   198.750000      -27.8334446      -4.15071554E-07
   202.500000      -27.8334446      -1.66408427E-07
   206.250000      -27.8334446      -2.96793587E-07
   210.000000      -27.8334446      -5.25898940E-07
   213.750000      -27.8334446      -4.40682925E-07
   217.500000      -27.8334446      -3.31252522E-07
   221.250000      -27.8334446      -1.44056685E-07
   225.000000      -27.8334446      -2.53952749E-07
   228.750000      -27.8334446      -2.92136974E-07
   232.500000      -27.8334446      -3.66177119E-07
   236.250000      -27.8334446      -1.92951120E-07
   240.000000      -27.8334446      -3.50810296E-07
   243.750000      -27.8334446      -4.10880602E-07
   247.500000      -27.8334446      -1.92951120E-07
   251.250000      -27.8334446      -1.38468749E-07
   255.000000      -27.8334446      -9.98188625E-08
   258.750000      -27.8334446      -1.32415153E-07
   262.500000      -27.8334446      -3.25198926E-07
   266.250000      -27.8334446      -1.65011443E-07
   270.000000      -27.8334446      -3.01915861E-07
   273.750000      -27.8334446      -4.65828634E-07
   277.500000      -27.8334446      -2.08783604E-07
   281.250000      -27.8334446      -2.91205652E-07
   285.000000      -27.8334446      -5.25898940E-07
   288.750000      -27.8334446      -4.10414941E-07
   292.500000      -27.8334446      -2.52555765E-07
   296.250000      -27.8334446      -9.93532012E-08
   300.000000      -27.8334446      -3.32183845E-07
   303.750000      -27.8334446      -2.32066668E-07
   307.500000      -27.8334446      -1.53835572E-07
   311.250000      -27.8334446      -2.27875717E-07
   315.000000      -27.8334446      -2.61403329E-07
   318.750000      -27.8334446      -1.54766894E-07
   322.500000      -27.8334446      -8.44520400E-08
   326.250000      -27.8334446      -5.01218892E-07
   330.000000      -27.8334446      -1.38003088E-07
   333.750000      -27.8334446      -1.36715244E-08
   337.500000      -27.8334446      -7.61792762E-09
   341.250000      -27.8334446      -1.51972927E-07
   345.000000      -27.8334446      -1.28689862E-07
   348.750000      -27.8334446      -1.16582669E-07
   352.500000      -27.8334446      -7.17285729E-07
   356.250000      -27.8334446      -7.09369488E-07
   360.000000      -27.8334446      -7.07506842E-07
   0.00000000      -24.1223469      -5.45922376E-07
   3.75000000      -24.1223469      -4.72347892E-07
   7.50000000      -24.1223469      -2.24150426E-07
   11.2500000      -24.1223469      -3.67574103E-07
   15.0000000      -24.1223469      -6.16346369E-08
   18.7500000      -24.1223469      -1.18445314E-07
   22.5000000      -24.1223469      -1.45453669E-07
   26.2500000      -24.1223469      -3.55576049E-08
   30.0000000      -24.1223469      -5.28962119E-09
   33.7500000      -24.1223469      -2.66525603E-07
   37.5000000      -24.1223469      -7.61057890E-07
   41.2500000      -24.1223469       1.85165845E-07
   45.0000000      -24.1223469       5.80512278E-07
   48.7500000      -24.1223469      -1.13788701E-07
   52.5000000      -24.1223469      -5.88763214E-07
   56.2500000      -24.1223469      -3.21007974E-07
   60.0000000      -24.1223469      -6.73047907E-07
   63.7500000      -24.1223469      -1.49644620E-07
   67.5000000      -24.1223469      -1.89691491E-07
   71.2500000      -24.1223469      -2.24616088E-07
   75.0000000      -24.1223469      -3.16817022E-07
   78.7500000      -24.1223469      -8.01570422E-07
   82.5000000      -24.1223469      -6.05527021E-07
   86.2500000      -24.1223469      -6.09252311E-07
   90.0000000      -24.1223469      -6.87017746E-07
   93.7500000      -24.1223469      -4.17865522E-07
   97.5000000      -24.1223469      -9.16123099E-07
   101.250000      -24.1223469      -4.12277586E-07
   105.000000      -24.1223469      -2.99121893E-07
   108.750000      -24.1223469      -2.99121893E-07
   112.500000      -24.1223469      -1.43125362E-07
   116.250000      -24.1223469      -2.68388249E-07
   120.000000      -24.1223469      -1.97142072E-07
   123.750000      -24.1223469      -2.71647878E-07
   127.500000      -24.1223469      -3.62917490E-07
   131.250000      -24.1223469      -4.31369699E-07
   135.000000      -24.1223469      -3.69902409E-07
   138.750000      -24.1223469      -4.77935828E-07
   142.500000      -24.1223469      -4.23919118E-07
   146.250000      -24.1223469      -2.93068297E-07
   150.000000      -24.1223469      -3.46619345E-07
   153.750000      -24.1223469      -2.32532329E-07
   157.500000      -24.1223469      -2.88411684E-07
   161.250000      -24.1223469      -3.90857167E-07
   165.000000      -24.1223469      -4.43011231E-07
   168.750000      -24.1223469      -2.86549039E-07
   172.500000      -24.1223469      -2.82358087E-07
   176.250000      -24.1223469      -5.44059731E-07
   180.000000      -24.1223469      -3.70833732E-07
   183.750000      -24.1223469      -4.03430022E-07
   187.500000      -24.1223469      -6.66528649E-07
   191.250000      -24.1223469      -8.53833626E-08
   195.000000      -24.1223469      -3.50919436E-08
   198.750000      -24.1223469      -1.08469249E-06
   202.500000      -24.1223469      -5.54304279E-07
   206.250000      -24.1223469      -4.95165295E-07
   210.000000      -24.1223469      -4.20659489E-07
   213.750000      -24.1223469      -3.88063199E-07
   217.500000      -24.1223469      -6.71650923E-07
   221.250000      -24.1223469      -2.39051587E-07
   225.000000      -24.1223469      -3.00053216E-07
   228.750000      -24.1223469      -1.89691491E-07
   232.500000      -24.1223469      -1.09597750E-07
   236.250000      -24.1223469      -2.19959475E-07
   240.000000      -24.1223469      -3.55932571E-07
   243.750000      -24.1223469      -5.97610779E-07
   247.500000      -24.1223469      -4.20193828E-07
   251.250000      -24.1223469      -7.79327820E-08
   255.000000      -24.1223469      -2.47433491E-07
   258.750000      -24.1223469       3.55794327E-09
   262.500000      -24.1223469      -1.25895895E-07
   266.250000      -24.1223469      -5.46497176E-08
   270.000000      -24.1223469      -6.67569111E-08
   273.750000      -24.1223469      -3.14023055E-07
   277.500000      -24.1223469      -8.86429916E-08
   281.250000      -24.1223469      -4.11455403E-08
   285.000000      -24.1223469      -3.16351361E-07
   288.750000      -24.1223469      -5.40334440E-07
   292.500000      -24.1223469      -4.44051693E-08
   296.250000      -24.1223469      -1.90622814E-07
   300.000000      -24.1223469       1.67470716E-07
   303.750000      -24.1223469      -2.87946023E-07
   307.500000      -24.1223469       1.00772013E-08
   311.250000      -24.1223469       2.77723302E-08
   315.000000      -24.1223469      -2.12974555E-07
   318.750000      -24.1223469      -7.68042810E-07
   322.500000      -24.1223469      -3.76887328E-07
   326.250000      -24.1223469      -4.77470167E-07
   330.000000      -24.1223469      -1.83637894E-07
   333.750000      -24.1223469      -1.38934411E-07
   337.500000      -24.1223469      -1.32415153E-07
   341.250000      -24.1223469      -9.00399755E-08
   345.000000      -24.1223469      -1.80843927E-07
   348.750000      -24.1223469      -4.90617822E-08
   352.500000      -24.1223469      -1.29155524E-07
   356.250000      -24.1223469      -2.52555765E-07
   360.000000      -24.1223469      -5.45922376E-07
   0.00000000      -20.4112377      -1.55698217E-07
   3.75000000      -20.4112377      -3.71765054E-07
   7.50000000      -20.4112377      -1.16117008E-07
   11.2500000      -20.4112377      -1.06803782E-07
   15.0000000      -20.4112377      -6.21002982E-08
   18.7500000      -20.4112377      -6.67569111E-08
   22.5000000      -20.4112377      -2.12508894E-07
   26.2500000      -20.4112377      -1.07269443E-07
   30.0000000      -20.4112377      -3.45222361E-07
   33.7500000      -20.4112377      -4.83058102E-07
   37.5000000      -20.4112377      -3.39634425E-07
   41.2500000      -20.4112377      -9.94623406E-09
   45.0000000      -20.4112377      -1.42648787E-06
   48.7500000      -20.4112377       1.33943104E-07
   52.5000000      -20.4112377      -2.51624442E-07
   56.2500000      -20.4112377       1.22301572E-07
   60.0000000      -20.4112377      -9.00399755E-08
   63.7500000      -20.4112377      -1.12391717E-07
   67.5000000      -20.4112377      -1.30588160E-06
   71.2500000      -20.4112377      -4.83989425E-07
   75.0000000      -20.4112377      -2.67456926E-07
   78.7500000      -20.4112377      -6.95508788E-08
   82.5000000      -20.4112377      -1.79446943E-07
   86.2500000      -20.4112377      -1.09866960E-09
   90.0000000      -20.4112377      -2.73044861E-07
   93.7500000      -20.4112377      -2.14837200E-07
   97.5000000      -20.4112377      -7.70014594E-08
   101.250000      -20.4112377      -5.65123628E-08
   105.000000      -20.4112377      -1.18445314E-07
   108.750000      -20.4112377      -8.72460078E-08
   112.500000      -20.4112377      -4.53364919E-08
   116.250000      -20.4112377      -5.09244273E-08
   120.000000      -20.4112377      -4.99931048E-08
   123.750000      -20.4112377      -1.10529072E-07
   127.500000      -20.4112377      -8.63146852E-08
   131.250000      -20.4112377      -2.30204023E-07
   135.000000      -20.4112377      -6.56284101E-07
   138.750000      -20.4112377      -3.11694748E-07
   142.500000      -20.4112377      -6.21825166E-07
   146.250000      -20.4112377      -2.43242539E-07
   150.000000      -20.4112377      -2.02264346E-07
   153.750000      -20.4112377      -1.99004717E-07
   157.500000      -20.4112377       6.12999429E-08
   161.250000      -20.4112377      -1.16117008E-07
   165.000000      -20.4112377      -5.69780241E-08
   168.750000      -20.4112377      -1.67805410E-07
   172.500000      -20.4112377       7.28323357E-09
   176.250000      -20.4112377      -1.93882443E-07
   180.000000      -20.4112377      -1.60354830E-07
   183.750000      -20.4112377      -3.20076651E-07
   187.500000      -20.4112377      -5.90160198E-07
   191.250000      -20.4112377      -3.58726538E-07
   195.000000      -20.4112377      -8.63146852E-08
   198.750000      -20.4112377      -9.16588760E-07
   202.500000      -20.4112377      -7.82012648E-07
   206.250000      -20.4112377      -1.03544153E-07
   210.000000      -20.4112377      -2.82358087E-07
   213.750000      -20.4112377       5.33837010E-08
   217.500000      -20.4112377      -1.69202394E-07
   221.250000      -20.4112377      -1.65477104E-07
   225.000000      -20.4112377      -3.14488716E-07
   228.750000      -20.4112377      -3.49413313E-07
   232.500000      -20.4112377      -3.10763426E-07
   236.250000      -20.4112377      -3.10763426E-07
   240.000000      -20.4112377      -3.62917490E-07
   243.750000      -20.4112377      -5.02150215E-07
   247.500000      -20.4112377      -1.08200766E-07
   251.250000      -20.4112377      -9.46965883E-08
   255.000000      -20.4112377      -1.27292878E-07
   258.750000      -20.4112377      -3.10297764E-07
   262.500000      -20.4112377      -3.71765054E-07
   266.250000      -20.4112377      -1.57560862E-07
   270.000000      -20.4112377      -1.13323040E-07
   273.750000      -20.4112377      -1.59998308E-08
   277.500000      -20.4112377      -4.35829861E-09
   281.250000      -20.4112377      -1.55341695E-08
   285.000000      -20.4112377      -5.58960892E-07
   288.750000      -20.4112377      -3.13091732E-07
   292.500000      -20.4112377      -9.05056368E-08
   296.250000      -20.4112377      -2.02730007E-07
   300.000000      -20.4112377      -1.54766894E-07
   303.750000      -20.4112377      -2.67922587E-07
   307.500000      -20.4112377      -1.44522346E-07
   311.250000      -20.4112377      -3.63383151E-07
   315.000000      -20.4112377      -5.73396392E-07
   318.750000      -20.4112377      -5.53372956E-07
   322.500000      -20.4112377      -7.10766471E-07
   326.250000      -20.4112377      -1.61751814E-07
   330.000000      -20.4112377      -3.64889274E-08
   333.750000      -20.4112377      -7.60701369E-08
   337.500000      -20.4112377      -3.28924216E-07
   341.250000      -20.4112377      -1.30552507E-07
   345.000000      -20.4112377      -4.30081855E-08
   348.750000      -20.4112377      -5.23214112E-08
   352.500000      -20.4112377      -2.11111910E-07
   356.250000      -20.4112377      -1.50110282E-07
   360.000000      -20.4112377      -1.55698217E-07
   0.00000000      -16.7001171      -1.68271072E-07
   3.75000000      -16.7001171      -1.51041604E-07
   7.50000000      -16.7001171      -1.15185685E-07
   11.2500000      -16.7001171      -5.69671101E-07
   15.0000000      -16.7001171      -5.75259037E-07
   18.7500000      -16.7001171      -1.64545781E-07
   22.5000000      -16.7001171      -1.64080120E-07
   26.2500000      -16.7001171      -1.78049959E-07
   30.0000000      -16.7001171      -1.61286152E-07
   33.7500000      -16.7001171      -1.69668056E-07
   37.5000000      -16.7001171      -4.98424924E-07
   41.2500000      -16.7001171      -6.07855327E-07
   45.0000000      -16.7001171      -4.91905666E-07
   48.7500000      -16.7001171      -4.60706360E-07
   52.5000000      -16.7001171       5.85059752E-08
   56.2500000      -16.7001171       3.56885721E-08
   60.0000000      -16.7001171      -5.68739779E-07
   63.7500000      -16.7001171      -1.21321500E-06
   67.5000000      -16.7001171      -1.68271072E-07
   71.2500000      -16.7001171       8.21455615E-09
   75.0000000      -16.7001171      -3.71765054E-07
   78.7500000      -16.7001171      -7.60701369E-08
   82.5000000      -16.7001171      -1.09597750E-07
   86.2500000      -16.7001171      -1.02147169E-07
   90.0000000      -16.7001171      -7.60701369E-08
   93.7500000      -16.7001171      -1.04475475E-07
   97.5000000      -16.7001171      -1.62683136E-07
   101.250000      -16.7001171      -1.28224201E-07
   105.000000      -16.7001171      -1.55341695E-08
   108.750000      -16.7001171      -2.26013071E-07
   112.500000      -16.7001171       3.75512172E-08
   116.250000      -16.7001171       2.07874109E-08
   120.000000      -16.7001171      -8.49177013E-08
   123.750000      -16.7001171      -6.86195563E-08
   127.500000      -16.7001171      -5.69780241E-08
   131.250000      -16.7001171      -2.34504114E-08
   135.000000      -16.7001171      -3.62451829E-07
   138.750000      -16.7001171      -2.50227458E-07
   142.500000      -16.7001171      -2.76304490E-07
   146.250000      -16.7001171      -2.31601007E-07
   150.000000      -16.7001171      -3.84803570E-07
   153.750000      -16.7001171      -1.14720024E-07
   157.500000      -16.7001171      -1.13788701E-07
   161.250000      -16.7001171      -1.75255991E-07
   165.000000      -16.7001171      -1.92019797E-07
   168.750000      -16.7001171       1.14741852E-08
   172.500000      -16.7001171      -1.77118636E-07
   176.250000      -16.7001171      -1.15651346E-07
   180.000000      -16.7001171      -1.22170604E-07
   183.750000      -16.7001171      -2.29272700E-07
   187.500000      -16.7001171      -3.86200554E-07
   191.250000      -16.7001171      -6.01336069E-07
   195.000000      -16.7001171      -3.41962732E-07
   198.750000      -16.7001171      -7.70014594E-08
   202.500000      -16.7001171      -2.21356458E-07
   206.250000      -16.7001171      -2.14371539E-07
   210.000000      -16.7001171      -2.99587555E-07
   213.750000      -16.7001171      -1.87363185E-07
   217.500000      -16.7001171      -2.90739990E-07
   221.250000      -16.7001171       9.94841685E-08
   225.000000      -16.7001171      -7.97954272E-08
   228.750000      -16.7001171      -1.95279426E-07
   232.500000      -16.7001171      -8.02967406E-07
   236.250000      -16.7001171       4.22078301E-08
   240.000000      -16.7001171      -3.18323146E-08
   243.750000      -16.7001171      -2.91671313E-07
   247.500000      -16.7001171      -1.31483830E-07
   251.250000      -16.7001171      -5.37183951E-08
   255.000000      -16.7001171      -9.84218786E-08
   258.750000      -16.7001171      -1.41728378E-07
   262.500000      -16.7001171      -1.04009814E-07
   266.250000      -16.7001171      -1.57095201E-07
   270.000000      -16.7001171      -1.11460395E-07
   273.750000      -16.7001171      -4.62678145E-08
   277.500000      -16.7001171      -1.19376637E-07
   281.250000      -16.7001171      -4.39751602E-07
   285.000000      -16.7001171      -1.70599378E-07
   288.750000      -16.7001171       3.78880941E-07
   292.500000      -16.7001171      -1.12613634E-06
   296.250000      -16.7001171      -8.86429916E-08
   300.000000      -16.7001171      -9.01491148E-09
   303.750000      -16.7001171      -3.31718184E-07
   307.500000      -16.7001171      -3.39634425E-07
   311.250000      -16.7001171      -4.06223990E-07
   315.000000      -16.7001171      -6.39520294E-07
   318.750000      -16.7001171      -2.77235813E-07
   322.500000      -16.7001171      -2.39517249E-07
   326.250000      -16.7001171      -4.06798790E-08
   330.000000      -16.7001171      -8.25893949E-08
   333.750000      -16.7001171      -2.85726856E-08
   337.500000      -16.7001171      -3.32292984E-08
   341.250000      -16.7001171      -2.01798684E-07
   345.000000      -16.7001171      -3.63848812E-07
   348.750000      -16.7001171      -3.05175490E-07
   352.500000      -16.7001171      -3.84803570E-07
   356.250000      -16.7001171      -2.52090103E-07
   360.000000      -16.7001171      -1.68271072E-07
   0.00000000      -12.9889879      -4.82395990E-09
   3.75000000      -12.9889879      -1.41371856E-08
   7.50000000      -12.9889879      -6.44286047E-08
   11.2500000      -12.9889879      -7.74671207E-08
   15.0000000      -12.9889879      -3.26130248E-07
   18.7500000      -12.9889879      -2.41845555E-07
   22.5000000      -12.9889879      -1.96210749E-07
   26.2500000      -12.9889879      -2.05058313E-07
   30.0000000      -12.9889879      -7.60701369E-08
   33.7500000      -12.9889879      -2.23219104E-07
   37.5000000      -12.9889879      -3.92719812E-07
   41.2500000      -12.9889879      -1.94813765E-07
   45.0000000      -12.9889879       3.94138624E-08
   48.7500000      -12.9889879      -1.52904249E-07
   52.5000000      -12.9889879       6.31625880E-08
   56.2500000      -12.9889879       1.54432200E-07
   60.0000000      -12.9889879       1.69529812E-09
   63.7500000      -12.9889879      -3.63383151E-07
   67.5000000      -12.9889879      -1.82706572E-07
   71.2500000      -12.9889879       4.08108463E-08
   75.0000000      -12.9889879      -2.77701474E-07
   78.7500000      -12.9889879      -3.74202500E-08
   82.5000000      -12.9889879      -3.46262823E-08
   86.2500000      -12.9889879       1.20904588E-07
   90.0000000      -12.9889879      -1.09597750E-07
   93.7500000      -12.9889879      -7.04822014E-08
   97.5000000      -12.9889879      -2.66059942E-07
   101.250000      -12.9889879      -1.25430233E-07
   105.000000      -12.9889879      -6.30316208E-08
   108.750000      -12.9889879      -2.01907824E-08
   112.500000      -12.9889879      -9.48057277E-09
   116.250000      -12.9889879       4.22078301E-08
   120.000000      -12.9889879       1.51994755E-08
   123.750000      -12.9889879      -4.34738467E-08
   127.500000      -12.9889879      -6.76882337E-08
   131.250000      -12.9889879      -1.32058631E-08
   135.000000      -12.9889879      -5.79093467E-08
   138.750000      -12.9889879      -6.13443262E-07
   142.500000      -12.9889879      -1.10994733E-07
   146.250000      -12.9889879      -1.74790330E-07
   150.000000      -12.9889879      -1.14720024E-07
   153.750000      -12.9889879      -1.34277798E-07
   157.500000      -12.9889879      -1.24498911E-07
   161.250000      -12.9889879      -1.45453669E-07
   165.000000      -12.9889879      -8.86429916E-08
   168.750000      -12.9889879      -4.39395080E-08
   172.500000      -12.9889879      -1.56163878E-07
   176.250000      -12.9889879      -2.15768523E-07
   180.000000      -12.9889879      -8.35207175E-08
   183.750000      -12.9889879      -1.04009814E-07
   187.500000      -12.9889879      -2.01333023E-07
   191.250000      -12.9889879      -2.89808668E-07
   195.000000      -12.9889879      -1.17979653E-07
   198.750000      -12.9889879      -1.02612830E-07
   202.500000      -12.9889879      -1.01681508E-07
   206.250000      -12.9889879      -2.66991265E-07
   210.000000      -12.9889879      -2.19959475E-07
   213.750000      -12.9889879      -1.98539055E-07
   217.500000      -12.9889879      -2.16234184E-07
   221.250000      -12.9889879      -3.77352990E-07
   225.000000      -12.9889879      -2.43242539E-07
   228.750000      -12.9889879      -1.66874088E-07
   232.500000      -12.9889879      -3.25664587E-07
   236.250000      -12.9889879      -1.46384991E-07
   240.000000      -12.9889879      -1.38934411E-07
   243.750000      -12.9889879      -1.14720024E-07
   247.500000      -12.9889879      -2.96131475E-09
   251.250000      -12.9889879       2.62662070E-09
   255.000000      -12.9889879      -1.87363185E-07
   258.750000      -12.9889879      -8.39863787E-08
   262.500000      -12.9889879       2.98314262E-10
   266.250000      -12.9889879      -2.76413630E-08
   270.000000      -12.9889879      -2.06564437E-08
   273.750000      -12.9889879      -2.09714926E-07
   277.500000      -12.9889879      -1.89225830E-07
   281.250000      -12.9889879      -1.04475475E-07
   285.000000      -12.9889879      -2.93999619E-07
   288.750000      -12.9889879      -5.47319360E-07
   292.500000      -12.9889879      -2.64197297E-07
   296.250000      -12.9889879      -1.25430233E-07
   300.000000      -12.9889879       1.42681529E-08
   303.750000      -12.9889879      -7.09478627E-08
   307.500000      -12.9889879      -2.87014700E-07
   311.250000      -12.9889879      -4.64431650E-07
   315.000000      -12.9889879      -1.81309588E-07
   318.750000      -12.9889879      -2.84220732E-07
   322.500000      -12.9889879      -1.09132088E-07
   326.250000      -12.9889879      -5.13900886E-08
   330.000000      -12.9889879      -8.77116690E-08
   333.750000      -12.9889879      -4.35829861E-09
   337.500000      -12.9889879      -1.41262717E-07
   341.250000      -12.9889879      -2.01798684E-07
   345.000000      -12.9889879      -1.71530701E-07
   348.750000      -12.9889879      -1.72927685E-07
   352.500000      -12.9889879      -1.36606104E-07
   356.250000      -12.9889879      -2.29738362E-07
   360.000000      -12.9889879      -4.82395990E-09
   0.00000000      -9.27785301      -1.55232556E-07
   3.75000000      -9.27785301      -1.85500539E-07
   7.50000000      -9.27785301      -3.29389877E-07
   11.2500000      -9.27785301      -3.07969458E-07
   15.0000000      -9.27785301      -9.65592335E-08
   18.7500000      -9.27785301      -2.45105184E-07
   22.5000000      -9.27785301      -2.60472007E-07
   26.2500000      -9.27785301      -3.54535587E-07
   30.0000000      -9.27785301      -6.02376531E-08
   33.7500000      -9.27785301       6.40939106E-08
   37.5000000      -9.27785301      -5.79093467E-08
   41.2500000      -9.27785301       2.06586265E-07
   45.0000000      -9.27785301      -1.02612830E-07
   48.7500000      -9.27785301      -2.20890797E-07
   52.5000000      -9.27785301      -5.60467015E-08
   56.2500000      -9.27785301      -6.45108230E-07
   60.0000000      -9.27785301      -6.44642569E-07
   63.7500000      -9.27785301      -6.22094376E-09
   67.5000000      -9.27785301      -1.92594598E-08
   71.2500000      -9.27785301      -9.35215212E-07
   75.0000000      -9.27785301      -3.28458555E-07
   78.7500000      -9.27785301       2.07874109E-08
   82.5000000      -9.27785301       5.43150236E-08
   86.2500000      -9.27785301      -7.32652552E-07
   90.0000000      -9.27785301      -2.95862264E-07
   93.7500000      -9.27785301      -1.51041604E-07
   97.5000000      -9.27785301      -2.03661330E-07
   101.250000      -9.27785301      -2.49761797E-07
   105.000000      -9.27785301      -4.85386408E-07
   108.750000      -9.27785301      -1.38468749E-07
   112.500000      -9.27785301       1.98560883E-08
   116.250000      -9.27785301      -1.55698217E-07
   120.000000      -9.27785301      -7.70014594E-08
   123.750000      -9.27785301      -1.57560862E-07
   127.500000      -9.27785301      -3.29855538E-07
   131.250000      -9.27785301      -3.70833732E-07
   135.000000      -9.27785301      -2.06564437E-08
   138.750000      -9.27785301      -2.16699846E-07
   142.500000      -9.27785301       3.19632818E-08
   146.250000      -9.27785301      -6.68660505E-09
   150.000000      -9.27785301      -9.19026206E-08
   153.750000      -9.27785301       2.49783625E-08
   157.500000      -9.27785301      -7.56044756E-08
   161.250000      -9.27785301      -2.54418410E-07
   165.000000      -9.27785301      -1.71996362E-07
   168.750000      -9.27785301      -8.44520400E-08
   172.500000      -9.27785301       4.02360456E-09
   176.250000      -9.27785301      -1.27292878E-07
   180.000000      -9.27785301      -2.81426765E-07
   183.750000      -9.27785301      -1.98073394E-07
   187.500000      -9.27785301      -2.01907824E-08
   191.250000      -9.27785301      -7.04822014E-08
   195.000000      -9.27785301      -1.16582669E-07
   198.750000      -9.27785301      -2.09714926E-07
   202.500000      -9.27785301      -3.76887328E-07
   206.250000      -9.27785301      -5.61289198E-07
   210.000000      -9.27785301      -3.53138603E-07
   213.750000      -9.27785301      -3.14488716E-07
   217.500000      -9.27785301      -1.78981281E-07
   221.250000      -9.27785301      -2.03195668E-07
   225.000000      -9.27785301      -4.82592441E-07
   228.750000      -9.27785301      -3.87131877E-07
   232.500000      -9.27785301      -1.65942765E-07
   236.250000      -9.27785301      -1.49644620E-07
   240.000000      -9.27785301      -1.04009814E-07
   243.750000      -9.27785301      -5.60467015E-08
   247.500000      -9.27785301      -6.72225724E-08
   251.250000      -9.27785301      -1.75721652E-07
   255.000000      -9.27785301      -3.27061571E-07
   258.750000      -9.27785301      -2.06455297E-07
   262.500000      -9.27785301      -1.27402018E-08
   266.250000      -9.27785301       1.22963684E-09
   270.000000      -9.27785301       4.95492714E-09
   273.750000      -9.27785301      -1.55341695E-08
   277.500000      -9.27785301      -1.61751814E-07
   281.250000      -9.27785301       9.52932169E-08
   285.000000      -9.27785301      -2.31601007E-07
   288.750000      -9.27785301      -6.07033144E-08
   292.500000      -9.27785301      -1.48247636E-07
   296.250000      -9.27785301       6.36282493E-08
   300.000000      -9.27785301      -5.27870725E-08
   303.750000      -9.27785301      -1.20773620E-07
   307.500000      -9.27785301      -1.38468749E-07
   311.250000      -9.27785301      -4.38354618E-07
   315.000000      -9.27785301      -1.68736733E-07
   318.750000      -9.27785301      -4.31835360E-07
   322.500000      -9.27785301      -1.38003088E-07
   326.250000      -9.27785301      -1.67805410E-07
   330.000000      -9.27785301      -1.19376637E-07
   333.750000      -9.27785301      -5.32527338E-08
   337.500000      -9.27785301      -5.41840564E-08
   341.250000      -9.27785301      -1.30552507E-07
   345.000000      -9.27785301      -2.56281055E-07
   348.750000      -9.27785301      -4.51858796E-07
   352.500000      -9.27785301      -3.04353307E-08
   356.250000      -9.27785301      -6.07033144E-08
   360.000000      -9.27785301      -1.55232556E-07
   0.00000000      -5.56671333      -6.68660505E-09
   3.75000000      -5.56671333       7.63975549E-10
   7.50000000      -5.56671333      -1.22745405E-08
   11.2500000      -5.56671333      -4.71991370E-08
   15.0000000      -5.56671333      -7.18791853E-08
   18.7500000      -5.56671333      -1.82706572E-07
   22.5000000      -5.56671333      -1.31018169E-07
   26.2500000      -5.56671333      -3.28924216E-07
   30.0000000      -5.56671333      -4.45805199E-07
   33.7500000      -5.56671333      -2.95862264E-07
   37.5000000      -5.56671333       1.88891136E-07
   41.2500000      -5.56671333      -4.81304596E-08
   45.0000000      -5.56671333      -2.42776878E-07
   48.7500000      -5.56671333      -1.06803782E-07
   52.5000000      -5.56671333      -2.03195668E-07
   56.2500000      -5.56671333      -2.20534275E-08
   60.0000000      -5.56671333       2.21843948E-08
   63.7500000      -5.56671333      -1.92594598E-08
   67.5000000      -5.56671333       1.30217813E-07
   71.2500000      -5.56671333       7.80637492E-08
   75.0000000      -5.56671333       3.19632818E-08
   78.7500000      -5.56671333       2.77723302E-08
   82.5000000      -5.56671333      -2.80495442E-07
   86.2500000      -5.56671333      -2.51624442E-07
   90.0000000      -5.56671333      -2.19959475E-07
   93.7500000      -5.56671333      -2.09249265E-07
   97.5000000      -5.56671333      -2.98656232E-07
   101.250000      -5.56671333      -2.41379894E-07
   105.000000      -5.56671333       5.10553946E-08
   108.750000      -5.56671333       1.34408765E-07
   112.500000      -5.56671333      -7.26133294E-07
   116.250000      -5.56671333       8.68021743E-09
   120.000000      -5.56671333      -1.33346475E-07
   123.750000      -5.56671333      -2.57212378E-07
   127.500000      -5.56671333      -1.00284524E-07
   131.250000      -5.56671333       2.54440238E-08
   135.000000      -5.56671333      -1.34277798E-07
   138.750000      -5.56671333      -3.29855538E-07
   142.500000      -5.56671333       1.60020136E-07
   146.250000      -5.56671333       6.57812052E-07
   150.000000      -5.56671333      -9.70248948E-08
   153.750000      -5.56671333      -2.66525603E-07
   157.500000      -5.56671333      -1.69668056E-07
   161.250000      -5.56671333      -2.76413630E-08
   165.000000      -5.56671333      -3.50919436E-08
   168.750000      -5.56671333      -1.68271072E-07
   172.500000      -5.56671333      -2.56746716E-07
   176.250000      -5.56671333      -8.39863787E-08
   180.000000      -5.56671333      -1.71996362E-07
   183.750000      -5.56671333      -2.33463652E-07
   187.500000      -5.56671333      -3.03778506E-07
   191.250000      -5.56671333      -5.32883860E-07
   195.000000      -5.56671333      -4.82126779E-07
   198.750000      -5.56671333      -3.15420039E-07
   202.500000      -5.56671333      -6.07033144E-08
   206.250000      -5.56671333      -5.97719918E-08
   210.000000      -5.56671333       3.58391844E-07
   213.750000      -5.56671333       1.54432200E-07
   217.500000      -5.56671333       2.08448910E-07
   221.250000      -5.56671333       8.97052814E-08
   225.000000      -5.56671333      -1.27758540E-07
   228.750000      -5.56671333      -1.62683136E-07
   232.500000      -5.56671333      -1.58492185E-07
   236.250000      -5.56671333      -5.55810402E-08
   240.000000      -5.56671333      -5.97719918E-08
   243.750000      -5.56671333      -4.95274435E-08
   247.500000      -5.56671333      -2.37188942E-07
   251.250000      -5.56671333      -2.13440217E-07
   255.000000      -5.56671333      -4.25425242E-08
   258.750000      -5.56671333      -4.20768629E-08
   262.500000      -5.56671333      -3.78859113E-08
   266.250000      -5.56671333      -1.32058631E-08
   270.000000      -5.56671333      -2.02999217E-09
   273.750000      -5.56671333      -1.24498911E-07
   277.500000      -5.56671333      -3.82009603E-07
   281.250000      -5.56671333       5.85059752E-08
   285.000000      -5.56671333      -3.57795216E-07
   288.750000      -5.56671333       9.90185072E-08
   292.500000      -5.56671333       2.73066689E-08
   296.250000      -5.56671333      -3.37306119E-07
   300.000000      -5.56671333      -6.90852175E-08
   303.750000      -5.56671333      -6.67569111E-08
   307.500000      -5.56671333      -1.83637894E-07
   311.250000      -5.56671333      -3.09366442E-07
   315.000000      -5.56671333       1.69799023E-07
   318.750000      -5.56671333       1.16247975E-07
   322.500000      -5.56671333      -1.25895895E-07
   326.250000      -5.56671333      -1.55698217E-07
   330.000000      -5.56671333      -2.03195668E-07
   333.750000      -5.56671333      -1.22636266E-07
   337.500000      -5.56671333      -9.05056368E-08
   341.250000      -5.56671333      -4.39395080E-08
   345.000000      -5.56671333      -2.25190888E-08
   348.750000      -5.56671333      -1.39400072E-07
   352.500000      -5.56671333      -8.86429916E-08
   356.250000      -5.56671333      -2.39160727E-08
   360.000000      -5.56671333      -6.68660505E-09
   0.00000000      -1.85557151       6.22312655E-08
   3.75000000      -1.85557151      -2.57212378E-07
   7.50000000      -1.85557151      -9.84218786E-08
   11.2500000      -1.85557151       1.89822458E-07
   15.0000000      -1.85557151       1.09263055E-07
   18.7500000      -1.85557151      -2.39160727E-08
   22.5000000      -1.85557151       6.73535396E-08
   26.2500000      -1.85557151       1.45118975E-07
   30.0000000      -1.85557151       1.39531039E-07
   33.7500000      -1.85557151       2.62662070E-09
   37.5000000      -1.85557151       1.76783942E-07
   41.2500000      -1.85557151      -1.67347025E-10
   45.0000000      -1.85557151      -1.23567588E-07
   48.7500000      -1.85557151      -2.80495442E-07
   52.5000000      -1.85557151      -1.97251211E-08
   56.2500000      -1.85557151      -5.09244273E-08
   60.0000000      -1.85557151       1.14741852E-08
   63.7500000      -1.85557151       4.54674591E-08
   67.5000000      -1.85557151      -4.35829861E-09
   71.2500000      -1.85557151      -3.42697604E-09
   75.0000000      -1.85557151       2.26500561E-08
   78.7500000      -1.85557151      -3.88172339E-08
   82.5000000      -1.85557151      -1.66874088E-07
   86.2500000      -1.85557151       2.79229425E-07
   90.0000000      -1.85557151      -3.32292984E-08
   93.7500000      -1.85557151      -6.90852175E-08
   97.5000000      -1.85557151       6.68878783E-08
   101.250000      -1.85557151       2.91693141E-08
   105.000000      -1.85557151       1.22301572E-07
   108.750000      -1.85557151      -2.53021426E-07
   112.500000      -1.85557151       1.84591045E-08
   116.250000      -1.85557151      -2.06564437E-08
   120.000000      -1.85557151      -2.35791958E-07
   123.750000      -1.85557151       1.47338142E-08
   127.500000      -1.85557151      -6.02376531E-08
   131.250000      -1.85557151       1.71196007E-07
   135.000000      -1.85557151      -2.22287781E-07
   138.750000      -1.85557151       7.94607331E-08
   142.500000      -1.85557151      -5.28962119E-09
   146.250000      -1.85557151       4.40704753E-08
   150.000000      -1.85557151      -1.56433089E-09
   153.750000      -1.85557151      -1.47316314E-07
   157.500000      -1.85557151       6.81757228E-09
   161.250000      -1.85557151      -6.95508788E-08
   165.000000      -1.85557151      -1.37071765E-07
   168.750000      -1.85557151      -6.48942660E-08
   172.500000      -1.85557151       1.51994755E-08
   176.250000      -1.85557151       1.27889507E-07
   180.000000      -1.85557151       4.03451850E-08
   183.750000      -1.85557151      -1.24033249E-07
   187.500000      -1.85557151       4.45361366E-08
   191.250000      -1.85557151      -4.30081855E-08
   195.000000      -1.85557151       5.01240720E-08
   198.750000      -1.85557151       7.80637492E-08
   202.500000      -1.85557151       1.75386958E-07
   206.250000      -1.85557151       3.10319592E-08
   210.000000      -1.85557151       9.90185072E-08
   213.750000      -1.85557151       4.26734914E-08
   217.500000      -1.85557151       4.08108463E-08
   221.250000      -1.85557151       7.34071364E-08
   225.000000      -1.85557151      -5.75528247E-09
   228.750000      -1.85557151      -9.14369593E-08
   232.500000      -1.85557151      -1.17979653E-07
   236.250000      -1.85557151      -1.13788701E-07
   240.000000      -1.85557151      -1.13323040E-07
   243.750000      -1.85557151      -8.67803465E-08
   247.500000      -1.85557151      -1.62217475E-07
   251.250000      -1.85557151      -4.58021532E-08
   255.000000      -1.85557151       1.33011781E-07
   258.750000      -1.85557151      -6.68660505E-09
   262.500000      -1.85557151      -4.53364919E-08
   266.250000      -1.85557151       2.26500561E-08
   270.000000      -1.85557151      -2.15877662E-08
   273.750000      -1.85557151       3.33602657E-08
   277.500000      -1.85557151      -1.04009814E-07
   281.250000      -1.85557151      -8.77116690E-08
   285.000000      -1.85557151       1.83768861E-07
   288.750000      -1.85557151       6.82848622E-08
   292.500000      -1.85557151       2.62662070E-09
   296.250000      -1.85557151      -7.18791853E-08
   300.000000      -1.85557151      -4.08086635E-07
   303.750000      -1.85557151      -2.32997991E-07
   307.500000      -1.85557151       4.40704753E-08
   311.250000      -1.85557151      -2.41379894E-07
   315.000000      -1.85557151      -6.46505214E-07
   318.750000      -1.85557151      -4.44873876E-07
   322.500000      -1.85557151      -4.34738467E-08
   326.250000      -1.85557151      -9.56279109E-08
   330.000000      -1.85557151      -9.42309271E-08
   333.750000      -1.85557151      -4.62678145E-08
   337.500000      -1.85557151      -1.08775566E-08
   341.250000      -1.85557151      -3.41606210E-08
   345.000000      -1.85557151      -1.87937985E-08
   348.750000      -1.85557151       2.73066689E-08
   352.500000      -1.85557151      -4.99931048E-08
   356.250000      -1.85557151       6.81757228E-09
   360.000000      -1.85557151       6.22312655E-08
   0.00000000       1.85557151      -9.74905561E-08
   3.75000000       1.85557151      -1.42194040E-07
   7.50000000       1.85557151       3.52229108E-08
   11.2500000       1.85557151       8.03920557E-08
   15.0000000       1.85557151       2.01463990E-07
   18.7500000       1.85557151       2.20090442E-07
   22.5000000       1.85557151       3.19741957E-07
   26.2500000       1.85557151       2.16830813E-07
   30.0000000       1.85557151       1.68867700E-07
   33.7500000       1.85557151      -6.02376531E-08
   37.5000000       1.85557151       7.06131686E-08
   41.2500000       1.85557151       9.52932169E-08
   45.0000000       1.85557151       9.76215233E-08
   48.7500000       1.85557151       1.66539394E-07
   52.5000000       1.85557151       7.34071364E-08
   56.2500000       1.85557151      -2.76413630E-08
   60.0000000       1.85557151      -9.84218786E-08
   63.7500000       1.85557151       1.34408765E-07
   67.5000000       1.85557151       1.00772013E-08
   71.2500000       1.85557151       1.20904588E-07
   75.0000000       1.85557151       3.55794327E-09
   78.7500000       1.85557151       2.12530722E-08
   82.5000000       1.85557151       8.17890395E-08
   86.2500000       1.85557151      -1.09132088E-07
   90.0000000       1.85557151      -3.32292984E-08
   93.7500000       1.85557151      -6.76882337E-08
   97.5000000       1.85557151       1.79934432E-08
   101.250000       1.85557151      -4.95274435E-08
   105.000000       1.85557151       5.74924343E-07
   108.750000       1.85557151       1.08331733E-07
   112.500000       1.85557151       5.10553946E-08
   116.250000       1.85557151      -7.15226633E-09
   120.000000       1.85557151       1.93904270E-08
   123.750000       1.85557151       4.45361366E-08
   127.500000       1.85557151       1.56651367E-08
   131.250000       1.85557151       9.90185072E-08
   135.000000       1.85557151       7.06131686E-08
   138.750000       1.85557151      -1.09866960E-09
   142.500000       1.85557151       7.85294105E-08
   146.250000       1.85557151       6.81757228E-09
   150.000000       1.85557151       3.70855560E-08
   153.750000       1.85557151      -2.76413630E-08
   157.500000       1.85557151       3.24289431E-08
   161.250000       1.85557151       9.61154001E-09
   165.000000       1.85557151      -1.45453669E-07
   168.750000       1.85557151      -2.29272700E-07
   172.500000       1.85557151       1.93904270E-08
   176.250000       1.85557151      -3.36949597E-08
   180.000000       1.85557151      -1.50685082E-08
   183.750000       1.85557151      -1.44522346E-07
   187.500000       1.85557151      -7.46731530E-08
   191.250000       1.85557151      -1.55341695E-08
   195.000000       1.85557151       6.16833859E-07
   198.750000       1.85557151       1.12522685E-07
   202.500000       1.85557151       7.10788299E-08
   206.250000       1.85557151       7.85294105E-08
   210.000000       1.85557151       9.66902007E-08
   213.750000       1.85557151       9.80871846E-08
   217.500000       1.85557151       1.29752152E-07
   221.250000       1.85557151       8.45830073E-08
   225.000000       1.85557151       5.43150236E-08
   228.750000       1.85557151      -5.88406692E-08
   232.500000       1.85557151      -8.77116690E-08
   236.250000       1.85557151      -3.92828952E-08
   240.000000       1.85557151      -1.10994733E-07
   243.750000       1.85557151      -3.69545887E-08
   247.500000       1.85557151       7.48041202E-08
   251.250000       1.85557151       1.92150765E-07
   255.000000       1.85557151       1.70621206E-08
   258.750000       1.85557151       2.22418748E-07
   262.500000       1.85557151       6.87505235E-08
   266.250000       1.85557151       7.28323357E-09
   270.000000       1.85557151      -1.11926056E-07
   273.750000       1.85557151      -1.22170604E-07
   277.500000       1.85557151      -5.74436854E-08
   281.250000       1.85557151       3.60720151E-07
   285.000000       1.85557151      -7.83984433E-08
   288.750000       1.85557151       4.91927494E-08
   292.500000       1.85557151       2.00067007E-07
   296.250000       1.85557151       1.30683475E-07
   300.000000       1.85557151       1.75277819E-08
   303.750000       1.85557151       1.22301572E-07
   307.500000       1.85557151      -1.28632382E-06
   311.250000       1.85557151       2.73066689E-08
   315.000000       1.85557151       1.79577910E-07
   318.750000       1.85557151       4.04026650E-07
   322.500000       1.85557151       7.94607331E-08
   326.250000       1.85557151      -3.50919436E-08
   330.000000       1.85557151       6.96818461E-08
   333.750000       1.85557151       1.01346814E-07
   337.500000       1.85557151       3.89482011E-08
   341.250000       1.85557151      -3.64889274E-08
   345.000000       1.85557151      -4.58021532E-08
   348.750000       1.85557151      -1.55341695E-08
   352.500000       1.85557151       3.01006366E-08
   356.250000       1.85557151      -7.37418304E-08
   360.000000       1.85557151      -9.74905561E-08
   0.00000000       5.56671333      -7.56044756E-08
   3.75000000       5.56671333      -7.18791853E-08
   7.50000000       5.56671333      -3.50919436E-08
   11.2500000       5.56671333       5.29180397E-08
   15.0000000       5.56671333       1.66539394E-07
   18.7500000       5.56671333       2.08448910E-07
   22.5000000       5.56671333       1.48378604E-07
   26.2500000       5.56671333       1.06934749E-07
   30.0000000       5.56671333       1.31614797E-07
   33.7500000       5.56671333      -4.81304596E-08
   37.5000000       5.56671333       3.16482328E-07
   41.2500000       5.56671333       2.03217496E-08
   45.0000000       5.56671333       7.99263944E-08
   48.7500000       5.56671333       5.89716365E-08
   52.5000000       5.56671333       7.57354428E-08
   56.2500000       5.56671333       1.59554475E-07
   60.0000000       5.56671333       7.48041202E-08
   63.7500000       5.56671333       6.73535396E-08
   67.5000000       5.56671333       5.05897333E-08
   71.2500000       5.56671333       2.75504135E-07
   75.0000000       5.56671333       2.45701813E-07
   78.7500000       5.56671333       1.10660039E-07
   82.5000000       5.56671333       9.14587872E-09
   86.2500000       5.56671333       7.32783519E-07
   90.0000000       5.56671333      -9.32996045E-08
   93.7500000       5.56671333      -2.29847501E-08
   97.5000000       5.56671333      -9.94623406E-09
   101.250000       5.56671333      -4.11455403E-08
   105.000000       5.56671333       1.60951458E-07
   108.750000       5.56671333       1.62348442E-07
   112.500000       5.56671333       8.45830073E-08
   116.250000       5.56671333       2.11242877E-07
   120.000000       5.56671333       9.66902007E-08
   123.750000       5.56671333       2.84817361E-07
   127.500000       5.56671333       1.99601345E-07
   131.250000       5.56671333       1.38599717E-07
   135.000000       5.56671333       2.64328264E-07
   138.750000       5.56671333       1.01346814E-07
   142.500000       5.56671333       1.42681529E-08
   146.250000       5.56671333       2.45127012E-08
   150.000000       5.56671333       1.17179297E-07
   153.750000       5.56671333       7.06131686E-08
   157.500000       5.56671333      -3.88172339E-08
   161.250000       5.56671333      -4.11455403E-08
   165.000000       5.56671333       4.54674591E-08
   168.750000       5.56671333       1.59088813E-07
   172.500000       5.56671333       3.52229108E-08
   176.250000       5.56671333       4.87270881E-08
   180.000000       5.56671333       4.40704753E-08
   183.750000       5.56671333       9.80871846E-08
   187.500000       5.56671333      -3.09009920E-08
   191.250000       5.56671333       5.10553946E-08
   195.000000       5.56671333      -2.43817340E-08
   198.750000       5.56671333       1.70264684E-07
   202.500000       5.56671333       2.40113877E-07
   206.250000       5.56671333       2.15899490E-07
   210.000000       5.56671333       1.32546120E-07
   213.750000       5.56671333       8.59799911E-08
   217.500000       5.56671333       2.50358426E-07
   221.250000       5.56671333       4.36048140E-08
   225.000000       5.56671333       2.68410076E-08
   228.750000       5.56671333       3.66198947E-08
   232.500000       5.56671333      -7.15226633E-09
   236.250000       5.56671333      -1.09866960E-09
   240.000000       5.56671333      -5.74436854E-08
   243.750000       5.56671333      -5.32527338E-08
   247.500000       5.56671333       1.24055077E-08
   251.250000       5.56671333       5.61776687E-08
   255.000000       5.56671333       1.68867700E-07
   258.750000       5.56671333       8.83082976E-08
   262.500000       5.56671333       1.62348442E-07
   266.250000       5.56671333      -4.35829861E-09
   270.000000       5.56671333       7.24758138E-08
   273.750000       5.56671333      -5.79093467E-08
   277.500000       5.56671333       8.03920557E-08
   281.250000       5.56671333       5.89716365E-08
   285.000000       5.56671333       1.97273039E-07
   288.750000       5.56671333       1.71661668E-07
   292.500000       5.56671333       1.14850991E-07
   296.250000       5.56671333       9.38962330E-08
   300.000000       5.56671333      -1.45919330E-07
   303.750000       5.56671333       3.89482011E-08
   307.500000       5.56671333      -1.02612830E-07
   311.250000       5.56671333       1.33477442E-07
   315.000000       5.56671333      -1.84103556E-07
   318.750000       5.56671333       1.98560883E-08
   322.500000       5.56671333      -8.35207175E-08
   326.250000       5.56671333      -2.48830474E-07
   330.000000       5.56671333      -1.04009814E-07
   333.750000       5.56671333      -3.29855538E-07
   337.500000       5.56671333       1.97738700E-07
   341.250000       5.56671333      -2.76413630E-08
   345.000000       5.56671333       2.91693141E-08
   348.750000       5.56671333      -5.37183951E-08
   352.500000       5.56671333       2.18693458E-07
   356.250000       5.56671333      -4.39395080E-08
   360.000000       5.56671333      -7.56044756E-08
   0.00000000       9.27785301      -2.96131475E-09
   3.75000000       9.27785301       6.50252332E-08
   7.50000000       9.27785301      -7.04822014E-08
   11.2500000       9.27785301      -2.81070243E-08
   15.0000000       9.27785301      -2.02999217E-09
   18.7500000       9.27785301       1.41393684E-07
   22.5000000       9.27785301       1.95410394E-07
   26.2500000       9.27785301       1.19507604E-07
   30.0000000       9.27785301       4.40704753E-08
   33.7500000       9.27785301      -6.11689757E-08
   37.5000000       9.27785301       1.87028490E-07
   41.2500000       9.27785301       1.72127329E-07
   45.0000000       9.27785301       4.68644430E-08
   48.7500000       9.27785301       1.67470716E-07
   52.5000000       9.27785301       2.81092071E-07
   56.2500000       9.27785301       1.24055077E-08
   60.0000000       9.27785301       8.59799911E-08
   63.7500000       9.27785301       2.79229425E-07
   67.5000000       9.27785301       7.89950718E-08
   71.2500000       9.27785301       8.36516847E-08
   75.0000000       9.27785301       1.18110620E-07
   78.7500000       9.27785301       2.23815732E-07
   82.5000000       9.27785301       1.98204361E-07
   86.2500000       9.27785301       2.32663297E-07
   90.0000000       9.27785301       3.89482011E-08
   93.7500000       9.27785301      -1.36715244E-08
   97.5000000       9.27785301       9.24992491E-08
   101.250000       9.27785301      -2.06564437E-08
   105.000000       9.27785301       1.46515958E-07
   108.750000       9.27785301      -3.83515726E-08
   112.500000       9.27785301       7.20101525E-08
   116.250000       9.27785301       1.98204361E-07
   120.000000       9.27785301       5.24523784E-08
   123.750000       9.27785301       1.26026862E-07
   127.500000       9.27785301       3.38259269E-08
   131.250000       9.27785301       3.56885721E-08
   135.000000       9.27785301       1.46981620E-07
   138.750000       9.27785301       2.26144039E-07
   142.500000       9.27785301       1.77715265E-07
   146.250000       9.27785301       3.62582796E-07
   150.000000       9.27785301       4.33828973E-07
   153.750000       9.27785301       4.29172360E-07
   157.500000       9.27785301       4.45004844E-07
   161.250000       9.27785301       1.52103894E-07
   165.000000       9.27785301       1.83303200E-07
   168.750000       9.27785301       2.25212716E-07
   172.500000       9.27785301       4.84586053E-07
   176.250000       9.27785301       2.00067007E-07
   180.000000       9.27785301       1.26492523E-07
   183.750000       9.27785301      -2.20534275E-08
   187.500000       9.27785301      -8.67803465E-08
   191.250000       9.27785301       6.45595719E-08
   195.000000       9.27785301      -3.81543941E-07
   198.750000       9.27785301       1.35340088E-07
   202.500000       9.27785301       1.13919668E-07
   206.250000       9.27785301       1.00881152E-07
   210.000000       9.27785301      -1.47781975E-07
   213.750000       9.27785301      -3.13666533E-08
   217.500000       9.27785301       3.90988134E-07
   221.250000       9.27785301       1.41311466E-06
   225.000000       9.27785301       7.70967745E-07
   228.750000       9.27785301       2.49427103E-07
   232.500000       9.27785301       4.12765075E-08
   236.250000       9.27785301      -2.76413630E-08
   240.000000       9.27785301      -3.92828952E-08
   243.750000       9.27785301      -3.41606210E-08
   247.500000       9.27785301       8.22547008E-08
   251.250000       9.27785301       1.82371878E-07
   255.000000       9.27785301       8.64456524E-08
   258.750000       9.27785301       4.26378392E-07
   262.500000       9.27785301       1.23232894E-07
   266.250000       9.27785301       1.52103894E-07
   270.000000       9.27785301       8.21455615E-09
   273.750000       9.27785301       3.98795237E-08
   277.500000       9.27785301       3.70855560E-08
   281.250000       9.27785301       9.66902007E-08
   285.000000       9.27785301       1.37202733E-07
   288.750000       9.27785301       1.62348442E-07
   292.500000       9.27785301       5.39999746E-07
   296.250000       9.27785301       2.26144039E-07
   300.000000       9.27785301       1.82837539E-07
   303.750000       9.27785301       9.15679266E-08
   307.500000       9.27785301       3.14976205E-08
   311.250000       9.27785301       7.48041202E-08
   315.000000       9.27785301       4.73301043E-08
   318.750000       9.27785301       2.17187335E-08
   322.500000       9.27785301       6.68878783E-08
   326.250000       9.27785301       3.55794327E-09
   330.000000       9.27785301       4.22078301E-08
   333.750000       9.27785301       6.50252332E-08
   337.500000       9.27785301      -5.28962119E-09
   341.250000       9.27785301       3.80168785E-08
   345.000000       9.27785301       9.76215233E-08
   348.750000       9.27785301      -6.33008312E-10
   352.500000       9.27785301       1.86097168E-07
   356.250000       9.27785301      -8.21237336E-08
   360.000000       9.27785301      -2.96131475E-09
   0.00000000       12.9889879      -2.98190571E-07
   3.75000000       12.9889879      -3.22979758E-08
   7.50000000       12.9889879      -1.48247636E-07
   11.2500000       12.9889879      -9.48057277E-09
   15.0000000       12.9889879      -9.00399755E-08
   18.7500000       12.9889879       1.33368303E-08
   22.5000000       12.9889879       1.62348442E-07
   26.2500000       12.9889879       1.94013410E-07
   30.0000000       12.9889879       2.00532668E-07
   33.7500000       12.9889879       9.11022653E-08
   37.5000000       12.9889879       1.14850991E-07
   41.2500000       12.9889879       6.64222171E-08
   45.0000000       12.9889879       1.85165845E-07
   48.7500000       12.9889879       2.66656571E-07
   52.5000000       12.9889879       4.24050086E-07
   56.2500000       12.9889879       4.66890924E-07
   60.0000000       12.9889879       1.43256329E-07
   63.7500000       12.9889879       3.56885721E-08
   67.5000000       12.9889879       6.96818461E-08
   71.2500000       12.9889879      -7.61792762E-09
   75.0000000       12.9889879       3.53735231E-07
   78.7500000       12.9889879      -2.90383468E-08
   82.5000000       12.9889879       3.50009941E-07
   86.2500000       12.9889879       7.52697815E-08
   90.0000000       12.9889879       1.00881152E-07
   93.7500000       12.9889879       4.73875843E-07
   97.5000000       12.9889879       7.24758138E-08
   101.250000       12.9889879      -5.41840564E-08
   105.000000       12.9889879       2.49892764E-07
   108.750000       12.9889879       1.04140781E-07
   112.500000       12.9889879       4.73301043E-08
   116.250000       12.9889879       7.52697815E-08
   120.000000       12.9889879       7.24758138E-08
   123.750000       12.9889879       2.38716893E-07
   127.500000       12.9889879       2.02395313E-07
   131.250000       12.9889879       1.59554475E-07
   135.000000       12.9889879       6.35191100E-09
   138.750000       12.9889879       1.33477442E-07
   142.500000       12.9889879       2.80626409E-07
   146.250000       12.9889879       4.36622940E-07
   150.000000       12.9889879       6.28941052E-07
   153.750000       12.9889879       3.64911102E-07
   157.500000       12.9889879       3.46284651E-07
   161.250000       12.9889879       2.33128958E-07
   165.000000       12.9889879       3.22070264E-07
   168.750000       12.9889879       3.76086973E-07
   172.500000       12.9889879       2.44770490E-07
   176.250000       12.9889879       6.78766810E-07
   180.000000       12.9889879       6.53621100E-07
   183.750000       12.9889879       5.47806849E-08
   187.500000       12.9889879       1.28711690E-08
   191.250000       12.9889879       6.61071681E-07
   195.000000       12.9889879       9.92622518E-07
   198.750000       12.9889879      -4.96562279E-07
   202.500000       12.9889879      -1.41262717E-07
   206.250000       12.9889879      -3.09832103E-07
   210.000000       12.9889879       5.26961230E-07
   213.750000       12.9889879       8.78426363E-08
   217.500000       12.9889879       1.19973265E-07
   221.250000       12.9889879      -2.34394975E-07
   225.000000       12.9889879      -1.13432179E-08
   228.750000       12.9889879       8.21455615E-09
   232.500000       12.9889879       1.21835910E-07
   236.250000       12.9889879       7.48041202E-08
   240.000000       12.9889879       2.33128958E-07
   243.750000       12.9889879       1.13454007E-07
   247.500000       12.9889879       5.88624971E-09
   251.250000       12.9889879       2.32197635E-07
   255.000000       12.9889879       2.07517587E-07
   258.750000       12.9889879       6.12642907E-07
   262.500000       12.9889879       7.09966116E-07
   266.250000       12.9889879       4.48926585E-09
   270.000000       12.9889879       1.84591045E-08
   273.750000       12.9889879       6.22312655E-08
   277.500000       12.9889879       2.22884410E-07
   281.250000       12.9889879       4.61768650E-07
   285.000000       12.9889879       5.96810423E-07
   288.750000       12.9889879       1.61417120E-07
   292.500000       12.9889879       3.18344973E-07
   296.250000       12.9889879      -1.61751814E-07
   300.000000       12.9889879       3.04840796E-07
   303.750000       12.9889879       4.71547537E-07
   307.500000       12.9889879       6.44773536E-07
   311.250000       12.9889879       7.56997906E-07
   315.000000       12.9889879       2.36388587E-07
   318.750000       12.9889879       3.78880941E-07
   322.500000       12.9889879       2.28006684E-07
   326.250000       12.9889879       2.35922926E-07
   330.000000       12.9889879       2.73641490E-07
   333.750000       12.9889879       4.31035005E-07
   337.500000       12.9889879       4.62234311E-07
   341.250000       12.9889879       4.59440344E-07
   345.000000       12.9889879       3.16947990E-07
   348.750000       12.9889879       3.64911102E-07
   352.500000       12.9889879      -2.43708200E-07
   356.250000       12.9889879       5.66433300E-08
   360.000000       12.9889879      -2.98190571E-07
   0.00000000       16.7001171      -1.31949491E-07
   3.75000000       16.7001171      -3.11694748E-07
   7.50000000       16.7001171      -6.53599272E-08
   11.2500000       16.7001171      -9.37652658E-08
   15.0000000       16.7001171       1.43721991E-07
   18.7500000       16.7001171      -8.08358891E-09
   22.5000000       16.7001171      -7.09478627E-08
   26.2500000       16.7001171      -9.48057277E-09
   30.0000000       16.7001171       4.87270881E-08
   33.7500000       16.7001171       5.01240720E-08
   37.5000000       16.7001171      -1.56433089E-09
   41.2500000       16.7001171       2.15433829E-07
   45.0000000       16.7001171       1.62348442E-07
   48.7500000       16.7001171       2.37319910E-07
   52.5000000       16.7001171       9.26498615E-07
   56.2500000       16.7001171       8.88314389E-07
   60.0000000       16.7001171       1.04524224E-06
   63.7500000       16.7001171       1.47338142E-08
   67.5000000       16.7001171       5.99029590E-08
   71.2500000       16.7001171       8.68021743E-09
   75.0000000       16.7001171       1.19973265E-07
   78.7500000       16.7001171       1.06469088E-07
   82.5000000       16.7001171       8.73769750E-08
   86.2500000       16.7001171       2.19624781E-07
   90.0000000       16.7001171       2.98787199E-07
   93.7500000       16.7001171       1.87028490E-07
   97.5000000       16.7001171       6.82848622E-08
   101.250000       16.7001171       1.34408765E-07
   105.000000       16.7001171       3.10428732E-07
   108.750000       16.7001171       1.22301572E-07
   112.500000       16.7001171       1.27889507E-07
   116.250000       16.7001171       9.43618943E-08
   120.000000       16.7001171       5.43150236E-08
   123.750000       16.7001171      -7.02850230E-07
   127.500000       16.7001171       6.78192009E-08
   131.250000       16.7001171      -4.34738467E-08
   135.000000       16.7001171       2.26144039E-07
   138.750000       16.7001171       6.96818461E-08
   142.500000       16.7001171       5.94372978E-08
   146.250000       16.7001171       1.13919668E-07
   150.000000       16.7001171       1.93082087E-07
   153.750000       16.7001171       1.60020136E-07
   157.500000       16.7001171       9.80871846E-08
   161.250000       16.7001171      -8.49177013E-08
   165.000000       16.7001171       3.05662979E-08
   168.750000       16.7001171      -8.81773303E-08
   172.500000       16.7001171       2.99718522E-07
   176.250000       16.7001171       1.98560883E-08
   180.000000       16.7001171       8.43610906E-07
   183.750000       16.7001171       4.69219231E-07
   187.500000       16.7001171       2.33128958E-07
   191.250000       16.7001171       2.53618055E-07
   195.000000       16.7001171      -2.39982910E-07
   198.750000       16.7001171      -3.21007974E-07
   202.500000       16.7001171       2.12174200E-07
   206.250000       16.7001171      -4.19728167E-07
   210.000000       16.7001171       1.56294846E-07
   213.750000       16.7001171       7.66667654E-08
   217.500000       16.7001171       2.04723619E-07
   221.250000       16.7001171       5.43150236E-08
   225.000000       16.7001171       6.12999429E-08
   228.750000       16.7001171       2.05189281E-07
   232.500000       16.7001171       7.24758138E-08
   236.250000       16.7001171      -3.88172339E-08
   240.000000       16.7001171       1.89356797E-07
   243.750000       16.7001171       8.65031325E-07
   247.500000       16.7001171       3.50009941E-07
   251.250000       16.7001171       7.10788299E-08
   255.000000       16.7001171       1.39531039E-07
   258.750000       16.7001171       1.03546336E-06
   262.500000       16.7001171       4.40704753E-08
   266.250000       16.7001171       8.64456524E-08
   270.000000       16.7001171       5.19867172E-08
   273.750000       16.7001171       2.91802280E-07
   277.500000       16.7001171       5.59557520E-07
   281.250000       16.7001171       4.91927494E-08
   285.000000       16.7001171      -5.18557499E-08
   288.750000       16.7001171       4.96584107E-08
   292.500000       16.7001171       6.87505235E-08
   296.250000       16.7001171       8.64456524E-08
   300.000000       16.7001171       1.28355168E-07
   303.750000       16.7001171       2.16365152E-07
   307.500000       16.7001171       4.36048140E-08
   311.250000       16.7001171       1.33368303E-08
   315.000000       16.7001171       8.39885615E-07
   318.750000       16.7001171       4.59440344E-07
   322.500000       16.7001171       4.09614586E-07
   326.250000       16.7001171       4.48730134E-07
   330.000000       16.7001171       3.78415280E-07
   333.750000       16.7001171       2.40579539E-07
   337.500000       16.7001171       3.87728505E-07
   341.250000       16.7001171       5.07869117E-07
   345.000000       16.7001171       6.70850568E-07
   348.750000       16.7001171       9.46522050E-07
   352.500000       16.7001171       2.80626409E-07
   356.250000       16.7001171       1.51172571E-07
   360.000000       16.7001171      -1.31949491E-07
   0.00000000       20.4112377      -2.79098458E-07
   3.75000000       20.4112377       1.32080459E-07
   7.50000000       20.4112377       1.35805749E-07
   11.2500000       20.4112377       1.33943104E-07
   15.0000000       20.4112377       2.06120603E-07
   18.7500000       20.4112377       2.28472345E-07
   22.5000000       20.4112377       3.79812263E-07
   26.2500000       20.4112377       4.31391527E-08
   30.0000000       20.4112377      -6.02376531E-08
   33.7500000       20.4112377       3.59323167E-07
   37.5000000       20.4112377       1.62814104E-07
   41.2500000       20.4112377       3.02512490E-07
   45.0000000       20.4112377       2.31266313E-07
   48.7500000       20.4112377       7.68173777E-07
   52.5000000       20.4112377       6.42445229E-07
   56.2500000       20.4112377       6.65262633E-07
   60.0000000       20.4112377       1.44757360E-06
   63.7500000       20.4112377       8.99955921E-07
   67.5000000       20.4112377      -2.39160727E-08
   71.2500000       20.4112377       3.66198947E-08
   75.0000000       20.4112377       9.34305717E-08
   78.7500000       20.4112377       1.69799023E-07
   82.5000000       20.4112377       3.56994860E-07
   86.2500000       20.4112377       6.03686203E-08
   90.0000000       20.4112377       1.15316652E-07
   93.7500000       20.4112377       2.04723619E-07
   97.5000000       20.4112377       2.99718522E-07
   101.250000       20.4112377       1.88891136E-07
   105.000000       20.4112377       8.69113137E-08
   108.750000       20.4112377      -1.32058631E-08
   112.500000       20.4112377      -1.36715244E-08
   116.250000       20.4112377      -9.94623406E-09
   120.000000       20.4112377      -1.46028469E-08
   123.750000       20.4112377       1.38024916E-08
   127.500000       20.4112377       2.62662070E-09
   131.250000       20.4112377       1.84591045E-08
   135.000000       20.4112377       5.85059752E-08
   138.750000       20.4112377       1.22301572E-07
   142.500000       20.4112377       1.66073733E-07
   146.250000       20.4112377       3.10319592E-08
   150.000000       20.4112377       2.91693141E-08
   153.750000       20.4112377       6.96818461E-08
   157.500000       20.4112377       1.63279765E-07
   161.250000       20.4112377       8.68021743E-09
   165.000000       20.4112377       1.00415491E-07
   168.750000       20.4112377      -1.13432179E-08
   172.500000       20.4112377       2.80626409E-07
   176.250000       20.4112377       2.09380232E-07
   180.000000       20.4112377       8.94367986E-07
   183.750000       20.4112377       5.84237569E-07
   187.500000       20.4112377       1.03779166E-06
   191.250000       20.4112377       4.26378392E-07
   195.000000       20.4112377       5.70733391E-07
   198.750000       20.4112377       2.94130587E-07
   202.500000       20.4112377       3.92850779E-07
   206.250000       20.4112377       6.78192009E-08
   210.000000       20.4112377       1.16713636E-07
   213.750000       20.4112377       4.35225957E-07
   217.500000       20.4112377       6.24284439E-07
   221.250000       20.4112377       4.44539182E-07
   225.000000       20.4112377       4.63987817E-08
   228.750000       20.4112377       1.47912942E-07
   232.500000       20.4112377       3.15551006E-07
   236.250000       20.4112377       2.60137313E-07
   240.000000       20.4112377       1.54897862E-07
   243.750000       20.4112377       6.01932697E-07
   247.500000       20.4112377       1.00415491E-07
   251.250000       20.4112377      -4.05758328E-07
   255.000000       20.4112377       2.16830813E-07
   258.750000       20.4112377       1.89822458E-07
   262.500000       20.4112377      -1.46028469E-08
   266.250000       20.4112377       3.70855560E-08
   270.000000       20.4112377       4.59440344E-07
   273.750000       20.4112377       2.47098797E-07
   277.500000       20.4112377      -2.53130565E-08
   281.250000       20.4112377       5.43150236E-08
   285.000000       20.4112377      -2.95040081E-08
   288.750000       20.4112377       1.65964593E-08
   292.500000       20.4112377       1.25095539E-07
   296.250000       20.4112377      -3.18323146E-08
   300.000000       20.4112377       1.54897862E-07
   303.750000       20.4112377       1.68867700E-07
   307.500000       20.4112377       6.73535396E-08
   311.250000       20.4112377       3.14154022E-07
   315.000000       20.4112377       1.52103894E-07
   318.750000       20.4112377       5.66433300E-08
   322.500000       20.4112377       7.94607331E-08
   326.250000       20.4112377       2.26609700E-07
   330.000000       20.4112377       8.45830073E-08
   333.750000       20.4112377       6.96818461E-08
   337.500000       20.4112377       8.78426363E-08
   341.250000       20.4112377       1.29902764E-06
   345.000000       20.4112377       4.29172360E-07
   348.750000       20.4112377       2.58274667E-07
   352.500000       20.4112377       9.03681212E-07
   356.250000       20.4112377      -3.61054845E-07
   360.000000       20.4112377      -2.79098458E-07
   0.00000000       24.1223469       2.30800651E-07
   3.75000000       24.1223469      -6.11689757E-08
   7.50000000       24.1223469       6.26969268E-08
   11.2500000       24.1223469      -6.30316208E-08
   15.0000000       24.1223469      -1.80843927E-07
   18.7500000       24.1223469       6.66659616E-07
   22.5000000       24.1223469       1.05967774E-06
   26.2500000       24.1223469       8.32435035E-07
   30.0000000       24.1223469       7.70036422E-07
   33.7500000       24.1223469       3.38368409E-07
   37.5000000       24.1223469       6.30803697E-07
   41.2500000       24.1223469       4.51989763E-07
   45.0000000       24.1223469       3.45818989E-07
   48.7500000       24.1223469       5.35808795E-07
   52.5000000       24.1223469       1.66539394E-07
   56.2500000       24.1223469       4.87845682E-07
   60.0000000       24.1223469       4.54318069E-07
   63.7500000       24.1223469       6.64796971E-07
   67.5000000       24.1223469       1.43965735E-06
   71.2500000       24.1223469       6.94599294E-07
   75.0000000       24.1223469       2.82489054E-07
   78.7500000       24.1223469      -7.88641046E-08
   82.5000000       24.1223469       1.26958184E-07
   86.2500000       24.1223469       2.25678377E-07
   90.0000000       24.1223469       5.75746526E-08
   93.7500000       24.1223469       3.14976205E-08
   97.5000000       24.1223469       8.73769750E-08
   101.250000       24.1223469       1.03675120E-07
   105.000000       24.1223469       6.96818461E-08
   108.750000       24.1223469       4.48926585E-09
   112.500000       24.1223469      -2.48473953E-08
   116.250000       24.1223469      -2.90383468E-08
   120.000000       24.1223469       9.15679266E-08
   123.750000       24.1223469       2.19159119E-07
   127.500000       24.1223469       1.46515958E-07
   131.250000       24.1223469       1.49309926E-07
   135.000000       24.1223469       9.43618943E-08
   138.750000       24.1223469       1.51638233E-07
   142.500000       24.1223469       3.20207619E-07
   146.250000       24.1223469       1.32546120E-07
   150.000000       24.1223469       1.60951458E-07
   153.750000       24.1223469       8.97052814E-08
   157.500000       24.1223469       1.36271410E-07
   161.250000       24.1223469       1.09263055E-07
   165.000000       24.1223469       2.27541022E-07
   168.750000       24.1223469       5.43150236E-08
   172.500000       24.1223469       1.37202733E-07
   176.250000       24.1223469       1.28820830E-07
   180.000000       24.1223469       1.44653313E-07
   183.750000       24.1223469       1.39076292E-06
   187.500000       24.1223469       9.26964276E-07
   191.250000       24.1223469       9.23704647E-07
   195.000000       24.1223469       1.13919668E-07
   198.750000       24.1223469       2.24281393E-07
   202.500000       24.1223469       2.61534296E-07
   206.250000       24.1223469       1.56294846E-07
   210.000000       24.1223469       6.65262633E-07
   213.750000       24.1223469       1.02708145E-06
   217.500000       24.1223469       7.90525519E-07
   221.250000       24.1223469       6.78301149E-07
   225.000000       24.1223469       1.99601345E-07
   228.750000       24.1223469       2.36854248E-07
   232.500000       24.1223469       3.41162377E-07
   236.250000       24.1223469       3.13688361E-07
   240.000000       24.1223469       2.34991603E-07
   243.750000       24.1223469       3.16482328E-07
   247.500000       24.1223469       4.63165634E-07
   251.250000       24.1223469      -8.07267497E-08
   255.000000       24.1223469      -1.20307959E-07
   258.750000       24.1223469      -5.23214112E-08
   262.500000       24.1223469       3.60254489E-07
   266.250000       24.1223469       5.57120075E-08
   270.000000       24.1223469       2.08448910E-07
   273.750000       24.1223469       7.48041202E-08
   277.500000       24.1223469       7.52697815E-08
   281.250000       24.1223469       3.66198947E-08
   285.000000       24.1223469       2.42442184E-07
   288.750000       24.1223469       3.10319592E-08
   292.500000       24.1223469       1.55829184E-07
   296.250000       24.1223469       1.85165845E-07
   300.000000       24.1223469       6.03686203E-08
   303.750000       24.1223469       1.56651367E-08
   307.500000       24.1223469       1.26026862E-07
   311.250000       24.1223469       5.69336407E-07
   315.000000       24.1223469       4.05423634E-07
   318.750000       24.1223469       5.26495569E-07
   322.500000       24.1223469       1.00415491E-07
   326.250000       24.1223469       2.54440238E-08
   330.000000       24.1223469       5.29180397E-08
   333.750000       24.1223469       1.03675120E-07
   337.500000       24.1223469       1.73488661E-06
   341.250000       24.1223469       1.79112249E-07
   345.000000       24.1223469       1.03675120E-07
   348.750000       24.1223469       1.65608071E-07
   352.500000       24.1223469       1.46981620E-07
   356.250000       24.1223469       5.21838956E-07
   360.000000       24.1223469       2.30800651E-07
   0.00000000       27.8334446       4.50017978E-08
   3.75000000       27.8334446      -2.02999217E-09
   7.50000000       27.8334446       5.61776687E-08
   11.2500000       27.8334446       1.90288119E-07
   15.0000000       27.8334446       7.23470293E-07
   18.7500000       27.8334446       8.43145244E-07
   22.5000000       27.8334446       3.33246135E-07
   26.2500000       27.8334446       5.00418537E-07
   30.0000000       27.8334446       4.60371666E-07
   33.7500000       27.8334446       1.23698555E-07
   37.5000000       27.8334446       3.70855560E-08
   41.2500000       27.8334446       1.03675120E-07
   45.0000000       27.8334446       1.89247658E-08
   48.7500000       27.8334446       4.36048140E-08
   52.5000000       27.8334446       8.87739589E-08
   56.2500000       27.8334446       1.34874426E-07
   60.0000000       27.8334446       4.73875843E-07
   63.7500000       27.8334446       6.61071681E-07
   67.5000000       27.8334446       1.57226168E-07
   71.2500000       27.8334446       1.00752368E-06
   75.0000000       27.8334446       6.58743375E-07
   78.7500000       27.8334446       1.16072624E-06
   82.5000000       27.8334446       4.87845682E-07
   86.2500000       27.8334446       1.62814104E-07
   90.0000000       27.8334446       1.10660039E-07
   93.7500000       27.8334446       7.71324267E-08
   97.5000000       27.8334446       2.77366780E-07
   101.250000       27.8334446       7.63975549E-10
   105.000000       27.8334446      -4.82395990E-09
   108.750000       27.8334446       1.79577910E-07
   112.500000       27.8334446       4.31500666E-07
   116.250000       27.8334446       1.15141302E-06
   120.000000       27.8334446       1.11555710E-06
   123.750000       27.8334446       1.58261537E-06
   127.500000       27.8334446       1.23988866E-06
   131.250000       27.8334446       8.96696292E-07
   135.000000       27.8334446       6.52224116E-07
   138.750000       27.8334446       6.24284439E-07
   142.500000       27.8334446       6.19162165E-07
   146.250000       27.8334446       5.66076778E-07
   150.000000       27.8334446       3.85865860E-07
   153.750000       27.8334446       2.27075361E-07
   157.500000       27.8334446       1.47912942E-07
   161.250000       27.8334446       2.87036528E-08
   165.000000       27.8334446       8.83082976E-08
   168.750000       27.8334446       1.27889507E-07
   172.500000       27.8334446       9.90185072E-08
   176.250000       27.8334446       4.41279553E-07
   180.000000       27.8334446       3.90988134E-07
   183.750000       27.8334446       1.63523509E-06
   187.500000       27.8334446       5.80403139E-08
   191.250000       27.8334446       9.85528459E-08
   195.000000       27.8334446       1.49309926E-07
   198.750000       27.8334446       1.05537765E-07
   202.500000       27.8334446       3.70499038E-07
   206.250000       27.8334446       5.17648004E-07
   210.000000       27.8334446       9.22773324E-07
   213.750000       27.8334446       1.59053161E-06
   217.500000       27.8334446       2.30439036E-06
   221.250000       27.8334446       1.86527177E-06
   225.000000       27.8334446       5.33946150E-07
   228.750000       27.8334446       8.96696292E-07
   232.500000       27.8334446       8.02632712E-07
   236.250000       27.8334446       5.60023182E-07
   240.000000       27.8334446       5.69802069E-07
   243.750000       27.8334446       1.86760008E-06
   247.500000       27.8334446       1.48378604E-07
   251.250000       27.8334446      -3.27636371E-08
   255.000000       27.8334446       4.23584424E-07
   258.750000       27.8334446       1.87028490E-07
   262.500000       27.8334446       1.07866072E-07
   266.250000       27.8334446       7.00187229E-07
   270.000000       27.8334446       2.15899490E-07
   273.750000       27.8334446       3.16016667E-07
   277.500000       27.8334446       2.82954716E-07
   281.250000       27.8334446       8.41173460E-08
   285.000000       27.8334446       1.38024916E-08
   288.750000       27.8334446       2.49783625E-08
   292.500000       27.8334446      -2.57787178E-08
   296.250000       27.8334446       4.16599505E-07
   300.000000       27.8334446       1.94479071E-07
   303.750000       27.8334446       1.73989974E-07
   307.500000       27.8334446       2.82023393E-07
   311.250000       27.8334446       6.38254278E-07
   315.000000       27.8334446       6.87505235E-08
   318.750000       27.8334446       2.93664925E-07
   322.500000       27.8334446       1.42790668E-07
   326.250000       27.8334446       2.45127012E-08
   330.000000       27.8334446       6.50252332E-08
   333.750000       27.8334446       1.26026862E-07
   337.500000       27.8334446       2.13571184E-07
   341.250000       27.8334446       8.83082976E-08
   345.000000       27.8334446       4.02360456E-09
   348.750000       27.8334446       6.96818461E-08
   352.500000       27.8334446       2.14968168E-07
   356.250000       27.8334446       1.74466550E-06
   360.000000       27.8334446       4.50017978E-08
   0.00000000       31.5445251       4.02629666E-07
   3.75000000       31.5445251       3.09228199E-09
   7.50000000       31.5445251       2.75038474E-07
   11.2500000       31.5445251       1.46515958E-07
   15.0000000       31.5445251       1.98204361E-07
   18.7500000       31.5445251       3.35108780E-07
   22.5000000       31.5445251       4.42676537E-07
   26.2500000       31.5445251       5.45122020E-07
   30.0000000       31.5445251       7.94607331E-08
   33.7500000       31.5445251       2.34525942E-07
   37.5000000       31.5445251       2.28006684E-07
   41.2500000       31.5445251       2.79695087E-07
   45.0000000       31.5445251       7.57354428E-08
   48.7500000       31.5445251       2.31731974E-07
   52.5000000       31.5445251       2.28938006E-07
   56.2500000       31.5445251       1.39531039E-07
   60.0000000       31.5445251       5.95879101E-07
   63.7500000       31.5445251       4.63631295E-07
   67.5000000       31.5445251       8.17533873E-07
   71.2500000       31.5445251       2.28938006E-07
   75.0000000       31.5445251       2.92733603E-07
   78.7500000       31.5445251       8.92396201E-08
   82.5000000       31.5445251       8.24053132E-07
   86.2500000       31.5445251       7.48616003E-07
   90.0000000       31.5445251       3.05306457E-07
   93.7500000       31.5445251       5.70733391E-07
   97.5000000       31.5445251       5.55832230E-07
   101.250000       31.5445251       4.75272827E-07
   105.000000       31.5445251       1.27108797E-06
   108.750000       31.5445251       1.39495387E-06
   112.500000       31.5445251       4.11942892E-07
   116.250000       31.5445251       5.39534085E-07
   120.000000       31.5445251       6.64222171E-08
   123.750000       31.5445251       1.72127329E-07
   127.500000       31.5445251       4.75272827E-07
   131.250000       31.5445251       1.30217813E-07
   135.000000       31.5445251       6.93667971E-07
   138.750000       31.5445251       9.71667760E-07
   142.500000       31.5445251       1.07830419E-06
   146.250000       31.5445251       3.47681635E-07
   150.000000       31.5445251       7.89594196E-07
   153.750000       31.5445251       7.79349648E-07
   157.500000       31.5445251       8.57115083E-07
   161.250000       31.5445251       4.81326424E-07
   165.000000       31.5445251       3.04840796E-07
   168.750000       31.5445251       1.79112249E-07
   172.500000       31.5445251       2.02860974E-07
   176.250000       31.5445251       2.98787199E-07
   180.000000       31.5445251      -1.59998308E-08
   183.750000       31.5445251       2.65725248E-07
   187.500000       31.5445251       1.54210284E-06
   191.250000       31.5445251       5.01240720E-08
   195.000000       31.5445251      -4.30081855E-08
   198.750000       31.5445251       8.84123438E-07
   202.500000       31.5445251       2.94130587E-07
   206.250000       31.5445251      -1.73968147E-08
   210.000000       31.5445251       8.67825293E-07
   213.750000       31.5445251       1.11881673E-06
   217.500000       31.5445251       2.17959314E-06
   221.250000       31.5445251       5.00418537E-07
   225.000000       31.5445251       8.20793502E-07
   228.750000       31.5445251       1.11928239E-06
   232.500000       31.5445251       1.35490700E-06
   236.250000       31.5445251       4.48730134E-07
   240.000000       31.5445251       1.45118975E-07
   243.750000       31.5445251       2.99718522E-07
   247.500000       31.5445251       9.22307663E-07
   251.250000       31.5445251       6.50827133E-07
   255.000000       31.5445251       5.53038262E-07
   258.750000       31.5445251       1.40928023E-07
   262.500000       31.5445251       2.34991603E-07
   266.250000       31.5445251       7.10788299E-08
   270.000000       31.5445251       7.00652890E-07
   273.750000       31.5445251      -2.96131475E-09
   277.500000       31.5445251       1.05428626E-08
   281.250000       31.5445251       3.89482011E-08
   285.000000       31.5445251       2.31157173E-08
   288.750000       31.5445251       4.91927494E-08
   292.500000       31.5445251       5.98673068E-07
   296.250000       31.5445251      -1.39400072E-07
   300.000000       31.5445251       3.29055183E-07
   303.750000       31.5445251       1.51172571E-07
   307.500000       31.5445251       5.72130375E-07
   311.250000       31.5445251       1.12952694E-06
   315.000000       31.5445251       1.92150765E-07
   318.750000       31.5445251       4.72013198E-07
   322.500000       31.5445251       4.20790457E-07
   326.250000       31.5445251       1.43721991E-07
   330.000000       31.5445251       3.24864232E-07
   333.750000       31.5445251       2.07051926E-07
   337.500000       31.5445251       6.56415068E-07
   341.250000       31.5445251       1.22767233E-07
   345.000000       31.5445251       2.90405296E-07
   348.750000       31.5445251       1.70264684E-07
   352.500000       31.5445251       1.13919668E-07
   356.250000       31.5445251       4.40033182E-06
   360.000000       31.5445251       4.02629666E-07
   0.00000000       35.2555809       3.44422006E-07
   3.75000000       35.2555809       2.62465619E-07
   7.50000000       35.2555809       4.68644430E-08
   11.2500000       35.2555809       2.76435458E-07
   15.0000000       35.2555809       5.73061698E-07
   18.7500000       35.2555809       1.02743797E-07
   22.5000000       35.2555809      -2.15877662E-08
   26.2500000       35.2555809       3.07634764E-07
   30.0000000       35.2555809       9.34305717E-08
   33.7500000       35.2555809       6.08342816E-08
   37.5000000       35.2555809       2.50824087E-07
   41.2500000       35.2555809       4.88311343E-07
   45.0000000       35.2555809       3.32780473E-07
   48.7500000       35.2555809       2.97390216E-07
   52.5000000       35.2555809       3.29986506E-07
   56.2500000       35.2555809       1.22963684E-09
   60.0000000       35.2555809       2.22884410E-07
   63.7500000       35.2555809       1.05222716E-06
   67.5000000       35.2555809       1.85828685E-06
   71.2500000       35.2555809       3.83071892E-07
   75.0000000       35.2555809       1.28355168E-07
   78.7500000       35.2555809       4.01698344E-07
   82.5000000       35.2555809       8.20327841E-07
   86.2500000       35.2555809       1.20962068E-06
   90.0000000       35.2555809       6.69919245E-07
   93.7500000       35.2555809       6.12177246E-07
   97.5000000       35.2555809       3.97507392E-07
   101.250000       35.2555809       1.97516783E-06
   105.000000       35.2555809       1.73581793E-06
   108.750000       35.2555809       8.98093276E-07
   112.500000       35.2555809       4.19859134E-07
   116.250000       35.2555809       1.72592991E-07
   120.000000       35.2555809       1.76783942E-07
   123.750000       35.2555809       1.55829184E-07
   127.500000       35.2555809       1.80043571E-07
   131.250000       35.2555809       9.60957550E-07
   135.000000       35.2555809       3.25014844E-06
   138.750000       35.2555809       3.96074756E-06
   142.500000       35.2555809       5.14026760E-06
   146.250000       35.2555809       2.06178083E-06
   150.000000       35.2555809       1.70508429E-06
   153.750000       35.2555809       6.94599294E-07
   157.500000       35.2555809       2.02395313E-07
   161.250000       35.2555809       9.85528459E-08
   165.000000       35.2555809       2.99718522E-07
   168.750000       35.2555809       6.03795343E-07
   172.500000       35.2555809       4.08108463E-08
   176.250000       35.2555809       1.88425474E-07
   180.000000       35.2555809       1.65964593E-08
   183.750000       35.2555809       4.64562618E-07
   187.500000       35.2555809       1.98168709E-06
   191.250000       35.2555809       7.87731551E-07
   195.000000       35.2555809       9.01709427E-08
   198.750000       35.2555809       2.99718522E-07
   202.500000       35.2555809      -5.74436854E-08
   206.250000       35.2555809       3.80168785E-08
   210.000000       35.2555809       2.78298103E-07
   213.750000       35.2555809       1.88156991E-06
   217.500000       35.2555809       5.62083005E-06
   221.250000       35.2555809       5.66433300E-08
   225.000000       35.2555809       3.12291377E-07
   228.750000       35.2555809       5.82374923E-07
   232.500000       35.2555809       4.48264473E-07
   236.250000       35.2555809       2.74107151E-07
   240.000000       35.2555809       1.73524313E-07
   243.750000       35.2555809       2.38716893E-07
   247.500000       35.2555809       1.70730345E-07
   251.250000       35.2555809       3.54200893E-07
   255.000000       35.2555809       8.45473551E-07
   258.750000       35.2555809       1.58773764E-06
   262.500000       35.2555809       2.02639058E-06
   266.250000       35.2555809       1.16713636E-07
   270.000000       35.2555809      -2.34394975E-07
   273.750000       35.2555809       6.28009730E-07
   277.500000       35.2555809       1.24629878E-07
   281.250000       35.2555809       2.91802280E-07
   285.000000       35.2555809       4.26378392E-07
   288.750000       35.2555809       5.75746526E-08
   292.500000       35.2555809       1.71661668E-07
   296.250000       35.2555809       2.48961442E-07
   300.000000       35.2555809       1.19973265E-07
   303.750000       35.2555809       5.00884198E-07
   307.500000       35.2555809       1.31149136E-07
   311.250000       35.2555809       3.41545820E-06
   315.000000       35.2555809       2.06586265E-07
   318.750000       35.2555809       2.88076990E-07
   322.500000       35.2555809       3.60720151E-07
   326.250000       35.2555809       4.58974682E-07
   330.000000       35.2555809       2.00067007E-07
   333.750000       35.2555809       1.96807378E-07
   337.500000       35.2555809       3.95179086E-07
   341.250000       35.2555809       2.61534296E-07
   345.000000       35.2555809       2.01463990E-07
   348.750000       35.2555809       1.15782314E-07
   352.500000       35.2555809       6.62153616E-06
   356.250000       35.2555809       8.51061486E-07
   360.000000       35.2555809       3.44422006E-07
   0.00000000       38.9666100       7.10788299E-08
   3.75000000       38.9666100      -1.46850653E-07
   7.50000000       38.9666100       2.18693458E-07
   11.2500000       38.9666100       3.02978151E-07
   15.0000000       38.9666100       6.45595719E-08
   18.7500000       38.9666100       6.88080036E-07
   22.5000000       38.9666100       2.93199264E-07
   26.2500000       38.9666100       1.09553366E-06
   30.0000000       38.9666100       2.84351700E-07
   33.7500000       38.9666100       8.04495357E-07
   37.5000000       38.9666100       6.48033165E-07
   41.2500000       38.9666100       3.38368409E-07
   45.0000000       38.9666100       6.21956133E-07
   48.7500000       38.9666100       4.98090230E-07
   52.5000000       38.9666100       6.59565558E-08
   56.2500000       38.9666100       4.79929440E-07
   60.0000000       38.9666100       7.57463567E-07
   63.7500000       38.9666100       1.04384526E-06
   67.5000000       38.9666100       1.39531039E-07
   71.2500000       38.9666100       3.01006366E-08
   75.0000000       38.9666100       1.77715265E-07
   78.7500000       38.9666100       8.03920557E-08
   82.5000000       38.9666100       1.67936378E-07
   86.2500000       38.9666100       1.06154039E-06
   90.0000000       38.9666100       3.86331521E-07
   93.7500000       38.9666100       2.38251232E-07
   97.5000000       38.9666100       7.66776793E-07
   101.250000       38.9666100       3.16353544E-06
   105.000000       38.9666100       1.89181446E-06
   108.750000       38.9666100       1.53698056E-06
   112.500000       38.9666100       9.60957550E-07
   116.250000       38.9666100       3.78880941E-07
   120.000000       38.9666100       3.44422006E-07
   123.750000       38.9666100       6.93202310E-07
   127.500000       38.9666100       2.56562635E-06
   131.250000       38.9666100       2.84351700E-07
   135.000000       38.9666100       3.45818989E-07
   138.750000       38.9666100       8.97627615E-07
   142.500000       38.9666100       1.60124182E-06
   146.250000       38.9666100       3.39543476E-06
   150.000000       38.9666100       4.15865361E-06
   153.750000       38.9666100       2.98937812E-06
   157.500000       38.9666100       1.64873927E-06
   161.250000       38.9666100       7.29989551E-07
   165.000000       38.9666100       5.02281182E-07
   168.750000       38.9666100       7.49547326E-07
   172.500000       38.9666100       4.00301360E-07
   176.250000       38.9666100      -1.99936039E-07
   180.000000       38.9666100      -2.02999217E-09
   183.750000       38.9666100       8.81329470E-07
   187.500000       38.9666100      -1.36715244E-08
   191.250000       38.9666100       1.48063555E-06
   195.000000       38.9666100       7.82143616E-07
   198.750000       38.9666100      -6.39629434E-08
   202.500000       38.9666100      -5.60467015E-08
   206.250000       38.9666100       2.19624781E-07
   210.000000       38.9666100       3.83537554E-07
   213.750000       38.9666100       5.93085133E-07
   217.500000       38.9666100       6.41979568E-07
   221.250000       38.9666100       3.94138624E-08
   225.000000       38.9666100       2.54549377E-07
   228.750000       38.9666100       4.14736860E-07
   232.500000       38.9666100       2.21487426E-07
   236.250000       38.9666100       6.08342816E-08
   240.000000       38.9666100      -2.67100404E-08
   243.750000       38.9666100       8.27203621E-08
   247.500000       38.9666100       1.14850991E-07
   251.250000       38.9666100       5.33837010E-08
   255.000000       38.9666100       2.49892764E-07
   258.750000       38.9666100       1.34699076E-06
   262.500000       38.9666100       5.95191523E-06
   266.250000       38.9666100       2.26434349E-06
   270.000000       38.9666100       1.70264684E-07
   273.750000       38.9666100       2.73175829E-07
   277.500000       38.9666100       4.34294634E-07
   281.250000       38.9666100       3.76086973E-07
   285.000000       38.9666100       2.55480700E-07
   288.750000       38.9666100      -2.07386620E-07
   292.500000       38.9666100       8.20327841E-07
   296.250000       38.9666100       1.05428626E-08
   300.000000       38.9666100       1.00881152E-07
   303.750000       38.9666100       7.86800229E-07
   307.500000       38.9666100       1.09367102E-06
   311.250000       38.9666100       3.44479486E-06
   315.000000       38.9666100       1.66539394E-07
   318.750000       38.9666100       1.86562829E-07
   322.500000       38.9666100       2.45236151E-07
   326.250000       38.9666100      -2.71757017E-08
   330.000000       38.9666100       2.52686732E-07
   333.750000       38.9666100       2.21487426E-07
   337.500000       38.9666100       1.62348442E-07
   341.250000       38.9666100       5.85059752E-08
   345.000000       38.9666100       1.81906216E-07
   348.750000       38.9666100       5.02281182E-07
   352.500000       38.9666100       5.88439434E-06
   356.250000       38.9666100      -1.38468749E-07
   360.000000       38.9666100       7.10788299E-08
   0.00000000       42.6776047       3.24595749E-06
   3.75000000       42.6776047      -1.87937985E-08
   7.50000000       42.6776047       1.44653313E-07
   11.2500000       42.6776047       2.80626409E-07
   15.0000000       42.6776047       2.18227797E-07
   18.7500000       42.6776047       2.72710167E-07
   22.5000000       42.6776047       1.44653313E-07
   26.2500000       42.6776047       4.89708327E-07
   30.0000000       42.6776047       6.14971214E-07
   33.7500000       42.6776047       6.41979568E-07
   37.5000000       42.6776047       2.77832441E-07
   41.2500000       42.6776047       5.14854037E-07
   45.0000000       42.6776047       1.41404598E-06
   48.7500000       42.6776047       7.63051503E-07
   52.5000000       42.6776047       5.70267730E-07
   56.2500000       42.6776047       9.59560566E-07
   60.0000000       42.6776047       1.04291394E-06
   63.7500000       42.6776047       3.58857505E-07
   67.5000000       42.6776047       3.56063538E-07
   71.2500000       42.6776047       7.53738277E-07
   75.0000000       42.6776047       5.33837010E-08
   78.7500000       42.6776047      -2.62800313E-07
   82.5000000       42.6776047       6.78192009E-08
   86.2500000       42.6776047       4.48926585E-09
   90.0000000       42.6776047       2.19624781E-07
   93.7500000       42.6776047      -1.04941137E-07
   97.5000000       42.6776047       1.07411324E-06
   101.250000       42.6776047       7.06131686E-08
   105.000000       42.6776047       9.30689566E-07
   108.750000       42.6776047       3.18076491E-06
   112.500000       42.6776047       3.08996096E-06
   116.250000       42.6776047       2.90602475E-06
   120.000000       42.6776047       1.60636409E-06
   123.750000       42.6776047       3.57460522E-07
   127.500000       42.6776047       1.02521881E-06
   131.250000       42.6776047       4.08217602E-07
   135.000000       42.6776047       4.08108463E-08
   138.750000       42.6776047       1.75386958E-07
   142.500000       42.6776047       1.91685103E-07
   146.250000       42.6776047       2.92267941E-07
   150.000000       42.6776047       1.10670953E-06
   153.750000       42.6776047       4.09346103E-06
   157.500000       42.6776047       4.55586269E-06
   161.250000       42.6776047       1.90718129E-06
   165.000000       42.6776047       1.56651367E-08
   168.750000       42.6776047      -8.08358891E-09
   172.500000       42.6776047       5.25098585E-07
   176.250000       42.6776047       1.01497426E-06
   180.000000       42.6776047       1.33395224E-06
   183.750000       42.6776047       4.65493940E-07
   187.500000       42.6776047       1.61417120E-07
   191.250000       42.6776047       3.09228199E-09
   195.000000       42.6776047      -3.97485564E-08
   198.750000       42.6776047      -7.37418304E-08
   202.500000       42.6776047       5.99029590E-08
   206.250000       42.6776047       2.51755409E-07
   210.000000       42.6776047       5.16716682E-07
   213.750000       42.6776047       3.67705070E-07
   217.500000       42.6776047       1.68402039E-07
   221.250000       42.6776047       1.52906432E-06
   225.000000       42.6776047       5.60488843E-07
   228.750000       42.6776047       1.45362719E-06
   232.500000       42.6776047      -4.76647983E-08
   236.250000       42.6776047       2.79695087E-07
   240.000000       42.6776047       2.35457264E-07
   243.750000       42.6776047      -7.00165401E-08
   247.500000       42.6776047       2.77723302E-08
   251.250000       42.6776047       2.28472345E-07
   255.000000       42.6776047       9.33017873E-07
   258.750000       42.6776047       2.48961442E-07
   262.500000       42.6776047       4.18845593E-06
   266.250000       42.6776047       8.58290150E-06
   270.000000       42.6776047       8.21223512E-06
   273.750000       42.6776047       6.59565558E-08
   277.500000       42.6776047       1.22767233E-07
   281.250000       42.6776047      -7.77821697E-07
   285.000000       42.6776047      -2.67100404E-08
   288.750000       42.6776047      -8.95743142E-08
   292.500000       42.6776047       7.19745003E-07
   296.250000       42.6776047       2.66190909E-07
   300.000000       42.6776047       3.59613477E-06
   303.750000       42.6776047       1.04058563E-06
   307.500000       42.6776047       4.38356801E-06
   311.250000       42.6776047       6.68207213E-06
   315.000000       42.6776047       2.16095941E-09
   318.750000       42.6776047       1.76318281E-07
   322.500000       42.6776047       1.27889507E-07
   326.250000       42.6776047       1.67936378E-07
   330.000000       42.6776047       2.16830813E-07
   333.750000       42.6776047       4.77957656E-08
   337.500000       42.6776047       8.55143298E-08
   341.250000       42.6776047       2.18693458E-07
   345.000000       42.6776047       1.79577910E-07
   348.750000       42.6776047       6.17450132E-06
   352.500000       42.6776047       1.66643440E-06
   356.250000       42.6776047       6.96461939E-07
   360.000000       42.6776047       3.24595749E-06
   0.00000000       46.3885536       1.70730345E-07
   3.75000000       46.3885536       1.40462362E-07
   7.50000000       46.3885536       1.75277819E-08
   11.2500000       46.3885536       3.37902748E-07
   15.0000000       46.3885536       2.89939635E-07
   18.7500000       46.3885536       2.55015038E-07
   22.5000000       46.3885536       4.79929440E-07
   26.2500000       46.3885536       7.32783519E-07
   30.0000000       46.3885536       5.55832230E-07
   33.7500000       46.3885536       9.55369615E-07
   37.5000000       46.3885536       2.93664925E-07
   41.2500000       46.3885536       1.94479071E-07
   45.0000000       46.3885536       2.95993232E-07
   48.7500000       46.3885536       1.35805749E-07
   52.5000000       46.3885536       1.24164217E-07
   56.2500000       46.3885536       2.82489054E-07
   60.0000000       46.3885536       3.12757038E-07
   63.7500000       46.3885536       2.37319910E-07
   67.5000000       46.3885536       2.82023393E-07
   71.2500000       46.3885536       5.19867172E-08
   75.0000000       46.3885536       9.29649104E-08
   78.7500000       46.3885536       1.60485797E-07
   82.5000000       46.3885536       2.25212716E-07
   86.2500000       46.3885536       1.07866072E-07
   90.0000000       46.3885536       1.25095539E-07
   93.7500000       46.3885536       1.43639772E-06
   97.5000000       46.3885536       2.18227797E-07
   101.250000       46.3885536       1.74455636E-07
   105.000000       46.3885536       6.57812052E-07
   108.750000       46.3885536       4.49661457E-07
   112.500000       46.3885536       6.27078407E-07
   116.250000       46.3885536       4.99487214E-07
   120.000000       46.3885536       1.02195918E-06
   123.750000       46.3885536       3.44887667E-07
   127.500000       46.3885536       3.69567715E-07
   131.250000       46.3885536       2.18693458E-07
   135.000000       46.3885536      -2.96131475E-09
   138.750000       46.3885536       8.87739589E-08
   142.500000       46.3885536       1.51172571E-07
   146.250000       46.3885536       4.70150553E-07
   150.000000       46.3885536       6.32200681E-07
   153.750000       46.3885536       1.17283344E-06
   157.500000       46.3885536       5.13374835E-06
   161.250000       46.3885536       1.14209979E-06
   165.000000       46.3885536       1.11509144E-06
   168.750000       46.3885536       1.50112464E-06
   172.500000       46.3885536      -1.67347025E-10
   176.250000       46.3885536       3.61542334E-08
   180.000000       46.3885536       2.71778845E-07
   183.750000       46.3885536       9.89828550E-07
   187.500000       46.3885536       2.16830813E-07
   191.250000       46.3885536       7.03912519E-07
   195.000000       46.3885536      -1.55341695E-08
   198.750000       46.3885536      -6.95508788E-08
   202.500000       46.3885536       1.22301572E-07
   206.250000       46.3885536       5.25098585E-07
   210.000000       46.3885536       6.34528988E-07
   213.750000       46.3885536       5.67939423E-07
   217.500000       46.3885536       4.59440344E-07
   221.250000       46.3885536       1.92150765E-07
   225.000000       46.3885536      -7.09478627E-08
   228.750000       46.3885536       3.47681635E-07
   232.500000       46.3885536       1.30683475E-07
   236.250000       46.3885536       6.21490472E-07
   240.000000       46.3885536       1.17179297E-07
   243.750000       46.3885536       7.84471922E-07
   247.500000       46.3885536       7.23004632E-07
   251.250000       46.3885536       8.00304406E-07
   255.000000       46.3885536       9.33017873E-07
   258.750000       46.3885536       8.03920557E-08
   262.500000       46.3885536       4.40348231E-07
   266.250000       46.3885536       3.49927723E-06
   270.000000       46.3885536       1.11125701E-07
   273.750000       46.3885536       4.00126009E-06
   277.500000       46.3885536       1.70601561E-06
   281.250000       46.3885536       2.61534296E-07
   285.000000       46.3885536      -3.22979758E-08
   288.750000       46.3885536       4.87380021E-07
   292.500000       46.3885536      -1.54301233E-07
   296.250000       46.3885536       3.04898276E-06
   300.000000       46.3885536       5.83771907E-07
   303.750000       46.3885536       3.36609810E-06
   307.500000       46.3885536       6.21128856E-06
   311.250000       46.3885536       7.21432298E-06
   315.000000       46.3885536       2.51289748E-07
   318.750000       46.3885536      -1.09597750E-07
   322.500000       46.3885536       2.72244506E-07
   326.250000       46.3885536      -2.06564437E-08
   330.000000       46.3885536       6.36282493E-08
   333.750000       46.3885536      -2.99696694E-08
   337.500000       46.3885536       1.70264684E-07
   341.250000       46.3885536       2.96349754E-08
   345.000000       46.3885536       1.05595245E-06
   348.750000       46.3885536       1.65293022E-06
   352.500000       46.3885536       3.54491203E-06
   356.250000       46.3885536       2.42825627E-06
   360.000000       46.3885536       1.70730345E-07
   0.00000000       50.0994530      -8.11924110E-08
   3.75000000       50.0994530       3.42915882E-08
   7.50000000       50.0994530      -4.90617822E-08
   11.2500000       50.0994530       9.15322744E-07
   15.0000000       50.0994530       8.75275873E-07
   18.7500000       50.0994530       4.02629666E-07
   22.5000000       50.0994530       4.12408554E-07
   26.2500000       50.0994530       4.45004844E-07
   30.0000000       50.0994530       2.24747055E-07
   33.7500000       50.0994530       2.22418748E-07
   37.5000000       50.0994530       3.14071804E-06
   41.2500000       50.0994530       5.08997618E-06
   45.0000000       50.0994530       2.96842336E-06
   48.7500000       50.0994530       3.12302291E-06
   52.5000000       50.0994530       3.86435568E-06
   56.2500000       50.0994530       4.07902553E-06
   60.0000000       50.0994530       3.76051321E-06
   63.7500000       50.0994530       4.51581582E-06
   67.5000000       50.0994530       2.37982749E-06
   71.2500000       50.0994530       1.21194898E-06
   75.0000000       50.0994530       5.92619472E-07
   78.7500000       50.0994530       1.08109816E-06
   82.5000000       50.0994530       2.09577411E-06
   86.2500000       50.0994530      -2.85726856E-08
   90.0000000       50.0994530       1.61882781E-07
   93.7500000       50.0994530       3.34643119E-07
   97.5000000       50.0994530       9.20335879E-08
   101.250000       50.0994530      -1.67347025E-10
   105.000000       50.0994530       3.66198947E-08
   108.750000       50.0994530       1.01346814E-07
   112.500000       50.0994530       4.88777005E-07
   116.250000       50.0994530       3.36040102E-07
   120.000000       50.0994530       3.56994860E-07
   123.750000       50.0994530       2.42442184E-07
   127.500000       50.0994530       2.43373506E-07
   131.250000       50.0994530       8.17890395E-08
   135.000000       50.0994530       1.39996700E-07
   138.750000       50.0994530       1.77249603E-07
   142.500000       50.0994530       1.38134055E-07
   146.250000       50.0994530       9.65148502E-07
   150.000000       50.0994530       1.59379124E-06
   153.750000       50.0994530       1.29669934E-06
   157.500000       50.0994530       1.50950655E-06
   161.250000       50.0994530       5.21430775E-06
   165.000000       50.0994530       6.03329681E-07
   168.750000       50.0994530       7.61654519E-07
   172.500000       50.0994530       5.57120075E-08
   176.250000       50.0994530       3.95644747E-07
   180.000000       50.0994530       1.14385330E-07
   183.750000       50.0994530       6.50252332E-08
   187.500000       50.0994530      -1.56433089E-09
   191.250000       50.0994530       6.90874003E-07
   195.000000       50.0994530       6.71781891E-07
   198.750000       50.0994530       1.56294846E-07
   202.500000       50.0994530       3.36040102E-07
   206.250000       50.0994530       8.03920557E-08
   210.000000       50.0994530       2.56412022E-07
   213.750000       50.0994530       1.65608071E-07
   217.500000       50.0994530       3.96576070E-07
   221.250000       50.0994530       2.13105523E-07
   225.000000       50.0994530       6.73535396E-08
   228.750000       50.0994530       7.15444912E-08
   232.500000       50.0994530       4.17065166E-07
   236.250000       50.0994530       3.21604603E-07
   240.000000       50.0994530      -2.06564437E-08
   243.750000       50.0994530      -3.74202500E-08
   247.500000       50.0994530       1.79934432E-08
   251.250000       50.0994530       7.01475074E-08
   255.000000       50.0994530       1.28086685E-06
   258.750000       50.0994530       1.11276313E-06
   262.500000       50.0994530       3.99370037E-07
   266.250000       50.0994530       1.65142410E-07
   270.000000       50.0994530       5.80512278E-07
   273.750000       50.0994530       1.37539610E-06
   277.500000       50.0994530       1.02278136E-07
   281.250000       50.0994530      -7.15226633E-09
   285.000000       50.0994530       6.35191100E-09
   288.750000       50.0994530       1.28820830E-07
   292.500000       50.0994530       1.87598198E-06
   296.250000       50.0994530       2.33233004E-06
   300.000000       50.0994530       5.77496394E-06
   303.750000       50.0994530       7.04389095E-06
   307.500000       50.0994530       7.38335802E-06
   311.250000       50.0994530       4.43339377E-06
   315.000000       50.0994530       5.84703230E-07
   318.750000       50.0994530       7.34071364E-08
   322.500000       50.0994530       2.98787199E-07
   326.250000       50.0994530       5.01240720E-08
   330.000000       50.0994530      -6.86195563E-08
   333.750000       50.0994530       4.73301043E-08
   337.500000       50.0994530       2.91336619E-07
   341.250000       50.0994530       3.20673280E-07
   345.000000       50.0994530       6.78032666E-06
   348.750000       50.0994530       6.02864020E-07
   352.500000       50.0994530      -4.35829861E-09
   356.250000       50.0994530       4.58892464E-06
   360.000000       50.0994530      -8.11924110E-08
   0.00000000       53.8102722       5.20441972E-07
   3.75000000       53.8102722       4.18927812E-07
   7.50000000       53.8102722       4.18927812E-07
   11.2500000       53.8102722       2.30334990E-07
   15.0000000       53.8102722       4.65959602E-07
   18.7500000       53.8102722       2.46633135E-07
   22.5000000       53.8102722       5.71089913E-08
   26.2500000       53.8102722       8.55718099E-07
   30.0000000       53.8102722       2.82313704E-06
   33.7500000       53.8102722       8.96696292E-07
   37.5000000       53.8102722       1.56259193E-06
   41.2500000       53.8102722       2.02499359E-06
   45.0000000       53.8102722       2.57447391E-06
   48.7500000       53.8102722       1.47318497E-06
   52.5000000       53.8102722       2.30671867E-06
   56.2500000       53.8102722       4.25411417E-06
   60.0000000       53.8102722       4.49532672E-06
   63.7500000       53.8102722       2.00357317E-06
   67.5000000       53.8102722       2.66481220E-06
   71.2500000       53.8102722       1.53977453E-06
   75.0000000       53.8102722       1.81172072E-06
   78.7500000       53.8102722       1.11835107E-06
   82.5000000       53.8102722       3.10719042E-06
   86.2500000       53.8102722      -2.29847501E-08
   90.0000000       53.8102722       2.54440238E-08
   93.7500000       53.8102722       3.05662979E-08
   97.5000000       53.8102722       6.44773536E-07
   101.250000       53.8102722       7.10788299E-08
   105.000000       53.8102722       1.91219442E-07
   108.750000       53.8102722       2.04257958E-07
   112.500000       53.8102722       3.32314812E-07
   116.250000       53.8102722       2.95527570E-07
   120.000000       53.8102722       3.94247763E-07
   123.750000       53.8102722       2.68984877E-07
   127.500000       53.8102722       2.41045200E-07
   131.250000       53.8102722       3.86797183E-07
   135.000000       53.8102722       7.08103471E-07
   138.750000       53.8102722       5.84703230E-07
   142.500000       53.8102722       8.51527147E-07
   146.250000       53.8102722       1.10205292E-06
   150.000000       53.8102722       3.93782102E-07
   153.750000       53.8102722       6.29872375E-07
   157.500000       53.8102722       5.08800440E-07
   161.250000       53.8102722       2.38634675E-06
   165.000000       53.8102722       4.40685108E-06
   168.750000       53.8102722       3.66308086E-07
   172.500000       53.8102722      -8.11924110E-08
   176.250000       53.8102722      -2.48473953E-08
   180.000000       53.8102722      -2.57787178E-08
   183.750000       53.8102722       1.47447281E-07
   187.500000       53.8102722       3.84825398E-08
   191.250000       53.8102722       6.16368197E-07
   195.000000       53.8102722       1.62033393E-06
   198.750000       53.8102722       3.71430360E-07
   202.500000       53.8102722       1.47411629E-06
   206.250000       53.8102722       4.83189069E-07
   210.000000       53.8102722       1.89356797E-07
   213.750000       53.8102722       2.21021764E-07
   217.500000       53.8102722       2.56412022E-07
   221.250000       53.8102722       5.61776687E-08
   225.000000       53.8102722       9.58163582E-07
   228.750000       53.8102722       5.95610618E-06
   232.500000       53.8102722       5.07274672E-06
   236.250000       53.8102722       3.73257353E-06
   240.000000       53.8102722       1.20962068E-06
   243.750000       53.8102722      -2.53130565E-08
   247.500000       53.8102722       2.26500561E-08
   251.250000       53.8102722       8.50486686E-08
   255.000000       53.8102722       1.67574763E-06
   258.750000       53.8102722       1.89693674E-06
   262.500000       53.8102722       2.91336619E-07
   266.250000       53.8102722       3.66308086E-07
   270.000000       53.8102722       2.58740329E-07
   273.750000       53.8102722       3.18810635E-07
   277.500000       53.8102722       4.36354458E-06
   281.250000       53.8102722       8.69222276E-07
   285.000000       53.8102722       1.86097168E-07
   288.750000       53.8102722       6.09383278E-07
   292.500000       53.8102722       5.28823875E-07
   296.250000       53.8102722       4.98892769E-06
   300.000000       53.8102722       2.47994467E-06
   303.750000       53.8102722       4.07530024E-06
   307.500000       53.8102722       5.74097066E-06
   311.250000       53.8102722       2.53675535E-06
   315.000000       53.8102722      -1.72462023E-07
   318.750000       53.8102722      -1.69311534E-08
   322.500000       53.8102722       2.34525942E-07
   326.250000       53.8102722       2.28472345E-07
   330.000000       53.8102722       1.97273039E-07
   333.750000       53.8102722       3.86797183E-07
   337.500000       53.8102722       4.92967956E-07
   341.250000       53.8102722       6.70384907E-07
   345.000000       53.8102722       6.65180414E-06
   348.750000       53.8102722       1.86097168E-07
   352.500000       53.8102722       3.94713425E-07
   356.250000       53.8102722       3.73758667E-07
   360.000000       53.8102722       5.20441972E-07
   0.00000000       57.5209885       7.28323357E-09
   3.75000000       57.5209885       3.70855560E-08
   7.50000000       57.5209885       1.43256329E-07
   11.2500000       57.5209885       3.66773747E-07
   15.0000000       57.5209885       3.59788828E-07
   18.7500000       57.5209885       4.00301360E-07
   22.5000000       57.5209885       1.21835910E-07
   26.2500000       57.5209885       4.38915595E-06
   30.0000000       57.5209885       3.63979780E-07
   33.7500000       57.5209885       5.27344673E-06
   37.5000000       57.5209885       5.22175833E-06
   41.2500000       57.5209885       1.78471237E-06
   45.0000000       57.5209885       3.83071892E-07
   48.7500000       57.5209885       1.06992229E-06
   52.5000000       57.5209885       2.78495281E-06
   56.2500000       57.5209885       4.55074041E-06
   60.0000000       57.5209885       4.17169213E-06
   63.7500000       57.5209885       2.45247065E-06
   67.5000000       57.5209885       1.74094021E-06
   71.2500000       57.5209885       1.59518822E-06
   75.0000000       57.5209885       9.46522050E-07
   78.7500000       57.5209885       1.29856198E-06
   82.5000000       57.5209885       5.64679794E-07
   86.2500000       57.5209885       9.80871846E-08
   90.0000000       57.5209885       3.55794327E-09
   93.7500000       57.5209885       2.06586265E-07
   97.5000000       57.5209885       1.91975414E-06
   101.250000       57.5209885       2.73175829E-07
   105.000000       57.5209885       9.35346179E-07
   108.750000       57.5209885       1.26492523E-07
   112.500000       57.5209885       1.72127329E-07
   116.250000       57.5209885       4.10080247E-07
   120.000000       57.5209885       1.42681529E-08
   123.750000       57.5209885       5.33014827E-07
   127.500000       57.5209885       1.05734944E-06
   131.250000       57.5209885       1.04757055E-06
   135.000000       57.5209885       1.03686034E-06
   138.750000       57.5209885       4.29172360E-07
   142.500000       57.5209885       1.74466550E-06
   146.250000       57.5209885       4.03665035E-06
   150.000000       57.5209885       3.73350485E-06
   153.750000       57.5209885       3.87506589E-06
   157.500000       57.5209885       2.63407856E-06
   161.250000       57.5209885       2.03011587E-06
   165.000000       57.5209885       1.00472971E-06
   168.750000       57.5209885       2.32022285E-06
   172.500000       57.5209885       3.23617860E-06
   176.250000       57.5209885       4.23083111E-06
   180.000000       57.5209885       5.00336319E-06
   183.750000       57.5209885       5.43363421E-06
   187.500000       57.5209885       4.65970516E-06
   191.250000       57.5209885       2.55864143E-06
   195.000000       57.5209885       1.39961048E-06
   198.750000       57.5209885       4.56646376E-07
   202.500000       57.5209885       1.99135684E-07
   206.250000       57.5209885       1.35340088E-07
   210.000000       57.5209885       3.62117135E-07
   213.750000       57.5209885       3.70964699E-07
   217.500000       57.5209885       3.97973054E-07
   221.250000       57.5209885       4.92326944E-06
   225.000000       57.5209885       6.84598490E-06
   228.750000       57.5209885       6.22665539E-06
   232.500000       57.5209885       4.71465319E-06
   236.250000       57.5209885       2.40404188E-06
   240.000000       57.5209885       8.16136890E-07
   243.750000       57.5209885       5.94947778E-07
   247.500000       57.5209885       1.25561201E-07
   251.250000       57.5209885       2.80626409E-07
   255.000000       57.5209885       6.82492100E-07
   258.750000       57.5209885       1.61417120E-07
   262.500000       57.5209885       1.16247975E-07
   266.250000       57.5209885       2.18693458E-07
   270.000000       57.5209885       9.52932169E-08
   273.750000       57.5209885      -2.49565346E-09
   277.500000       57.5209885       5.32466947E-06
   281.250000       57.5209885       3.79543781E-06
   285.000000       57.5209885       4.98566806E-06
   288.750000       57.5209885       1.37202733E-07
   292.500000       57.5209885       3.34328070E-06
   296.250000       57.5209885       1.24081998E-06
   300.000000       57.5209885       3.62873106E-06
   303.750000       57.5209885       1.12906127E-06
   307.500000       57.5209885      -3.74093361E-07
   311.250000       57.5209885       6.03686203E-08
   315.000000       57.5209885       5.90756827E-07
   318.750000       57.5209885      -6.48942660E-08
   322.500000       57.5209885      -2.48473953E-08
   326.250000       57.5209885       1.04140781E-07
   330.000000       57.5209885       4.21256118E-07
   333.750000       57.5209885       5.36740117E-07
   337.500000       57.5209885       1.87494152E-07
   341.250000       57.5209885       4.55120608E-06
   345.000000       57.5209885       7.42899283E-06
   348.750000       57.5209885       1.79577910E-07
   352.500000       57.5209885       1.00772013E-08
   356.250000       57.5209885       1.69529812E-09
   360.000000       57.5209885       7.28323357E-09
   0.00000000       61.2315712       8.97052814E-08
   3.75000000       61.2315712       1.03675120E-07
   7.50000000       61.2315712       2.88542651E-07
   11.2500000       61.2315712       1.46050297E-07
   15.0000000       61.2315712       9.43618943E-08
   18.7500000       61.2315712       1.65608071E-07
   22.5000000       61.2315712       4.01232683E-07
   26.2500000       61.2315712       1.74699380E-06
   30.0000000       61.2315712       9.88897227E-07
   33.7500000       61.2315712       3.19007813E-06
   37.5000000       61.2315712       6.90874003E-07
   41.2500000       61.2315712       7.30920874E-07
   45.0000000       61.2315712       6.22887455E-07
   48.7500000       61.2315712       6.68987923E-07
   52.5000000       61.2315712       7.37905793E-07
   56.2500000       61.2315712       8.08577170E-08
   60.0000000       61.2315712       1.11591362E-07
   63.7500000       61.2315712       9.45125066E-07
   67.5000000       61.2315712       1.12766429E-06
   71.2500000       61.2315712       5.44656359E-07
   75.0000000       61.2315712       1.14815339E-06
   78.7500000       61.2315712       1.61417120E-07
   82.5000000       61.2315712       1.61882781E-07
   86.2500000       61.2315712       2.12174200E-07
   90.0000000       61.2315712       1.06469088E-07
   93.7500000       61.2315712       5.63748472E-07
   97.5000000       61.2315712       3.66773747E-07
   101.250000       61.2315712       2.82023393E-07
   105.000000       61.2315712       2.43373506E-07
   108.750000       61.2315712       2.17762135E-07
   112.500000       61.2315712       4.12408554E-07
   116.250000       61.2315712       1.04477658E-06
   120.000000       61.2315712       1.64408266E-06
   123.750000       61.2315712       1.43220677E-06
   127.500000       61.2315712       8.22190486E-07
   131.250000       61.2315712       5.07403456E-07
   135.000000       61.2315712       1.74233719E-06
   138.750000       61.2315712       2.33931496E-06
   142.500000       61.2315712       3.87925684E-06
   146.250000       61.2315712       3.53187352E-06
   150.000000       61.2315712       3.24083521E-06
   153.750000       61.2315712       3.77401739E-06
   157.500000       61.2315712       3.56586679E-06
   161.250000       61.2315712       1.13977148E-06
   165.000000       61.2315712       2.17447086E-06
   168.750000       61.2315712       1.13325223E-06
   172.500000       61.2315712       7.50944309E-07
   176.250000       61.2315712       1.58866897E-06
   180.000000       61.2315712       3.75492527E-06
   183.750000       61.2315712       3.88950139E-06
   187.500000       61.2315712       2.97540828E-06
   191.250000       61.2315712       2.02359661E-06
   195.000000       61.2315712       9.19979357E-07
   198.750000       61.2315712       3.50475602E-07
   202.500000       61.2315712       3.59788828E-07
   206.250000       61.2315712       3.37437086E-07
   210.000000       61.2315712       8.47801857E-07
   213.750000       61.2315712       2.13814928E-06
   217.500000       61.2315712       5.44015347E-06
   221.250000       61.2315712       3.10206815E-06
   225.000000       61.2315712       4.16610419E-06
   228.750000       61.2315712       2.06131517E-06
   232.500000       61.2315712       2.63733818E-06
   236.250000       61.2315712       1.55467569E-06
   240.000000       61.2315712       4.95492714E-09
   243.750000       61.2315712      -1.09866960E-09
   247.500000       61.2315712       1.73069566E-06
   251.250000       61.2315712       9.00421583E-07
   255.000000       61.2315712       8.87848728E-07
   258.750000       61.2315712       8.43610906E-07
   262.500000       61.2315712       1.73058652E-07
   266.250000       61.2315712       2.07051926E-07
   270.000000       61.2315712       1.87959813E-07
   273.750000       61.2315712       2.82954716E-07
   277.500000       61.2315712       7.06706487E-07
   281.250000       61.2315712       4.82723408E-07
   285.000000       61.2315712       8.99024599E-07
   288.750000       61.2315712       4.50463995E-06
   292.500000       61.2315712      -9.88875399E-08
   296.250000       61.2315712      -8.67803465E-08
   300.000000       61.2315712       1.52569555E-07
   303.750000       61.2315712      -3.59657861E-07
   307.500000       61.2315712       6.35191100E-09
   311.250000       61.2315712       4.50017978E-08
   315.000000       61.2315712       1.31149136E-07
   318.750000       61.2315712       1.10085239E-08
   322.500000       61.2315712      -5.28962119E-09
   326.250000       61.2315712       2.70847522E-07
   330.000000       61.2315712       3.34177457E-07
   333.750000       61.2315712       3.70499038E-07
   337.500000       61.2315712       4.12408554E-07
   341.250000       61.2315712       3.16306978E-06
   345.000000       61.2315712       5.40010660E-06
   348.750000       61.2315712       4.36680421E-06
   352.500000       61.2315712       8.65962647E-07
   356.250000       61.2315712       1.36271410E-07
   360.000000       61.2315712       8.97052814E-08
   0.00000000       64.9419479       1.13511487E-06
   3.75000000       64.9419479       6.71781891E-07
   7.50000000       64.9419479       1.63337245E-06
   11.2500000       64.9419479       5.41396730E-07
   15.0000000       64.9419479       4.88311343E-07
   18.7500000       64.9419479       3.56529199E-07
   22.5000000       64.9419479       5.49778633E-07
   26.2500000       64.9419479       3.29986506E-07
   30.0000000       64.9419479       1.50717824E-06
   33.7500000       64.9419479       4.83654730E-07
   37.5000000       64.9419479       2.67122232E-07
   41.2500000       64.9419479       3.87262844E-07
   45.0000000       64.9419479       4.30103682E-07
   48.7500000       64.9419479       2.48030119E-07
   52.5000000       64.9419479       8.05892341E-07
   56.2500000       64.9419479       5.86100214E-07
   60.0000000       64.9419479       4.36157279E-07
   63.7500000       64.9419479       3.58391844E-07
   67.5000000       64.9419479       2.75504135E-07
   71.2500000       64.9419479       2.93664925E-07
   75.0000000       64.9419479       3.25329893E-07
   78.7500000       64.9419479       5.28358214E-07
   82.5000000       64.9419479       7.37905793E-07
   86.2500000       64.9419479       2.74107151E-07
   90.0000000       64.9419479       2.40113877E-07
   93.7500000       64.9419479       3.68636393E-07
   97.5000000       64.9419479       7.09034794E-07
   101.250000       64.9419479       1.05408981E-06
   105.000000       64.9419479       1.28692045E-06
   108.750000       64.9419479       1.19611650E-06
   112.500000       64.9419479       1.08482345E-06
   116.250000       64.9419479       1.02195918E-06
   120.000000       64.9419479       1.01124897E-06
   123.750000       64.9419479       1.53185829E-06
   127.500000       64.9419479       2.46876880E-06
   131.250000       64.9419479       2.11998849E-06
   135.000000       64.9419479       2.73140176E-06
   138.750000       64.9419479       2.50462472E-06
   142.500000       64.9419479       3.07599112E-06
   146.250000       64.9419479       2.56842031E-06
   150.000000       64.9419479       4.05248284E-06
   153.750000       64.9419479       3.43268766E-06
   157.500000       64.9419479       2.96097278E-06
   161.250000       64.9419479       9.94485163E-07
   165.000000       64.9419479       5.17182343E-07
   168.750000       64.9419479       3.53735231E-07
   172.500000       64.9419479       5.85168891E-07
   176.250000       64.9419479       2.87901639E-06
   180.000000       64.9419479       3.63385334E-06
   183.750000       64.9419479       3.74468073E-06
   187.500000       64.9419479       3.62593710E-06
   191.250000       64.9419479       3.81033897E-06
   195.000000       64.9419479       3.80801066E-06
   198.750000       64.9419479       2.90555909E-06
   202.500000       64.9419479       3.01359250E-06
   206.250000       64.9419479       3.69578629E-06
   210.000000       64.9419479       5.06063952E-06
   213.750000       64.9419479       5.28136297E-06
   217.500000       64.9419479       4.25318285E-06
   221.250000       64.9419479       3.66970926E-06
   225.000000       64.9419479       4.09206405E-06
   228.750000       64.9419479       3.48856702E-06
   232.500000       64.9419479       4.25912731E-07
   236.250000       64.9419479      -1.65477104E-07
   240.000000       64.9419479       4.73875843E-07
   243.750000       64.9419479       7.94250809E-07
   247.500000       64.9419479       1.61008938E-06
   251.250000       64.9419479       1.55421003E-06
   255.000000       64.9419479       9.19513695E-07
   258.750000       64.9419479       9.67942469E-07
   262.500000       64.9419479       2.04315438E-06
   266.250000       64.9419479       5.79580956E-07
   270.000000       64.9419479      -2.85726856E-08
   273.750000       64.9419479       9.03681212E-07
   277.500000       64.9419479       3.19741957E-07
   281.250000       64.9419479       2.17819616E-06
   285.000000       64.9419479       4.64433833E-06
   288.750000       64.9419479       5.20173489E-06
   292.500000       64.9419479      -1.04475475E-07
   296.250000       64.9419479       1.26492523E-07
   300.000000       64.9419479       7.34071364E-08
   303.750000       64.9419479       6.54908945E-08
   307.500000       64.9419479       1.78646587E-07
   311.250000       64.9419479       1.64211087E-07
   315.000000       64.9419479       2.73175829E-07
   318.750000       64.9419479       2.19624781E-07
   322.500000       64.9419479       3.93316441E-07
   326.250000       64.9419479       4.12765075E-08
   330.000000       64.9419479       4.32897650E-07
   333.750000       64.9419479       3.45353328E-07
   337.500000       64.9419479       1.33943104E-07
   341.250000       64.9419479       7.55135261E-07
   345.000000       64.9419479       5.60127228E-06
   348.750000       64.9419479       3.44712316E-06
   352.500000       64.9419479       5.72560384E-06
   356.250000       64.9419479       9.06475179E-07
   360.000000       64.9419479       1.13511487E-06
   0.00000000       68.6520157       7.05599814E-06
   3.75000000       68.6520157       6.38032361E-06
   7.50000000       68.6520157       6.99255907E-07
   11.2500000       68.6520157       3.82606231E-07
   15.0000000       68.6520157       3.34177457E-07
   18.7500000       68.6520157       3.60254489E-07
   22.5000000       68.6520157       4.02164005E-07
   26.2500000       68.6520157       1.87494152E-07
   30.0000000       68.6520157       2.03326636E-07
   33.7500000       68.6520157       4.90639650E-07
   37.5000000       68.6520157       1.54769077E-06
   41.2500000       68.6520157       3.74840602E-06
   45.0000000       68.6520157       4.62234311E-07
   48.7500000       68.6520157       5.38137101E-07
   52.5000000       68.6520157       2.96924554E-07
   56.2500000       68.6520157       4.58974682E-07
   60.0000000       68.6520157       4.99021553E-07
   63.7500000       68.6520157       3.29520844E-07
   67.5000000       68.6520157       2.10777216E-07
   71.2500000       68.6520157       2.81557732E-07
   75.0000000       68.6520157       4.79929440E-07
   78.7500000       68.6520157       2.93199264E-07
   82.5000000       68.6520157       7.73296051E-07
   86.2500000       68.6520157       2.86132126E-06
   90.0000000       68.6520157       1.78610935E-06
   93.7500000       68.6520157       2.20380753E-06
   97.5000000       68.6520157       2.06736877E-06
   101.250000       68.6520157       2.06923141E-06
   105.000000       68.6520157       1.91835716E-06
   108.750000       68.6520157       1.62871584E-06
   112.500000       68.6520157       1.45455851E-06
   116.250000       68.6520157       2.02080264E-06
   120.000000       68.6520157       2.90928438E-06
   123.750000       68.6520157       3.21615516E-06
   127.500000       68.6520157       1.92953303E-06
   131.250000       68.6520157       1.77074253E-06
   135.000000       68.6520157       2.01148941E-06
   138.750000       68.6520157       2.97075167E-06
   142.500000       68.6520157       3.77727702E-06
   146.250000       68.6520157       2.95491918E-06
   150.000000       68.6520157       3.73583316E-06
   153.750000       68.6520157       3.74561205E-06
   157.500000       68.6520157       3.09322058E-06
   161.250000       68.6520157       1.99286296E-06
   165.000000       68.6520157       1.32510468E-06
   168.750000       68.6520157       7.64448487E-07
   172.500000       68.6520157       2.05619290E-06
   176.250000       68.6520157       2.03290983E-06
   180.000000       68.6520157       2.43244722E-06
   183.750000       68.6520157       2.96935468E-06
   187.500000       68.6520157       1.97935879E-06
   191.250000       68.6520157       1.65991514E-06
   195.000000       68.6520157       2.56562635E-06
   198.750000       68.6520157       1.15839794E-06
   202.500000       68.6520157       6.63399987E-07
   206.250000       68.6520157       5.99604391E-07
   210.000000       68.6520157       3.18344973E-07
   213.750000       68.6520157       1.41393684E-07
   217.500000       68.6520157       2.33594619E-07
   221.250000       68.6520157       2.71778845E-07
   225.000000       68.6520157       2.30334990E-07
   228.750000       68.6520157       1.33943104E-07
   232.500000       68.6520157       1.51638233E-07
   236.250000       68.6520157       6.23818778E-07
   240.000000       68.6520157       1.17469608E-06
   243.750000       68.6520157       1.38051837E-06
   247.500000       68.6520157       1.48436084E-06
   251.250000       68.6520157       1.52347639E-06
   255.000000       68.6520157       1.75118475E-06
   258.750000       68.6520157       2.54467159E-06
   262.500000       68.6520157       3.05457070E-06
   266.250000       68.6520157       4.78532456E-07
   270.000000       68.6520157       7.52341293E-07
   273.750000       68.6520157       2.73641490E-07
   277.500000       68.6520157       4.35225957E-07
   281.250000       68.6520157       4.51255619E-06
   285.000000       68.6520157       3.08204471E-06
   288.750000       68.6520157       3.51697236E-06
   292.500000       68.6520157       1.51638233E-07
   296.250000       68.6520157       2.78298103E-07
   300.000000       68.6520157       2.81092071E-07
   303.750000       68.6520157       5.80977940E-07
   307.500000       68.6520157       1.98560883E-08
   311.250000       68.6520157      -9.00399755E-08
   315.000000       68.6520157      -2.22287781E-07
   318.750000       68.6520157       7.66667654E-08
   322.500000       68.6520157       1.83768861E-07
   326.250000       68.6520157       3.33602657E-08
   330.000000       68.6520157       2.01929652E-07
   333.750000       68.6520157       2.11242877E-07
   337.500000       68.6520157       7.15444912E-08
   341.250000       68.6520157       1.10194378E-07
   345.000000       68.6520157       5.57694875E-07
   348.750000       68.6520157       4.29369538E-06
   352.500000       68.6520157       4.18053969E-06
   356.250000       68.6520157       3.14490899E-06
   360.000000       68.6520157       7.05599814E-06
   0.00000000       72.3615875       3.03640991E-06
   3.75000000       72.3615875       3.74794035E-06
   7.50000000       72.3615875       6.06413960E-06
   11.2500000       72.3615875       5.07554068E-06
   15.0000000       72.3615875       1.83081283E-06
   18.7500000       72.3615875       3.84934538E-07
   22.5000000       72.3615875       1.49309926E-07
   26.2500000       72.3615875       3.06237780E-07
   30.0000000       72.3615875       2.21021764E-07
   33.7500000       72.3615875       6.30338036E-07
   37.5000000       72.3615875       1.22219353E-06
   41.2500000       72.3615875       2.73419573E-06
   45.0000000       72.3615875       4.56936687E-06
   48.7500000       72.3615875       4.91861283E-06
   52.5000000       72.3615875       4.22757148E-06
   56.2500000       72.3615875       1.28552347E-06
   60.0000000       72.3615875       3.41628038E-07
   63.7500000       72.3615875       2.95527570E-07
   67.5000000       72.3615875       5.79115294E-07
   71.2500000       72.3615875       1.33721187E-06
   75.0000000       72.3615875       2.43663817E-06
   78.7500000       72.3615875       2.70299643E-06
   82.5000000       72.3615875       2.07575067E-06
   86.2500000       72.3615875       1.74978777E-06
   90.0000000       72.3615875       1.51462882E-06
   93.7500000       72.3615875       1.15979492E-06
   97.5000000       72.3615875       1.16864248E-06
   101.250000       72.3615875       9.20445018E-07
   105.000000       72.3615875       2.21917435E-06
   108.750000       72.3615875       2.02778756E-06
   112.500000       72.3615875       1.67947292E-06
   116.250000       72.3615875       1.43453508E-06
   120.000000       72.3615875       1.10996916E-06
   123.750000       72.3615875       7.36974471E-07
   127.500000       72.3615875       7.31852197E-07
   131.250000       72.3615875       8.06823664E-07
   135.000000       72.3615875       1.29949331E-06
   138.750000       72.3615875       2.19775393E-06
   142.500000       72.3615875       2.40869849E-06
   146.250000       72.3615875       4.26249608E-06
   150.000000       72.3615875       3.28367605E-06
   153.750000       72.3615875       3.28740134E-06
   157.500000       72.3615875       2.62104004E-06
   161.250000       72.3615875       1.62266224E-06
   165.000000       72.3615875       5.12060069E-07
   168.750000       72.3615875       7.27661245E-07
   172.500000       72.3615875       1.05036452E-06
   176.250000       72.3615875       1.49088009E-06
   180.000000       72.3615875       2.02825322E-06
   183.750000       72.3615875       2.49112054E-06
   187.500000       72.3615875       2.20334186E-06
   191.250000       72.3615875       2.03058153E-06
   195.000000       72.3615875       2.15258478E-06
   198.750000       72.3615875       1.17888703E-06
   202.500000       72.3615875       7.28126906E-07
   206.250000       72.3615875       1.05641811E-06
   210.000000       72.3615875       1.47877290E-06
   213.750000       72.3615875       1.59565388E-06
   217.500000       72.3615875       2.01521470E-06
   221.250000       72.3615875       2.65410199E-06
   225.000000       72.3615875       2.27086275E-06
   228.750000       72.3615875       2.22988456E-06
   232.500000       72.3615875       2.31277227E-06
   236.250000       72.3615875       2.91300967E-06
   240.000000       72.3615875       3.00148531E-06
   243.750000       72.3615875       3.01498949E-06
   247.500000       72.3615875       3.02989065E-06
   251.250000       72.3615875       2.73605838E-06
   255.000000       72.3615875       3.86797183E-07
   258.750000       72.3615875       3.29986506E-07
   262.500000       72.3615875       8.32435035E-07
   266.250000       72.3615875       6.33597665E-07
   270.000000       72.3615875       8.25915777E-07
   273.750000       72.3615875       2.85283022E-07
   277.500000       72.3615875       1.58587500E-06
   281.250000       72.3615875       2.49717414E-06
   285.000000       72.3615875       2.32953607E-06
   288.750000       72.3615875       2.54886254E-06
   292.500000       72.3615875       2.89298623E-06
   296.250000       72.3615875       5.33014827E-07
   300.000000       72.3615875      -6.02376531E-08
   303.750000       72.3615875       5.57120075E-08
   307.500000       72.3615875       8.36516847E-08
   311.250000       72.3615875       2.14502506E-07
   315.000000       72.3615875       8.83082976E-08
   318.750000       72.3615875      -7.32761691E-08
   322.500000       72.3615875      -2.67100404E-08
   326.250000       72.3615875       1.05072104E-07
   330.000000       72.3615875       3.10894393E-07
   333.750000       72.3615875       3.27192538E-07
   337.500000       72.3615875       1.89822458E-07
   341.250000       72.3615875       2.00067007E-07
   345.000000       72.3615875       1.42790668E-07
   348.750000       72.3615875       3.15085344E-07
   352.500000       72.3615875       3.61662387E-06
   356.250000       72.3615875       3.80707934E-06
   360.000000       72.3615875       3.03640991E-06
   0.00000000       76.0702438       3.43035936E-06
   3.75000000       76.0702438       3.24036955E-06
   7.50000000       76.0702438       2.81289249E-06
   11.2500000       76.0702438       1.99798524E-06
   15.0000000       76.0702438       1.09041139E-06
   18.7500000       76.0702438       6.05192326E-07
   22.5000000       76.0702438       8.27778422E-07
   26.2500000       76.0702438       1.51276618E-06
   30.0000000       76.0702438       1.42894714E-06
   33.7500000       76.0702438       8.73413228E-07
   37.5000000       76.0702438       1.14768773E-06
   41.2500000       76.0702438       1.49367406E-06
   45.0000000       76.0702438       2.21218943E-06
   48.7500000       76.0702438       2.87855073E-06
   52.5000000       76.0702438       1.43872603E-06
   56.2500000       76.0702438       2.82546534E-06
   60.0000000       76.0702438       3.76097887E-06
   63.7500000       76.0702438       3.29392060E-06
   67.5000000       76.0702438       2.97168299E-06
   71.2500000       76.0702438       2.76865467E-06
   75.0000000       76.0702438       1.71160355E-06
   78.7500000       76.0702438       1.74745946E-06
   82.5000000       76.0702438       1.96957990E-06
   86.2500000       76.0702438       2.05060496E-06
   90.0000000       76.0702438       1.58401235E-06
   93.7500000       76.0702438       1.46061211E-06
   97.5000000       76.0702438       1.24827056E-06
   101.250000       76.0702438       1.09693065E-06
   105.000000       76.0702438       9.41865437E-07
   108.750000       76.0702438       8.57115083E-07
   112.500000       76.0702438       7.87265890E-07
   116.250000       76.0702438       5.75390004E-07
   120.000000       76.0702438       8.73878889E-07
   123.750000       76.0702438       1.69903069E-06
   127.500000       76.0702438       1.58960029E-06
   131.250000       76.0702438       1.25618681E-06
   135.000000       76.0702438       1.48808613E-06
   138.750000       76.0702438       1.78471237E-06
   142.500000       76.0702438       2.14327156E-06
   146.250000       76.0702438       2.82034307E-06
   150.000000       76.0702438       2.44734838E-06
   153.750000       76.0702438       4.16191324E-06
   157.500000       76.0702438       4.02081787E-06
   161.250000       76.0702438       2.66248389E-06
   165.000000       76.0702438       2.77610525E-06
   168.750000       76.0702438       1.67854159E-06
   172.500000       76.0702438       6.93667971E-07
   176.250000       76.0702438       3.95179086E-07
   180.000000       76.0702438       4.66890924E-07
   183.750000       76.0702438       4.40813892E-07
   187.500000       76.0702438       3.50009941E-07
   191.250000       76.0702438       3.15085344E-07
   195.000000       76.0702438       3.38368409E-07
   198.750000       76.0702438       4.74341505E-07
   202.500000       76.0702438       7.83540600E-07
   206.250000       76.0702438       1.11322879E-06
   210.000000       76.0702438       1.21846824E-06
   213.750000       76.0702438       1.69763371E-06
   217.500000       76.0702438       2.11300357E-06
   221.250000       76.0702438       2.81987741E-06
   225.000000       76.0702438       3.33955541E-06
   228.750000       76.0702438       2.83990084E-06
   232.500000       76.0702438       2.77936488E-06
   236.250000       76.0702438       3.20730760E-06
   240.000000       76.0702438       3.22127744E-06
   243.750000       76.0702438       4.85983037E-07
   247.500000       76.0702438      -2.15877662E-08
   251.250000       76.0702438       1.79934432E-08
   255.000000       76.0702438       9.19048034E-07
   258.750000       76.0702438       8.55252438E-07
   262.500000       76.0702438       4.90639650E-07
   266.250000       76.0702438       2.67831638E-06
   270.000000       76.0702438       1.64211087E-07
   273.750000       76.0702438       2.53152393E-07
   277.500000       76.0702438       2.03792297E-07
   281.250000       76.0702438      -1.69311534E-08
   285.000000       76.0702438       1.21370249E-07
   288.750000       76.0702438       4.01232683E-07
   292.500000       76.0702438       1.94164022E-06
   296.250000       76.0702438       4.65225457E-06
   300.000000       76.0702438       4.06272738E-06
   303.750000       76.0702438       3.86249303E-06
   307.500000       76.0702438       2.15817272E-06
   311.250000       76.0702438       1.04663923E-06
   315.000000       76.0702438       7.19279342E-07
   318.750000       76.0702438       5.89825504E-07
   322.500000       76.0702438       4.11477231E-07
   326.250000       76.0702438       4.37554263E-07
   330.000000       76.0702438       4.33828973E-07
   333.750000       76.0702438       2.03792297E-07
   337.500000       76.0702438       2.40113877E-07
   341.250000       76.0702438       2.79229425E-07
   345.000000       76.0702438       3.91919457E-07
   348.750000       76.0702438       4.33828973E-07
   352.500000       76.0702438       2.78960943E-06
   356.250000       76.0702438       5.74748992E-06
   360.000000       76.0702438       3.43035936E-06
   0.00000000       79.7770462       2.99496605E-06
   3.75000000       79.7770462       2.96283542E-06
   7.50000000       79.7770462       2.56842031E-06
   11.2500000       79.7770462       2.39053770E-06
   15.0000000       79.7770462       2.53908365E-06
   18.7500000       79.7770462       2.87855073E-06
   22.5000000       79.7770462       2.69927114E-06
   26.2500000       79.7770462       2.26294651E-06
   30.0000000       79.7770462       2.05805554E-06
   33.7500000       79.7770462       2.05665856E-06
   37.5000000       79.7770462       2.17027991E-06
   41.2500000       79.7770462       2.29368015E-06
   45.0000000       79.7770462       2.27179407E-06
   48.7500000       79.7770462       1.88203558E-06
   52.5000000       79.7770462       1.49460539E-06
   56.2500000       79.7770462       1.29763066E-06
   60.0000000       79.7770462       1.23849168E-06
   63.7500000       79.7770462       1.10298424E-06
   67.5000000       79.7770462       9.34414857E-07
   71.2500000       79.7770462       9.16254066E-07
   75.0000000       79.7770462       1.05129584E-06
   78.7500000       79.7770462       1.21613994E-06
   82.5000000       79.7770462       1.35537266E-06
   86.2500000       79.7770462       1.46387174E-06
   90.0000000       79.7770462       1.60496711E-06
   93.7500000       79.7770462       1.69344275E-06
   97.5000000       79.7770462       1.81870564E-06
   101.250000       79.7770462       1.83360680E-06
   105.000000       79.7770462       1.84059172E-06
   108.750000       79.7770462       1.65851816E-06
   112.500000       79.7770462       1.07271626E-06
   116.250000       79.7770462       1.42196222E-06
   120.000000       79.7770462       1.92999869E-06
   123.750000       79.7770462       1.48389518E-06
   127.500000       79.7770462       1.53465226E-06
   131.250000       79.7770462       2.03896343E-06
   135.000000       79.7770462       2.39146902E-06
   138.750000       79.7770462       2.29833677E-06
   142.500000       79.7770462       2.75375351E-06
   146.250000       79.7770462       3.57518002E-06
   150.000000       79.7770462       3.79636913E-06
   153.750000       79.7770462       3.04572313E-06
   157.500000       79.7770462       2.53628968E-06
   161.250000       79.7770462       3.17564263E-06
   165.000000       79.7770462       3.99520650E-06
   168.750000       79.7770462       4.29276406E-06
   172.500000       79.7770462       3.68554174E-06
   176.250000       79.7770462       2.75794446E-06
   180.000000       79.7770462       2.41940870E-06
   183.750000       79.7770462       2.37377390E-06
   187.500000       79.7770462       2.32394814E-06
   191.250000       79.7770462       2.22289964E-06
   195.000000       79.7770462       2.12371378E-06
   198.750000       79.7770462       2.00636714E-06
   202.500000       79.7770462       1.83220982E-06
   206.250000       79.7770462       1.78052142E-06
   210.000000       79.7770462       2.72441685E-06
   213.750000       79.7770462       2.56795465E-06
   217.500000       79.7770462       2.76213541E-06
   221.250000       79.7770462       3.02104309E-06
   225.000000       79.7770462       3.17471131E-06
   228.750000       79.7770462       2.94653728E-06
   232.500000       79.7770462       3.15515354E-06
   236.250000       79.7770462       1.93651795E-06
   240.000000       79.7770462       5.12991392E-07
   243.750000       79.7770462       5.88624971E-09
   247.500000       79.7770462      -6.33008312E-10
   251.250000       79.7770462       1.58157491E-07
   255.000000       79.7770462       5.16251021E-07
   258.750000       79.7770462       7.32783519E-07
   262.500000       79.7770462       5.61885827E-07
   266.250000       79.7770462       5.89359843E-07
   270.000000       79.7770462       1.41171768E-06
   273.750000       79.7770462       3.23850691E-06
   277.500000       79.7770462       6.82957761E-07
   281.250000       79.7770462       1.36737071E-07
   285.000000       79.7770462       1.94479071E-07
   288.750000       79.7770462       1.70264684E-07
   292.500000       79.7770462       1.87494152E-07
   296.250000       79.7770462       1.55363523E-07
   300.000000       79.7770462       2.04257958E-07
   303.750000       79.7770462       2.42907845E-07
   307.500000       79.7770462       2.58274667E-07
   311.250000       79.7770462       2.47098797E-07
   315.000000       79.7770462       2.41045200E-07
   318.750000       79.7770462       2.35922926E-07
   322.500000       79.7770462       2.78763764E-07
   326.250000       79.7770462       2.94130587E-07
   330.000000       79.7770462       2.37319910E-07
   333.750000       79.7770462       1.47912942E-07
   337.500000       79.7770462       2.38251232E-07
   341.250000       79.7770462       1.02847844E-06
   345.000000       79.7770462       3.22639971E-06
   348.750000       79.7770462       4.57029819E-06
   352.500000       79.7770462       4.12838563E-06
   356.250000       79.7770462       3.40893894E-06
   360.000000       79.7770462       2.99496605E-06
   0.00000000       83.4789200       2.21079245E-06
   3.75000000       83.4789200       2.27225974E-06
   7.50000000       83.4789200       2.35840707E-06
   11.2500000       83.4789200       2.46504351E-06
   15.0000000       83.4789200       2.51440360E-06
   18.7500000       83.4789200       2.34676554E-06
   22.5000000       83.4789200       2.05805554E-06
   26.2500000       83.4789200       1.77260517E-06
   30.0000000       83.4789200       1.65898382E-06
   33.7500000       83.4789200       1.71951979E-06
   37.5000000       83.4789200       1.80427014E-06
   41.2500000       83.4789200       1.81637733E-06
   45.0000000       83.4789200       1.76794856E-06
   48.7500000       83.4789200       1.69390842E-06
   52.5000000       83.4789200       1.62825017E-06
   56.2500000       83.4789200       1.57097384E-06
   60.0000000       83.4789200       1.51230051E-06
   63.7500000       83.4789200       1.47504761E-06
   67.5000000       83.4789200       1.44105434E-06
   71.2500000       83.4789200       1.38005271E-06
   75.0000000       83.4789200       1.31066918E-06
   78.7500000       83.4789200       1.23569771E-06
   82.5000000       83.4789200       1.17469608E-06
   86.2500000       83.4789200       1.14489376E-06
   90.0000000       83.4789200       1.18447497E-06
   93.7500000       83.4789200       1.35816663E-06
   97.5000000       83.4789200       1.63756340E-06
   101.250000       83.4789200       1.83919474E-06
   105.000000       83.4789200       1.79775088E-06
   108.750000       83.4789200       1.62778451E-06
   112.500000       83.4789200       1.82755321E-06
   116.250000       83.4789200       2.81894609E-06
   120.000000       83.4789200       3.30137118E-06
   123.750000       83.4789200       2.64897972E-06
   127.500000       83.4789200       2.42825627E-06
   131.250000       83.4789200       2.30858132E-06
   135.000000       83.4789200       2.01242074E-06
   138.750000       83.4789200       1.87225669E-06
   142.500000       83.4789200       1.88808917E-06
   146.250000       83.4789200       2.04827666E-06
   150.000000       83.4789200       2.29647412E-06
   153.750000       83.4789200       2.48413562E-06
   157.500000       83.4789200       2.54094630E-06
   161.250000       83.4789200       2.48320430E-06
   165.000000       83.4789200       2.39798828E-06
   168.750000       83.4789200       2.32813909E-06
   172.500000       83.4789200       2.34723120E-06
   176.250000       83.4789200       2.45386764E-06
   180.000000       83.4789200       2.57819920E-06
   183.750000       83.4789200       2.65643030E-06
   187.500000       83.4789200       2.63175025E-06
   191.250000       83.4789200       2.55025952E-06
   195.000000       83.4789200       2.52511381E-06
   198.750000       83.4789200       2.54280894E-06
   202.500000       83.4789200       2.77517393E-06
   206.250000       83.4789200       2.97121733E-06
   210.000000       83.4789200       2.91254401E-06
   213.750000       83.4789200       2.64246046E-06
   217.500000       83.4789200       2.75002822E-06
   221.250000       83.4789200       2.66667485E-06
   225.000000       83.4789200       1.65153324E-06
   228.750000       83.4789200       9.35811840E-07
   232.500000       83.4789200       6.06589310E-07
   236.250000       83.4789200       3.28589522E-07
   240.000000       83.4789200       1.74921297E-07
   243.750000       83.4789200       1.72592991E-07
   247.500000       83.4789200       2.99718522E-07
   251.250000       83.4789200       4.59906005E-07
   255.000000       83.4789200       6.53155439E-07
   258.750000       83.4789200       6.50827133E-07
   262.500000       83.4789200       6.09383278E-07
   266.250000       83.4789200       5.32083504E-07
   270.000000       83.4789200       5.33014827E-07
   273.750000       83.4789200       5.88894181E-07
   277.500000       83.4789200       6.64796971E-07
   281.250000       83.4789200       6.76438503E-07
   285.000000       83.4789200       6.68056600E-07
   288.750000       83.4789200       6.48498826E-07
   292.500000       83.4789200       7.01118552E-07
   296.250000       83.4789200       8.33832019E-07
   300.000000       83.4789200       1.02801278E-06
   303.750000       83.4789200       1.27853855E-06
   307.500000       83.4789200       1.59146293E-06
   311.250000       83.4789200       2.03197851E-06
   315.000000       83.4789200       2.49903678E-06
   318.750000       83.4789200       3.10067117E-06
   322.500000       83.4789200       3.62919673E-06
   326.250000       83.4789200       3.98961856E-06
   330.000000       83.4789200       3.78891855E-06
   333.750000       83.4789200       3.21336120E-06
   337.500000       83.4789200       2.70905002E-06
   341.250000       83.4789200       2.31882586E-06
   345.000000       83.4789200       2.12371378E-06
   348.750000       83.4789200       2.02685624E-06
   352.500000       83.4789200       2.04129174E-06
   356.250000       83.4789200       2.11346924E-06
   360.000000       83.4789200       2.21079245E-06
   0.00000000       87.1590958       5.27892553E-07
   3.75000000       87.1590958       6.37788617E-07
   7.50000000       87.1590958       7.82609277E-07
   11.2500000       87.1590958       9.54438292E-07
   15.0000000       87.1590958       1.13884016E-06
   18.7500000       87.1590958       1.32044806E-06
   22.5000000       87.1590958       1.47877290E-06
   26.2500000       87.1590958       1.61474600E-06
   30.0000000       87.1590958       1.73768058E-06
   33.7500000       87.1590958       1.85921817E-06
   37.5000000       87.1590958       1.97982445E-06
   41.2500000       87.1590958       2.07901030E-06
   45.0000000       87.1590958       2.15631007E-06
   48.7500000       87.1590958       2.21405207E-06
   52.5000000       87.1590958       2.25503027E-06
   56.2500000       87.1590958       2.30764999E-06
   60.0000000       87.1590958       2.35747575E-06
   63.7500000       87.1590958       2.40171357E-06
   67.5000000       87.1590958       2.43850081E-06
   71.2500000       87.1590958       2.46504351E-06
   75.0000000       87.1590958       2.47528806E-06
   78.7500000       87.1590958       2.45852425E-06
   82.5000000       87.1590958       2.41195812E-06
   86.2500000       87.1590958       2.32348248E-06
   90.0000000       87.1590958       2.19449430E-06
   93.7500000       87.1590958       2.04315438E-06
   97.5000000       87.1590958       1.88296690E-06
   101.250000       87.1590958       1.72697037E-06
   105.000000       87.1590958       1.59751653E-06
   108.750000       87.1590958       1.51649147E-06
   112.500000       87.1590958       1.46061211E-06
   116.250000       87.1590958       1.42708450E-06
   120.000000       87.1590958       1.41358032E-06
   123.750000       87.1590958       1.43872603E-06
   127.500000       87.1590958       1.51416316E-06
   131.250000       87.1590958       1.63942605E-06
   135.000000       87.1590958       1.81684300E-06
   138.750000       87.1590958       2.04315438E-06
   142.500000       87.1590958       2.28809222E-06
   146.250000       87.1590958       2.53070175E-06
   150.000000       87.1590958       2.74723425E-06
   153.750000       87.1590958       2.91300967E-06
   157.500000       87.1590958       3.01452383E-06
   161.250000       87.1590958       3.06341826E-06
   165.000000       87.1590958       3.07738810E-06
   168.750000       87.1590958       3.05969297E-06
   172.500000       87.1590958       3.02057742E-06
   176.250000       87.1590958       2.91207834E-06
   180.000000       87.1590958       2.75328784E-06
   183.750000       87.1590958       2.55351915E-06
   187.500000       87.1590958       2.32068851E-06
   191.250000       87.1590958       2.00636714E-06
   195.000000       87.1590958       1.65060192E-06
   198.750000       87.1590958       1.29949331E-06
   202.500000       87.1590958       9.82843630E-07
   206.250000       87.1590958       7.23470293E-07
   210.000000       87.1590958       5.74458682E-07
   213.750000       87.1590958       5.12060069E-07
   217.500000       87.1590958       5.24632924E-07
   221.250000       87.1590958       5.94016456E-07
   225.000000       87.1590958       6.87614374E-07
   228.750000       87.1590958       7.51409971E-07
   232.500000       87.1590958       7.87265890E-07
   236.250000       87.1590958       8.04961019E-07
   240.000000       87.1590958       8.23587470E-07
   243.750000       87.1590958       8.58512067E-07
   247.500000       87.1590958       8.78069841E-07
   251.250000       87.1590958       8.86917405E-07
   255.000000       87.1590958       8.88314389E-07
   258.750000       87.1590958       8.78535502E-07
   262.500000       87.1590958       8.71550583E-07
   266.250000       87.1590958       8.61306034E-07
   270.000000       87.1590958       8.45939212E-07
   273.750000       87.1590958       8.24518793E-07
   277.500000       87.1590958       7.92388164E-07
   281.250000       87.1590958       7.47684680E-07
   285.000000       87.1590958       7.02049874E-07
   288.750000       87.1590958       6.62468665E-07
   292.500000       87.1590958       6.28941052E-07
   296.250000       87.1590958       5.97741746E-07
   300.000000       87.1590958       5.82840585E-07
   303.750000       87.1590958       5.81443601E-07
   307.500000       87.1590958       5.87497198E-07
   311.250000       87.1590958       5.80046617E-07
   315.000000       87.1590958       5.59091859E-07
   318.750000       87.1590958       5.33480488E-07
   322.500000       87.1590958       5.07869117E-07
   326.250000       87.1590958       4.84120392E-07
   330.000000       87.1590958       4.78066795E-07
   333.750000       87.1590958       4.81326424E-07
   337.500000       87.1590958       4.92502295E-07
   341.250000       87.1590958       5.06006472E-07
   345.000000       87.1590958       5.10663085E-07
   348.750000       87.1590958       5.05075150E-07
   352.500000       87.1590958       4.98090230E-07
   356.250000       87.1590958       4.98090230E-07
   360.000000       87.1590958       5.27892553E-07
