   0.00000000      -87.1590958       246.679642    
   3.75000000      -87.1590958       246.580032    
   7.50000000      -87.1590958       246.441360    
   11.2500000      -87.1590958       246.194290    
   15.0000000      -87.1590958       246.038040    
   18.7500000      -87.1590958       245.930618    
   22.5000000      -87.1590958       245.742142    
   26.2500000      -87.1590958       245.584915    
   30.0000000      -87.1590958       245.383743    
   33.7500000      -87.1590958       245.003860    
   37.5000000      -87.1590958       244.695267    
   41.2500000      -87.1590958       244.578079    
   45.0000000      -87.1590958       244.399368    
   48.7500000      -87.1590958       244.141556    
   52.5000000      -87.1590958       243.935501    
   56.2500000      -87.1590958       243.703079    
   60.0000000      -87.1590958       243.463821    
   63.7500000      -87.1590958       243.338821    
   67.5000000      -87.1590958       243.246048    
   71.2500000      -87.1590958       243.088821    
   75.0000000      -87.1590958       242.871048    
   78.7500000      -87.1590958       242.674759    
   82.5000000      -87.1590958       242.589798    
   86.2500000      -87.1590958       242.502884    
   90.0000000      -87.1590958       242.333939    
   93.7500000      -87.1590958       242.228470    
   97.5000000      -87.1590958       242.197220    
   101.250000      -87.1590958       242.157181    
   105.000000      -87.1590958       242.172806    
   108.750000      -87.1590958       242.268509    
   112.500000      -87.1590958       242.415970    
   116.250000      -87.1590958       242.623978    
   120.000000      -87.1590958       242.831985    
   123.750000      -87.1590958       243.002884    
   127.500000      -87.1590958       243.220657    
   131.250000      -87.1590958       243.496048    
   135.000000      -87.1590958       243.738235    
   138.750000      -87.1590958       243.934525    
   142.500000      -87.1590958       244.101517    
   146.250000      -87.1590958       244.223587    
   150.000000      -87.1590958       244.317337    
   153.750000      -87.1590958       244.339798    
   157.500000      -87.1590958       244.254837    
   161.250000      -87.1590958       244.210892    
   165.000000      -87.1590958       244.282181    
   168.750000      -87.1590958       244.344681    
   172.500000      -87.1590958       244.370071    
   176.250000      -87.1590958       244.421829    
   180.000000      -87.1590958       244.510696    
   183.750000      -87.1590958       244.735306    
   187.500000      -87.1590958       245.237259    
   191.250000      -87.1590958       245.839798    
   195.000000      -87.1590958       246.152298    
   198.750000      -87.1590958       246.111282    
   202.500000      -87.1590958       246.056595    
   206.250000      -87.1590958       246.249954    
   210.000000      -87.1590958       246.609329    
   213.750000      -87.1590958       246.919876    
   217.500000      -87.1590958       247.001907    
   221.250000      -87.1590958       246.831009    
   225.000000      -87.1590958       246.645462    
   228.750000      -87.1590958       246.627884    
   232.500000      -87.1590958       246.649368    
   236.250000      -87.1590958       246.638626    
   240.000000      -87.1590958       246.695267    
   243.750000      -87.1590958       246.800735    
   247.500000      -87.1590958       246.870071    
   251.250000      -87.1590958       246.917923    
   255.000000      -87.1590958       246.957962    
   258.750000      -87.1590958       247.014603    
   262.500000      -87.1590958       247.123001    
   266.250000      -87.1590958       247.248001    
   270.000000      -87.1590958       247.353470    
   273.750000      -87.1590958       247.444290    
   277.500000      -87.1590958       247.531204    
   281.250000      -87.1590958       247.644485    
   285.000000      -87.1590958       247.769485    
   288.750000      -87.1590958       247.840775    
   292.500000      -87.1590958       247.883743    
   296.250000      -87.1590958       247.934525    
   300.000000      -87.1590958       247.948196    
   303.750000      -87.1590958       247.940384    
   307.500000      -87.1590958       247.952103    
   311.250000      -87.1590958       247.950150    
   315.000000      -87.1590958       247.898392    
   318.750000      -87.1590958       247.805618    
   322.500000      -87.1590958       247.718704    
   326.250000      -87.1590958       247.693314    
   330.000000      -87.1590958       247.701126    
   333.750000      -87.1590958       247.660110    
   337.500000      -87.1590958       247.566360    
   341.250000      -87.1590958       247.457962    
   345.000000      -87.1590958       247.303665    
   348.750000      -87.1590958       247.118118    
   352.500000      -87.1590958       246.989212    
   356.250000      -87.1590958       246.852493    
   360.000000      -87.1590958       246.679642    
   0.00000000      -83.4789200       247.614212    
   3.75000000      -83.4789200       247.332962    
   7.50000000      -83.4789200       247.116165    
   11.2500000      -83.4789200       246.940384    
   15.0000000      -83.4789200       246.667923    
   18.7500000      -83.4789200       246.423782    
   22.5000000      -83.4789200       246.387650    
   26.2500000      -83.4789200       246.136673    
   30.0000000      -83.4789200       245.995071    
   33.7500000      -83.4789200       245.068314    
   37.5000000      -83.4789200       241.610306    
   41.2500000      -83.4789200       244.170853    
   45.0000000      -83.4789200       243.714798    
   48.7500000      -83.4789200       243.542923    
   52.5000000      -83.4789200       243.688431    
   56.2500000      -83.4789200       243.412064    
   60.0000000      -83.4789200       243.186478    
   63.7500000      -83.4789200       243.284134    
   67.5000000      -83.4789200       243.479446    
   71.2500000      -83.4789200       243.608353    
   75.0000000      -83.4789200       243.531204    
   78.7500000      -83.4789200       243.519485    
   82.5000000      -83.4789200       243.363235    
   86.2500000      -83.4789200       243.213821    
   90.0000000      -83.4789200       243.026321    
   93.7500000      -83.4789200       242.675735    
   97.5000000      -83.4789200       242.003860    
   101.250000      -83.4789200       241.595657    
   105.000000      -83.4789200       241.443314    
   108.750000      -83.4789200       241.293900    
   112.500000      -83.4789200       241.709915    
   116.250000      -83.4789200       242.098587    
   120.000000      -83.4789200       242.685501    
   123.750000      -83.4789200       243.548782    
   127.500000      -83.4789200       244.653275    
   131.250000      -83.4789200       245.372025    
   135.000000      -83.4789200       246.083939    
   138.750000      -83.4789200       246.775345    
   142.500000      -83.4789200       246.964798    
   146.250000      -83.4789200       246.956009    
   150.000000      -83.4789200       246.581009    
   153.750000      -83.4789200       246.490189    
   157.500000      -83.4789200       246.495071    
   161.250000      -83.4789200       246.453079    
   165.000000      -83.4789200       246.256790    
   168.750000      -83.4789200       245.911087    
   172.500000      -83.4789200       246.139603    
   176.250000      -83.4789200       246.569290    
   180.000000      -83.4789200       246.792923    
   183.750000      -83.4789200       246.972610    
   187.500000      -83.4789200       247.094681    
   191.250000      -83.4789200       247.184525    
   195.000000      -83.4789200       247.258743    
   198.750000      -83.4789200       247.382767    
   202.500000      -83.4789200       247.528275    
   206.250000      -83.4789200       247.748001    
   210.000000      -83.4789200       247.983353    
   213.750000      -83.4789200       248.190384    
   217.500000      -83.4789200       248.388626    
   221.250000      -83.4789200       248.554642    
   225.000000      -83.4789200       248.749954    
   228.750000      -83.4789200       249.033157    
   232.500000      -83.4789200       249.327103    
   236.250000      -83.4789200       249.498978    
   240.000000      -83.4789200       249.589798    
   243.750000      -83.4789200       249.634720    
   247.500000      -83.4789200       249.589798    
   251.250000      -83.4789200       249.491165    
   255.000000      -83.4789200       249.435501    
   258.750000      -83.4789200       249.407181    
   262.500000      -83.4789200       249.427689    
   266.250000      -83.4789200       249.489212    
   270.000000      -83.4789200       249.637650    
   273.750000      -83.4789200       249.913040    
   277.500000      -83.4789200       250.020462    
   281.250000      -83.4789200       250.183548    
   285.000000      -83.4789200       250.399368    
   288.750000      -83.4789200       250.381790    
   292.500000      -83.4789200       250.258743    
   296.250000      -83.4789200       250.096634    
   300.000000      -83.4789200       249.962845    
   303.750000      -83.4789200       249.806595    
   307.500000      -83.4789200       249.583939    
   311.250000      -83.4789200       249.425735    
   315.000000      -83.4789200       249.254837    
   318.750000      -83.4789200       249.087845    
   322.500000      -83.4789200       248.908157    
   326.250000      -83.4789200       248.809525    
   330.000000      -83.4789200       248.717728    
   333.750000      -83.4789200       248.696243    
   337.500000      -83.4789200       248.850540    
   341.250000      -83.4789200       249.077103    
   345.000000      -83.4789200       249.109329    
   348.750000      -83.4789200       248.810501    
   352.500000      -83.4789200       248.344681    
   356.250000      -83.4789200       247.953079    
   360.000000      -83.4789200       247.614212    
   0.00000000      -79.7770462       248.059525    
   3.75000000      -79.7770462       247.642532    
   7.50000000      -79.7770462       247.154251    
   11.2500000      -79.7770462       246.720657    
   15.0000000      -79.7770462       245.621048    
   18.7500000      -79.7770462       243.437454    
   22.5000000      -79.7770462       239.734329    
   26.2500000      -79.7770462       244.335892    
   30.0000000      -79.7770462       243.663040    
   33.7500000      -79.7770462       243.342728    
   37.5000000      -79.7770462       243.350540    
   41.2500000      -79.7770462       243.249954    
   45.0000000      -79.7770462       243.015579    
   48.7500000      -79.7770462       242.854446    
   52.5000000      -79.7770462       242.925735    
   56.2500000      -79.7770462       243.090775    
   60.0000000      -79.7770462       243.063431    
   63.7500000      -79.7770462       243.133743    
   67.5000000      -79.7770462       243.010696    
   71.2500000      -79.7770462       243.028275    
   75.0000000      -79.7770462       242.768509    
   78.7500000      -79.7770462       242.203079    
   82.5000000      -79.7770462       241.718704    
   86.2500000      -79.7770462       241.341751    
   90.0000000      -79.7770462       241.266556    
   93.7500000      -79.7770462       240.894485    
   97.5000000      -79.7770462       240.658157    
   101.250000      -79.7770462       240.664017    
   105.000000      -79.7770462       240.971634    
   108.750000      -79.7770462       241.420853    
   112.500000      -79.7770462       241.480423    
   116.250000      -79.7770462       241.230423    
   120.000000      -79.7770462       240.802689    
   123.750000      -79.7770462       242.494095    
   127.500000      -79.7770462       244.498001    
   131.250000      -79.7770462       246.441360    
   135.000000      -79.7770462       247.651321    
   138.750000      -79.7770462       248.115189    
   142.500000      -79.7770462       248.170853    
   146.250000      -79.7770462       248.054642    
   150.000000      -79.7770462       247.883743    
   153.750000      -79.7770462       247.694290    
   157.500000      -79.7770462       247.636673    
   161.250000      -79.7770462       247.203079    
   165.000000      -79.7770462       247.343704    
   168.750000      -79.7770462       248.121048    
   172.500000      -79.7770462       248.410110    
   176.250000      -79.7770462       248.327103    
   180.000000      -79.7770462       248.165970    
   183.750000      -79.7770462       247.974564    
   187.500000      -79.7770462       247.633743    
   191.250000      -79.7770462       247.983353    
   195.000000      -79.7770462       247.978470    
   198.750000      -79.7770462       247.547806    
   202.500000      -79.7770462       247.579056    
   206.250000      -79.7770462       247.867142    
   210.000000      -79.7770462       248.656204    
   213.750000      -79.7770462       249.100540    
   217.500000      -79.7770462       249.349564    
   221.250000      -79.7770462       249.608353    
   225.000000      -79.7770462       249.894485    
   228.750000      -79.7770462       250.649368    
   232.500000      -79.7770462       251.623001    
   236.250000      -79.7770462       252.257767    
   240.000000      -79.7770462       252.668900    
   243.750000      -79.7770462       253.015579    
   247.500000      -79.7770462       253.284134    
   251.250000      -79.7770462       253.384720    
   255.000000      -79.7770462       253.257767    
   258.750000      -79.7770462       253.000931    
   262.500000      -79.7770462       252.648392    
   266.250000      -79.7770462       252.677689    
   270.000000      -79.7770462       252.328079    
   273.750000      -79.7770462       252.265579    
   277.500000      -79.7770462       253.303665    
   281.250000      -79.7770462       252.994095    
   285.000000      -79.7770462       253.256790    
   288.750000      -79.7770462       253.065384    
   292.500000      -79.7770462       252.706985    
   296.250000      -79.7770462       252.207962    
   300.000000      -79.7770462       251.603470    
   303.750000      -79.7770462       251.031204    
   307.500000      -79.7770462       250.531204    
   311.250000      -79.7770462       250.476517    
   315.000000      -79.7770462       250.356400    
   318.750000      -79.7770462       249.814407    
   322.500000      -79.7770462       249.314407    
   326.250000      -79.7770462       249.121048    
   330.000000      -79.7770462       249.304642    
   333.750000      -79.7770462       249.475540    
   337.500000      -79.7770462       249.497025    
   341.250000      -79.7770462       249.556595    
   345.000000      -79.7770462       249.461868    
   348.750000      -79.7770462       249.305618    
   352.500000      -79.7770462       248.891556    
   356.250000      -79.7770462       248.499954    
   360.000000      -79.7770462       248.059525    
   0.00000000      -76.0702438       249.355423    
   3.75000000      -76.0702438       248.390579    
   7.50000000      -76.0702438       243.092728    
   11.2500000      -76.0702438       245.531204    
   15.0000000      -76.0702438       244.656204    
   18.7500000      -76.0702438       244.620071    
   22.5000000      -76.0702438       244.306595    
   26.2500000      -76.0702438       244.092728    
   30.0000000      -76.0702438       243.204056    
   33.7500000      -76.0702438       242.499954    
   37.5000000      -76.0702438       242.655228    
   41.2500000      -76.0702438       242.549759    
   45.0000000      -76.0702438       242.668900    
   48.7500000      -76.0702438       242.292923    
   52.5000000      -76.0702438       244.135696    
   56.2500000      -76.0702438       246.242142    
   60.0000000      -76.0702438       247.748001    
   63.7500000      -76.0702438       247.483353    
   67.5000000      -76.0702438       247.405228    
   71.2500000      -76.0702438       247.283157    
   75.0000000      -76.0702438       246.821243    
   78.7500000      -76.0702438       247.070267    
   82.5000000      -76.0702438       245.675735    
   86.2500000      -76.0702438       245.906204    
   90.0000000      -76.0702438       246.307571    
   93.7500000      -76.0702438       245.713821    
   97.5000000      -76.0702438       245.123001    
   101.250000      -76.0702438       243.404251    
   105.000000      -76.0702438       242.133743    
   108.750000      -76.0702438       240.589798    
   112.500000      -76.0702438       239.204056    
   116.250000      -76.0702438       238.490189    
   120.000000      -76.0702438       238.075150    
   123.750000      -76.0702438       237.757767    
   127.500000      -76.0702438       238.168900    
   131.250000      -76.0702438       241.043900    
   135.000000      -76.0702438       243.905228    
   138.750000      -76.0702438       245.491165    
   142.500000      -76.0702438       245.806595    
   146.250000      -76.0702438       246.129837    
   150.000000      -76.0702438       246.080032    
   153.750000      -76.0702438       245.578079    
   157.500000      -76.0702438       245.595657    
   161.250000      -76.0702438       245.764603    
   165.000000      -76.0702438       245.885696    
   168.750000      -76.0702438       245.796829    
   172.500000      -76.0702438       245.854446    
   176.250000      -76.0702438       246.064407    
   180.000000      -76.0702438       246.889603    
   183.750000      -76.0702438       247.861282    
   187.500000      -76.0702438       248.624954    
   191.250000      -76.0702438       249.529251    
   195.000000      -76.0702438       250.933548    
   198.750000      -76.0702438       251.734329    
   202.500000      -76.0702438       251.389603    
   206.250000      -76.0702438       251.823196    
   210.000000      -76.0702438       252.506790    
   213.750000      -76.0702438       252.592728    
   217.500000      -76.0702438       252.768509    
   221.250000      -76.0702438       252.350540    
   225.000000      -76.0702438       252.186478    
   228.750000      -76.0702438       251.917923    
   232.500000      -76.0702438       251.956009    
   236.250000      -76.0702438       251.969681    
   240.000000      -76.0702438       253.364212    
   243.750000      -76.0702438       254.315384    
   247.500000      -76.0702438       255.116165    
   251.250000      -76.0702438       254.832962    
   255.000000      -76.0702438       254.810501    
   258.750000      -76.0702438       255.106400    
   262.500000      -76.0702438       255.058548    
   266.250000      -76.0702438       255.388626    
   270.000000      -76.0702438       256.187439    
   273.750000      -76.0702438       257.032196    
   277.500000      -76.0702438       257.633759    
   281.250000      -76.0702438       257.605408    
   285.000000      -76.0702438       256.895477    
   288.750000      -76.0702438       256.060516    
   292.500000      -76.0702438       255.669876    
   296.250000      -76.0702438       255.443314    
   300.000000      -76.0702438       255.026321    
   303.750000      -76.0702438       254.366165    
   307.500000      -76.0702438       253.814407    
   311.250000      -76.0702438       252.745071    
   315.000000      -76.0702438       251.348587    
   318.750000      -76.0702438       250.126907    
   322.500000      -76.0702438       249.911087    
   326.250000      -76.0702438       249.275345    
   330.000000      -76.0702438       248.810501    
   333.750000      -76.0702438       248.808548    
   337.500000      -76.0702438       248.906204    
   341.250000      -76.0702438       248.831985    
   345.000000      -76.0702438       248.577103    
   348.750000      -76.0702438       249.103470    
   352.500000      -76.0702438       249.722610    
   356.250000      -76.0702438       250.086868    
   360.000000      -76.0702438       249.355423    
   0.00000000      -72.3615875       247.633743    
   3.75000000      -72.3615875       248.400345    
   7.50000000      -72.3615875       247.181595    
   11.2500000      -72.3615875       247.301712    
   15.0000000      -72.3615875       247.035110    
   18.7500000      -72.3615875       247.727493    
   22.5000000      -72.3615875       248.329056    
   26.2500000      -72.3615875       247.339798    
   30.0000000      -72.3615875       248.695267    
   33.7500000      -72.3615875       248.707962    
   37.5000000      -72.3615875       248.001907    
   41.2500000      -72.3615875       247.959915    
   45.0000000      -72.3615875       247.877884    
   48.7500000      -72.3615875       247.226517    
   52.5000000      -72.3615875       246.050735    
   56.2500000      -72.3615875       247.964798    
   60.0000000      -72.3615875       248.835892    
   63.7500000      -72.3615875       249.805618    
   67.5000000      -72.3615875       250.987259    
   71.2500000      -72.3615875       251.293900    
   75.0000000      -72.3615875       249.539017    
   78.7500000      -72.3615875       248.913040    
   82.5000000      -72.3615875       248.594681    
   86.2500000      -72.3615875       248.810501    
   90.0000000      -72.3615875       248.776321    
   93.7500000      -72.3615875       248.955032    
   97.5000000      -72.3615875       248.538040    
   101.250000      -72.3615875       246.507767    
   105.000000      -72.3615875       247.721634    
   108.750000      -72.3615875       246.010696    
   112.500000      -72.3615875       244.633743    
   116.250000      -72.3615875       244.414993    
   120.000000      -72.3615875       244.296829    
   123.750000      -72.3615875       242.787064    
   127.500000      -72.3615875       238.255814    
   131.250000      -72.3615875       238.986282    
   135.000000      -72.3615875       242.575150    
   138.750000      -72.3615875       244.598587    
   142.500000      -72.3615875       245.258743    
   146.250000      -72.3615875       245.375931    
   150.000000      -72.3615875       245.121048    
   153.750000      -72.3615875       245.189407    
   157.500000      -72.3615875       245.547806    
   161.250000      -72.3615875       246.198196    
   165.000000      -72.3615875       246.806595    
   168.750000      -72.3615875       247.501907    
   172.500000      -72.3615875       248.644485    
   176.250000      -72.3615875       249.318314    
   180.000000      -72.3615875       249.800735    
   183.750000      -72.3615875       250.746048    
   187.500000      -72.3615875       251.793900    
   191.250000      -72.3615875       252.618118    
   195.000000      -72.3615875       252.956009    
   198.750000      -72.3615875       253.242142    
   202.500000      -72.3615875       254.233353    
   206.250000      -72.3615875       255.030228    
   210.000000      -72.3615875       255.489212    
   213.750000      -72.3615875       255.020462    
   217.500000      -72.3615875       253.941360    
   221.250000      -72.3615875       253.726517    
   225.000000      -72.3615875       252.902298    
   228.750000      -72.3615875       251.486282    
   232.500000      -72.3615875       250.660110    
   236.250000      -72.3615875       251.255814    
   240.000000      -72.3615875       252.308548    
   243.750000      -72.3615875       254.184525    
   247.500000      -72.3615875       255.706985    
   251.250000      -72.3615875       256.455994    
   255.000000      -72.3615875       256.177704    
   258.750000      -72.3615875       255.804642    
   262.500000      -72.3615875       256.075165    
   266.250000      -72.3615875       256.043915    
   270.000000      -72.3615875       256.272400    
   273.750000      -72.3615875       256.529266    
   277.500000      -72.3615875       257.071259    
   281.250000      -72.3615875       257.634735    
   285.000000      -72.3615875       258.172821    
   288.750000      -72.3615875       258.436462    
   292.500000      -72.3615875       258.183533    
   296.250000      -72.3615875       257.897400    
   300.000000      -72.3615875       256.601501    
   303.750000      -72.3615875       255.624954    
   307.500000      -72.3615875       254.031204    
   311.250000      -72.3615875       252.313431    
   315.000000      -72.3615875       250.755814    
   318.750000      -72.3615875       250.119095    
   322.500000      -72.3615875       249.295853    
   326.250000      -72.3615875       249.598587    
   330.000000      -72.3615875       250.061478    
   333.750000      -72.3615875       250.799759    
   337.500000      -72.3615875       251.501907    
   341.250000      -72.3615875       251.365189    
   345.000000      -72.3615875       250.123001    
   348.750000      -72.3615875       248.926712    
   352.500000      -72.3615875       248.349564    
   356.250000      -72.3615875       247.954056    
   360.000000      -72.3615875       247.633743    
   0.00000000      -68.6520157       251.558548    
   3.75000000      -68.6520157       251.053665    
   7.50000000      -68.6520157       250.346634    
   11.2500000      -68.6520157       250.520462    
   15.0000000      -68.6520157       251.128860    
   18.7500000      -68.6520157       251.375931    
   22.5000000      -68.6520157       251.499954    
   26.2500000      -68.6520157       251.699173    
   30.0000000      -68.6520157       251.222610    
   33.7500000      -68.6520157       251.476517    
   37.5000000      -68.6520157       251.596634    
   41.2500000      -68.6520157       251.641556    
   45.0000000      -68.6520157       251.669876    
   48.7500000      -68.6520157       251.129837    
   52.5000000      -68.6520157       250.469681    
   56.2500000      -68.6520157       250.573196    
   60.0000000      -68.6520157       251.383743    
   63.7500000      -68.6520157       252.085892    
   67.5000000      -68.6520157       252.000931    
   71.2500000      -68.6520157       251.513626    
   75.0000000      -68.6520157       252.141556    
   78.7500000      -68.6520157       251.244095    
   82.5000000      -68.6520157       252.187454    
   86.2500000      -68.6520157       252.979446    
   90.0000000      -68.6520157       253.363235    
   93.7500000      -68.6520157       253.633743    
   97.5000000      -68.6520157       253.956009    
   101.250000      -68.6520157       254.841751    
   105.000000      -68.6520157       255.004837    
   108.750000      -68.6520157       254.690384    
   112.500000      -68.6520157       254.122025    
   116.250000      -68.6520157       254.030228    
   120.000000      -68.6520157       252.464798    
   123.750000      -68.6520157       250.791946    
   127.500000      -68.6520157       250.406204    
   131.250000      -68.6520157       250.457962    
   135.000000      -68.6520157       249.810501    
   138.750000      -68.6520157       248.557571    
   142.500000      -68.6520157       248.482376    
   146.250000      -68.6520157       248.717728    
   150.000000      -68.6520157       249.020462    
   153.750000      -68.6520157       249.178665    
   157.500000      -68.6520157       249.915970    
   161.250000      -68.6520157       250.801712    
   165.000000      -68.6520157       250.738235    
   168.750000      -68.6520157       250.988235    
   172.500000      -68.6520157       251.812454    
   176.250000      -68.6520157       253.173782    
   180.000000      -68.6520157       254.500931    
   183.750000      -68.6520157       255.418900    
   187.500000      -68.6520157       256.218689    
   191.250000      -68.6520157       256.047821    
   195.000000      -68.6520157       254.178665    
   198.750000      -68.6520157       254.896439    
   202.500000      -68.6520157       256.124939    
   206.250000      -68.6520157       256.951141    
   210.000000      -68.6520157       257.495056    
   213.750000      -68.6520157       257.431610    
   217.500000      -68.6520157       257.379852    
   221.250000      -68.6520157       256.448181    
   225.000000      -68.6520157       254.750931    
   228.750000      -68.6520157       253.797806    
   232.500000      -68.6520157       251.954056    
   236.250000      -68.6520157       250.557571    
   240.000000      -68.6520157       250.449173    
   243.750000      -68.6520157       251.904251    
   247.500000      -68.6520157       253.399368    
   251.250000      -68.6520157       255.387650    
   255.000000      -68.6520157       254.883743    
   258.750000      -68.6520157       254.359329    
   262.500000      -68.6520157       254.624954    
   266.250000      -68.6520157       255.487259    
   270.000000      -68.6520157       255.896439    
   273.750000      -68.6520157       256.902283    
   277.500000      -68.6520157       257.542908    
   281.250000      -68.6520157       258.759735    
   285.000000      -68.6520157       259.950165    
   288.750000      -68.6520157       260.399384    
   292.500000      -68.6520157       259.709900    
   296.250000      -68.6520157       258.981415    
   300.000000      -68.6520157       257.616150    
   303.750000      -68.6520157       255.438431    
   307.500000      -68.6520157       252.855423    
   311.250000      -68.6520157       250.940384    
   315.000000      -68.6520157       249.630814    
   318.750000      -68.6520157       247.975540    
   322.500000      -68.6520157       247.378860    
   326.250000      -68.6520157       248.262650    
   330.000000      -68.6520157       248.774368    
   333.750000      -68.6520157       249.399368    
   337.500000      -68.6520157       249.735306    
   341.250000      -68.6520157       250.209915    
   345.000000      -68.6520157       250.654251    
   348.750000      -68.6520157       250.693314    
   352.500000      -68.6520157       251.006790    
   356.250000      -68.6520157       251.579056    
   360.000000      -68.6520157       251.558548    
   0.00000000      -64.9419479       255.473587    
   3.75000000      -64.9419479       253.192337    
   7.50000000      -64.9419479       250.538040    
   11.2500000      -64.9419479       249.230423    
   15.0000000      -64.9419479       249.176712    
   18.7500000      -64.9419479       249.680618    
   22.5000000      -64.9419479       250.061478    
   26.2500000      -64.9419479       251.158157    
   30.0000000      -64.9419479       253.719681    
   33.7500000      -64.9419479       254.333939    
   37.5000000      -64.9419479       253.212845    
   41.2500000      -64.9419479       251.595657    
   45.0000000      -64.9419479       249.011673    
   48.7500000      -64.9419479       248.789993    
   52.5000000      -64.9419479       249.897415    
   56.2500000      -64.9419479       251.133743    
   60.0000000      -64.9419479       252.879837    
   63.7500000      -64.9419479       253.911087    
   67.5000000      -64.9419479       253.219681    
   71.2500000      -64.9419479       252.231400    
   75.0000000      -64.9419479       253.570267    
   78.7500000      -64.9419479       253.596634    
   82.5000000      -64.9419479       254.123001    
   86.2500000      -64.9419479       255.124954    
   90.0000000      -64.9419479       254.938431    
   93.7500000      -64.9419479       256.691345    
   97.5000000      -64.9419479       258.521454    
   101.250000      -64.9419479       258.895477    
   105.000000      -64.9419479       258.575165    
   108.750000      -64.9419479       259.506775    
   112.500000      -64.9419479       259.794891    
   116.250000      -64.9419479       259.828064    
   120.000000      -64.9419479       257.728485    
   123.750000      -64.9419479       257.209900    
   127.500000      -64.9419479       256.847595    
   131.250000      -64.9419479       255.697220    
   135.000000      -64.9419479       253.987259    
   138.750000      -64.9419479       253.712845    
   142.500000      -64.9419479       253.548782    
   146.250000      -64.9419479       253.932571    
   150.000000      -64.9419479       255.214798    
   153.750000      -64.9419479       255.429642    
   157.500000      -64.9419479       256.988220    
   161.250000      -64.9419479       256.089783    
   165.000000      -64.9419479       256.007751    
   168.750000      -64.9419479       257.213806    
   172.500000      -64.9419479       257.875946    
   176.250000      -64.9419479       258.103485    
   180.000000      -64.9419479       258.844696    
   183.750000      -64.9419479       259.815369    
   187.500000      -64.9419479       259.946259    
   191.250000      -64.9419479       259.066345    
   195.000000      -64.9419479       257.361298    
   198.750000      -64.9419479       258.642548    
   202.500000      -64.9419479       263.002869    
   206.250000      -64.9419479       266.273376    
   210.000000      -64.9419479       266.725525    
   213.750000      -64.9419479       264.865204    
   217.500000      -64.9419479       263.859314    
   221.250000      -64.9419479       260.713806    
   225.000000      -64.9419479       258.379852    
   228.750000      -64.9419479       256.032196    
   232.500000      -64.9419479       254.614212    
   236.250000      -64.9419479       252.296829    
   240.000000      -64.9419479       251.546829    
   243.750000      -64.9419479       251.005814    
   247.500000      -64.9419479       251.236282    
   251.250000      -64.9419479       251.120071    
   255.000000      -64.9419479       254.601517    
   258.750000      -64.9419479       256.857391    
   262.500000      -64.9419479       257.246033    
   266.250000      -64.9419479       257.199158    
   270.000000      -64.9419479       257.792908    
   273.750000      -64.9419479       257.436462    
   277.500000      -64.9419479       259.105408    
   281.250000      -64.9419479       259.290985    
   285.000000      -64.9419479       258.688446    
   288.750000      -64.9419479       258.325165    
   292.500000      -64.9419479       257.596619    
   296.250000      -64.9419479       256.561462    
   300.000000      -64.9419479       254.016556    
   303.750000      -64.9419479       252.289993    
   307.500000      -64.9419479       251.192337    
   311.250000      -64.9419479       250.518509    
   315.000000      -64.9419479       249.470657    
   318.750000      -64.9419479       247.468704    
   322.500000      -64.9419479       247.411087    
   326.250000      -64.9419479       247.188431    
   330.000000      -64.9419479       247.583939    
   333.750000      -64.9419479       248.092728    
   337.500000      -64.9419479       249.440384    
   341.250000      -64.9419479       253.116165    
   345.000000      -64.9419479       255.331985    
   348.750000      -64.9419479       256.334900    
   352.500000      -64.9419479       256.846619    
   356.250000      -64.9419479       256.641571    
   360.000000      -64.9419479       255.473587    
   0.00000000      -61.2315712       263.103485    
   3.75000000      -61.2315712       262.503845    
   7.50000000      -61.2315712       261.577087    
   11.2500000      -61.2315712       259.895477    
   15.0000000      -61.2315712       258.423798    
   18.7500000      -61.2315712       257.373962    
   22.5000000      -61.2315712       256.985321    
   26.2500000      -61.2315712       256.500946    
   30.0000000      -61.2315712       256.406189    
   33.7500000      -61.2315712       256.295837    
   37.5000000      -61.2315712       255.900345    
   41.2500000      -61.2315712       255.396439    
   45.0000000      -61.2315712       254.406204    
   48.7500000      -61.2315712       252.518509    
   52.5000000      -61.2315712       251.811478    
   56.2500000      -61.2315712       251.230423    
   60.0000000      -61.2315712       252.251907    
   63.7500000      -61.2315712       253.523392    
   67.5000000      -61.2315712       253.786087    
   71.2500000      -61.2315712       252.401321    
   75.0000000      -61.2315712       252.265579    
   78.7500000      -61.2315712       251.441360    
   82.5000000      -61.2315712       251.807571    
   86.2500000      -61.2315712       252.296829    
   90.0000000      -61.2315712       254.141556    
   93.7500000      -61.2315712       254.769485    
   97.5000000      -61.2315712       257.137665    
   101.250000      -61.2315712       260.200165    
   105.000000      -61.2315712       262.304626    
   108.750000      -61.2315712       262.921814    
   112.500000      -61.2315712       262.936462    
   116.250000      -61.2315712       262.759735    
   120.000000      -61.2315712       262.783173    
   123.750000      -61.2315712       261.288025    
   127.500000      -61.2315712       259.233337    
   131.250000      -61.2315712       258.718689    
   135.000000      -61.2315712       257.746033    
   138.750000      -61.2315712       256.109314    
   142.500000      -61.2315712       255.623978    
   146.250000      -61.2315712       255.873001    
   150.000000      -61.2315712       257.977509    
   153.750000      -61.2315712       257.116150    
   157.500000      -61.2315712       256.768494    
   161.250000      -61.2315712       256.209900    
   165.000000      -61.2315712       258.987244    
   168.750000      -61.2315712       259.690369    
   172.500000      -61.2315712       260.311462    
   176.250000      -61.2315712       261.095673    
   180.000000      -61.2315712       261.597595    
   183.750000      -61.2315712       260.650360    
   187.500000      -61.2315712       260.439423    
   191.250000      -61.2315712       261.655212    
   195.000000      -61.2315712       263.258759    
   198.750000      -61.2315712       265.540985    
   202.500000      -61.2315712       267.452087    
   206.250000      -61.2315712       267.786102    
   210.000000      -61.2315712       268.130829    
   213.750000      -61.2315712       267.586884    
   217.500000      -61.2315712       267.300720    
   221.250000      -61.2315712       265.435516    
   225.000000      -61.2315712       261.907196    
   228.750000      -61.2315712       258.420837    
   232.500000      -61.2315712       256.156189    
   236.250000      -61.2315712       253.394485    
   240.000000      -61.2315712       251.078079    
   243.750000      -61.2315712       250.104446    
   247.500000      -61.2315712       250.623001    
   251.250000      -61.2315712       250.198196    
   255.000000      -61.2315712       251.007767    
   258.750000      -61.2315712       251.539993    
   262.500000      -61.2315712       253.590775    
   266.250000      -61.2315712       257.464783    
   270.000000      -61.2315712       259.987244    
   273.750000      -61.2315712       261.976501    
   277.500000      -61.2315712       262.425720    
   281.250000      -61.2315712       260.016571    
   285.000000      -61.2315712       258.041931    
   288.750000      -61.2315712       255.104446    
   292.500000      -61.2315712       254.091751    
   296.250000      -61.2315712       254.168900    
   300.000000      -61.2315712       253.592728    
   303.750000      -61.2315712       253.280228    
   307.500000      -61.2315712       254.373001    
   311.250000      -61.2315712       256.249939    
   315.000000      -61.2315712       255.958939    
   318.750000      -61.2315712       254.984329    
   322.500000      -61.2315712       254.547806    
   326.250000      -61.2315712       254.003860    
   330.000000      -61.2315712       254.147415    
   333.750000      -61.2315712       256.133759    
   337.500000      -61.2315712       256.779266    
   341.250000      -61.2315712       258.556610    
   345.000000      -61.2315712       261.830994    
   348.750000      -61.2315712       262.943329    
   352.500000      -61.2315712       263.632751    
   356.250000      -61.2315712       263.232391    
   360.000000      -61.2315712       263.103485    
   0.00000000      -57.5209885       265.663025    
   3.75000000      -57.5209885       264.080048    
   7.50000000      -57.5209885       261.527283    
   11.2500000      -57.5209885       260.830048    
   15.0000000      -57.5209885       260.453064    
   18.7500000      -57.5209885       260.550720    
   22.5000000      -57.5209885       259.378845    
   26.2500000      -57.5209885       259.078064    
   30.0000000      -57.5209885       259.015564    
   33.7500000      -57.5209885       258.759735    
   37.5000000      -57.5209885       258.508759    
   41.2500000      -57.5209885       258.559540    
   45.0000000      -57.5209885       258.108337    
   48.7500000      -57.5209885       257.454071    
   52.5000000      -57.5209885       255.286087    
   56.2500000      -57.5209885       252.681595    
   60.0000000      -57.5209885       251.926712    
   63.7500000      -57.5209885       252.765579    
   67.5000000      -57.5209885       253.212845    
   71.2500000      -57.5209885       252.998001    
   75.0000000      -57.5209885       252.686478    
   78.7500000      -57.5209885       251.737259    
   82.5000000      -57.5209885       254.192337    
   86.2500000      -57.5209885       254.213821    
   90.0000000      -57.5209885       255.149368    
   93.7500000      -57.5209885       255.051712    
   97.5000000      -57.5209885       256.574158    
   101.250000      -57.5209885       262.002869    
   105.000000      -57.5209885       264.673798    
   108.750000      -57.5209885       263.868134    
   112.500000      -57.5209885       265.148376    
   116.250000      -57.5209885       265.371033    
   120.000000      -57.5209885       265.779266    
   123.750000      -57.5209885       265.614227    
   127.500000      -57.5209885       264.914001    
   131.250000      -57.5209885       261.611298    
   135.000000      -57.5209885       259.997040    
   138.750000      -57.5209885       258.582977    
   142.500000      -57.5209885       257.184540    
   146.250000      -57.5209885       257.174744    
   150.000000      -57.5209885       258.060516    
   153.750000      -57.5209885       254.626907    
   157.500000      -57.5209885       254.069290    
   161.250000      -57.5209885       257.622040    
   165.000000      -57.5209885       260.099579    
   168.750000      -57.5209885       260.505829    
   172.500000      -57.5209885       261.917908    
   176.250000      -57.5209885       262.604431    
   180.000000      -57.5209885       263.555634    
   183.750000      -57.5209885       264.804626    
   187.500000      -57.5209885       265.887665    
   191.250000      -57.5209885       267.622040    
   195.000000      -57.5209885       269.082977    
   198.750000      -57.5209885       269.755829    
   202.500000      -57.5209885       269.080994    
   206.250000      -57.5209885       269.236298    
   210.000000      -57.5209885       269.032196    
   213.750000      -57.5209885       267.923798    
   217.500000      -57.5209885       268.197235    
   221.250000      -57.5209885       268.424744    
   225.000000      -57.5209885       265.355408    
   228.750000      -57.5209885       261.528290    
   232.500000      -57.5209885       257.873962    
   236.250000      -57.5209885       255.726517    
   240.000000      -57.5209885       252.344681    
   243.750000      -57.5209885       249.935501    
   247.500000      -57.5209885       250.466751    
   251.250000      -57.5209885       251.109329    
   255.000000      -57.5209885       252.156204    
   258.750000      -57.5209885       252.891556    
   262.500000      -57.5209885       257.222595    
   266.250000      -57.5209885       260.443329    
   270.000000      -57.5209885       263.140564    
   273.750000      -57.5209885       263.466766    
   277.500000      -57.5209885       263.270477    
   281.250000      -57.5209885       263.067352    
   285.000000      -57.5209885       258.424744    
   288.750000      -57.5209885       255.875931    
   292.500000      -57.5209885       254.526321    
   296.250000      -57.5209885       254.137650    
   300.000000      -57.5209885       254.200150    
   303.750000      -57.5209885       256.296814    
   307.500000      -57.5209885       258.067352    
   311.250000      -57.5209885       259.611298    
   315.000000      -57.5209885       259.488220    
   318.750000      -57.5209885       257.618134    
   322.500000      -57.5209885       257.197235    
   326.250000      -57.5209885       256.331970    
   330.000000      -57.5209885       256.488220    
   333.750000      -57.5209885       256.503845    
   337.500000      -57.5209885       256.829071    
   341.250000      -57.5209885       261.071259    
   345.000000      -57.5209885       262.820251    
   348.750000      -57.5209885       259.884735    
   352.500000      -57.5209885       260.879852    
   356.250000      -57.5209885       265.429626    
   360.000000      -57.5209885       265.663025    
   0.00000000      -53.8102722       264.029266    
   3.75000000      -53.8102722       264.231415    
   7.50000000      -53.8102722       262.482391    
   11.2500000      -53.8102722       261.711884    
   15.0000000      -53.8102722       260.542908    
   18.7500000      -53.8102722       259.712860    
   22.5000000      -53.8102722       259.293915    
   26.2500000      -53.8102722       260.241150    
   30.0000000      -53.8102722       260.595673    
   33.7500000      -53.8102722       262.936462    
   37.5000000      -53.8102722       263.672821    
   41.2500000      -53.8102722       263.592712    
   45.0000000      -53.8102722       261.980408    
   48.7500000      -53.8102722       260.700165    
   52.5000000      -53.8102722       261.493134    
   56.2500000      -53.8102722       258.708954    
   60.0000000      -53.8102722       254.576126    
   63.7500000      -53.8102722       252.855423    
   67.5000000      -53.8102722       251.934525    
   71.2500000      -53.8102722       252.414993    
   75.0000000      -53.8102722       252.737259    
   78.7500000      -53.8102722       252.968704    
   82.5000000      -53.8102722       253.264603    
   86.2500000      -53.8102722       253.770462    
   90.0000000      -53.8102722       254.525345    
   93.7500000      -53.8102722       256.124939    
   97.5000000      -53.8102722       259.047821    
   101.250000      -53.8102722       262.650360    
   105.000000      -53.8102722       264.281189    
   108.750000      -53.8102722       263.677704    
   112.500000      -53.8102722       265.134735    
   116.250000      -53.8102722       265.567352    
   120.000000      -53.8102722       266.407196    
   123.750000      -53.8102722       267.660095    
   127.500000      -53.8102722       266.536102    
   131.250000      -53.8102722       266.101501    
   135.000000      -53.8102722       264.180634    
   138.750000      -53.8102722       260.978485    
   142.500000      -53.8102722       260.220673    
   146.250000      -53.8102722       259.640564    
   150.000000      -53.8102722       259.360321    
   153.750000      -53.8102722       256.629852    
   157.500000      -53.8102722       255.145462    
   161.250000      -53.8102722       258.220673    
   165.000000      -53.8102722       260.899384    
   168.750000      -53.8102722       261.691345    
   172.500000      -53.8102722       263.866150    
   176.250000      -53.8102722       265.677704    
   180.000000      -53.8102722       268.075165    
   183.750000      -53.8102722       270.399384    
   187.500000      -53.8102722       271.326141    
   191.250000      -53.8102722       271.971619    
   195.000000      -53.8102722       270.682556    
   198.750000      -53.8102722       270.301727    
   202.500000      -53.8102722       269.950165    
   206.250000      -53.8102722       271.539001    
   210.000000      -53.8102722       271.913025    
   213.750000      -53.8102722       270.960876    
   217.500000      -53.8102722       270.208954    
   221.250000      -53.8102722       267.902283    
   225.000000      -53.8102722       267.018494    
   228.750000      -53.8102722       264.545837    
   232.500000      -53.8102722       261.305634    
   236.250000      -53.8102722       258.591766    
   240.000000      -53.8102722       254.974564    
   243.750000      -53.8102722       251.653275    
   247.500000      -53.8102722       252.008743    
   251.250000      -53.8102722       252.673782    
   255.000000      -53.8102722       253.349564    
   258.750000      -53.8102722       258.663025    
   262.500000      -53.8102722       263.283173    
   266.250000      -53.8102722       264.578064    
   270.000000      -53.8102722       264.673798    
   273.750000      -53.8102722       265.295837    
   277.500000      -53.8102722       264.375946    
   281.250000      -53.8102722       263.574158    
   285.000000      -53.8102722       261.382751    
   288.750000      -53.8102722       257.075165    
   292.500000      -53.8102722       255.780228    
   296.250000      -53.8102722       254.082962    
   300.000000      -53.8102722       254.016556    
   303.750000      -53.8102722       254.468704    
   307.500000      -53.8102722       256.226501    
   311.250000      -53.8102722       258.344696    
   315.000000      -53.8102722       260.227509    
   318.750000      -53.8102722       260.568329    
   322.500000      -53.8102722       259.804626    
   326.250000      -53.8102722       259.227509    
   330.000000      -53.8102722       258.738220    
   333.750000      -53.8102722       257.536102    
   337.500000      -53.8102722       257.846619    
   341.250000      -53.8102722       257.744110    
   345.000000      -53.8102722       256.899384    
   348.750000      -53.8102722       256.889587    
   352.500000      -53.8102722       258.393494    
   356.250000      -53.8102722       263.305634    
   360.000000      -53.8102722       264.029266    
   0.00000000      -50.0994530       264.253845    
   3.75000000      -50.0994530       264.961884    
   7.50000000      -50.0994530       263.444275    
   11.2500000      -50.0994530       260.338806    
   15.0000000      -50.0994530       258.285095    
   18.7500000      -50.0994530       258.283173    
   22.5000000      -50.0994530       258.981415    
   26.2500000      -50.0994530       261.804626    
   30.0000000      -50.0994530       266.085876    
   33.7500000      -50.0994530       268.632751    
   37.5000000      -50.0994530       268.178650    
   41.2500000      -50.0994530       268.018494    
   45.0000000      -50.0994530       267.616150    
   48.7500000      -50.0994530       265.970673    
   52.5000000      -50.0994530       264.498016    
   56.2500000      -50.0994530       264.438446    
   60.0000000      -50.0994530       264.218689    
   63.7500000      -50.0994530       260.107391    
   67.5000000      -50.0994530       256.081970    
   71.2500000      -50.0994530       253.555618    
   75.0000000      -50.0994530       253.888626    
   78.7500000      -50.0994530       257.588806    
   82.5000000      -50.0994530       257.177704    
   86.2500000      -50.0994530       256.576141    
   90.0000000      -50.0994530       256.117126    
   93.7500000      -50.0994530       256.796814    
   97.5000000      -50.0994530       260.943329    
   101.250000      -50.0994530       263.617126    
   105.000000      -50.0994530       264.548798    
   108.750000      -50.0994530       266.613220    
   112.500000      -50.0994530       267.462860    
   116.250000      -50.0994530       268.101501    
   120.000000      -50.0994530       267.997040    
   123.750000      -50.0994530       267.578064    
   127.500000      -50.0994530       267.783173    
   131.250000      -50.0994530       267.317352    
   135.000000      -50.0994530       267.171814    
   138.750000      -50.0994530       266.033173    
   142.500000      -50.0994530       264.245056    
   146.250000      -50.0994530       262.602509    
   150.000000      -50.0994530       261.556610    
   153.750000      -50.0994530       259.911102    
   157.500000      -50.0994530       260.373016    
   161.250000      -50.0994530       261.423798    
   165.000000      -50.0994530       262.467712    
   168.750000      -50.0994530       264.586884    
   172.500000      -50.0994530       266.725525    
   176.250000      -50.0994530       268.786102    
   180.000000      -50.0994530       271.534119    
   183.750000      -50.0994530       272.369110    
   187.500000      -50.0994530       270.272400    
   191.250000      -50.0994530       270.705994    
   195.000000      -50.0994530       272.037079    
   198.750000      -50.0994530       272.307556    
   202.500000      -50.0994530       271.849579    
   206.250000      -50.0994530       271.190369    
   210.000000      -50.0994530       271.116150    
   213.750000      -50.0994530       271.062439    
   217.500000      -50.0994530       270.644470    
   221.250000      -50.0994530       269.441345    
   225.000000      -50.0994530       267.044891    
   228.750000      -50.0994530       267.561462    
   232.500000      -50.0994530       264.177704    
   236.250000      -50.0994530       262.625946    
   240.000000      -50.0994530       258.881775    
   243.750000      -50.0994530       257.130829    
   247.500000      -50.0994530       256.521454    
   251.250000      -50.0994530       258.284119    
   255.000000      -50.0994530       260.404266    
   258.750000      -50.0994530       262.940369    
   262.500000      -50.0994530       265.481415    
   266.250000      -50.0994530       266.475525    
   270.000000      -50.0994530       266.856415    
   273.750000      -50.0994530       267.626923    
   277.500000      -50.0994530       267.518494    
   281.250000      -50.0994530       263.729431    
   285.000000      -50.0994530       261.862244    
   288.750000      -50.0994530       261.701141    
   292.500000      -50.0994530       257.519470    
   296.250000      -50.0994530       257.374939    
   300.000000      -50.0994530       257.438446    
   303.750000      -50.0994530       257.092712    
   307.500000      -50.0994530       259.751923    
   311.250000      -50.0994530       261.404266    
   315.000000      -50.0994530       263.312439    
   318.750000      -50.0994530       262.646454    
   322.500000      -50.0994530       263.954071    
   326.250000      -50.0994530       263.872040    
   330.000000      -50.0994530       263.598602    
   333.750000      -50.0994530       263.317352    
   337.500000      -50.0994530       263.392548    
   341.250000      -50.0994530       263.693329    
   345.000000      -50.0994530       264.346619    
   348.750000      -50.0994530       265.313446    
   352.500000      -50.0994530       267.453064    
   356.250000      -50.0994530       266.116150    
   360.000000      -50.0994530       264.253845    
   0.00000000      -46.3885536       265.631775    
   3.75000000      -46.3885536       265.543915    
   7.50000000      -46.3885536       263.004852    
   11.2500000      -46.3885536       259.452087    
   15.0000000      -46.3885536       259.083954    
   18.7500000      -46.3885536       258.876923    
   22.5000000      -46.3885536       260.121033    
   26.2500000      -46.3885536       264.463806    
   30.0000000      -46.3885536       267.522400    
   33.7500000      -46.3885536       270.476501    
   37.5000000      -46.3885536       272.454071    
   41.2500000      -46.3885536       272.597595    
   45.0000000      -46.3885536       271.994110    
   48.7500000      -46.3885536       271.748962    
   52.5000000      -46.3885536       271.327087    
   56.2500000      -46.3885536       270.857391    
   60.0000000      -46.3885536       270.365204    
   63.7500000      -46.3885536       268.958954    
   67.5000000      -46.3885536       266.922821    
   71.2500000      -46.3885536       265.640564    
   75.0000000      -46.3885536       264.618134    
   78.7500000      -46.3885536       263.849579    
   82.5000000      -46.3885536       262.922821    
   86.2500000      -46.3885536       262.630829    
   90.0000000      -46.3885536       259.768494    
   93.7500000      -46.3885536       259.505829    
   97.5000000      -46.3885536       262.899384    
   101.250000      -46.3885536       265.460876    
   105.000000      -46.3885536       267.966766    
   108.750000      -46.3885536       268.114227    
   112.500000      -46.3885536       269.154266    
   116.250000      -46.3885536       269.413025    
   120.000000      -46.3885536       270.571259    
   123.750000      -46.3885536       270.825165    
   127.500000      -46.3885536       270.672821    
   131.250000      -46.3885536       269.876923    
   135.000000      -46.3885536       268.843689    
   138.750000      -46.3885536       268.078064    
   142.500000      -46.3885536       267.577087    
   146.250000      -46.3885536       266.979431    
   150.000000      -46.3885536       265.290985    
   153.750000      -46.3885536       264.050720    
   157.500000      -46.3885536       262.221619    
   161.250000      -46.3885536       261.358337    
   165.000000      -46.3885536       264.862244    
   168.750000      -46.3885536       267.204071    
   172.500000      -46.3885536       268.771454    
   176.250000      -46.3885536       271.876923    
   180.000000      -46.3885536       272.945251    
   183.750000      -46.3885536       272.560516    
   187.500000      -46.3885536       271.506775    
   191.250000      -46.3885536       273.656189    
   195.000000      -46.3885536       273.170837    
   198.750000      -46.3885536       272.050720    
   202.500000      -46.3885536       271.599579    
   206.250000      -46.3885536       272.046814    
   210.000000      -46.3885536       271.862244    
   213.750000      -46.3885536       271.066345    
   217.500000      -46.3885536       269.578064    
   221.250000      -46.3885536       268.538025    
   225.000000      -46.3885536       268.740204    
   228.750000      -46.3885536       268.551727    
   232.500000      -46.3885536       268.537079    
   236.250000      -46.3885536       267.095673    
   240.000000      -46.3885536       267.496033    
   243.750000      -46.3885536       267.307556    
   247.500000      -46.3885536       266.263641    
   251.250000      -46.3885536       266.033173    
   255.000000      -46.3885536       267.540985    
   258.750000      -46.3885536       268.775360    
   262.500000      -46.3885536       268.842712    
   266.250000      -46.3885536       268.548798    
   270.000000      -46.3885536       269.107391    
   273.750000      -46.3885536       268.701141    
   277.500000      -46.3885536       268.015564    
   281.250000      -46.3885536       267.504852    
   285.000000      -46.3885536       265.428650    
   288.750000      -46.3885536       265.608337    
   292.500000      -46.3885536       262.373962    
   296.250000      -46.3885536       262.504852    
   300.000000      -46.3885536       263.060516    
   303.750000      -46.3885536       263.230408    
   307.500000      -46.3885536       264.699158    
   311.250000      -46.3885536       266.111298    
   315.000000      -46.3885536       267.481415    
   318.750000      -46.3885536       268.909119    
   322.500000      -46.3885536       268.306610    
   326.250000      -46.3885536       267.812439    
   330.000000      -46.3885536       268.380829    
   333.750000      -46.3885536       268.911102    
   337.500000      -46.3885536       268.584900    
   341.250000      -46.3885536       268.203064    
   345.000000      -46.3885536       267.854431    
   348.750000      -46.3885536       266.996033    
   352.500000      -46.3885536       266.498962    
   356.250000      -46.3885536       263.305634    
   360.000000      -46.3885536       265.631775    
   0.00000000      -42.6776047       266.096619    
   3.75000000      -42.6776047       265.407196    
   7.50000000      -42.6776047       260.856415    
   11.2500000      -42.6776047       261.457977    
   15.0000000      -42.6776047       261.446259    
   18.7500000      -42.6776047       260.758759    
   22.5000000      -42.6776047       260.182556    
   26.2500000      -42.6776047       265.042908    
   30.0000000      -42.6776047       268.332977    
   33.7500000      -42.6776047       272.221619    
   37.5000000      -42.6776047       274.515564    
   41.2500000      -42.6776047       275.422821    
   45.0000000      -42.6776047       274.427704    
   48.7500000      -42.6776047       273.717712    
   52.5000000      -42.6776047       273.496033    
   56.2500000      -42.6776047       273.331970    
   60.0000000      -42.6776047       273.123016    
   63.7500000      -42.6776047       272.798798    
   67.5000000      -42.6776047       271.745056    
   71.2500000      -42.6776047       270.190369    
   75.0000000      -42.6776047       268.576141    
   78.7500000      -42.6776047       267.657196    
   82.5000000      -42.6776047       265.395477    
   86.2500000      -42.6776047       266.106415    
   90.0000000      -42.6776047       265.834900    
   93.7500000      -42.6776047       265.258759    
   97.5000000      -42.6776047       265.154266    
   101.250000      -42.6776047       267.383759    
   105.000000      -42.6776047       268.546814    
   108.750000      -42.6776047       269.556610    
   112.500000      -42.6776047       269.770477    
   116.250000      -42.6776047       269.715790    
   120.000000      -42.6776047       272.094696    
   123.750000      -42.6776047       272.373962    
   127.500000      -42.6776047       271.938446    
   131.250000      -42.6776047       271.254852    
   135.000000      -42.6776047       270.818329    
   138.750000      -42.6776047       270.514587    
   142.500000      -42.6776047       270.319275    
   146.250000      -42.6776047       269.975525    
   150.000000      -42.6776047       268.764587    
   153.750000      -42.6776047       268.033173    
   157.500000      -42.6776047       265.587860    
   161.250000      -42.6776047       264.374939    
   165.000000      -42.6776047       265.735321    
   168.750000      -42.6776047       267.049744    
   172.500000      -42.6776047       269.724579    
   176.250000      -42.6776047       270.597595    
   180.000000      -42.6776047       273.915985    
   183.750000      -42.6776047       272.610321    
   187.500000      -42.6776047       272.693329    
   191.250000      -42.6776047       274.291931    
   195.000000      -42.6776047       272.817352    
   198.750000      -42.6776047       271.436462    
   202.500000      -42.6776047       271.796814    
   206.250000      -42.6776047       271.435516    
   210.000000      -42.6776047       271.037079    
   213.750000      -42.6776047       269.747040    
   217.500000      -42.6776047       268.105408    
   221.250000      -42.6776047       267.821259    
   225.000000      -42.6776047       268.038025    
   228.750000      -42.6776047       268.487244    
   232.500000      -42.6776047       268.873962    
   236.250000      -42.6776047       269.415009    
   240.000000      -42.6776047       269.911102    
   243.750000      -42.6776047       270.125946    
   247.500000      -42.6776047       269.376923    
   251.250000      -42.6776047       269.542908    
   255.000000      -42.6776047       269.504852    
   258.750000      -42.6776047       269.730408    
   262.500000      -42.6776047       270.919891    
   266.250000      -42.6776047       270.162079    
   270.000000      -42.6776047       269.828064    
   273.750000      -42.6776047       269.598602    
   277.500000      -42.6776047       269.495056    
   281.250000      -42.6776047       269.779266    
   285.000000      -42.6776047       269.200165    
   288.750000      -42.6776047       269.293915    
   292.500000      -42.6776047       265.765564    
   296.250000      -42.6776047       267.477509    
   300.000000      -42.6776047       268.341766    
   303.750000      -42.6776047       268.441345    
   307.500000      -42.6776047       268.892548    
   311.250000      -42.6776047       269.752869    
   315.000000      -42.6776047       269.773376    
   318.750000      -42.6776047       271.460876    
   322.500000      -42.6776047       271.740204    
   326.250000      -42.6776047       271.381775    
   330.000000      -42.6776047       271.804626    
   333.750000      -42.6776047       270.936462    
   337.500000      -42.6776047       271.639587    
   341.250000      -42.6776047       270.555634    
   345.000000      -42.6776047       269.174744    
   348.750000      -42.6776047       268.211884    
   352.500000      -42.6776047       266.437439    
   356.250000      -42.6776047       266.032196    
   360.000000      -42.6776047       266.096619    
   0.00000000      -38.9666100       266.621033    
   3.75000000      -38.9666100       265.415009    
   7.50000000      -38.9666100       263.955994    
   11.2500000      -38.9666100       262.969696    
   15.0000000      -38.9666100       263.366150    
   18.7500000      -38.9666100       263.462860    
   22.5000000      -38.9666100       264.549744    
   26.2500000      -38.9666100       269.058533    
   30.0000000      -38.9666100       272.195251    
   33.7500000      -38.9666100       274.885681    
   37.5000000      -38.9666100       276.158173    
   41.2500000      -38.9666100       275.278290    
   45.0000000      -38.9666100       274.229431    
   48.7500000      -38.9666100       273.801727    
   52.5000000      -38.9666100       274.321259    
   56.2500000      -38.9666100       274.228485    
   60.0000000      -38.9666100       274.550720    
   63.7500000      -38.9666100       274.946259    
   67.5000000      -38.9666100       274.268494    
   71.2500000      -38.9666100       272.888641    
   75.0000000      -38.9666100       271.978485    
   78.7500000      -38.9666100       271.446259    
   82.5000000      -38.9666100       269.245056    
   86.2500000      -38.9666100       269.836884    
   90.0000000      -38.9666100       270.628845    
   93.7500000      -38.9666100       271.093689    
   97.5000000      -38.9666100       269.920837    
   101.250000      -38.9666100       269.212860    
   105.000000      -38.9666100       268.590790    
   108.750000      -38.9666100       269.226501    
   112.500000      -38.9666100       269.169891    
   116.250000      -38.9666100       269.956970    
   120.000000      -38.9666100       271.010681    
   123.750000      -38.9666100       273.685516    
   127.500000      -38.9666100       272.858337    
   131.250000      -38.9666100       273.185516    
   135.000000      -38.9666100       272.655212    
   138.750000      -38.9666100       272.697235    
   142.500000      -38.9666100       272.253845    
   146.250000      -38.9666100       271.642548    
   150.000000      -38.9666100       270.835876    
   153.750000      -38.9666100       269.806610    
   157.500000      -38.9666100       269.023376    
   161.250000      -38.9666100       267.178650    
   165.000000      -38.9666100       264.682556    
   168.750000      -38.9666100       263.840790    
   172.500000      -38.9666100       265.699158    
   176.250000      -38.9666100       270.457977    
   180.000000      -38.9666100       276.105408    
   183.750000      -38.9666100       273.850525    
   187.500000      -38.9666100       272.788025    
   191.250000      -38.9666100       274.846619    
   195.000000      -38.9666100       273.566345    
   198.750000      -38.9666100       271.348602    
   202.500000      -38.9666100       271.568329    
   206.250000      -38.9666100       272.095673    
   210.000000      -38.9666100       271.592712    
   213.750000      -38.9666100       269.241150    
   217.500000      -38.9666100       266.898376    
   221.250000      -38.9666100       265.367126    
   225.000000      -38.9666100       266.372040    
   228.750000      -38.9666100       268.161102    
   232.500000      -38.9666100       269.323181    
   236.250000      -38.9666100       270.270477    
   240.000000      -38.9666100       270.468689    
   243.750000      -38.9666100       271.354431    
   247.500000      -38.9666100       271.627869    
   251.250000      -38.9666100       271.544891    
   255.000000      -38.9666100       271.616150    
   258.750000      -38.9666100       271.987244    
   262.500000      -38.9666100       271.724579    
   266.250000      -38.9666100       270.750946    
   270.000000      -38.9666100       269.639587    
   273.750000      -38.9666100       269.288025    
   277.500000      -38.9666100       269.638641    
   281.250000      -38.9666100       270.609314    
   285.000000      -38.9666100       271.282196    
   288.750000      -38.9666100       272.009735    
   292.500000      -38.9666100       272.234314    
   296.250000      -38.9666100       272.310516    
   300.000000      -38.9666100       271.177704    
   303.750000      -38.9666100       270.269470    
   307.500000      -38.9666100       272.205048    
   311.250000      -38.9666100       272.856415    
   315.000000      -38.9666100       272.430634    
   318.750000      -38.9666100       273.512665    
   322.500000      -38.9666100       272.948181    
   326.250000      -38.9666100       272.444275    
   330.000000      -38.9666100       272.671814    
   333.750000      -38.9666100       271.165009    
   337.500000      -38.9666100       272.502869    
   341.250000      -38.9666100       272.065369    
   345.000000      -38.9666100       269.408173    
   348.750000      -38.9666100       269.342712    
   352.500000      -38.9666100       268.271454    
   356.250000      -38.9666100       268.419891    
   360.000000      -38.9666100       266.621033    
   0.00000000      -35.2555809       268.346619    
   3.75000000      -35.2555809       264.772400    
   7.50000000      -35.2555809       262.379852    
   11.2500000      -35.2555809       265.629852    
   15.0000000      -35.2555809       266.429626    
   18.7500000      -35.2555809       267.753845    
   22.5000000      -35.2555809       270.384735    
   26.2500000      -35.2555809       272.688446    
   30.0000000      -35.2555809       275.537079    
   33.7500000      -35.2555809       277.251923    
   37.5000000      -35.2555809       277.094696    
   41.2500000      -35.2555809       275.567352    
   45.0000000      -35.2555809       274.246033    
   48.7500000      -35.2555809       272.524384    
   52.5000000      -35.2555809       274.205048    
   56.2500000      -35.2555809       274.750946    
   60.0000000      -35.2555809       274.378845    
   63.7500000      -35.2555809       274.048798    
   67.5000000      -35.2555809       274.242126    
   71.2500000      -35.2555809       274.073181    
   75.0000000      -35.2555809       273.408173    
   78.7500000      -35.2555809       272.112244    
   82.5000000      -35.2555809       271.488220    
   86.2500000      -35.2555809       271.189423    
   90.0000000      -35.2555809       271.299744    
   93.7500000      -35.2555809       271.420837    
   97.5000000      -35.2555809       270.706970    
   101.250000      -35.2555809       271.269470    
   105.000000      -35.2555809       269.405212    
   108.750000      -35.2555809       268.980408    
   112.500000      -35.2555809       270.924744    
   116.250000      -35.2555809       272.880829    
   120.000000      -35.2555809       271.498016    
   123.750000      -35.2555809       272.604431    
   127.500000      -35.2555809       271.709900    
   131.250000      -35.2555809       272.197235    
   135.000000      -35.2555809       271.769470    
   138.750000      -35.2555809       273.256775    
   142.500000      -35.2555809       273.782196    
   146.250000      -35.2555809       273.393494    
   150.000000      -35.2555809       272.934540    
   153.750000      -35.2555809       272.299744    
   157.500000      -35.2555809       271.343689    
   161.250000      -35.2555809       269.976501    
   165.000000      -35.2555809       267.784119    
   168.750000      -35.2555809       267.247040    
   172.500000      -35.2555809       267.498016    
   176.250000      -35.2555809       272.092712    
   180.000000      -35.2555809       274.633759    
   183.750000      -35.2555809       275.178650    
   187.500000      -35.2555809       274.333954    
   191.250000      -35.2555809       275.430634    
   195.000000      -35.2555809       273.415985    
   198.750000      -35.2555809       270.197235    
   202.500000      -35.2555809       271.023376    
   206.250000      -35.2555809       272.026306    
   210.000000      -35.2555809       271.948181    
   213.750000      -35.2555809       268.628845    
   217.500000      -35.2555809       266.767548    
   221.250000      -35.2555809       265.601501    
   225.000000      -35.2555809       267.599579    
   228.750000      -35.2555809       270.071259    
   232.500000      -35.2555809       270.205994    
   236.250000      -35.2555809       271.258759    
   240.000000      -35.2555809       272.139587    
   243.750000      -35.2555809       273.359314    
   247.500000      -35.2555809       273.229431    
   251.250000      -35.2555809       272.091766    
   255.000000      -35.2555809       273.071259    
   258.750000      -35.2555809       273.787079    
   262.500000      -35.2555809       272.750946    
   266.250000      -35.2555809       269.813446    
   270.000000      -35.2555809       269.413025    
   273.750000      -35.2555809       270.268494    
   277.500000      -35.2555809       271.880829    
   281.250000      -35.2555809       273.534119    
   285.000000      -35.2555809       274.521454    
   288.750000      -35.2555809       275.076141    
   292.500000      -35.2555809       274.591766    
   296.250000      -35.2555809       274.875946    
   300.000000      -35.2555809       275.034119    
   303.750000      -35.2555809       273.851501    
   307.500000      -35.2555809       275.985321    
   311.250000      -35.2555809       274.882751    
   315.000000      -35.2555809       276.138641    
   318.750000      -35.2555809       275.146454    
   322.500000      -35.2555809       274.219696    
   326.250000      -35.2555809       275.466766    
   330.000000      -35.2555809       275.265564    
   333.750000      -35.2555809       276.617126    
   337.500000      -35.2555809       273.599579    
   341.250000      -35.2555809       273.268494    
   345.000000      -35.2555809       271.302704    
   348.750000      -35.2555809       271.401306    
   352.500000      -35.2555809       271.333954    
   356.250000      -35.2555809       270.776306    
   360.000000      -35.2555809       268.346619    
   0.00000000      -31.5445251       269.953064    
   3.75000000      -31.5445251       268.049744    
   7.50000000      -31.5445251       267.916931    
   11.2500000      -31.5445251       269.751923    
   15.0000000      -31.5445251       272.407196    
   18.7500000      -31.5445251       274.900360    
   22.5000000      -31.5445251       275.953064    
   26.2500000      -31.5445251       276.887665    
   30.0000000      -31.5445251       276.735321    
   33.7500000      -31.5445251       277.248962    
   37.5000000      -31.5445251       278.766571    
   41.2500000      -31.5445251       277.879852    
   45.0000000      -31.5445251       274.738220    
   48.7500000      -31.5445251       274.235321    
   52.5000000      -31.5445251       274.524384    
   56.2500000      -31.5445251       274.640564    
   60.0000000      -31.5445251       275.725525    
   63.7500000      -31.5445251       274.955994    
   67.5000000      -31.5445251       274.186462    
   71.2500000      -31.5445251       273.770477    
   75.0000000      -31.5445251       273.578064    
   78.7500000      -31.5445251       273.075165    
   82.5000000      -31.5445251       273.040009    
   86.2500000      -31.5445251       272.990204    
   90.0000000      -31.5445251       272.938446    
   93.7500000      -31.5445251       273.709900    
   97.5000000      -31.5445251       273.387665    
   101.250000      -31.5445251       274.411102    
   105.000000      -31.5445251       275.040009    
   108.750000      -31.5445251       274.210876    
   112.500000      -31.5445251       271.839783    
   116.250000      -31.5445251       275.689423    
   120.000000      -31.5445251       275.882751    
   123.750000      -31.5445251       274.790985    
   127.500000      -31.5445251       273.850525    
   131.250000      -31.5445251       274.123962    
   135.000000      -31.5445251       272.894470    
   138.750000      -31.5445251       273.085876    
   142.500000      -31.5445251       274.864227    
   146.250000      -31.5445251       274.593689    
   150.000000      -31.5445251       273.764587    
   153.750000      -31.5445251       274.053650    
   157.500000      -31.5445251       273.520477    
   161.250000      -31.5445251       273.323181    
   165.000000      -31.5445251       274.366150    
   168.750000      -31.5445251       273.780212    
   172.500000      -31.5445251       272.731415    
   176.250000      -31.5445251       273.584900    
   180.000000      -31.5445251       274.188446    
   183.750000      -31.5445251       274.035095    
   187.500000      -31.5445251       274.581970    
   191.250000      -31.5445251       273.888641    
   195.000000      -31.5445251       272.747040    
   198.750000      -31.5445251       270.475525    
   202.500000      -31.5445251       271.511658    
   206.250000      -31.5445251       272.456970    
   210.000000      -31.5445251       273.501923    
   213.750000      -31.5445251       271.498016    
   217.500000      -31.5445251       269.833954    
   221.250000      -31.5445251       270.408173    
   225.000000      -31.5445251       271.718689    
   228.750000      -31.5445251       272.518494    
   232.500000      -31.5445251       272.594696    
   236.250000      -31.5445251       272.548798    
   240.000000      -31.5445251       273.875946    
   243.750000      -31.5445251       274.283173    
   247.500000      -31.5445251       273.906189    
   251.250000      -31.5445251       273.095673    
   255.000000      -31.5445251       272.667908    
   258.750000      -31.5445251       273.828064    
   262.500000      -31.5445251       273.250946    
   266.250000      -31.5445251       270.576141    
   270.000000      -31.5445251       267.377869    
   273.750000      -31.5445251       270.492126    
   277.500000      -31.5445251       273.465790    
   281.250000      -31.5445251       275.058533    
   285.000000      -31.5445251       276.479431    
   288.750000      -31.5445251       277.369110    
   292.500000      -31.5445251       278.695251    
   296.250000      -31.5445251       277.246033    
   300.000000      -31.5445251       276.794891    
   303.750000      -31.5445251       278.380829    
   307.500000      -31.5445251       279.539001    
   311.250000      -31.5445251       279.366150    
   315.000000      -31.5445251       277.584900    
   318.750000      -31.5445251       277.601501    
   322.500000      -31.5445251       276.887665    
   326.250000      -31.5445251       275.273376    
   330.000000      -31.5445251       275.348602    
   333.750000      -31.5445251       275.323181    
   337.500000      -31.5445251       275.409119    
   341.250000      -31.5445251       273.707977    
   345.000000      -31.5445251       273.670837    
   348.750000      -31.5445251       272.792908    
   352.500000      -31.5445251       272.459900    
   356.250000      -31.5445251       271.833954    
   360.000000      -31.5445251       269.953064    
   0.00000000      -27.8334446       273.680634    
   3.75000000      -27.8334446       274.164001    
   7.50000000      -27.8334446       274.991150    
   11.2500000      -27.8334446       275.929626    
   15.0000000      -27.8334446       277.324158    
   18.7500000      -27.8334446       278.823181    
   22.5000000      -27.8334446       279.329071    
   26.2500000      -27.8334446       278.820251    
   30.0000000      -27.8334446       279.674744    
   33.7500000      -27.8334446       279.642548    
   37.5000000      -27.8334446       280.507751    
   41.2500000      -27.8334446       279.231415    
   45.0000000      -27.8334446       277.164001    
   48.7500000      -27.8334446       276.250946    
   52.5000000      -27.8334446       276.271454    
   56.2500000      -27.8334446       275.924744    
   60.0000000      -27.8334446       275.692352    
   63.7500000      -27.8334446       275.457977    
   67.5000000      -27.8334446       274.123962    
   71.2500000      -27.8334446       273.822235    
   75.0000000      -27.8334446       274.296814    
   78.7500000      -27.8334446       274.992126    
   82.5000000      -27.8334446       275.175720    
   86.2500000      -27.8334446       274.906189    
   90.0000000      -27.8334446       275.436462    
   93.7500000      -27.8334446       276.011658    
   97.5000000      -27.8334446       277.039001    
   101.250000      -27.8334446       277.528290    
   105.000000      -27.8334446       277.452087    
   108.750000      -27.8334446       276.293915    
   112.500000      -27.8334446       277.242126    
   116.250000      -27.8334446       278.426727    
   120.000000      -27.8334446       278.065369    
   123.750000      -27.8334446       277.060516    
   127.500000      -27.8334446       277.103485    
   131.250000      -27.8334446       275.289001    
   135.000000      -27.8334446       275.373016    
   138.750000      -27.8334446       273.813446    
   142.500000      -27.8334446       276.010681    
   146.250000      -27.8334446       274.975525    
   150.000000      -27.8334446       274.435516    
   153.750000      -27.8334446       274.131775    
   157.500000      -27.8334446       274.929626    
   161.250000      -27.8334446       274.819275    
   165.000000      -27.8334446       275.029266    
   168.750000      -27.8334446       274.497040    
   172.500000      -27.8334446       273.631775    
   176.250000      -27.8334446       275.738220    
   180.000000      -27.8334446       274.780212    
   183.750000      -27.8334446       275.930634    
   187.500000      -27.8334446       275.220673    
   191.250000      -27.8334446       273.752869    
   195.000000      -27.8334446       272.186462    
   198.750000      -27.8334446       272.068329    
   202.500000      -27.8334446       273.286102    
   206.250000      -27.8334446       273.253845    
   210.000000      -27.8334446       273.355408    
   213.750000      -27.8334446       273.831970    
   217.500000      -27.8334446       273.116150    
   221.250000      -27.8334446       274.050720    
   225.000000      -27.8334446       274.039001    
   228.750000      -27.8334446       273.797821    
   232.500000      -27.8334446       273.525360    
   236.250000      -27.8334446       274.754852    
   240.000000      -27.8334446       274.313446    
   243.750000      -27.8334446       274.248016    
   247.500000      -27.8334446       273.705048    
   251.250000      -27.8334446       273.917908    
   255.000000      -27.8334446       274.317352    
   258.750000      -27.8334446       274.795837    
   262.500000      -27.8334446       274.149384    
   266.250000      -27.8334446       272.955048    
   270.000000      -27.8334446       272.417908    
   273.750000      -27.8334446       274.352509    
   277.500000      -27.8334446       276.039001    
   281.250000      -27.8334446       277.650360    
   285.000000      -27.8334446       279.081970    
   288.750000      -27.8334446       279.249939    
   292.500000      -27.8334446       279.862244    
   296.250000      -27.8334446       278.838806    
   300.000000      -27.8334446       280.490204    
   303.750000      -27.8334446       280.010681    
   307.500000      -27.8334446       280.411102    
   311.250000      -27.8334446       280.357391    
   315.000000      -27.8334446       277.836884    
   318.750000      -27.8334446       277.270477    
   322.500000      -27.8334446       276.509735    
   326.250000      -27.8334446       276.441345    
   330.000000      -27.8334446       275.373962    
   333.750000      -27.8334446       277.195251    
   337.500000      -27.8334446       276.209900    
   341.250000      -27.8334446       275.758759    
   345.000000      -27.8334446       276.511658    
   348.750000      -27.8334446       275.218689    
   352.500000      -27.8334446       274.281189    
   356.250000      -27.8334446       274.003845    
   360.000000      -27.8334446       273.680634    
   0.00000000      -24.1223469       277.376923    
   3.75000000      -24.1223469       277.761658    
   7.50000000      -24.1223469       277.968689    
   11.2500000      -24.1223469       278.559540    
   15.0000000      -24.1223469       280.521454    
   18.7500000      -24.1223469       280.103485    
   22.5000000      -24.1223469       280.091766    
   26.2500000      -24.1223469       279.035095    
   30.0000000      -24.1223469       278.955994    
   33.7500000      -24.1223469       279.644470    
   37.5000000      -24.1223469       278.799744    
   41.2500000      -24.1223469       277.855408    
   45.0000000      -24.1223469       277.831970    
   48.7500000      -24.1223469       277.046814    
   52.5000000      -24.1223469       276.515564    
   56.2500000      -24.1223469       277.566345    
   60.0000000      -24.1223469       277.901306    
   63.7500000      -24.1223469       277.634735    
   67.5000000      -24.1223469       276.943329    
   71.2500000      -24.1223469       276.544891    
   75.0000000      -24.1223469       277.040985    
   78.7500000      -24.1223469       277.968689    
   82.5000000      -24.1223469       277.444275    
   86.2500000      -24.1223469       278.406189    
   90.0000000      -24.1223469       279.045837    
   93.7500000      -24.1223469       278.642548    
   97.5000000      -24.1223469       278.854431    
   101.250000      -24.1223469       278.999939    
   105.000000      -24.1223469       279.802704    
   108.750000      -24.1223469       279.440369    
   112.500000      -24.1223469       279.287079    
   116.250000      -24.1223469       280.124939    
   120.000000      -24.1223469       277.782196    
   123.750000      -24.1223469       278.649384    
   127.500000      -24.1223469       278.088806    
   131.250000      -24.1223469       277.448181    
   135.000000      -24.1223469       276.700165    
   138.750000      -24.1223469       275.931610    
   142.500000      -24.1223469       277.423798    
   146.250000      -24.1223469       275.493134    
   150.000000      -24.1223469       275.539001    
   153.750000      -24.1223469       274.366150    
   157.500000      -24.1223469       275.931610    
   161.250000      -24.1223469       276.410095    
   165.000000      -24.1223469       275.870056    
   168.750000      -24.1223469       275.638641    
   172.500000      -24.1223469       276.370056    
   176.250000      -24.1223469       276.301727    
   180.000000      -24.1223469       277.923798    
   183.750000      -24.1223469       277.692352    
   187.500000      -24.1223469       277.047821    
   191.250000      -24.1223469       276.248962    
   195.000000      -24.1223469       274.081970    
   198.750000      -24.1223469       274.835876    
   202.500000      -24.1223469       274.050720    
   206.250000      -24.1223469       274.314423    
   210.000000      -24.1223469       274.853485    
   213.750000      -24.1223469       274.934540    
   217.500000      -24.1223469       274.417908    
   221.250000      -24.1223469       273.966766    
   225.000000      -24.1223469       274.860321    
   228.750000      -24.1223469       274.601501    
   232.500000      -24.1223469       274.607391    
   236.250000      -24.1223469       275.542908    
   240.000000      -24.1223469       274.972595    
   243.750000      -24.1223469       274.618134    
   247.500000      -24.1223469       274.731415    
   251.250000      -24.1223469       275.020477    
   255.000000      -24.1223469       276.157196    
   258.750000      -24.1223469       276.744110    
   262.500000      -24.1223469       276.622040    
   266.250000      -24.1223469       277.070251    
   270.000000      -24.1223469       278.053650    
   273.750000      -24.1223469       278.306610    
   277.500000      -24.1223469       279.158173    
   281.250000      -24.1223469       280.146454    
   285.000000      -24.1223469       280.743134    
   288.750000      -24.1223469       281.195251    
   292.500000      -24.1223469       285.728485    
   296.250000      -24.1223469       278.505829    
   300.000000      -24.1223469       281.232391    
   303.750000      -24.1223469       280.669891    
   307.500000      -24.1223469       281.512665    
   311.250000      -24.1223469       279.607391    
   315.000000      -24.1223469       278.775360    
   318.750000      -24.1223469       277.663025    
   322.500000      -24.1223469       276.956970    
   326.250000      -24.1223469       278.146454    
   330.000000      -24.1223469       277.993134    
   333.750000      -24.1223469       278.733337    
   337.500000      -24.1223469       278.911102    
   341.250000      -24.1223469       278.138641    
   345.000000      -24.1223469       277.552704    
   348.750000      -24.1223469       277.672821    
   352.500000      -24.1223469       277.075165    
   356.250000      -24.1223469       277.506775    
   360.000000      -24.1223469       277.376923    
   0.00000000      -20.4112377       279.608337    
   3.75000000      -20.4112377       280.849579    
   7.50000000      -20.4112377       281.512665    
   11.2500000      -20.4112377       281.230408    
   15.0000000      -20.4112377       279.373016    
   18.7500000      -20.4112377       278.856415    
   22.5000000      -20.4112377       279.108337    
   26.2500000      -20.4112377       279.257751    
   30.0000000      -20.4112377       280.151306    
   33.7500000      -20.4112377       280.098602    
   37.5000000      -20.4112377       280.391571    
   41.2500000      -20.4112377       278.053650    
   45.0000000      -20.4112377       277.456970    
   48.7500000      -20.4112377       277.315369    
   52.5000000      -20.4112377       276.576141    
   56.2500000      -20.4112377       279.166931    
   60.0000000      -20.4112377       278.299744    
   63.7500000      -20.4112377       277.865204    
   67.5000000      -20.4112377       275.124939    
   71.2500000      -20.4112377       277.210876    
   75.0000000      -20.4112377       278.839783    
   78.7500000      -20.4112377       280.515564    
   82.5000000      -20.4112377       281.012665    
   86.2500000      -20.4112377       280.582977    
   90.0000000      -20.4112377       279.898376    
   93.7500000      -20.4112377       280.994110    
   97.5000000      -20.4112377       281.411102    
   101.250000      -20.4112377       281.695251    
   105.000000      -20.4112377       281.777283    
   108.750000      -20.4112377       282.553650    
   112.500000      -20.4112377       282.363220    
   116.250000      -20.4112377       282.261658    
   120.000000      -20.4112377       279.316345    
   123.750000      -20.4112377       278.452087    
   127.500000      -20.4112377       278.475525    
   131.250000      -20.4112377       278.218689    
   135.000000      -20.4112377       278.075165    
   138.750000      -20.4112377       276.929626    
   142.500000      -20.4112377       276.502869    
   146.250000      -20.4112377       276.933533    
   150.000000      -20.4112377       275.448181    
   153.750000      -20.4112377       275.919891    
   157.500000      -20.4112377       276.493134    
   161.250000      -20.4112377       276.743134    
   165.000000      -20.4112377       277.269470    
   168.750000      -20.4112377       277.339783    
   172.500000      -20.4112377       277.848602    
   176.250000      -20.4112377       278.247040    
   180.000000      -20.4112377       279.324158    
   183.750000      -20.4112377       279.083954    
   187.500000      -20.4112377       279.178650    
   191.250000      -20.4112377       277.930634    
   195.000000      -20.4112377       277.173798    
   198.750000      -20.4112377       276.465790    
   202.500000      -20.4112377       276.594696    
   206.250000      -20.4112377       275.211884    
   210.000000      -20.4112377       274.715790    
   213.750000      -20.4112377       274.444275    
   217.500000      -20.4112377       275.264587    
   221.250000      -20.4112377       275.483337    
   225.000000      -20.4112377       276.388641    
   228.750000      -20.4112377       275.877869    
   232.500000      -20.4112377       275.713806    
   236.250000      -20.4112377       276.237244    
   240.000000      -20.4112377       275.896454    
   243.750000      -20.4112377       276.600525    
   247.500000      -20.4112377       276.401306    
   251.250000      -20.4112377       276.441345    
   255.000000      -20.4112377       277.601501    
   258.750000      -20.4112377       278.623962    
   262.500000      -20.4112377       279.028290    
   266.250000      -20.4112377       280.038025    
   270.000000      -20.4112377       280.061462    
   273.750000      -20.4112377       280.890564    
   277.500000      -20.4112377       281.274384    
   281.250000      -20.4112377       279.294891    
   285.000000      -20.4112377       278.712860    
   288.750000      -20.4112377       279.133759    
   292.500000      -20.4112377       285.836884    
   296.250000      -20.4112377       280.324158    
   300.000000      -20.4112377       280.248962    
   303.750000      -20.4112377       278.583954    
   307.500000      -20.4112377       281.677704    
   311.250000      -20.4112377       279.614227    
   315.000000      -20.4112377       277.262665    
   318.750000      -20.4112377       277.312439    
   322.500000      -20.4112377       277.970673    
   326.250000      -20.4112377       278.640564    
   330.000000      -20.4112377       279.536102    
   333.750000      -20.4112377       280.757751    
   337.500000      -20.4112377       280.985321    
   341.250000      -20.4112377       280.054626    
   345.000000      -20.4112377       279.820251    
   348.750000      -20.4112377       279.944275    
   352.500000      -20.4112377       279.703064    
   356.250000      -20.4112377       278.996033    
   360.000000      -20.4112377       279.608337    
   0.00000000      -16.7001171       281.450165    
   3.75000000      -16.7001171       282.024384    
   7.50000000      -16.7001171       279.922821    
   11.2500000      -16.7001171       277.707977    
   15.0000000      -16.7001171       277.803650    
   18.7500000      -16.7001171       279.526306    
   22.5000000      -16.7001171       280.263641    
   26.2500000      -16.7001171       280.151306    
   30.0000000      -16.7001171       280.589783    
   33.7500000      -16.7001171       280.542908    
   37.5000000      -16.7001171       280.354431    
   41.2500000      -16.7001171       278.581970    
   45.0000000      -16.7001171       277.671814    
   48.7500000      -16.7001171       278.292908    
   52.5000000      -16.7001171       275.498016    
   56.2500000      -16.7001171       276.323181    
   60.0000000      -16.7001171       276.577087    
   63.7500000      -16.7001171       276.910095    
   67.5000000      -16.7001171       278.565369    
   71.2500000      -16.7001171       278.962860    
   75.0000000      -16.7001171       279.418915    
   78.7500000      -16.7001171       280.519470    
   82.5000000      -16.7001171       279.633759    
   86.2500000      -16.7001171       279.611298    
   90.0000000      -16.7001171       279.038025    
   93.7500000      -16.7001171       279.252869    
   97.5000000      -16.7001171       279.662079    
   101.250000      -16.7001171       279.677704    
   105.000000      -16.7001171       279.973602    
   108.750000      -16.7001171       279.868134    
   112.500000      -16.7001171       279.731415    
   116.250000      -16.7001171       280.613220    
   120.000000      -16.7001171       279.068329    
   123.750000      -16.7001171       279.054626    
   127.500000      -16.7001171       278.933533    
   131.250000      -16.7001171       280.129852    
   135.000000      -16.7001171       277.584900    
   138.750000      -16.7001171       277.419891    
   142.500000      -16.7001171       277.903290    
   146.250000      -16.7001171       277.971619    
   150.000000      -16.7001171       278.161102    
   153.750000      -16.7001171       278.000946    
   157.500000      -16.7001171       278.172821    
   161.250000      -16.7001171       278.290985    
   165.000000      -16.7001171       278.801727    
   168.750000      -16.7001171       279.660095    
   172.500000      -16.7001171       279.457977    
   176.250000      -16.7001171       279.115204    
   180.000000      -16.7001171       279.770477    
   183.750000      -16.7001171       279.981415    
   187.500000      -16.7001171       280.391571    
   191.250000      -16.7001171       279.674744    
   195.000000      -16.7001171       278.667908    
   198.750000      -16.7001171       278.089783    
   202.500000      -16.7001171       276.233337    
   206.250000      -16.7001171       276.087860    
   210.000000      -16.7001171       277.086884    
   213.750000      -16.7001171       277.727509    
   217.500000      -16.7001171       277.206970    
   221.250000      -16.7001171       278.025360    
   225.000000      -16.7001171       277.541931    
   228.750000      -16.7001171       276.349579    
   232.500000      -16.7001171       277.092712    
   236.250000      -16.7001171       277.224579    
   240.000000      -16.7001171       277.349579    
   243.750000      -16.7001171       278.447235    
   247.500000      -16.7001171       278.771454    
   251.250000      -16.7001171       279.027283    
   255.000000      -16.7001171       279.315369    
   258.750000      -16.7001171       279.568329    
   262.500000      -16.7001171       280.042908    
   266.250000      -16.7001171       280.352509    
   270.000000      -16.7001171       281.172821    
   273.750000      -16.7001171       280.559540    
   277.500000      -16.7001171       279.964783    
   281.250000      -16.7001171       278.920837    
   285.000000      -16.7001171       278.092712    
   288.750000      -16.7001171       278.378845    
   292.500000      -16.7001171       280.405212    
   296.250000      -16.7001171       281.130829    
   300.000000      -16.7001171       280.819275    
   303.750000      -16.7001171       279.207977    
   307.500000      -16.7001171       279.092712    
   311.250000      -16.7001171       279.098602    
   315.000000      -16.7001171       278.282196    
   318.750000      -16.7001171       277.520477    
   322.500000      -16.7001171       278.816345    
   326.250000      -16.7001171       280.048798    
   330.000000      -16.7001171       282.004852    
   333.750000      -16.7001171       281.546814    
   337.500000      -16.7001171       281.881775    
   341.250000      -16.7001171       282.508759    
   345.000000      -16.7001171       282.955048    
   348.750000      -16.7001171       282.046814    
   352.500000      -16.7001171       281.133759    
   356.250000      -16.7001171       280.902283    
   360.000000      -16.7001171       281.450165    
   0.00000000      -12.9889879       280.589783    
   3.75000000      -12.9889879       279.530212    
   7.50000000      -12.9889879       278.183533    
   11.2500000      -12.9889879       278.114227    
   15.0000000      -12.9889879       278.895477    
   18.7500000      -12.9889879       279.210876    
   22.5000000      -12.9889879       279.091766    
   26.2500000      -12.9889879       279.617126    
   30.0000000      -12.9889879       279.467712    
   33.7500000      -12.9889879       279.188446    
   37.5000000      -12.9889879       279.177704    
   41.2500000      -12.9889879       277.649384    
   45.0000000      -12.9889879       278.275360    
   48.7500000      -12.9889879       278.245056    
   52.5000000      -12.9889879       277.112244    
   56.2500000      -12.9889879       276.822235    
   60.0000000      -12.9889879       276.268494    
   63.7500000      -12.9889879       277.104431    
   67.5000000      -12.9889879       277.828064    
   71.2500000      -12.9889879       277.396454    
   75.0000000      -12.9889879       278.887665    
   78.7500000      -12.9889879       280.211884    
   82.5000000      -12.9889879       280.164001    
   86.2500000      -12.9889879       277.945251    
   90.0000000      -12.9889879       278.861298    
   93.7500000      -12.9889879       279.486298    
   97.5000000      -12.9889879       279.281189    
   101.250000      -12.9889879       279.416931    
   105.000000      -12.9889879       279.266571    
   108.750000      -12.9889879       278.963806    
   112.500000      -12.9889879       279.300720    
   116.250000      -12.9889879       279.541931    
   120.000000      -12.9889879       280.549744    
   123.750000      -12.9889879       279.372040    
   127.500000      -12.9889879       279.440369    
   131.250000      -12.9889879       279.009735    
   135.000000      -12.9889879       279.513641    
   138.750000      -12.9889879       278.925720    
   142.500000      -12.9889879       278.544891    
   146.250000      -12.9889879       278.969696    
   150.000000      -12.9889879       278.770477    
   153.750000      -12.9889879       279.759735    
   157.500000      -12.9889879       279.341766    
   161.250000      -12.9889879       279.839783    
   165.000000      -12.9889879       280.336884    
   168.750000      -12.9889879       280.553650    
   172.500000      -12.9889879       279.824158    
   176.250000      -12.9889879       279.811462    
   180.000000      -12.9889879       279.516571    
   183.750000      -12.9889879       280.105408    
   187.500000      -12.9889879       279.939423    
   191.250000      -12.9889879       279.518494    
   195.000000      -12.9889879       278.669891    
   198.750000      -12.9889879       278.290009    
   202.500000      -12.9889879       277.580994    
   206.250000      -12.9889879       276.153290    
   210.000000      -12.9889879       278.795837    
   213.750000      -12.9889879       277.747040    
   217.500000      -12.9889879       277.252869    
   221.250000      -12.9889879       277.617126    
   225.000000      -12.9889879       276.831970    
   228.750000      -12.9889879       278.216766    
   232.500000      -12.9889879       278.557556    
   236.250000      -12.9889879       278.994110    
   240.000000      -12.9889879       279.551727    
   243.750000      -12.9889879       279.180634    
   247.500000      -12.9889879       279.336884    
   251.250000      -12.9889879       279.119110    
   255.000000      -12.9889879       279.259735    
   258.750000      -12.9889879       279.665009    
   262.500000      -12.9889879       280.780212    
   266.250000      -12.9889879       280.958954    
   270.000000      -12.9889879       279.915985    
   273.750000      -12.9889879       279.060516    
   277.500000      -12.9889879       279.043915    
   281.250000      -12.9889879       279.687439    
   285.000000      -12.9889879       278.955048    
   288.750000      -12.9889879       279.936462    
   292.500000      -12.9889879       279.857391    
   296.250000      -12.9889879       280.032196    
   300.000000      -12.9889879       279.699158    
   303.750000      -12.9889879       279.165985    
   307.500000      -12.9889879       279.325165    
   311.250000      -12.9889879       278.805634    
   315.000000      -12.9889879       277.930634    
   318.750000      -12.9889879       278.054626    
   322.500000      -12.9889879       279.028290    
   326.250000      -12.9889879       280.364227    
   330.000000      -12.9889879       281.787079    
   333.750000      -12.9889879       282.076141    
   337.500000      -12.9889879       281.990204    
   341.250000      -12.9889879       282.285095    
   345.000000      -12.9889879       281.192352    
   348.750000      -12.9889879       280.124939    
   352.500000      -12.9889879       280.045837    
   356.250000      -12.9889879       280.594696    
   360.000000      -12.9889879       280.589783    
   0.00000000      -9.27785301       279.914001    
   3.75000000      -9.27785301       279.565369    
   7.50000000      -9.27785301       279.238220    
   11.2500000      -9.27785301       279.097595    
   15.0000000      -9.27785301       279.058533    
   18.7500000      -9.27785301       278.588806    
   22.5000000      -9.27785301       278.650360    
   26.2500000      -9.27785301       279.032196    
   30.0000000      -9.27785301       279.404266    
   33.7500000      -9.27785301       278.596619    
   37.5000000      -9.27785301       278.473602    
   41.2500000      -9.27785301       278.483337    
   45.0000000      -9.27785301       278.917908    
   48.7500000      -9.27785301       278.495056    
   52.5000000      -9.27785301       279.565369    
   56.2500000      -9.27785301       277.948181    
   60.0000000      -9.27785301       278.076141    
   63.7500000      -9.27785301       278.321259    
   67.5000000      -9.27785301       278.634735    
   71.2500000      -9.27785301       277.837860    
   75.0000000      -9.27785301       278.449158    
   78.7500000      -9.27785301       279.034119    
   82.5000000      -9.27785301       278.986298    
   86.2500000      -9.27785301       277.163025    
   90.0000000      -9.27785301       280.843689    
   93.7500000      -9.27785301       279.289001    
   97.5000000      -9.27785301       278.945251    
   101.250000      -9.27785301       279.220673    
   105.000000      -9.27785301       278.451141    
   108.750000      -9.27785301       280.271454    
   112.500000      -9.27785301       280.149384    
   116.250000      -9.27785301       279.673798    
   120.000000      -9.27785301       280.354431    
   123.750000      -9.27785301       281.207977    
   127.500000      -9.27785301       280.197235    
   131.250000      -9.27785301       280.122040    
   135.000000      -9.27785301       280.646454    
   138.750000      -9.27785301       279.697235    
   142.500000      -9.27785301       280.040009    
   146.250000      -9.27785301       279.790009    
   150.000000      -9.27785301       279.790985    
   153.750000      -9.27785301       280.141571    
   157.500000      -9.27785301       279.766571    
   161.250000      -9.27785301       280.347595    
   165.000000      -9.27785301       279.875946    
   168.750000      -9.27785301       279.672821    
   172.500000      -9.27785301       279.407196    
   176.250000      -9.27785301       279.130829    
   180.000000      -9.27785301       279.571259    
   183.750000      -9.27785301       279.462860    
   187.500000      -9.27785301       279.864227    
   191.250000      -9.27785301       278.915985    
   195.000000      -9.27785301       278.413025    
   198.750000      -9.27785301       277.960876    
   202.500000      -9.27785301       277.896454    
   206.250000      -9.27785301       278.457977    
   210.000000      -9.27785301       278.364227    
   213.750000      -9.27785301       278.100525    
   217.500000      -9.27785301       278.479431    
   221.250000      -9.27785301       278.339783    
   225.000000      -9.27785301       278.514587    
   228.750000      -9.27785301       278.989227    
   232.500000      -9.27785301       279.359314    
   236.250000      -9.27785301       280.001923    
   240.000000      -9.27785301       280.835876    
   243.750000      -9.27785301       280.385681    
   247.500000      -9.27785301       279.427704    
   251.250000      -9.27785301       278.905212    
   255.000000      -9.27785301       278.920837    
   258.750000      -9.27785301       279.415985    
   262.500000      -9.27785301       279.904266    
   266.250000      -9.27785301       279.010681    
   270.000000      -9.27785301       279.384735    
   273.750000      -9.27785301       280.040009    
   277.500000      -9.27785301       280.455048    
   281.250000      -9.27785301       279.713806    
   285.000000      -9.27785301       280.502869    
   288.750000      -9.27785301       279.684540    
   292.500000      -9.27785301       278.785095    
   296.250000      -9.27785301       279.222595    
   300.000000      -9.27785301       278.864227    
   303.750000      -9.27785301       279.168915    
   307.500000      -9.27785301       279.335876    
   311.250000      -9.27785301       278.805634    
   315.000000      -9.27785301       278.166931    
   318.750000      -9.27785301       278.119110    
   322.500000      -9.27785301       279.061462    
   326.250000      -9.27785301       280.216766    
   330.000000      -9.27785301       280.249939    
   333.750000      -9.27785301       280.718689    
   337.500000      -9.27785301       279.844696    
   341.250000      -9.27785301       279.166931    
   345.000000      -9.27785301       279.145477    
   348.750000      -9.27785301       278.937439    
   352.500000      -9.27785301       279.172821    
   356.250000      -9.27785301       279.160095    
   360.000000      -9.27785301       279.914001    
   0.00000000      -5.56671333       278.909119    
   3.75000000      -5.56671333       279.921814    
   7.50000000      -5.56671333       279.497040    
   11.2500000      -5.56671333       278.415009    
   15.0000000      -5.56671333       278.232391    
   18.7500000      -5.56671333       278.243134    
   22.5000000      -5.56671333       277.977509    
   26.2500000      -5.56671333       278.064423    
   30.0000000      -5.56671333       278.701141    
   33.7500000      -5.56671333       278.790009    
   37.5000000      -5.56671333       279.143494    
   41.2500000      -5.56671333       278.867126    
   45.0000000      -5.56671333       279.290985    
   48.7500000      -5.56671333       279.396454    
   52.5000000      -5.56671333       279.634735    
   56.2500000      -5.56671333       280.846619    
   60.0000000      -5.56671333       278.187439    
   63.7500000      -5.56671333       278.952087    
   67.5000000      -5.56671333       278.710876    
   71.2500000      -5.56671333       278.964783    
   75.0000000      -5.56671333       278.854431    
   78.7500000      -5.56671333       278.604431    
   82.5000000      -5.56671333       278.651306    
   86.2500000      -5.56671333       278.324158    
   90.0000000      -5.56671333       278.916931    
   93.7500000      -5.56671333       278.813446    
   97.5000000      -5.56671333       278.155212    
   101.250000      -5.56671333       277.853485    
   105.000000      -5.56671333       278.211884    
   108.750000      -5.56671333       278.218689    
   112.500000      -5.56671333       277.943329    
   116.250000      -5.56671333       279.653290    
   120.000000      -5.56671333       279.463806    
   123.750000      -5.56671333       279.726501    
   127.500000      -5.56671333       279.725525    
   131.250000      -5.56671333       279.172821    
   135.000000      -5.56671333       280.187439    
   138.750000      -5.56671333       279.866150    
   142.500000      -5.56671333       280.053650    
   146.250000      -5.56671333       279.348602    
   150.000000      -5.56671333       279.702087    
   153.750000      -5.56671333       279.477509    
   157.500000      -5.56671333       279.759735    
   161.250000      -5.56671333       279.781189    
   165.000000      -5.56671333       279.729431    
   168.750000      -5.56671333       279.359314    
   172.500000      -5.56671333       278.757751    
   176.250000      -5.56671333       279.468689    
   180.000000      -5.56671333       279.043915    
   183.750000      -5.56671333       279.239227    
   187.500000      -5.56671333       279.310516    
   191.250000      -5.56671333       279.113220    
   195.000000      -5.56671333       278.582977    
   198.750000      -5.56671333       278.789001    
   202.500000      -5.56671333       279.040009    
   206.250000      -5.56671333       278.608337    
   210.000000      -5.56671333       277.705994    
   213.750000      -5.56671333       277.764587    
   217.500000      -5.56671333       278.543915    
   221.250000      -5.56671333       279.132751    
   225.000000      -5.56671333       279.843689    
   228.750000      -5.56671333       280.159119    
   232.500000      -5.56671333       280.299744    
   236.250000      -5.56671333       280.621033    
   240.000000      -5.56671333       281.150360    
   243.750000      -5.56671333       281.312439    
   247.500000      -5.56671333       280.367126    
   251.250000      -5.56671333       279.317352    
   255.000000      -5.56671333       278.588806    
   258.750000      -5.56671333       278.434540    
   262.500000      -5.56671333       279.215790    
   266.250000      -5.56671333       279.890564    
   270.000000      -5.56671333       278.884735    
   273.750000      -5.56671333       280.245056    
   277.500000      -5.56671333       279.545837    
   281.250000      -5.56671333       279.985321    
   285.000000      -5.56671333       279.821259    
   288.750000      -5.56671333       279.205994    
   292.500000      -5.56671333       279.320251    
   296.250000      -5.56671333       278.900360    
   300.000000      -5.56671333       278.824158    
   303.750000      -5.56671333       279.005829    
   307.500000      -5.56671333       278.952087    
   311.250000      -5.56671333       278.650360    
   315.000000      -5.56671333       277.701141    
   318.750000      -5.56671333       277.632751    
   322.500000      -5.56671333       280.027283    
   326.250000      -5.56671333       280.035095    
   330.000000      -5.56671333       279.786102    
   333.750000      -5.56671333       279.960876    
   337.500000      -5.56671333       279.435516    
   341.250000      -5.56671333       279.757751    
   345.000000      -5.56671333       279.135681    
   348.750000      -5.56671333       280.592712    
   352.500000      -5.56671333       279.556610    
   356.250000      -5.56671333       278.064423    
   360.000000      -5.56671333       278.909119    
   0.00000000      -1.85557151       277.473602    
   3.75000000      -1.85557151       278.792908    
   7.50000000      -1.85557151       279.962860    
   11.2500000      -1.85557151       279.366150    
   15.0000000      -1.85557151       278.497040    
   18.7500000      -1.85557151       278.216766    
   22.5000000      -1.85557151       278.236298    
   26.2500000      -1.85557151       277.548798    
   30.0000000      -1.85557151       278.416931    
   33.7500000      -1.85557151       279.029266    
   37.5000000      -1.85557151       279.901306    
   41.2500000      -1.85557151       279.527283    
   45.0000000      -1.85557151       278.843689    
   48.7500000      -1.85557151       279.385681    
   52.5000000      -1.85557151       279.140564    
   56.2500000      -1.85557151       279.132751    
   60.0000000      -1.85557151       279.109314    
   63.7500000      -1.85557151       279.128845    
   67.5000000      -1.85557151       278.889587    
   71.2500000      -1.85557151       279.128845    
   75.0000000      -1.85557151       278.810516    
   78.7500000      -1.85557151       278.707977    
   82.5000000      -1.85557151       278.724579    
   86.2500000      -1.85557151       278.546814    
   90.0000000      -1.85557151       278.778290    
   93.7500000      -1.85557151       278.872040    
   97.5000000      -1.85557151       278.273376    
   101.250000      -1.85557151       278.281189    
   105.000000      -1.85557151       278.503845    
   108.750000      -1.85557151       278.897400    
   112.500000      -1.85557151       278.877869    
   116.250000      -1.85557151       278.438446    
   120.000000      -1.85557151       280.186462    
   123.750000      -1.85557151       279.154266    
   127.500000      -1.85557151       279.043915    
   131.250000      -1.85557151       278.787079    
   135.000000      -1.85557151       279.585876    
   138.750000      -1.85557151       279.665985    
   142.500000      -1.85557151       280.131775    
   146.250000      -1.85557151       279.290985    
   150.000000      -1.85557151       278.966766    
   153.750000      -1.85557151       279.341766    
   157.500000      -1.85557151       279.596619    
   161.250000      -1.85557151       280.273376    
   165.000000      -1.85557151       279.863220    
   168.750000      -1.85557151       279.738220    
   172.500000      -1.85557151       279.438446    
   176.250000      -1.85557151       279.104431    
   180.000000      -1.85557151       279.600525    
   183.750000      -1.85557151       279.085876    
   187.500000      -1.85557151       279.215790    
   191.250000      -1.85557151       279.002869    
   195.000000      -1.85557151       278.928650    
   198.750000      -1.85557151       278.613220    
   202.500000      -1.85557151       278.709900    
   206.250000      -1.85557151       278.811462    
   210.000000      -1.85557151       278.145477    
   213.750000      -1.85557151       278.762665    
   217.500000      -1.85557151       279.373016    
   221.250000      -1.85557151       279.538025    
   225.000000      -1.85557151       279.882751    
   228.750000      -1.85557151       280.359314    
   232.500000      -1.85557151       280.830048    
   236.250000      -1.85557151       281.243134    
   240.000000      -1.85557151       281.440369    
   243.750000      -1.85557151       280.987244    
   247.500000      -1.85557151       280.057556    
   251.250000      -1.85557151       279.040985    
   255.000000      -1.85557151       277.807556    
   258.750000      -1.85557151       278.794891    
   262.500000      -1.85557151       279.465790    
   266.250000      -1.85557151       279.123016    
   270.000000      -1.85557151       279.599579    
   273.750000      -1.85557151       279.271454    
   277.500000      -1.85557151       278.683533    
   281.250000      -1.85557151       278.184540    
   285.000000      -1.85557151       278.941345    
   288.750000      -1.85557151       279.068329    
   292.500000      -1.85557151       279.747040    
   296.250000      -1.85557151       279.219696    
   300.000000      -1.85557151       279.114227    
   303.750000      -1.85557151       279.025360    
   307.500000      -1.85557151       278.583954    
   311.250000      -1.85557151       278.638641    
   315.000000      -1.85557151       279.729431    
   318.750000      -1.85557151       278.907196    
   322.500000      -1.85557151       278.645477    
   326.250000      -1.85557151       279.101501    
   330.000000      -1.85557151       278.478485    
   333.750000      -1.85557151       278.145477    
   337.500000      -1.85557151       278.668915    
   341.250000      -1.85557151       279.546814    
   345.000000      -1.85557151       279.988220    
   348.750000      -1.85557151       279.155212    
   352.500000      -1.85557151       278.127869    
   356.250000      -1.85557151       277.689423    
   360.000000      -1.85557151       277.473602    
   0.00000000       1.85557151       277.657196    
   3.75000000       1.85557151       278.464783    
   7.50000000       1.85557151       278.798798    
   11.2500000       1.85557151       278.559540    
   15.0000000       1.85557151       278.137665    
   18.7500000       1.85557151       279.986298    
   22.5000000       1.85557151       277.878845    
   26.2500000       1.85557151       278.389587    
   30.0000000       1.85557151       278.434540    
   33.7500000       1.85557151       278.403290    
   37.5000000       1.85557151       278.613220    
   41.2500000       1.85557151       279.234314    
   45.0000000       1.85557151       279.479431    
   48.7500000       1.85557151       278.730408    
   52.5000000       1.85557151       278.417908    
   56.2500000       1.85557151       278.569275    
   60.0000000       1.85557151       278.515564    
   63.7500000       1.85557151       278.951141    
   67.5000000       1.85557151       278.432556    
   71.2500000       1.85557151       278.448181    
   75.0000000       1.85557151       278.287079    
   78.7500000       1.85557151       278.758759    
   82.5000000       1.85557151       279.232391    
   86.2500000       1.85557151       278.655212    
   90.0000000       1.85557151       278.606415    
   93.7500000       1.85557151       279.309540    
   97.5000000       1.85557151       278.384735    
   101.250000       1.85557151       278.753845    
   105.000000       1.85557151       278.520477    
   108.750000       1.85557151       278.679626    
   112.500000       1.85557151       279.615204    
   116.250000       1.85557151       279.389587    
   120.000000       1.85557151       279.888641    
   123.750000       1.85557151       279.555634    
   127.500000       1.85557151       278.049744    
   131.250000       1.85557151       278.943329    
   135.000000       1.85557151       279.610321    
   138.750000       1.85557151       280.009735    
   142.500000       1.85557151       280.066345    
   146.250000       1.85557151       279.915009    
   150.000000       1.85557151       279.331970    
   153.750000       1.85557151       279.881775    
   157.500000       1.85557151       280.363220    
   161.250000       1.85557151       280.491150    
   165.000000       1.85557151       280.858337    
   168.750000       1.85557151       281.043915    
   172.500000       1.85557151       281.855408    
   176.250000       1.85557151       280.758759    
   180.000000       1.85557151       279.420837    
   183.750000       1.85557151       279.127869    
   187.500000       1.85557151       278.633759    
   191.250000       1.85557151       279.418915    
   195.000000       1.85557151       279.024384    
   198.750000       1.85557151       278.800720    
   202.500000       1.85557151       278.757751    
   206.250000       1.85557151       278.867126    
   210.000000       1.85557151       278.948181    
   213.750000       1.85557151       279.210876    
   217.500000       1.85557151       279.254852    
   221.250000       1.85557151       279.642548    
   225.000000       1.85557151       280.105408    
   228.750000       1.85557151       280.310516    
   232.500000       1.85557151       280.617126    
   236.250000       1.85557151       280.777283    
   240.000000       1.85557151       281.024384    
   243.750000       1.85557151       280.311462    
   247.500000       1.85557151       279.240204    
   251.250000       1.85557151       278.322235    
   255.000000       1.85557151       277.644470    
   258.750000       1.85557151       278.332977    
   262.500000       1.85557151       278.305634    
   266.250000       1.85557151       278.339783    
   270.000000       1.85557151       277.808533    
   273.750000       1.85557151       278.662079    
   277.500000       1.85557151       278.902283    
   281.250000       1.85557151       277.998016    
   285.000000       1.85557151       279.599579    
   288.750000       1.85557151       279.367126    
   292.500000       1.85557151       279.454071    
   296.250000       1.85557151       279.068329    
   300.000000       1.85557151       278.854431    
   303.750000       1.85557151       278.899384    
   307.500000       1.85557151       279.665985    
   311.250000       1.85557151       278.849579    
   315.000000       1.85557151       279.357391    
   318.750000       1.85557151       279.205048    
   322.500000       1.85557151       278.886658    
   326.250000       1.85557151       278.733337    
   330.000000       1.85557151       279.035095    
   333.750000       1.85557151       278.742126    
   337.500000       1.85557151       278.737244    
   341.250000       1.85557151       279.020477    
   345.000000       1.85557151       279.001923    
   348.750000       1.85557151       278.456970    
   352.500000       1.85557151       278.219696    
   356.250000       1.85557151       277.697235    
   360.000000       1.85557151       277.657196    
   0.00000000       5.56671333       278.232391    
   3.75000000       5.56671333       278.480408    
   7.50000000       5.56671333       278.523376    
   11.2500000       5.56671333       276.631775    
   15.0000000       5.56671333       277.672821    
   18.7500000       5.56671333       279.376923    
   22.5000000       5.56671333       277.924744    
   26.2500000       5.56671333       277.632751    
   30.0000000       5.56671333       277.370056    
   33.7500000       5.56671333       278.167908    
   37.5000000       5.56671333       278.430634    
   41.2500000       5.56671333       278.215790    
   45.0000000       5.56671333       280.146454    
   48.7500000       5.56671333       280.993134    
   52.5000000       5.56671333       280.735321    
   56.2500000       5.56671333       278.809540    
   60.0000000       5.56671333       278.085876    
   63.7500000       5.56671333       278.153290    
   67.5000000       5.56671333       277.953064    
   71.2500000       5.56671333       277.840790    
   75.0000000       5.56671333       278.813446    
   78.7500000       5.56671333       278.838806    
   82.5000000       5.56671333       279.858337    
   86.2500000       5.56671333       276.824158    
   90.0000000       5.56671333       278.084900    
   93.7500000       5.56671333       278.528290    
   97.5000000       5.56671333       278.798798    
   101.250000       5.56671333       279.022400    
   105.000000       5.56671333       279.131775    
   108.750000       5.56671333       279.076141    
   112.500000       5.56671333       279.352509    
   116.250000       5.56671333       279.750946    
   120.000000       5.56671333       279.376923    
   123.750000       5.56671333       278.758759    
   127.500000       5.56671333       279.433533    
   131.250000       5.56671333       280.326141    
   135.000000       5.56671333       280.277283    
   138.750000       5.56671333       280.689423    
   142.500000       5.56671333       280.526306    
   146.250000       5.56671333       279.937439    
   150.000000       5.56671333       279.347595    
   153.750000       5.56671333       280.527283    
   157.500000       5.56671333       280.508759    
   161.250000       5.56671333       281.054626    
   165.000000       5.56671333       281.533173    
   168.750000       5.56671333       282.118134    
   172.500000       5.56671333       282.196259    
   176.250000       5.56671333       282.006775    
   180.000000       5.56671333       279.851501    
   183.750000       5.56671333       278.100525    
   187.500000       5.56671333       279.061462    
   191.250000       5.56671333       279.069275    
   195.000000       5.56671333       277.954071    
   198.750000       5.56671333       277.618134    
   202.500000       5.56671333       277.739227    
   206.250000       5.56671333       278.065369    
   210.000000       5.56671333       278.023376    
   213.750000       5.56671333       278.690369    
   217.500000       5.56671333       277.853485    
   221.250000       5.56671333       278.556610    
   225.000000       5.56671333       278.903290    
   228.750000       5.56671333       279.527283    
   232.500000       5.56671333       279.707977    
   236.250000       5.56671333       279.625946    
   240.000000       5.56671333       280.228485    
   243.750000       5.56671333       280.689423    
   247.500000       5.56671333       278.892548    
   251.250000       5.56671333       278.021454    
   255.000000       5.56671333       277.943329    
   258.750000       5.56671333       278.424744    
   262.500000       5.56671333       278.642548    
   266.250000       5.56671333       278.277283    
   270.000000       5.56671333       278.479431    
   273.750000       5.56671333       278.139587    
   277.500000       5.56671333       278.786102    
   281.250000       5.56671333       279.017548    
   285.000000       5.56671333       279.194275    
   288.750000       5.56671333       280.040985    
   292.500000       5.56671333       279.770477    
   296.250000       5.56671333       278.418915    
   300.000000       5.56671333       278.238220    
   303.750000       5.56671333       278.515564    
   307.500000       5.56671333       279.227509    
   311.250000       5.56671333       278.744110    
   315.000000       5.56671333       279.230408    
   318.750000       5.56671333       278.636658    
   322.500000       5.56671333       278.697235    
   326.250000       5.56671333       279.039001    
   330.000000       5.56671333       278.823181    
   333.750000       5.56671333       278.408173    
   337.500000       5.56671333       278.497040    
   341.250000       5.56671333       278.867126    
   345.000000       5.56671333       278.851501    
   348.750000       5.56671333       278.275360    
   352.500000       5.56671333       277.923798    
   356.250000       5.56671333       278.055634    
   360.000000       5.56671333       278.232391    
   0.00000000       9.27785301       278.118134    
   3.75000000       9.27785301       278.114227    
   7.50000000       9.27785301       279.864227    
   11.2500000       9.27785301       278.675720    
   15.0000000       9.27785301       277.752869    
   18.7500000       9.27785301       278.077087    
   22.5000000       9.27785301       276.971619    
   26.2500000       9.27785301       278.404266    
   30.0000000       9.27785301       279.019470    
   33.7500000       9.27785301       278.471619    
   37.5000000       9.27785301       278.175720    
   41.2500000       9.27785301       277.497040    
   45.0000000       9.27785301       280.237244    
   48.7500000       9.27785301       279.623962    
   52.5000000       9.27785301       279.878845    
   56.2500000       9.27785301       279.814423    
   60.0000000       9.27785301       277.207977    
   63.7500000       9.27785301       277.986298    
   67.5000000       9.27785301       277.231415    
   71.2500000       9.27785301       276.580994    
   75.0000000       9.27785301       278.595673    
   78.7500000       9.27785301       279.554626    
   82.5000000       9.27785301       279.244110    
   86.2500000       9.27785301       278.492126    
   90.0000000       9.27785301       278.444275    
   93.7500000       9.27785301       278.811462    
   97.5000000       9.27785301       280.581970    
   101.250000       9.27785301       279.774384    
   105.000000       9.27785301       279.702087    
   108.750000       9.27785301       280.122040    
   112.500000       9.27785301       279.838806    
   116.250000       9.27785301       279.953064    
   120.000000       9.27785301       280.516571    
   123.750000       9.27785301       280.352509    
   127.500000       9.27785301       279.211884    
   131.250000       9.27785301       280.152283    
   135.000000       9.27785301       281.461884    
   138.750000       9.27785301       281.357391    
   142.500000       9.27785301       281.157196    
   146.250000       9.27785301       281.756775    
   150.000000       9.27785301       281.628845    
   153.750000       9.27785301       281.067352    
   157.500000       9.27785301       281.593689    
   161.250000       9.27785301       282.239227    
   165.000000       9.27785301       281.356415    
   168.750000       9.27785301       281.195251    
   172.500000       9.27785301       281.066345    
   176.250000       9.27785301       280.413025    
   180.000000       9.27785301       278.426727    
   183.750000       9.27785301       278.333954    
   187.500000       9.27785301       278.373962    
   191.250000       9.27785301       277.531189    
   195.000000       9.27785301       277.640564    
   198.750000       9.27785301       277.675720    
   202.500000       9.27785301       278.300720    
   206.250000       9.27785301       278.897400    
   210.000000       9.27785301       277.899384    
   213.750000       9.27785301       277.665009    
   217.500000       9.27785301       277.363220    
   221.250000       9.27785301       276.464783    
   225.000000       9.27785301       277.226501    
   228.750000       9.27785301       277.669891    
   232.500000       9.27785301       278.547821    
   236.250000       9.27785301       278.502869    
   240.000000       9.27785301       278.689423    
   243.750000       9.27785301       278.954071    
   247.500000       9.27785301       278.659119    
   251.250000       9.27785301       279.319275    
   255.000000       9.27785301       278.604431    
   258.750000       9.27785301       278.641571    
   262.500000       9.27785301       278.805634    
   266.250000       9.27785301       279.073181    
   270.000000       9.27785301       279.353485    
   273.750000       9.27785301       278.468689    
   277.500000       9.27785301       278.947235    
   281.250000       9.27785301       279.538025    
   285.000000       9.27785301       279.772400    
   288.750000       9.27785301       278.638641    
   292.500000       9.27785301       279.542908    
   296.250000       9.27785301       279.085876    
   300.000000       9.27785301       277.429626    
   303.750000       9.27785301       277.276306    
   307.500000       9.27785301       277.212860    
   311.250000       9.27785301       278.043915    
   315.000000       9.27785301       278.523376    
   318.750000       9.27785301       278.717712    
   322.500000       9.27785301       278.251923    
   326.250000       9.27785301       278.684540    
   330.000000       9.27785301       279.023376    
   333.750000       9.27785301       278.690369    
   337.500000       9.27785301       278.955048    
   341.250000       9.27785301       279.062439    
   345.000000       9.27785301       277.999939    
   348.750000       9.27785301       277.190369    
   352.500000       9.27785301       278.126923    
   356.250000       9.27785301       278.378845    
   360.000000       9.27785301       278.118134    
   0.00000000       12.9889879       278.699158    
   3.75000000       12.9889879       278.832977    
   7.50000000       12.9889879       279.436462    
   11.2500000       12.9889879       280.993134    
   15.0000000       12.9889879       280.387665    
   18.7500000       12.9889879       278.679626    
   22.5000000       12.9889879       275.496033    
   26.2500000       12.9889879       276.925720    
   30.0000000       12.9889879       278.808533    
   33.7500000       12.9889879       279.225525    
   37.5000000       12.9889879       277.880829    
   41.2500000       12.9889879       277.180634    
   45.0000000       12.9889879       277.681610    
   48.7500000       12.9889879       278.042908    
   52.5000000       12.9889879       278.141571    
   56.2500000       12.9889879       278.386658    
   60.0000000       12.9889879       278.308533    
   63.7500000       12.9889879       276.781189    
   67.5000000       12.9889879       276.756775    
   71.2500000       12.9889879       276.138641    
   75.0000000       12.9889879       278.349579    
   78.7500000       12.9889879       280.416931    
   82.5000000       12.9889879       280.130829    
   86.2500000       12.9889879       278.802704    
   90.0000000       12.9889879       278.889587    
   93.7500000       12.9889879       279.283173    
   97.5000000       12.9889879       280.187439    
   101.250000       12.9889879       280.483337    
   105.000000       12.9889879       280.111298    
   108.750000       12.9889879       279.477509    
   112.500000       12.9889879       279.767548    
   116.250000       12.9889879       279.326141    
   120.000000       12.9889879       280.253845    
   123.750000       12.9889879       280.373016    
   127.500000       12.9889879       279.873016    
   131.250000       12.9889879       279.250946    
   135.000000       12.9889879       279.949158    
   138.750000       12.9889879       281.174744    
   142.500000       12.9889879       281.527283    
   146.250000       12.9889879       282.343689    
   150.000000       12.9889879       283.158173    
   153.750000       12.9889879       283.328064    
   157.500000       12.9889879       282.552704    
   161.250000       12.9889879       281.832977    
   165.000000       12.9889879       280.995056    
   168.750000       12.9889879       280.323181    
   172.500000       12.9889879       278.750946    
   176.250000       12.9889879       278.209900    
   180.000000       12.9889879       277.401306    
   183.750000       12.9889879       277.085876    
   187.500000       12.9889879       278.620056    
   191.250000       12.9889879       274.855408    
   195.000000       12.9889879       277.051727    
   198.750000       12.9889879       278.633759    
   202.500000       12.9889879       279.637665    
   206.250000       12.9889879       278.988220    
   210.000000       12.9889879       278.332977    
   213.750000       12.9889879       278.240204    
   217.500000       12.9889879       277.580994    
   221.250000       12.9889879       276.460876    
   225.000000       12.9889879       276.166931    
   228.750000       12.9889879       276.491150    
   232.500000       12.9889879       276.650360    
   236.250000       12.9889879       277.488220    
   240.000000       12.9889879       277.953064    
   243.750000       12.9889879       277.436462    
   247.500000       12.9889879       278.210876    
   251.250000       12.9889879       279.155212    
   255.000000       12.9889879       278.778290    
   258.750000       12.9889879       278.404266    
   262.500000       12.9889879       278.147400    
   266.250000       12.9889879       279.306610    
   270.000000       12.9889879       279.740204    
   273.750000       12.9889879       279.589783    
   277.500000       12.9889879       280.194275    
   281.250000       12.9889879       280.151306    
   285.000000       12.9889879       280.003845    
   288.750000       12.9889879       278.892548    
   292.500000       12.9889879       279.243134    
   296.250000       12.9889879       280.292908    
   300.000000       12.9889879       279.960876    
   303.750000       12.9889879       278.162079    
   307.500000       12.9889879       278.608337    
   311.250000       12.9889879       276.617126    
   315.000000       12.9889879       277.664001    
   318.750000       12.9889879       277.422821    
   322.500000       12.9889879       276.438446    
   326.250000       12.9889879       276.947235    
   330.000000       12.9889879       277.913025    
   333.750000       12.9889879       277.980408    
   337.500000       12.9889879       277.553650    
   341.250000       12.9889879       277.584900    
   345.000000       12.9889879       278.497040    
   348.750000       12.9889879       275.808533    
   352.500000       12.9889879       278.031189    
   356.250000       12.9889879       277.260681    
   360.000000       12.9889879       278.699158    
   0.00000000       16.7001171       276.299744    
   3.75000000       16.7001171       277.629852    
   7.50000000       16.7001171       279.065369    
   11.2500000       16.7001171       280.432556    
   15.0000000       16.7001171       281.310516    
   18.7500000       16.7001171       281.364227    
   22.5000000       16.7001171       278.385681    
   26.2500000       16.7001171       276.325165    
   30.0000000       16.7001171       277.114227    
   33.7500000       16.7001171       277.944275    
   37.5000000       16.7001171       278.299744    
   41.2500000       16.7001171       277.487244    
   45.0000000       16.7001171       277.916931    
   48.7500000       16.7001171       277.456970    
   52.5000000       16.7001171       276.945251    
   56.2500000       16.7001171       276.522400    
   60.0000000       16.7001171       276.461884    
   63.7500000       16.7001171       276.788025    
   67.5000000       16.7001171       274.508759    
   71.2500000       16.7001171       275.680634    
   75.0000000       16.7001171       277.546814    
   78.7500000       16.7001171       279.478485    
   82.5000000       16.7001171       280.047821    
   86.2500000       16.7001171       279.874939    
   90.0000000       16.7001171       279.837860    
   93.7500000       16.7001171       280.710876    
   97.5000000       16.7001171       280.344696    
   101.250000       16.7001171       280.638641    
   105.000000       16.7001171       281.015564    
   108.750000       16.7001171       280.817352    
   112.500000       16.7001171       280.776306    
   116.250000       16.7001171       279.871033    
   120.000000       16.7001171       278.522400    
   123.750000       16.7001171       278.867126    
   127.500000       16.7001171       278.689423    
   131.250000       16.7001171       278.865204    
   135.000000       16.7001171       277.621033    
   138.750000       16.7001171       277.321259    
   142.500000       16.7001171       278.411102    
   146.250000       16.7001171       278.298798    
   150.000000       16.7001171       279.621033    
   153.750000       16.7001171       280.772400    
   157.500000       16.7001171       283.467712    
   161.250000       16.7001171       282.820251    
   165.000000       16.7001171       281.323181    
   168.750000       16.7001171       279.415985    
   172.500000       16.7001171       277.939423    
   176.250000       16.7001171       277.299744    
   180.000000       16.7001171       276.278290    
   183.750000       16.7001171       275.921814    
   187.500000       16.7001171       276.142548    
   191.250000       16.7001171       277.566345    
   195.000000       16.7001171       275.961884    
   198.750000       16.7001171       276.533173    
   202.500000       16.7001171       276.828064    
   206.250000       16.7001171       276.029266    
   210.000000       16.7001171       276.060516    
   213.750000       16.7001171       275.908173    
   217.500000       16.7001171       275.893494    
   221.250000       16.7001171       275.837860    
   225.000000       16.7001171       276.290009    
   228.750000       16.7001171       276.305634    
   232.500000       16.7001171       275.237244    
   236.250000       16.7001171       276.599579    
   240.000000       16.7001171       276.860321    
   243.750000       16.7001171       277.328064    
   247.500000       16.7001171       277.190369    
   251.250000       16.7001171       277.918915    
   255.000000       16.7001171       278.363220    
   258.750000       16.7001171       278.387665    
   262.500000       16.7001171       278.335876    
   266.250000       16.7001171       279.313446    
   270.000000       16.7001171       280.228485    
   273.750000       16.7001171       280.302704    
   277.500000       16.7001171       280.900360    
   281.250000       16.7001171       279.184540    
   285.000000       16.7001171       278.663025    
   288.750000       16.7001171       278.146454    
   292.500000       16.7001171       278.221619    
   296.250000       16.7001171       278.336884    
   300.000000       16.7001171       278.053650    
   303.750000       16.7001171       277.584900    
   307.500000       16.7001171       276.487244    
   311.250000       16.7001171       274.433533    
   315.000000       16.7001171       273.282196    
   318.750000       16.7001171       273.791931    
   322.500000       16.7001171       275.565369    
   326.250000       16.7001171       276.190369    
   330.000000       16.7001171       276.611298    
   333.750000       16.7001171       277.112244    
   337.500000       16.7001171       276.334900    
   341.250000       16.7001171       275.447235    
   345.000000       16.7001171       276.100525    
   348.750000       16.7001171       276.420837    
   352.500000       16.7001171       275.673798    
   356.250000       16.7001171       276.346619    
   360.000000       16.7001171       276.299744    
   0.00000000       20.4112377       273.750946    
   3.75000000       20.4112377       273.686462    
   7.50000000       20.4112377       276.375946    
   11.2500000       20.4112377       279.790985    
   15.0000000       20.4112377       279.973602    
   18.7500000       20.4112377       280.635681    
   22.5000000       20.4112377       279.663025    
   26.2500000       20.4112377       275.636658    
   30.0000000       20.4112377       277.195251    
   33.7500000       20.4112377       277.367126    
   37.5000000       20.4112377       276.294891    
   41.2500000       20.4112377       276.489227    
   45.0000000       20.4112377       277.196259    
   48.7500000       20.4112377       277.160095    
   52.5000000       20.4112377       277.045837    
   56.2500000       20.4112377       276.461884    
   60.0000000       20.4112377       275.429626    
   63.7500000       20.4112377       275.768494    
   67.5000000       20.4112377       274.141571    
   71.2500000       20.4112377       272.204071    
   75.0000000       20.4112377       274.692352    
   78.7500000       20.4112377       277.158173    
   82.5000000       20.4112377       278.146454    
   86.2500000       20.4112377       279.239227    
   90.0000000       20.4112377       279.364227    
   93.7500000       20.4112377       279.746033    
   97.5000000       20.4112377       279.713806    
   101.250000       20.4112377       279.982391    
   105.000000       20.4112377       279.580048    
   108.750000       20.4112377       277.998016    
   112.500000       20.4112377       276.989227    
   116.250000       20.4112377       276.783173    
   120.000000       20.4112377       275.551727    
   123.750000       20.4112377       276.719696    
   127.500000       20.4112377       276.550720    
   131.250000       20.4112377       275.896454    
   135.000000       20.4112377       275.998962    
   138.750000       20.4112377       276.261658    
   142.500000       20.4112377       276.493134    
   146.250000       20.4112377       277.243134    
   150.000000       20.4112377       278.157196    
   153.750000       20.4112377       279.201141    
   157.500000       20.4112377       281.704071    
   161.250000       20.4112377       281.835876    
   165.000000       20.4112377       280.917908    
   168.750000       20.4112377       280.013641    
   172.500000       20.4112377       278.577087    
   176.250000       20.4112377       277.456970    
   180.000000       20.4112377       276.007751    
   183.750000       20.4112377       274.607391    
   187.500000       20.4112377       275.104431    
   191.250000       20.4112377       275.358337    
   195.000000       20.4112377       274.853485    
   198.750000       20.4112377       275.258759    
   202.500000       20.4112377       274.604431    
   206.250000       20.4112377       273.433533    
   210.000000       20.4112377       272.331970    
   213.750000       20.4112377       271.385681    
   217.500000       20.4112377       270.864227    
   221.250000       20.4112377       272.416931    
   225.000000       20.4112377       273.252869    
   228.750000       20.4112377       274.473602    
   232.500000       20.4112377       275.126923    
   236.250000       20.4112377       273.462860    
   240.000000       20.4112377       274.856415    
   243.750000       20.4112377       276.368134    
   247.500000       20.4112377       276.935516    
   251.250000       20.4112377       276.430634    
   255.000000       20.4112377       277.681610    
   258.750000       20.4112377       277.939423    
   262.500000       20.4112377       280.034119    
   266.250000       20.4112377       282.475525    
   270.000000       20.4112377       282.377869    
   273.750000       20.4112377       281.289001    
   277.500000       20.4112377       280.256775    
   281.250000       20.4112377       279.518494    
   285.000000       20.4112377       277.978485    
   288.750000       20.4112377       277.354431    
   292.500000       20.4112377       276.877869    
   296.250000       20.4112377       276.296814    
   300.000000       20.4112377       275.368134    
   303.750000       20.4112377       275.585876    
   307.500000       20.4112377       276.081970    
   311.250000       20.4112377       274.468689    
   315.000000       20.4112377       273.927704    
   318.750000       20.4112377       273.737244    
   322.500000       20.4112377       275.503845    
   326.250000       20.4112377       277.016571    
   330.000000       20.4112377       276.803650    
   333.750000       20.4112377       276.858337    
   337.500000       20.4112377       275.619110    
   341.250000       20.4112377       275.302704    
   345.000000       20.4112377       275.523376    
   348.750000       20.4112377       275.911102    
   352.500000       20.4112377       276.156189    
   356.250000       20.4112377       275.797821    
   360.000000       20.4112377       273.750946    
   0.00000000       24.1223469       275.368134    
   3.75000000       24.1223469       272.602509    
   7.50000000       24.1223469       273.971619    
   11.2500000       24.1223469       277.573181    
   15.0000000       24.1223469       277.054626    
   18.7500000       24.1223469       278.312439    
   22.5000000       24.1223469       276.403290    
   26.2500000       24.1223469       276.107391    
   30.0000000       24.1223469       276.731415    
   33.7500000       24.1223469       276.715790    
   37.5000000       24.1223469       276.825165    
   41.2500000       24.1223469       277.366150    
   45.0000000       24.1223469       277.001923    
   48.7500000       24.1223469       277.291931    
   52.5000000       24.1223469       276.251923    
   56.2500000       24.1223469       274.940369    
   60.0000000       24.1223469       274.426727    
   63.7500000       24.1223469       274.594696    
   67.5000000       24.1223469       272.330994    
   71.2500000       24.1223469       271.682556    
   75.0000000       24.1223469       273.540009    
   78.7500000       24.1223469       276.112244    
   82.5000000       24.1223469       277.416931    
   86.2500000       24.1223469       277.510681    
   90.0000000       24.1223469       277.874939    
   93.7500000       24.1223469       277.906189    
   97.5000000       24.1223469       277.332977    
   101.250000       24.1223469       278.015564    
   105.000000       24.1223469       275.465790    
   108.750000       24.1223469       272.375946    
   112.500000       24.1223469       271.290985    
   116.250000       24.1223469       272.161102    
   120.000000       24.1223469       272.241150    
   123.750000       24.1223469       271.665985    
   127.500000       24.1223469       271.998962    
   131.250000       24.1223469       273.111298    
   135.000000       24.1223469       275.159119    
   138.750000       24.1223469       275.114227    
   142.500000       24.1223469       276.080994    
   146.250000       24.1223469       275.812439    
   150.000000       24.1223469       277.301727    
   153.750000       24.1223469       278.517548    
   157.500000       24.1223469       279.081970    
   161.250000       24.1223469       279.623962    
   165.000000       24.1223469       279.705048    
   168.750000       24.1223469       279.104431    
   172.500000       24.1223469       278.081970    
   176.250000       24.1223469       276.465790    
   180.000000       24.1223469       275.226501    
   183.750000       24.1223469       274.161102    
   187.500000       24.1223469       274.600525    
   191.250000       24.1223469       274.740204    
   195.000000       24.1223469       273.402283    
   198.750000       24.1223469       273.627869    
   202.500000       24.1223469       273.158173    
   206.250000       24.1223469       271.888641    
   210.000000       24.1223469       270.293915    
   213.750000       24.1223469       270.113220    
   217.500000       24.1223469       267.972595    
   221.250000       24.1223469       268.401306    
   225.000000       24.1223469       268.767548    
   228.750000       24.1223469       272.205994    
   232.500000       24.1223469       273.768494    
   236.250000       24.1223469       273.994110    
   240.000000       24.1223469       273.663025    
   243.750000       24.1223469       275.190369    
   247.500000       24.1223469       274.973602    
   251.250000       24.1223469       274.546814    
   255.000000       24.1223469       275.814423    
   258.750000       24.1223469       277.905212    
   262.500000       24.1223469       279.555634    
   266.250000       24.1223469       282.997040    
   270.000000       24.1223469       281.399384    
   273.750000       24.1223469       280.058533    
   277.500000       24.1223469       279.392548    
   281.250000       24.1223469       278.559540    
   285.000000       24.1223469       277.249939    
   288.750000       24.1223469       277.167908    
   292.500000       24.1223469       276.926727    
   296.250000       24.1223469       276.456970    
   300.000000       24.1223469       275.634735    
   303.750000       24.1223469       275.036102    
   307.500000       24.1223469       273.424744    
   311.250000       24.1223469       273.516571    
   315.000000       24.1223469       273.235321    
   318.750000       24.1223469       273.053650    
   322.500000       24.1223469       273.572235    
   326.250000       24.1223469       275.508759    
   330.000000       24.1223469       276.429626    
   333.750000       24.1223469       275.080048    
   337.500000       24.1223469       274.331970    
   341.250000       24.1223469       275.416931    
   345.000000       24.1223469       275.989227    
   348.750000       24.1223469       275.729431    
   352.500000       24.1223469       275.991150    
   356.250000       24.1223469       275.146454    
   360.000000       24.1223469       275.368134    
   0.00000000       27.8334446       269.844696    
   3.75000000       27.8334446       273.284119    
   7.50000000       27.8334446       273.918915    
   11.2500000       27.8334446       274.302704    
   15.0000000       27.8334446       275.440369    
   18.7500000       27.8334446       275.295837    
   22.5000000       27.8334446       274.427704    
   26.2500000       27.8334446       275.214783    
   30.0000000       27.8334446       276.211884    
   33.7500000       27.8334446       276.569275    
   37.5000000       27.8334446       275.998962    
   41.2500000       27.8334446       276.531189    
   45.0000000       27.8334446       275.872040    
   48.7500000       27.8334446       274.707977    
   52.5000000       27.8334446       274.402283    
   56.2500000       27.8334446       273.360321    
   60.0000000       27.8334446       272.129852    
   63.7500000       27.8334446       271.630829    
   67.5000000       27.8334446       272.061462    
   71.2500000       27.8334446       270.742126    
   75.0000000       27.8334446       272.948181    
   78.7500000       27.8334446       274.296814    
   82.5000000       27.8334446       276.494110    
   86.2500000       27.8334446       277.013641    
   90.0000000       27.8334446       275.093689    
   93.7500000       27.8334446       272.981415    
   97.5000000       27.8334446       271.921814    
   101.250000       27.8334446       272.242126    
   105.000000       27.8334446       270.323181    
   108.750000       27.8334446       269.221619    
   112.500000       27.8334446       266.389587    
   116.250000       27.8334446       267.593689    
   120.000000       27.8334446       267.647400    
   123.750000       27.8334446       267.839783    
   127.500000       27.8334446       268.459900    
   131.250000       27.8334446       267.896454    
   135.000000       27.8334446       268.340790    
   138.750000       27.8334446       268.724579    
   142.500000       27.8334446       269.830048    
   146.250000       27.8334446       271.704071    
   150.000000       27.8334446       274.734314    
   153.750000       27.8334446       277.413025    
   157.500000       27.8334446       278.223602    
   161.250000       27.8334446       278.465790    
   165.000000       27.8334446       278.366150    
   168.750000       27.8334446       278.197235    
   172.500000       27.8334446       277.207977    
   176.250000       27.8334446       275.840790    
   180.000000       27.8334446       274.443329    
   183.750000       27.8334446       273.738220    
   187.500000       27.8334446       273.461884    
   191.250000       27.8334446       272.678650    
   195.000000       27.8334446       271.900360    
   198.750000       27.8334446       272.082977    
   202.500000       27.8334446       271.735321    
   206.250000       27.8334446       269.621033    
   210.000000       27.8334446       267.879852    
   213.750000       27.8334446       264.641571    
   217.500000       27.8334446       263.878845    
   221.250000       27.8334446       265.390564    
   225.000000       27.8334446       266.043915    
   228.750000       27.8334446       269.853485    
   232.500000       27.8334446       271.833954    
   236.250000       27.8334446       273.098602    
   240.000000       27.8334446       273.573181    
   243.750000       27.8334446       274.417908    
   247.500000       27.8334446       275.081970    
   251.250000       27.8334446       274.051727    
   255.000000       27.8334446       273.596619    
   258.750000       27.8334446       273.790985    
   262.500000       27.8334446       277.930634    
   266.250000       27.8334446       277.031189    
   270.000000       27.8334446       279.774384    
   273.750000       27.8334446       278.857391    
   277.500000       27.8334446       278.274384    
   281.250000       27.8334446       276.909119    
   285.000000       27.8334446       275.621033    
   288.750000       27.8334446       275.629852    
   292.500000       27.8334446       275.290009    
   296.250000       27.8334446       275.028290    
   300.000000       27.8334446       274.673798    
   303.750000       27.8334446       273.968689    
   307.500000       27.8334446       272.471619    
   311.250000       27.8334446       271.779266    
   315.000000       27.8334446       272.055634    
   318.750000       27.8334446       272.602509    
   322.500000       27.8334446       273.441345    
   326.250000       27.8334446       272.969696    
   330.000000       27.8334446       273.780212    
   333.750000       27.8334446       273.515564    
   337.500000       27.8334446       273.914001    
   341.250000       27.8334446       275.064423    
   345.000000       27.8334446       274.602509    
   348.750000       27.8334446       274.418915    
   352.500000       27.8334446       269.711884    
   356.250000       27.8334446       266.319275    
   360.000000       27.8334446       269.844696    
   0.00000000       31.5445251       264.224579    
   3.75000000       31.5445251       268.491150    
   7.50000000       31.5445251       270.623016    
   11.2500000       31.5445251       272.373016    
   15.0000000       31.5445251       272.838806    
   18.7500000       31.5445251       274.173798    
   22.5000000       31.5445251       273.858337    
   26.2500000       31.5445251       274.577087    
   30.0000000       31.5445251       274.668915    
   33.7500000       31.5445251       275.125946    
   37.5000000       31.5445251       275.180634    
   41.2500000       31.5445251       274.761658    
   45.0000000       31.5445251       273.600525    
   48.7500000       31.5445251       272.864227    
   52.5000000       31.5445251       271.911102    
   56.2500000       31.5445251       269.777283    
   60.0000000       31.5445251       268.365204    
   63.7500000       31.5445251       268.278290    
   67.5000000       31.5445251       268.565369    
   71.2500000       31.5445251       270.855408    
   75.0000000       31.5445251       271.383759    
   78.7500000       31.5445251       268.174744    
   82.5000000       31.5445251       268.474579    
   86.2500000       31.5445251       271.492126    
   90.0000000       31.5445251       272.193329    
   93.7500000       31.5445251       267.174744    
   97.5000000       31.5445251       264.681610    
   101.250000       31.5445251       264.632751    
   105.000000       31.5445251       270.290009    
   108.750000       31.5445251       266.481415    
   112.500000       31.5445251       264.692352    
   116.250000       31.5445251       263.450165    
   120.000000       31.5445251       262.127869    
   123.750000       31.5445251       261.522400    
   127.500000       31.5445251       262.681610    
   131.250000       31.5445251       262.871033    
   135.000000       31.5445251       262.284119    
   138.750000       31.5445251       262.589783    
   142.500000       31.5445251       262.824158    
   146.250000       31.5445251       263.875946    
   150.000000       31.5445251       267.812439    
   153.750000       31.5445251       270.701141    
   157.500000       31.5445251       273.220673    
   161.250000       31.5445251       276.928650    
   165.000000       31.5445251       276.516571    
   168.750000       31.5445251       276.463806    
   172.500000       31.5445251       276.371033    
   176.250000       31.5445251       275.791931    
   180.000000       31.5445251       274.121033    
   183.750000       31.5445251       273.593689    
   187.500000       31.5445251       272.030212    
   191.250000       31.5445251       271.718689    
   195.000000       31.5445251       271.185516    
   198.750000       31.5445251       271.391571    
   202.500000       31.5445251       270.884735    
   206.250000       31.5445251       268.425720    
   210.000000       31.5445251       266.650360    
   213.750000       31.5445251       264.013641    
   217.500000       31.5445251       262.212860    
   221.250000       31.5445251       265.148376    
   225.000000       31.5445251       266.288025    
   228.750000       31.5445251       267.806610    
   232.500000       31.5445251       269.868134    
   236.250000       31.5445251       272.147400    
   240.000000       31.5445251       272.456970    
   243.750000       31.5445251       273.172821    
   247.500000       31.5445251       272.507751    
   251.250000       31.5445251       269.689423    
   255.000000       31.5445251       266.804626    
   258.750000       31.5445251       264.591766    
   262.500000       31.5445251       271.113220    
   266.250000       31.5445251       274.910095    
   270.000000       31.5445251       275.603485    
   273.750000       31.5445251       277.658173    
   277.500000       31.5445251       276.909119    
   281.250000       31.5445251       276.008759    
   285.000000       31.5445251       274.830048    
   288.750000       31.5445251       274.199158    
   292.500000       31.5445251       273.486298    
   296.250000       31.5445251       272.990204    
   300.000000       31.5445251       272.230408    
   303.750000       31.5445251       270.490204    
   307.500000       31.5445251       269.529266    
   311.250000       31.5445251       269.656189    
   315.000000       31.5445251       270.805634    
   318.750000       31.5445251       270.953064    
   322.500000       31.5445251       271.451141    
   326.250000       31.5445251       271.256775    
   330.000000       31.5445251       271.402283    
   333.750000       31.5445251       272.568329    
   337.500000       31.5445251       271.638641    
   341.250000       31.5445251       273.163025    
   345.000000       31.5445251       271.897400    
   348.750000       31.5445251       265.864227    
   352.500000       31.5445251       260.990204    
   356.250000       31.5445251       262.708954    
   360.000000       31.5445251       264.224579    
   0.00000000       35.2555809       262.035095    
   3.75000000       35.2555809       264.503845    
   7.50000000       35.2555809       268.947235    
   11.2500000       35.2555809       269.581970    
   15.0000000       35.2555809       270.934540    
   18.7500000       35.2555809       271.745056    
   22.5000000       35.2555809       272.468689    
   26.2500000       35.2555809       271.879852    
   30.0000000       35.2555809       271.710876    
   33.7500000       35.2555809       272.521454    
   37.5000000       35.2555809       272.759735    
   41.2500000       35.2555809       271.941345    
   45.0000000       35.2555809       269.880829    
   48.7500000       35.2555809       269.161102    
   52.5000000       35.2555809       269.220673    
   56.2500000       35.2555809       267.330994    
   60.0000000       35.2555809       267.113220    
   63.7500000       35.2555809       264.833954    
   67.5000000       35.2555809       267.286102    
   71.2500000       35.2555809       266.869110    
   75.0000000       35.2555809       261.221619    
   78.7500000       35.2555809       264.112244    
   82.5000000       35.2555809       264.729431    
   86.2500000       35.2555809       264.692352    
   90.0000000       35.2555809       261.613220    
   93.7500000       35.2555809       260.072235    
   97.5000000       35.2555809       261.080048    
   101.250000       35.2555809       264.555634    
   105.000000       35.2555809       265.903290    
   108.750000       35.2555809       263.029266    
   112.500000       35.2555809       262.512665    
   116.250000       35.2555809       260.146454    
   120.000000       35.2555809       259.338806    
   123.750000       35.2555809       258.706970    
   127.500000       35.2555809       257.923798    
   131.250000       35.2555809       255.958939    
   135.000000       35.2555809       256.273376    
   138.750000       35.2555809       255.230423    
   142.500000       35.2555809       253.241165    
   146.250000       35.2555809       254.727493    
   150.000000       35.2555809       258.471619    
   153.750000       35.2555809       262.835876    
   157.500000       35.2555809       267.205048    
   161.250000       35.2555809       270.003845    
   165.000000       35.2555809       273.147400    
   168.750000       35.2555809       276.139587    
   172.500000       35.2555809       275.236298    
   176.250000       35.2555809       273.992126    
   180.000000       35.2555809       273.795837    
   183.750000       35.2555809       273.189423    
   187.500000       35.2555809       271.882751    
   191.250000       35.2555809       270.876923    
   195.000000       35.2555809       270.879852    
   198.750000       35.2555809       270.367126    
   202.500000       35.2555809       270.013641    
   206.250000       35.2555809       268.811462    
   210.000000       35.2555809       266.692352    
   213.750000       35.2555809       263.759735    
   217.500000       35.2555809       261.728485    
   221.250000       35.2555809       265.694275    
   225.000000       35.2555809       265.540985    
   228.750000       35.2555809       267.197235    
   232.500000       35.2555809       268.282196    
   236.250000       35.2555809       270.528290    
   240.000000       35.2555809       269.965790    
   243.750000       35.2555809       268.752869    
   247.500000       35.2555809       268.298798    
   251.250000       35.2555809       264.623962    
   255.000000       35.2555809       263.726501    
   258.750000       35.2555809       258.076141    
   262.500000       35.2555809       258.993134    
   266.250000       35.2555809       268.017548    
   270.000000       35.2555809       273.474579    
   273.750000       35.2555809       273.300720    
   277.500000       35.2555809       275.783173    
   281.250000       35.2555809       274.924744    
   285.000000       35.2555809       274.033173    
   288.750000       35.2555809       272.943329    
   292.500000       35.2555809       271.960876    
   296.250000       35.2555809       268.710876    
   300.000000       35.2555809       266.683533    
   303.750000       35.2555809       264.470673    
   307.500000       35.2555809       264.840790    
   311.250000       35.2555809       265.816345    
   315.000000       35.2555809       266.711884    
   318.750000       35.2555809       270.198181    
   322.500000       35.2555809       271.003845    
   326.250000       35.2555809       270.969696    
   330.000000       35.2555809       270.165009    
   333.750000       35.2555809       268.434540    
   337.500000       35.2555809       269.567352    
   341.250000       35.2555809       268.669891    
   345.000000       35.2555809       269.811462    
   348.750000       35.2555809       261.319275    
   352.500000       35.2555809       261.328064    
   356.250000       35.2555809       261.035095    
   360.000000       35.2555809       262.035095    
   0.00000000       38.9666100       260.743134    
   3.75000000       38.9666100       262.950165    
   7.50000000       38.9666100       265.183533    
   11.2500000       38.9666100       267.353485    
   15.0000000       38.9666100       267.736298    
   18.7500000       38.9666100       267.524384    
   22.5000000       38.9666100       267.372040    
   26.2500000       38.9666100       265.857391    
   30.0000000       38.9666100       265.373962    
   33.7500000       38.9666100       265.862244    
   37.5000000       38.9666100       266.447235    
   41.2500000       38.9666100       266.004852    
   45.0000000       38.9666100       266.737244    
   48.7500000       38.9666100       267.077087    
   52.5000000       38.9666100       264.991150    
   56.2500000       38.9666100       263.926727    
   60.0000000       38.9666100       263.922821    
   63.7500000       38.9666100       262.545837    
   67.5000000       38.9666100       261.595673    
   71.2500000       38.9666100       259.459900    
   75.0000000       38.9666100       260.799744    
   78.7500000       38.9666100       268.526306    
   82.5000000       38.9666100       268.681610    
   86.2500000       38.9666100       267.906189    
   90.0000000       38.9666100       267.679626    
   93.7500000       38.9666100       263.855408    
   97.5000000       38.9666100       259.340790    
   101.250000       38.9666100       259.995056    
   105.000000       38.9666100       258.982391    
   108.750000       38.9666100       257.925720    
   112.500000       38.9666100       255.828079    
   116.250000       38.9666100       255.689407    
   120.000000       38.9666100       255.325150    
   123.750000       38.9666100       253.922806    
   127.500000       38.9666100       255.831009    
   131.250000       38.9666100       256.319275    
   135.000000       38.9666100       256.812439    
   138.750000       38.9666100       255.923782    
   142.500000       38.9666100       252.905228    
   146.250000       38.9666100       251.472610    
   150.000000       38.9666100       251.545853    
   153.750000       38.9666100       252.123978    
   157.500000       38.9666100       258.921814    
   161.250000       38.9666100       265.507751    
   165.000000       38.9666100       269.029266    
   168.750000       38.9666100       270.438446    
   172.500000       38.9666100       272.171814    
   176.250000       38.9666100       274.158173    
   180.000000       38.9666100       272.822235    
   183.750000       38.9666100       271.876923    
   187.500000       38.9666100       271.692352    
   191.250000       38.9666100       270.821259    
   195.000000       38.9666100       270.507751    
   198.750000       38.9666100       270.011658    
   202.500000       38.9666100       269.531189    
   206.250000       38.9666100       269.449158    
   210.000000       38.9666100       268.539001    
   213.750000       38.9666100       266.459900    
   217.500000       38.9666100       266.001923    
   221.250000       38.9666100       267.191345    
   225.000000       38.9666100       266.717712    
   228.750000       38.9666100       266.402283    
   232.500000       38.9666100       266.844696    
   236.250000       38.9666100       268.008759    
   240.000000       38.9666100       267.796814    
   243.750000       38.9666100       266.360321    
   247.500000       38.9666100       263.722595    
   251.250000       38.9666100       260.194275    
   255.000000       38.9666100       260.888641    
   258.750000       38.9666100       253.608353    
   262.500000       38.9666100       258.393494    
   266.250000       38.9666100       259.656189    
   270.000000       38.9666100       263.668915    
   273.750000       38.9666100       268.100525    
   277.500000       38.9666100       272.710876    
   281.250000       38.9666100       272.884735    
   285.000000       38.9666100       270.443329    
   288.750000       38.9666100       269.476501    
   292.500000       38.9666100       267.502869    
   296.250000       38.9666100       264.835876    
   300.000000       38.9666100       260.482391    
   303.750000       38.9666100       260.684540    
   307.500000       38.9666100       258.904266    
   311.250000       38.9666100       257.900360    
   315.000000       38.9666100       262.824158    
   318.750000       38.9666100       268.391571    
   322.500000       38.9666100       270.099579    
   326.250000       38.9666100       271.003845    
   330.000000       38.9666100       269.382751    
   333.750000       38.9666100       268.250946    
   337.500000       38.9666100       268.682556    
   341.250000       38.9666100       267.806610    
   345.000000       38.9666100       263.425720    
   348.750000       38.9666100       258.263641    
   352.500000       38.9666100       259.651306    
   356.250000       38.9666100       259.344696    
   360.000000       38.9666100       260.743134    
   0.00000000       42.6776047       258.804626    
   3.75000000       42.6776047       263.006775    
   7.50000000       42.6776047       260.791931    
   11.2500000       42.6776047       262.622040    
   15.0000000       42.6776047       263.946259    
   18.7500000       42.6776047       263.577087    
   22.5000000       42.6776047       263.799744    
   26.2500000       42.6776047       263.404266    
   30.0000000       42.6776047       263.427704    
   33.7500000       42.6776047       262.565369    
   37.5000000       42.6776047       262.865204    
   41.2500000       42.6776047       261.486298    
   45.0000000       42.6776047       261.992126    
   48.7500000       42.6776047       262.497040    
   52.5000000       42.6776047       261.918915    
   56.2500000       42.6776047       261.364227    
   60.0000000       42.6776047       258.889587    
   63.7500000       42.6776047       259.800720    
   67.5000000       42.6776047       260.190369    
   71.2500000       42.6776047       260.423798    
   75.0000000       42.6776047       262.698181    
   78.7500000       42.6776047       263.887665    
   82.5000000       42.6776047       264.591766    
   86.2500000       42.6776047       266.471619    
   90.0000000       42.6776047       265.741150    
   93.7500000       42.6776047       261.704071    
   97.5000000       42.6776047       258.864227    
   101.250000       42.6776047       258.115204    
   105.000000       42.6776047       252.867142    
   108.750000       42.6776047       249.849564    
   112.500000       42.6776047       250.962845    
   116.250000       42.6776047       251.771439    
   120.000000       42.6776047       252.531204    
   123.750000       42.6776047       253.922806    
   127.500000       42.6776047       255.594681    
   131.250000       42.6776047       255.644485    
   135.000000       42.6776047       257.746033    
   138.750000       42.6776047       258.665985    
   142.500000       42.6776047       257.838806    
   146.250000       42.6776047       254.850540    
   150.000000       42.6776047       250.847610    
   153.750000       42.6776047       246.396439    
   157.500000       42.6776047       253.900345    
   161.250000       42.6776047       260.830994    
   165.000000       42.6776047       265.755829    
   168.750000       42.6776047       266.629852    
   172.500000       42.6776047       269.718689    
   176.250000       42.6776047       271.672821    
   180.000000       42.6776047       271.273376    
   183.750000       42.6776047       271.128845    
   187.500000       42.6776047       270.227509    
   191.250000       42.6776047       270.485321    
   195.000000       42.6776047       269.207977    
   198.750000       42.6776047       268.264587    
   202.500000       42.6776047       270.174744    
   206.250000       42.6776047       269.393494    
   210.000000       42.6776047       268.885681    
   213.750000       42.6776047       267.836884    
   217.500000       42.6776047       267.877869    
   221.250000       42.6776047       266.906189    
   225.000000       42.6776047       266.419891    
   228.750000       42.6776047       265.411102    
   232.500000       42.6776047       265.464783    
   236.250000       42.6776047       264.822235    
   240.000000       42.6776047       264.225525    
   243.750000       42.6776047       263.094696    
   247.500000       42.6776047       260.763641    
   251.250000       42.6776047       261.411102    
   255.000000       42.6776047       258.860321    
   258.750000       42.6776047       256.612244    
   262.500000       42.6776047       257.694275    
   266.250000       42.6776047       258.328064    
   270.000000       42.6776047       259.277283    
   273.750000       42.6776047       261.160095    
   277.500000       42.6776047       268.465790    
   281.250000       42.6776047       270.423798    
   285.000000       42.6776047       267.602509    
   288.750000       42.6776047       265.528290    
   292.500000       42.6776047       262.859314    
   296.250000       42.6776047       259.186462    
   300.000000       42.6776047       258.249939    
   303.750000       42.6776047       254.384720    
   307.500000       42.6776047       250.610306    
   311.250000       42.6776047       252.577103    
   315.000000       42.6776047       258.091766    
   318.750000       42.6776047       266.031189    
   322.500000       42.6776047       270.470673    
   326.250000       42.6776047       270.191345    
   330.000000       42.6776047       268.703064    
   333.750000       42.6776047       268.732391    
   337.500000       42.6776047       268.081970    
   341.250000       42.6776047       267.116150    
   345.000000       42.6776047       255.993118    
   348.750000       42.6776047       258.184540    
   352.500000       42.6776047       257.690369    
   356.250000       42.6776047       257.198181    
   360.000000       42.6776047       258.804626    
   0.00000000       46.3885536       257.988220    
   3.75000000       46.3885536       261.429626    
   7.50000000       46.3885536       261.764587    
   11.2500000       46.3885536       262.403290    
   15.0000000       46.3885536       263.791931    
   18.7500000       46.3885536       263.147400    
   22.5000000       46.3885536       262.540009    
   26.2500000       46.3885536       260.912079    
   30.0000000       46.3885536       261.328064    
   33.7500000       46.3885536       259.969696    
   37.5000000       46.3885536       258.841766    
   41.2500000       46.3885536       257.317352    
   45.0000000       46.3885536       255.157181    
   48.7500000       46.3885536       253.104446    
   52.5000000       46.3885536       252.754837    
   56.2500000       46.3885536       253.443314    
   60.0000000       46.3885536       253.571243    
   63.7500000       46.3885536       254.856400    
   67.5000000       46.3885536       255.859329    
   71.2500000       46.3885536       256.110321    
   75.0000000       46.3885536       257.117126    
   78.7500000       46.3885536       257.807556    
   82.5000000       46.3885536       259.271454    
   86.2500000       46.3885536       260.968689    
   90.0000000       46.3885536       261.142548    
   93.7500000       46.3885536       259.988220    
   97.5000000       46.3885536       259.294891    
   101.250000       46.3885536       260.371033    
   105.000000       46.3885536       255.459915    
   108.750000       46.3885536       250.449173    
   112.500000       46.3885536       250.849564    
   116.250000       46.3885536       252.379837    
   120.000000       46.3885536       254.305618    
   123.750000       46.3885536       255.515579    
   127.500000       46.3885536       256.992126    
   131.250000       46.3885536       257.163025    
   135.000000       46.3885536       258.034119    
   138.750000       46.3885536       258.138641    
   142.500000       46.3885536       256.038025    
   146.250000       46.3885536       253.484329    
   150.000000       46.3885536       250.592728    
   153.750000       46.3885536       246.837845    
   157.500000       46.3885536       245.961868    
   161.250000       46.3885536       252.995071    
   165.000000       46.3885536       260.788025    
   168.750000       46.3885536       264.992126    
   172.500000       46.3885536       266.311462    
   176.250000       46.3885536       266.676727    
   180.000000       46.3885536       267.353485    
   183.750000       46.3885536       269.333954    
   187.500000       46.3885536       270.215790    
   191.250000       46.3885536       268.809540    
   195.000000       46.3885536       269.637665    
   198.750000       46.3885536       270.288025    
   202.500000       46.3885536       271.129852    
   206.250000       46.3885536       271.082977    
   210.000000       46.3885536       268.145477    
   213.750000       46.3885536       267.330048    
   217.500000       46.3885536       266.660095    
   221.250000       46.3885536       266.503845    
   225.000000       46.3885536       265.634735    
   228.750000       46.3885536       265.480408    
   232.500000       46.3885536       265.193329    
   236.250000       46.3885536       265.160095    
   240.000000       46.3885536       262.676727    
   243.750000       46.3885536       262.100525    
   247.500000       46.3885536       262.168915    
   251.250000       46.3885536       260.345673    
   255.000000       46.3885536       259.344696    
   258.750000       46.3885536       258.640564    
   262.500000       46.3885536       256.629852    
   266.250000       46.3885536       257.928650    
   270.000000       46.3885536       259.676727    
   273.750000       46.3885536       260.714783    
   277.500000       46.3885536       265.571259    
   281.250000       46.3885536       265.708954    
   285.000000       46.3885536       262.572235    
   288.750000       46.3885536       259.324158    
   292.500000       46.3885536       256.502869    
   296.250000       46.3885536       255.593704    
   300.000000       46.3885536       250.710892    
   303.750000       46.3885536       246.659134    
   307.500000       46.3885536       245.364212    
   311.250000       46.3885536       251.704056    
   315.000000       46.3885536       258.290985    
   318.750000       46.3885536       266.449158    
   322.500000       46.3885536       269.227509    
   326.250000       46.3885536       269.390564    
   330.000000       46.3885536       268.299744    
   333.750000       46.3885536       268.131775    
   337.500000       46.3885536       267.654266    
   341.250000       46.3885536       260.897400    
   345.000000       46.3885536       255.385696    
   348.750000       46.3885536       256.978485    
   352.500000       46.3885536       256.172821    
   356.250000       46.3885536       255.185501    
   360.000000       46.3885536       257.988220    
   0.00000000       50.0994530       258.080048    
   3.75000000       50.0994530       260.375946    
   7.50000000       50.0994530       261.920837    
   11.2500000       50.0994530       261.148376    
   15.0000000       50.0994530       261.113220    
   18.7500000       50.0994530       259.969696    
   22.5000000       50.0994530       260.105408    
   26.2500000       50.0994530       258.811462    
   30.0000000       50.0994530       257.331970    
   33.7500000       50.0994530       254.474564    
   37.5000000       50.0994530       249.489212    
   41.2500000       50.0994530       246.144485    
   45.0000000       50.0994530       244.049759    
   48.7500000       50.0994530       244.984329    
   52.5000000       50.0994530       244.516556    
   56.2500000       50.0994530       243.331009    
   60.0000000       50.0994530       244.882767    
   63.7500000       50.0994530       247.377884    
   67.5000000       50.0994530       250.866165    
   71.2500000       50.0994530       252.483353    
   75.0000000       50.0994530       254.291946    
   78.7500000       50.0994530       254.277298    
   82.5000000       50.0994530       253.593704    
   86.2500000       50.0994530       257.263641    
   90.0000000       50.0994530       260.307556    
   93.7500000       50.0994530       258.429626    
   97.5000000       50.0994530       258.657196    
   101.250000       50.0994530       260.688446    
   105.000000       50.0994530       259.916931    
   108.750000       50.0994530       257.777283    
   112.500000       50.0994530       256.231415    
   116.250000       50.0994530       256.163025    
   120.000000       50.0994530       257.259735    
   123.750000       50.0994530       257.620056    
   127.500000       50.0994530       257.936462    
   131.250000       50.0994530       257.288025    
   135.000000       50.0994530       255.505814    
   138.750000       50.0994530       254.500931    
   142.500000       50.0994530       251.867142    
   146.250000       50.0994530       249.795853    
   150.000000       50.0994530       247.215775    
   153.750000       50.0994530       245.467728    
   157.500000       50.0994530       245.812454    
   161.250000       50.0994530       247.611282    
   165.000000       50.0994530       252.153275    
   168.750000       50.0994530       257.270477    
   172.500000       50.0994530       258.811462    
   176.250000       50.0994530       261.269470    
   180.000000       50.0994530       262.701141    
   183.750000       50.0994530       265.247040    
   187.500000       50.0994530       267.297821    
   191.250000       50.0994530       270.165009    
   195.000000       50.0994530       270.912079    
   198.750000       50.0994530       269.144470    
   202.500000       50.0994530       267.122040    
   206.250000       50.0994530       267.885681    
   210.000000       50.0994530       266.541931    
   213.750000       50.0994530       264.829071    
   217.500000       50.0994530       264.084900    
   221.250000       50.0994530       263.173798    
   225.000000       50.0994530       263.970673    
   228.750000       50.0994530       263.602509    
   232.500000       50.0994530       257.705048    
   236.250000       50.0994530       257.445251    
   240.000000       50.0994530       262.111298    
   243.750000       50.0994530       259.606415    
   247.500000       50.0994530       263.982391    
   251.250000       50.0994530       262.242126    
   255.000000       50.0994530       259.681610    
   258.750000       50.0994530       257.576141    
   262.500000       50.0994530       258.306610    
   266.250000       50.0994530       256.227509    
   270.000000       50.0994530       256.827087    
   273.750000       50.0994530       256.850525    
   277.500000       50.0994530       256.343689    
   281.250000       50.0994530       255.191360    
   285.000000       50.0994530       253.067337    
   288.750000       50.0994530       252.904251    
   292.500000       50.0994530       252.936478    
   296.250000       50.0994530       249.986282    
   300.000000       50.0994530       247.811478    
   303.750000       50.0994530       247.703079    
   307.500000       50.0994530       249.378860    
   311.250000       50.0994530       254.235306    
   315.000000       50.0994530       260.636658    
   318.750000       50.0994530       267.167908    
   322.500000       50.0994530       269.245056    
   326.250000       50.0994530       268.292908    
   330.000000       50.0994530       267.030212    
   333.750000       50.0994530       267.498962    
   337.500000       50.0994530       265.948181    
   341.250000       50.0994530       256.681610    
   345.000000       50.0994530       254.846634    
   348.750000       50.0994530       255.213821    
   352.500000       50.0994530       255.902298    
   356.250000       50.0994530       255.456009    
   360.000000       50.0994530       258.080048    
   0.00000000       53.8102722       258.424744    
   3.75000000       53.8102722       259.848602    
   7.50000000       53.8102722       260.679626    
   11.2500000       53.8102722       261.663025    
   15.0000000       53.8102722       259.584900    
   18.7500000       53.8102722       258.803650    
   22.5000000       53.8102722       257.477509    
   26.2500000       53.8102722       254.147415    
   30.0000000       53.8102722       246.375931    
   33.7500000       53.8102722       246.714798    
   37.5000000       53.8102722       246.865189    
   41.2500000       53.8102722       248.156204    
   45.0000000       53.8102722       246.934525    
   48.7500000       53.8102722       246.081009    
   52.5000000       53.8102722       246.292923    
   56.2500000       53.8102722       246.456009    
   60.0000000       53.8102722       243.744095    
   63.7500000       53.8102722       244.478470    
   67.5000000       53.8102722       247.703079    
   71.2500000       53.8102722       251.094681    
   75.0000000       53.8102722       252.456985    
   78.7500000       53.8102722       251.129837    
   82.5000000       53.8102722       252.154251    
   86.2500000       53.8102722       255.918900    
   90.0000000       53.8102722       258.064423    
   93.7500000       53.8102722       257.222595    
   97.5000000       53.8102722       257.113220    
   101.250000       53.8102722       256.378845    
   105.000000       53.8102722       258.468689    
   108.750000       53.8102722       258.276306    
   112.500000       53.8102722       257.127869    
   116.250000       53.8102722       256.458954    
   120.000000       53.8102722       256.186462    
   123.750000       53.8102722       255.048782    
   127.500000       53.8102722       253.647415    
   131.250000       53.8102722       251.952103    
   135.000000       53.8102722       249.090775    
   138.750000       53.8102722       247.372025    
   142.500000       53.8102722       247.809525    
   146.250000       53.8102722       245.930618    
   150.000000       53.8102722       243.979446    
   153.750000       53.8102722       239.907181    
   157.500000       53.8102722       240.018509    
   161.250000       53.8102722       241.987259    
   165.000000       53.8102722       245.595657    
   168.750000       53.8102722       247.159134    
   172.500000       53.8102722       247.971634    
   176.250000       53.8102722       251.648392    
   180.000000       53.8102722       255.253860    
   183.750000       53.8102722       257.305634    
   187.500000       53.8102722       257.890564    
   191.250000       53.8102722       264.084900    
   195.000000       53.8102722       268.467712    
   198.750000       53.8102722       265.682556    
   202.500000       53.8102722       263.618134    
   206.250000       53.8102722       262.446259    
   210.000000       53.8102722       260.240204    
   213.750000       53.8102722       260.238220    
   217.500000       53.8102722       259.680634    
   221.250000       53.8102722       253.867142    
   225.000000       53.8102722       250.159134    
   228.750000       53.8102722       250.298782    
   232.500000       53.8102722       250.599564    
   236.250000       53.8102722       254.117142    
   240.000000       53.8102722       256.138641    
   243.750000       53.8102722       258.075165    
   247.500000       53.8102722       258.620056    
   251.250000       53.8102722       260.338806    
   255.000000       53.8102722       258.320251    
   258.750000       53.8102722       256.975525    
   262.500000       53.8102722       257.795837    
   266.250000       53.8102722       256.735321    
   270.000000       53.8102722       255.339798    
   273.750000       53.8102722       253.020462    
   277.500000       53.8102722       249.589798    
   281.250000       53.8102722       248.346634    
   285.000000       53.8102722       249.169876    
   288.750000       53.8102722       250.283157    
   292.500000       53.8102722       249.293900    
   296.250000       53.8102722       248.789993    
   300.000000       53.8102722       249.610306    
   303.750000       53.8102722       249.958939    
   307.500000       53.8102722       253.603470    
   311.250000       53.8102722       257.833954    
   315.000000       53.8102722       264.964783    
   318.750000       53.8102722       267.206970    
   322.500000       53.8102722       267.492126    
   326.250000       53.8102722       265.528290    
   330.000000       53.8102722       266.565369    
   333.750000       53.8102722       267.609314    
   337.500000       53.8102722       259.581970    
   341.250000       53.8102722       255.748978    
   345.000000       53.8102722       253.450150    
   348.750000       53.8102722       255.898392    
   352.500000       53.8102722       257.447235    
   356.250000       53.8102722       259.283173    
   360.000000       53.8102722       258.424744    
   0.00000000       57.5209885       260.952087    
   3.75000000       57.5209885       260.265564    
   7.50000000       57.5209885       260.738220    
   11.2500000       57.5209885       259.781189    
   15.0000000       57.5209885       258.518494    
   18.7500000       57.5209885       258.176727    
   22.5000000       57.5209885       256.350525    
   26.2500000       57.5209885       252.803665    
   30.0000000       57.5209885       250.871048    
   33.7500000       57.5209885       245.887650    
   37.5000000       57.5209885       243.932571    
   41.2500000       57.5209885       246.215775    
   45.0000000       57.5209885       248.658157    
   48.7500000       57.5209885       250.846634    
   52.5000000       57.5209885       250.105423    
   56.2500000       57.5209885       248.799759    
   60.0000000       57.5209885       248.424759    
   63.7500000       57.5209885       248.969681    
   67.5000000       57.5209885       249.692337    
   71.2500000       57.5209885       250.940384    
   75.0000000       57.5209885       251.977493    
   78.7500000       57.5209885       252.835892    
   82.5000000       57.5209885       255.686478    
   86.2500000       57.5209885       255.574173    
   90.0000000       57.5209885       255.820267    
   93.7500000       57.5209885       254.748978    
   97.5000000       57.5209885       253.771439    
   101.250000       57.5209885       253.963821    
   105.000000       57.5209885       253.917923    
   108.750000       57.5209885       254.207962    
   112.500000       57.5209885       253.961868    
   116.250000       57.5209885       253.484329    
   120.000000       57.5209885       251.866165    
   123.750000       57.5209885       249.341751    
   127.500000       57.5209885       245.949173    
   131.250000       57.5209885       245.278275    
   135.000000       57.5209885       244.049759    
   138.750000       57.5209885       244.892532    
   142.500000       57.5209885       241.828079    
   146.250000       57.5209885       239.777298    
   150.000000       57.5209885       237.959915    
   153.750000       57.5209885       238.483353    
   157.500000       57.5209885       239.495071    
   161.250000       57.5209885       239.324173    
   165.000000       57.5209885       241.878860    
   168.750000       57.5209885       243.463821    
   172.500000       57.5209885       242.063431    
   176.250000       57.5209885       242.332962    
   180.000000       57.5209885       243.809525    
   183.750000       57.5209885       243.536087    
   187.500000       57.5209885       246.958939    
   191.250000       57.5209885       252.430618    
   195.000000       57.5209885       255.649368    
   198.750000       57.5209885       256.148376    
   202.500000       57.5209885       256.459900    
   206.250000       57.5209885       257.995056    
   210.000000       57.5209885       256.701141    
   213.750000       57.5209885       251.212845    
   217.500000       57.5209885       250.070267    
   221.250000       57.5209885       248.146439    
   225.000000       57.5209885       248.537064    
   228.750000       57.5209885       248.730423    
   232.500000       57.5209885       249.697220    
   236.250000       57.5209885       253.407181    
   240.000000       57.5209885       255.656204    
   243.750000       57.5209885       255.778275    
   247.500000       57.5209885       255.517532    
   251.250000       57.5209885       256.267548    
   255.000000       57.5209885       257.072235    
   258.750000       57.5209885       256.874939    
   262.500000       57.5209885       255.218704    
   266.250000       57.5209885       253.935501    
   270.000000       57.5209885       252.039017    
   273.750000       57.5209885       249.365189    
   277.500000       57.5209885       248.099564    
   281.250000       57.5209885       248.494095    
   285.000000       57.5209885       248.486282    
   288.750000       57.5209885       248.918900    
   292.500000       57.5209885       251.967728    
   296.250000       57.5209885       252.901321    
   300.000000       57.5209885       256.908173    
   303.750000       57.5209885       259.797821    
   307.500000       57.5209885       261.974579    
   311.250000       57.5209885       265.149384    
   315.000000       57.5209885       265.884735    
   318.750000       57.5209885       265.846619    
   322.500000       57.5209885       264.819275    
   326.250000       57.5209885       265.227509    
   330.000000       57.5209885       266.987244    
   333.750000       57.5209885       264.348602    
   337.500000       57.5209885       254.259720    
   341.250000       57.5209885       252.380814    
   345.000000       57.5209885       250.608353    
   348.750000       57.5209885       254.664017    
   352.500000       57.5209885       256.978485    
   356.250000       57.5209885       259.952087    
   360.000000       57.5209885       260.952087    
   0.00000000       61.2315712       257.460876    
   3.75000000       61.2315712       258.108337    
   7.50000000       61.2315712       258.660095    
   11.2500000       61.2315712       258.301727    
   15.0000000       61.2315712       257.388641    
   18.7500000       61.2315712       256.637665    
   22.5000000       61.2315712       255.989212    
   26.2500000       61.2315712       251.487259    
   30.0000000       61.2315712       248.655228    
   33.7500000       61.2315712       249.027298    
   37.5000000       61.2315712       249.718704    
   41.2500000       61.2315712       250.177689    
   45.0000000       61.2315712       251.202103    
   48.7500000       61.2315712       251.565384    
   52.5000000       61.2315712       251.979446    
   56.2500000       61.2315712       251.812454    
   60.0000000       61.2315712       251.189407    
   63.7500000       61.2315712       250.341751    
   67.5000000       61.2315712       251.271439    
   71.2500000       61.2315712       252.821243    
   75.0000000       61.2315712       253.990189    
   78.7500000       61.2315712       255.400345    
   82.5000000       61.2315712       255.665970    
   86.2500000       61.2315712       254.474564    
   90.0000000       61.2315712       252.522415    
   93.7500000       61.2315712       251.573196    
   97.5000000       61.2315712       252.131790    
   101.250000       61.2315712       252.522415    
   105.000000       61.2315712       252.391556    
   108.750000       61.2315712       252.301712    
   112.500000       61.2315712       251.792923    
   116.250000       61.2315712       248.569290    
   120.000000       61.2315712       245.924759    
   123.750000       61.2315712       245.324173    
   127.500000       61.2315712       242.679642    
   131.250000       61.2315712       241.590775    
   135.000000       61.2315712       239.137650    
   138.750000       61.2315712       238.224564    
   142.500000       61.2315712       234.504837    
   146.250000       61.2315712       233.976517    
   150.000000       61.2315712       234.772415    
   153.750000       61.2315712       237.204056    
   157.500000       61.2315712       240.033157    
   161.250000       61.2315712       238.679642    
   165.000000       61.2315712       239.893509    
   168.750000       61.2315712       240.053665    
   172.500000       61.2315712       242.002884    
   176.250000       61.2315712       242.302689    
   180.000000       61.2315712       241.416946    
   183.750000       61.2315712       242.039017    
   187.500000       61.2315712       244.007767    
   191.250000       61.2315712       245.818314    
   195.000000       61.2315712       245.958939    
   198.750000       61.2315712       245.293900    
   202.500000       61.2315712       246.128860    
   206.250000       61.2315712       247.465775    
   210.000000       61.2315712       247.412064    
   213.750000       61.2315712       246.304642    
   217.500000       61.2315712       246.803665    
   221.250000       61.2315712       245.746048    
   225.000000       61.2315712       246.469681    
   228.750000       61.2315712       247.794876    
   232.500000       61.2315712       249.615189    
   236.250000       61.2315712       251.284134    
   240.000000       61.2315712       252.234329    
   243.750000       61.2315712       253.903275    
   247.500000       61.2315712       254.016556    
   251.250000       61.2315712       252.507767    
   255.000000       61.2315712       254.877884    
   258.750000       61.2315712       254.397415    
   262.500000       61.2315712       252.528275    
   266.250000       61.2315712       251.738235    
   270.000000       61.2315712       251.029251    
   273.750000       61.2315712       248.584915    
   277.500000       61.2315712       248.027298    
   281.250000       61.2315712       248.937454    
   285.000000       61.2315712       250.331985    
   288.750000       61.2315712       253.776321    
   292.500000       61.2315712       255.475540    
   296.250000       61.2315712       256.944275    
   300.000000       61.2315712       261.249939    
   303.750000       61.2315712       263.122040    
   307.500000       61.2315712       265.397400    
   311.250000       61.2315712       265.763641    
   315.000000       61.2315712       266.367126    
   318.750000       61.2315712       260.652283    
   322.500000       61.2315712       262.280212    
   326.250000       61.2315712       263.884735    
   330.000000       61.2315712       264.645477    
   333.750000       61.2315712       261.496033    
   337.500000       61.2315712       253.507767    
   341.250000       61.2315712       252.106400    
   345.000000       61.2315712       251.778275    
   348.750000       61.2315712       252.611282    
   352.500000       61.2315712       254.960892    
   356.250000       61.2315712       255.821243    
   360.000000       61.2315712       257.460876    
   0.00000000       64.9419479       255.664993    
   3.75000000       64.9419479       255.341751    
   7.50000000       64.9419479       256.665009    
   11.2500000       64.9419479       257.830994    
   15.0000000       64.9419479       257.263641    
   18.7500000       64.9419479       256.276306    
   22.5000000       64.9419479       255.167923    
   26.2500000       64.9419479       254.021439    
   30.0000000       64.9419479       252.916946    
   33.7500000       64.9419479       252.073196    
   37.5000000       64.9419479       251.793900    
   41.2500000       64.9419479       252.601517    
   45.0000000       64.9419479       253.414017    
   48.7500000       64.9419479       253.588821    
   52.5000000       64.9419479       253.169876    
   56.2500000       64.9419479       253.239212    
   60.0000000       64.9419479       253.044876    
   63.7500000       64.9419479       252.952103    
   67.5000000       64.9419479       253.106400    
   71.2500000       64.9419479       253.134720    
   75.0000000       64.9419479       253.072220    
   78.7500000       64.9419479       252.721634    
   82.5000000       64.9419479       252.458939    
   86.2500000       64.9419479       251.969681    
   90.0000000       64.9419479       250.603470    
   93.7500000       64.9419479       249.713821    
   97.5000000       64.9419479       247.742142    
   101.250000       64.9419479       245.893509    
   105.000000       64.9419479       244.975540    
   108.750000       64.9419479       244.678665    
   112.500000       64.9419479       244.570267    
   116.250000       64.9419479       241.782181    
   120.000000       64.9419479       240.418900    
   123.750000       64.9419479       239.270462    
   127.500000       64.9419479       238.306595    
   131.250000       64.9419479       236.963821    
   135.000000       64.9419479       235.542923    
   138.750000       64.9419479       233.947220    
   142.500000       64.9419479       230.994095    
   146.250000       64.9419479       229.770462    
   150.000000       64.9419479       230.816360    
   153.750000       64.9419479       233.823196    
   157.500000       64.9419479       236.152298    
   161.250000       64.9419479       237.439407    
   165.000000       64.9419479       238.976517    
   168.750000       64.9419479       240.730423    
   172.500000       64.9419479       242.389603    
   176.250000       64.9419479       241.890579    
   180.000000       64.9419479       240.791946    
   183.750000       64.9419479       240.742142    
   187.500000       64.9419479       241.850540    
   191.250000       64.9419479       242.124954    
   195.000000       64.9419479       242.338821    
   198.750000       64.9419479       243.900345    
   202.500000       64.9419479       244.210892    
   206.250000       64.9419479       244.564407    
   210.000000       64.9419479       244.890579    
   213.750000       64.9419479       244.254837    
   217.500000       64.9419479       244.102493    
   221.250000       64.9419479       243.441360    
   225.000000       64.9419479       242.520462    
   228.750000       64.9419479       243.094681    
   232.500000       64.9419479       243.783157    
   236.250000       64.9419479       245.577103    
   240.000000       64.9419479       246.905228    
   243.750000       64.9419479       248.652298    
   247.500000       64.9419479       249.374954    
   251.250000       64.9419479       250.249954    
   255.000000       64.9419479       252.147415    
   258.750000       64.9419479       253.678665    
   262.500000       64.9419479       252.883743    
   266.250000       64.9419479       250.716751    
   270.000000       64.9419479       250.540970    
   273.750000       64.9419479       248.560501    
   277.500000       64.9419479       248.097610    
   281.250000       64.9419479       251.187454    
   285.000000       64.9419479       252.747025    
   288.750000       64.9419479       253.767532    
   292.500000       64.9419479       255.358353    
   296.250000       64.9419479       257.147400    
   300.000000       64.9419479       256.963806    
   303.750000       64.9419479       262.319275    
   307.500000       64.9419479       262.561462    
   311.250000       64.9419479       262.333954    
   315.000000       64.9419479       264.151306    
   318.750000       64.9419479       259.635681    
   322.500000       64.9419479       260.176727    
   326.250000       64.9419479       261.330994    
   330.000000       64.9419479       261.182556    
   333.750000       64.9419479       258.947235    
   337.500000       64.9419479       255.211868    
   341.250000       64.9419479       251.519485    
   345.000000       64.9419479       251.986282    
   348.750000       64.9419479       253.206009    
   352.500000       64.9419479       253.230423    
   356.250000       64.9419479       253.414017    
   360.000000       64.9419479       255.664993    
   0.00000000       68.6520157       252.046829    
   3.75000000       68.6520157       251.824173    
   7.50000000       68.6520157       253.803665    
   11.2500000       68.6520157       254.989212    
   15.0000000       68.6520157       255.141556    
   18.7500000       68.6520157       255.337845    
   22.5000000       68.6520157       254.990189    
   26.2500000       68.6520157       254.017532    
   30.0000000       68.6520157       252.082962    
   33.7500000       68.6520157       249.892532    
   37.5000000       68.6520157       246.991165    
   41.2500000       68.6520157       245.703079    
   45.0000000       68.6520157       247.821243    
   48.7500000       68.6520157       249.355423    
   52.5000000       68.6520157       250.390579    
   56.2500000       68.6520157       250.086868    
   60.0000000       68.6520157       250.001907    
   63.7500000       68.6520157       250.114212    
   67.5000000       68.6520157       250.164993    
   71.2500000       68.6520157       249.884720    
   75.0000000       68.6520157       249.435501    
   78.7500000       68.6520157       249.027298    
   82.5000000       68.6520157       247.674759    
   86.2500000       68.6520157       246.025345    
   90.0000000       68.6520157       245.105423    
   93.7500000       68.6520157       244.107376    
   97.5000000       68.6520157       242.900345    
   101.250000       68.6520157       241.047806    
   105.000000       68.6520157       239.811478    
   108.750000       68.6520157       239.073196    
   112.500000       68.6520157       238.761673    
   116.250000       68.6520157       237.835892    
   120.000000       68.6520157       237.106400    
   123.750000       68.6520157       236.892532    
   127.500000       68.6520157       236.664993    
   131.250000       68.6520157       235.706009    
   135.000000       68.6520157       234.631790    
   138.750000       68.6520157       233.468704    
   142.500000       68.6520157       231.998001    
   146.250000       68.6520157       231.352493    
   150.000000       68.6520157       231.819290    
   153.750000       68.6520157       232.406204    
   157.500000       68.6520157       233.538040    
   161.250000       68.6520157       236.096634    
   165.000000       68.6520157       237.935501    
   168.750000       68.6520157       238.798782    
   172.500000       68.6520157       239.403275    
   176.250000       68.6520157       240.017532    
   180.000000       68.6520157       240.479446    
   183.750000       68.6520157       241.543900    
   187.500000       68.6520157       242.530228    
   191.250000       68.6520157       243.308548    
   195.000000       68.6520157       243.652298    
   198.750000       68.6520157       244.122025    
   202.500000       68.6520157       244.242142    
   206.250000       68.6520157       244.452103    
   210.000000       68.6520157       244.676712    
   213.750000       68.6520157       244.741165    
   217.500000       68.6520157       244.554642    
   221.250000       68.6520157       243.925735    
   225.000000       68.6520157       243.218704    
   228.750000       68.6520157       243.068314    
   232.500000       68.6520157       243.382767    
   236.250000       68.6520157       243.595657    
   240.000000       68.6520157       244.031204    
   243.750000       68.6520157       244.956985    
   247.500000       68.6520157       246.124954    
   251.250000       68.6520157       247.034134    
   255.000000       68.6520157       247.836868    
   258.750000       68.6520157       247.787064    
   262.500000       68.6520157       248.570267    
   266.250000       68.6520157       249.628860    
   270.000000       68.6520157       249.319290    
   273.750000       68.6520157       248.875931    
   277.500000       68.6520157       251.698196    
   281.250000       68.6520157       251.958939    
   285.000000       68.6520157       252.093704    
   288.750000       68.6520157       251.184525    
   292.500000       68.6520157       253.950150    
   296.250000       68.6520157       258.006775    
   300.000000       68.6520157       258.404266    
   303.750000       68.6520157       259.917908    
   307.500000       68.6520157       262.429626    
   311.250000       68.6520157       263.808533    
   315.000000       68.6520157       262.906189    
   318.750000       68.6520157       262.729431    
   322.500000       68.6520157       263.024384    
   326.250000       68.6520157       261.033173    
   330.000000       68.6520157       260.487244    
   333.750000       68.6520157       258.866150    
   337.500000       68.6520157       255.536087    
   341.250000       68.6520157       252.597610    
   345.000000       68.6520157       251.767532    
   348.750000       68.6520157       251.535110    
   352.500000       68.6520157       253.247025    
   356.250000       68.6520157       253.094681    
   360.000000       68.6520157       252.046829    
   0.00000000       72.3615875       251.537064    
   3.75000000       72.3615875       251.335892    
   7.50000000       72.3615875       251.007767    
   11.2500000       72.3615875       250.951126    
   15.0000000       72.3615875       250.865189    
   18.7500000       72.3615875       251.697220    
   22.5000000       72.3615875       252.439407    
   26.2500000       72.3615875       250.711868    
   30.0000000       72.3615875       248.579056    
   33.7500000       72.3615875       245.583939    
   37.5000000       72.3615875       244.661087    
   41.2500000       72.3615875       243.030228    
   45.0000000       72.3615875       240.964798    
   48.7500000       72.3615875       240.823196    
   52.5000000       72.3615875       241.358353    
   56.2500000       72.3615875       241.840775    
   60.0000000       72.3615875       242.565384    
   63.7500000       72.3615875       243.158157    
   67.5000000       72.3615875       243.488235    
   71.2500000       72.3615875       243.472610    
   75.0000000       72.3615875       243.410110    
   78.7500000       72.3615875       243.275345    
   82.5000000       72.3615875       242.915970    
   86.2500000       72.3615875       243.054642    
   90.0000000       72.3615875       243.304642    
   93.7500000       72.3615875       242.814407    
   97.5000000       72.3615875       241.988235    
   101.250000       72.3615875       241.042923    
   105.000000       72.3615875       240.028275    
   108.750000       72.3615875       239.142532    
   112.500000       72.3615875       238.628860    
   116.250000       72.3615875       238.423782    
   120.000000       72.3615875       238.367142    
   123.750000       72.3615875       238.297806    
   127.500000       72.3615875       238.062454    
   131.250000       72.3615875       237.898392    
   135.000000       72.3615875       237.528275    
   138.750000       72.3615875       236.715775    
   142.500000       72.3615875       235.042923    
   146.250000       72.3615875       233.463821    
   150.000000       72.3615875       232.602493    
   153.750000       72.3615875       234.210892    
   157.500000       72.3615875       235.600540    
   161.250000       72.3615875       236.383743    
   165.000000       72.3615875       236.964798    
   168.750000       72.3615875       237.955032    
   172.500000       72.3615875       238.588821    
   176.250000       72.3615875       238.781204    
   180.000000       72.3615875       238.959915    
   183.750000       72.3615875       238.944290    
   187.500000       72.3615875       238.900345    
   191.250000       72.3615875       239.326126    
   195.000000       72.3615875       240.654251    
   198.750000       72.3615875       241.601517    
   202.500000       72.3615875       241.524368    
   206.250000       72.3615875       240.998001    
   210.000000       72.3615875       240.946243    
   213.750000       72.3615875       240.944290    
   217.500000       72.3615875       241.014603    
   221.250000       72.3615875       241.176712    
   225.000000       72.3615875       241.448196    
   228.750000       72.3615875       241.635696    
   232.500000       72.3615875       241.853470    
   236.250000       72.3615875       242.134720    
   240.000000       72.3615875       242.438431    
   243.750000       72.3615875       243.299759    
   247.500000       72.3615875       245.323196    
   251.250000       72.3615875       247.701126    
   255.000000       72.3615875       248.456985    
   258.750000       72.3615875       248.916946    
   262.500000       72.3615875       248.759720    
   266.250000       72.3615875       248.241165    
   270.000000       72.3615875       248.277298    
   273.750000       72.3615875       249.458939    
   277.500000       72.3615875       252.257767    
   281.250000       72.3615875       252.554642    
   285.000000       72.3615875       254.338821    
   288.750000       72.3615875       253.408157    
   292.500000       72.3615875       252.709915    
   296.250000       72.3615875       252.711868    
   300.000000       72.3615875       254.331009    
   303.750000       72.3615875       255.847610    
   307.500000       72.3615875       256.966766    
   311.250000       72.3615875       256.778290    
   315.000000       72.3615875       256.972595    
   318.750000       72.3615875       253.940384    
   322.500000       72.3615875       254.413040    
   326.250000       72.3615875       257.740204    
   330.000000       72.3615875       260.065369    
   333.750000       72.3615875       259.002869    
   337.500000       72.3615875       255.882767    
   341.250000       72.3615875       252.720657    
   345.000000       72.3615875       251.012650    
   348.750000       72.3615875       251.078079    
   352.500000       72.3615875       250.965775    
   356.250000       72.3615875       250.454056    
   360.000000       72.3615875       251.537064    
   0.00000000       76.0702438       247.397415    
   3.75000000       76.0702438       247.613235    
   7.50000000       76.0702438       247.779251    
   11.2500000       76.0702438       248.270462    
   15.0000000       76.0702438       247.861282    
   18.7500000       76.0702438       247.298782    
   22.5000000       76.0702438       246.409134    
   26.2500000       76.0702438       245.467728    
   30.0000000       76.0702438       244.619095    
   33.7500000       76.0702438       244.081009    
   37.5000000       76.0702438       243.202103    
   41.2500000       76.0702438       242.873001    
   45.0000000       76.0702438       242.706009    
   48.7500000       76.0702438       241.904251    
   52.5000000       76.0702438       241.314407    
   56.2500000       76.0702438       241.117142    
   60.0000000       76.0702438       240.891556    
   63.7500000       76.0702438       240.539993    
   67.5000000       76.0702438       240.505814    
   71.2500000       76.0702438       240.690384    
   75.0000000       76.0702438       240.893509    
   78.7500000       76.0702438       240.928665    
   82.5000000       76.0702438       240.790970    
   86.2500000       76.0702438       240.829056    
   90.0000000       76.0702438       240.938431    
   93.7500000       76.0702438       241.017532    
   97.5000000       76.0702438       240.857376    
   101.250000       76.0702438       240.514603    
   105.000000       76.0702438       240.180618    
   108.750000       76.0702438       239.830032    
   112.500000       76.0702438       239.427689    
   116.250000       76.0702438       239.325150    
   120.000000       76.0702438       239.535110    
   123.750000       76.0702438       239.918900    
   127.500000       76.0702438       239.836868    
   131.250000       76.0702438       239.622025    
   135.000000       76.0702438       239.251907    
   138.750000       76.0702438       238.298782    
   142.500000       76.0702438       237.652298    
   146.250000       76.0702438       237.001907    
   150.000000       76.0702438       236.090775    
   153.750000       76.0702438       234.753860    
   157.500000       76.0702438       234.197220    
   161.250000       76.0702438       235.345657    
   165.000000       76.0702438       236.145462    
   168.750000       76.0702438       236.976517    
   172.500000       76.0702438       237.927689    
   176.250000       76.0702438       238.694290    
   180.000000       76.0702438       239.259720    
   183.750000       76.0702438       239.885696    
   187.500000       76.0702438       240.385696    
   191.250000       76.0702438       240.556595    
   195.000000       76.0702438       240.237259    
   198.750000       76.0702438       239.904251    
   202.500000       76.0702438       239.661087    
   206.250000       76.0702438       239.367142    
   210.000000       76.0702438       238.942337    
   213.750000       76.0702438       238.667923    
   217.500000       76.0702438       238.635696    
   221.250000       76.0702438       238.731400    
   225.000000       76.0702438       238.822220    
   228.750000       76.0702438       239.214798    
   232.500000       76.0702438       240.232376    
   236.250000       76.0702438       241.788040    
   240.000000       76.0702438       243.525345    
   243.750000       76.0702438       245.773392    
   247.500000       76.0702438       247.617142    
   251.250000       76.0702438       247.980423    
   255.000000       76.0702438       248.070267    
   258.750000       76.0702438       248.214798    
   262.500000       76.0702438       247.687454    
   266.250000       76.0702438       247.591751    
   270.000000       76.0702438       247.880814    
   273.750000       76.0702438       248.421829    
   277.500000       76.0702438       249.446243    
   281.250000       76.0702438       251.501907    
   285.000000       76.0702438       253.146439    
   288.750000       76.0702438       253.914993    
   292.500000       76.0702438       253.965775    
   296.250000       76.0702438       253.122025    
   300.000000       76.0702438       251.954056    
   303.750000       76.0702438       251.467728    
   307.500000       76.0702438       252.167923    
   311.250000       76.0702438       252.925735    
   315.000000       76.0702438       254.003860    
   318.750000       76.0702438       255.512650    
   322.500000       76.0702438       256.080994    
   326.250000       76.0702438       254.888626    
   330.000000       76.0702438       255.217728    
   333.750000       76.0702438       255.592728    
   337.500000       76.0702438       253.240189    
   341.250000       76.0702438       250.526321    
   345.000000       76.0702438       248.923782    
   348.750000       76.0702438       248.459915    
   352.500000       76.0702438       248.149368    
   356.250000       76.0702438       248.144485    
   360.000000       76.0702438       247.397415    
   0.00000000       79.7770462       245.960892    
   3.75000000       79.7770462       245.690384    
   7.50000000       79.7770462       245.549759    
   11.2500000       79.7770462       245.353470    
   15.0000000       79.7770462       245.233353    
   18.7500000       79.7770462       244.709915    
   22.5000000       79.7770462       243.480423    
   26.2500000       79.7770462       243.388626    
   30.0000000       79.7770462       244.152298    
   33.7500000       79.7770462       244.574173    
   37.5000000       79.7770462       244.696243    
   41.2500000       79.7770462       244.451126    
   45.0000000       79.7770462       244.285110    
   48.7500000       79.7770462       243.940384    
   52.5000000       79.7770462       243.164017    
   56.2500000       79.7770462       242.567337    
   60.0000000       79.7770462       242.301712    
   63.7500000       79.7770462       242.141556    
   67.5000000       79.7770462       241.988235    
   71.2500000       79.7770462       242.049759    
   75.0000000       79.7770462       242.161087    
   78.7500000       79.7770462       242.170853    
   82.5000000       79.7770462       242.061478    
   86.2500000       79.7770462       241.901321    
   90.0000000       79.7770462       241.766556    
   93.7500000       79.7770462       241.745071    
   97.5000000       79.7770462       241.517532    
   101.250000       79.7770462       241.287064    
   105.000000       79.7770462       241.255814    
   108.750000       79.7770462       241.255814    
   112.500000       79.7770462       240.715775    
   116.250000       79.7770462       240.316360    
   120.000000       79.7770462       240.437454    
   123.750000       79.7770462       240.145462    
   127.500000       79.7770462       240.145462    
   131.250000       79.7770462       239.952103    
   135.000000       79.7770462       239.722610    
   138.750000       79.7770462       239.490189    
   142.500000       79.7770462       239.166946    
   146.250000       79.7770462       238.773392    
   150.000000       79.7770462       238.301712    
   153.750000       79.7770462       237.735306    
   157.500000       79.7770462       237.050735    
   161.250000       79.7770462       236.118118    
   165.000000       79.7770462       235.408157    
   168.750000       79.7770462       235.132767    
   172.500000       79.7770462       235.371048    
   176.250000       79.7770462       236.032181    
   180.000000       79.7770462       236.623001    
   183.750000       79.7770462       236.878860    
   187.500000       79.7770462       237.011673    
   191.250000       79.7770462       237.205032    
   195.000000       79.7770462       237.399368    
   198.750000       79.7770462       237.456985    
   202.500000       79.7770462       237.413040    
   206.250000       79.7770462       237.622025    
   210.000000       79.7770462       238.132767    
   213.750000       79.7770462       238.688431    
   217.500000       79.7770462       239.011673    
   221.250000       79.7770462       239.395462    
   225.000000       79.7770462       240.250931    
   228.750000       79.7770462       241.049759    
   232.500000       79.7770462       242.380814    
   236.250000       79.7770462       243.450150    
   240.000000       79.7770462       244.987259    
   243.750000       79.7770462       246.207962    
   247.500000       79.7770462       246.719681    
   251.250000       79.7770462       246.831985    
   255.000000       79.7770462       246.824173    
   258.750000       79.7770462       247.071243    
   262.500000       79.7770462       247.066360    
   266.250000       79.7770462       246.891556    
   270.000000       79.7770462       246.932571    
   273.750000       79.7770462       247.058548    
   277.500000       79.7770462       247.176712    
   281.250000       79.7770462       247.466751    
   285.000000       79.7770462       248.125931    
   288.750000       79.7770462       248.611282    
   292.500000       79.7770462       249.032181    
   296.250000       79.7770462       249.693314    
   300.000000       79.7770462       249.869095    
   303.750000       79.7770462       249.928665    
   307.500000       79.7770462       249.860306    
   311.250000       79.7770462       250.031204    
   315.000000       79.7770462       250.284134    
   318.750000       79.7770462       250.440384    
   322.500000       79.7770462       250.503860    
   326.250000       79.7770462       250.487259    
   330.000000       79.7770462       250.076126    
   333.750000       79.7770462       249.204056    
   337.500000       79.7770462       248.299759    
   341.250000       79.7770462       247.365189    
   345.000000       79.7770462       246.737259    
   348.750000       79.7770462       246.590775    
   352.500000       79.7770462       246.445267    
   356.250000       79.7770462       246.239212    
   360.000000       79.7770462       245.960892    
   0.00000000       83.4789200       244.515579    
   3.75000000       83.4789200       244.284134    
   7.50000000       83.4789200       244.123978    
   11.2500000       83.4789200       244.093704    
   15.0000000       83.4789200       244.040970    
   18.7500000       83.4789200       243.802689    
   22.5000000       83.4789200       243.448196    
   26.2500000       83.4789200       243.206985    
   30.0000000       83.4789200       243.143509    
   33.7500000       83.4789200       243.176712    
   37.5000000       83.4789200       243.252884    
   41.2500000       83.4789200       243.302689    
   45.0000000       83.4789200       243.294876    
   48.7500000       83.4789200       243.239212    
   52.5000000       83.4789200       243.140579    
   56.2500000       83.4789200       242.969681    
   60.0000000       83.4789200       242.744095    
   63.7500000       83.4789200       242.476517    
   67.5000000       83.4789200       242.156204    
   71.2500000       83.4789200       241.797806    
   75.0000000       83.4789200       241.542923    
   78.7500000       83.4789200       241.428665    
   82.5000000       83.4789200       241.362259    
   86.2500000       83.4789200       241.298782    
   90.0000000       83.4789200       241.233353    
   93.7500000       83.4789200       241.140579    
   97.5000000       83.4789200       240.998001    
   101.250000       83.4789200       240.840775    
   105.000000       83.4789200       240.699173    
   108.750000       83.4789200       240.543900    
   112.500000       83.4789200       240.427689    
   116.250000       83.4789200       240.333939    
   120.000000       83.4789200       240.243118    
   123.750000       83.4789200       240.249954    
   127.500000       83.4789200       240.353470    
   131.250000       83.4789200       240.375931    
   135.000000       83.4789200       239.997025    
   138.750000       83.4789200       239.306595    
   142.500000       83.4789200       238.693314    
   146.250000       83.4789200       238.502884    
   150.000000       83.4789200       238.702103    
   153.750000       83.4789200       238.998001    
   157.500000       83.4789200       239.088821    
   161.250000       83.4789200       238.913040    
   165.000000       83.4789200       238.615189    
   168.750000       83.4789200       238.329056    
   172.500000       83.4789200       238.099564    
   176.250000       83.4789200       237.973587    
   180.000000       83.4789200       237.997025    
   183.750000       83.4789200       238.166946    
   187.500000       83.4789200       238.421829    
   191.250000       83.4789200       238.691360    
   195.000000       83.4789200       238.939407    
   198.750000       83.4789200       239.161087    
   202.500000       83.4789200       239.406204    
   206.250000       83.4789200       239.792923    
   210.000000       83.4789200       240.331985    
   213.750000       83.4789200       240.951126    
   217.500000       83.4789200       241.592728    
   221.250000       83.4789200       242.223587    
   225.000000       83.4789200       242.883743    
   228.750000       83.4789200       243.648392    
   232.500000       83.4789200       244.588821    
   236.250000       83.4789200       245.595657    
   240.000000       83.4789200       246.106400    
   243.750000       83.4789200       246.161087    
   247.500000       83.4789200       246.015579    
   251.250000       83.4789200       245.892532    
   255.000000       83.4789200       246.055618    
   258.750000       83.4789200       246.300735    
   262.500000       83.4789200       246.575150    
   266.250000       83.4789200       246.740189    
   270.000000       83.4789200       246.765579    
   273.750000       83.4789200       246.825150    
   277.500000       83.4789200       246.908157    
   281.250000       83.4789200       247.121048    
   285.000000       83.4789200       247.468704    
   288.750000       83.4789200       247.836868    
   292.500000       83.4789200       248.163040    
   296.250000       83.4789200       248.352493    
   300.000000       83.4789200       248.322220    
   303.750000       83.4789200       248.094681    
   307.500000       83.4789200       247.673782    
   311.250000       83.4789200       247.230423    
   315.000000       83.4789200       246.861282    
   318.750000       83.4789200       246.592728    
   322.500000       83.4789200       246.385696    
   326.250000       83.4789200       246.170853    
   330.000000       83.4789200       245.964798    
   333.750000       83.4789200       245.788040    
   337.500000       83.4789200       245.551712    
   341.250000       83.4789200       245.239212    
   345.000000       83.4789200       244.989212    
   348.750000       83.4789200       244.852493    
   352.500000       83.4789200       244.778275    
   356.250000       83.4789200       244.681595    
   360.000000       83.4789200       244.515579    
   0.00000000       87.1590958       243.935501    
   3.75000000       87.1590958       243.805618    
   7.50000000       87.1590958       243.681595    
   11.2500000       87.1590958       243.539017    
   15.0000000       87.1590958       243.401321    
   18.7500000       87.1590958       243.273392    
   22.5000000       87.1590958       243.134720    
   26.2500000       87.1590958       243.007767    
   30.0000000       87.1590958       242.894485    
   33.7500000       87.1590958       242.775345    
   37.5000000       87.1590958       242.662064    
   41.2500000       87.1590958       242.556595    
   45.0000000       87.1590958       242.453079    
   48.7500000       87.1590958       242.350540    
   52.5000000       87.1590958       242.249954    
   56.2500000       87.1590958       242.158157    
   60.0000000       87.1590958       242.075150    
   63.7500000       87.1590958       241.997025    
   67.5000000       87.1590958       241.926712    
   71.2500000       87.1590958       241.864212    
   75.0000000       87.1590958       241.809525    
   78.7500000       87.1590958       241.759720    
   82.5000000       87.1590958       241.707962    
   86.2500000       87.1590958       241.652298    
   90.0000000       87.1590958       241.582962    
   93.7500000       87.1590958       241.490189    
   97.5000000       87.1590958       241.381790    
   101.250000       87.1590958       241.281204    
   105.000000       87.1590958       241.222610    
   108.750000       87.1590958       241.233353    
   112.500000       87.1590958       241.291946    
   116.250000       87.1590958       241.352493    
   120.000000       87.1590958       241.391556    
   123.750000       87.1590958       241.408157    
   127.500000       87.1590958       241.404251    
   131.250000       87.1590958       241.400345    
   135.000000       87.1590958       241.412064    
   138.750000       87.1590958       241.442337    
   142.500000       87.1590958       241.498001    
   146.250000       87.1590958       241.568314    
   150.000000       87.1590958       241.651321    
   153.750000       87.1590958       241.727493    
   157.500000       87.1590958       241.769485    
   161.250000       87.1590958       241.798782    
   165.000000       87.1590958       241.818314    
   168.750000       87.1590958       241.830032    
   172.500000       87.1590958       241.842728    
   176.250000       87.1590958       241.859329    
   180.000000       87.1590958       241.894485    
   183.750000       87.1590958       241.945267    
   187.500000       87.1590958       242.010696    
   191.250000       87.1590958       242.091751    
   195.000000       87.1590958       242.191360    
   198.750000       87.1590958       242.324173    
   202.500000       87.1590958       242.490189    
   206.250000       87.1590958       242.698196    
   210.000000       87.1590958       242.963821    
   213.750000       87.1590958       243.262650    
   217.500000       87.1590958       243.566360    
   221.250000       87.1590958       243.867142    
   225.000000       87.1590958       244.133743    
   228.750000       87.1590958       244.331985    
   232.500000       87.1590958       244.480423    
   236.250000       87.1590958       244.597610    
   240.000000       87.1590958       244.654251    
   243.750000       87.1590958       244.663040    
   247.500000       87.1590958       244.666946    
   251.250000       87.1590958       244.677689    
   255.000000       87.1590958       244.709915    
   258.750000       87.1590958       244.781204    
   262.500000       87.1590958       244.870071    
   266.250000       87.1590958       244.948196    
   270.000000       87.1590958       244.970657    
   273.750000       87.1590958       244.950150    
   277.500000       87.1590958       244.982376    
   281.250000       87.1590958       245.117142    
   285.000000       87.1590958       245.327103    
   288.750000       87.1590958       245.547806    
   292.500000       87.1590958       245.709915    
   296.250000       87.1590958       245.795853    
   300.000000       87.1590958       245.816360    
   303.750000       87.1590958       245.780228    
   307.500000       87.1590958       245.712845    
   311.250000       87.1590958       245.619095    
   315.000000       87.1590958       245.498978    
   318.750000       87.1590958       245.378860    
   322.500000       87.1590958       245.247025    
   326.250000       87.1590958       245.087845    
   330.000000       87.1590958       244.942337    
   333.750000       87.1590958       244.813431    
   337.500000       87.1590958       244.667923    
   341.250000       87.1590958       244.528275    
   345.000000       87.1590958       244.411087    
   348.750000       87.1590958       244.289017    
   352.500000       87.1590958       244.172806    
   356.250000       87.1590958       244.064407    
   360.000000       87.1590958       243.935501    
