   0.00000000      -87.1590958      -4.25782776    
   3.75000000      -87.1590958      -4.11817932    
   7.50000000      -87.1590958      -3.87696838    
   11.2500000      -87.1590958      -3.44337463    
   15.0000000      -87.1590958      -2.88575745    
   18.7500000      -87.1590958      -2.39161682    
   22.5000000      -87.1590958      -2.02540588    
   26.2500000      -87.1590958      -1.70899963    
   30.0000000      -87.1590958      -1.40626526    
   33.7500000      -87.1590958      -1.15528870    
   37.5000000      -87.1590958     -0.914077759    
   41.2500000      -87.1590958     -0.579116821    
   45.0000000      -87.1590958     -0.129898071    
   48.7500000      -87.1590958      0.392562866    
   52.5000000      -87.1590958      0.908187866    
   56.2500000      -87.1590958       1.29100037    
   60.0000000      -87.1590958       1.55369568    
   63.7500000      -87.1590958       1.79393005    
   67.5000000      -87.1590958       1.99314880    
   71.2500000      -87.1590958       2.10838318    
   75.0000000      -87.1590958       2.16502380    
   78.7500000      -87.1590958       2.20213318    
   82.5000000      -87.1590958       2.24119568    
   86.2500000      -87.1590958       2.27342224    
   90.0000000      -87.1590958       2.31639099    
   93.7500000      -87.1590958       2.40818787    
   97.5000000      -87.1590958       2.46580505    
   101.250000      -87.1590958       2.41014099    
   105.000000      -87.1590958       2.30857849    
   108.750000      -87.1590958       2.17381287    
   112.500000      -87.1590958       1.95018005    
   116.250000      -87.1590958       1.68455505    
   120.000000      -87.1590958       1.39353943    
   123.750000      -87.1590958       1.02635193    
   127.500000      -87.1590958      0.630844116    
   131.250000      -87.1590958      0.236312866    
   135.000000      -87.1590958     -0.223648071    
   138.750000      -87.1590958     -0.722671509    
   142.500000      -87.1590958      -1.20021057    
   146.250000      -87.1590958      -1.67677307    
   150.000000      -87.1590958      -2.16603088    
   153.750000      -87.1590958      -2.58692932    
   157.500000      -87.1590958      -2.88575745    
   161.250000      -87.1590958      -3.16212463    
   165.000000      -87.1590958      -3.47071838    
   168.750000      -87.1590958      -3.72071838    
   172.500000      -87.1590958      -3.96485901    
   176.250000      -87.1590958      -4.21290588    
   180.000000      -87.1590958      -4.17970276    
   183.750000      -87.1590958      -3.91896057    
   187.500000      -87.1590958      -3.87989807    
   191.250000      -87.1590958      -4.26564026    
   195.000000      -87.1590958      -5.01075745    
   198.750000      -87.1590958      -5.42970276    
   202.500000      -87.1590958      -4.55177307    
   206.250000      -87.1590958      -3.26173401    
   210.000000      -87.1590958      -3.58399963    
   213.750000      -87.1590958      -5.27345276    
   217.500000      -87.1590958      -6.23927307    
   221.250000      -87.1590958      -5.82521057    
   225.000000      -87.1590958      -5.23536682    
   228.750000      -87.1590958      -5.18849182    
   232.500000      -87.1590958      -5.07618713    
   236.250000      -87.1590958      -4.55177307    
   240.000000      -87.1590958      -3.99903870    
   243.750000      -87.1590958      -3.48927307    
   247.500000      -87.1590958      -2.88380432    
   251.250000      -87.1590958      -2.26173401    
   255.000000      -87.1590958      -1.63282776    
   258.750000      -87.1590958      -1.11720276    
   262.500000      -87.1590958      -1.10255432    
   266.250000      -87.1590958      -1.73146057    
   270.000000      -87.1590958      -2.67579651    
   273.750000      -87.1590958      -3.47071838    
   277.500000      -87.1590958      -3.89356995    
   281.250000      -87.1590958      -4.09474182    
   285.000000      -87.1590958      -4.25587463    
   288.750000      -87.1590958      -4.37110901    
   292.500000      -87.1590958      -4.47853088    
   296.250000      -87.1590958      -4.61036682    
   300.000000      -87.1590958      -4.64356995    
   303.750000      -87.1590958      -4.59571838    
   307.500000      -87.1590958      -4.66700745    
   311.250000      -87.1590958      -4.83888245    
   315.000000      -87.1590958      -4.96095276    
   318.750000      -87.1590958      -5.04689026    
   322.500000      -87.1590958      -5.20606995    
   326.250000      -87.1590958      -5.50392151    
   330.000000      -87.1590958      -5.85939026    
   333.750000      -87.1590958      -6.06056213    
   337.500000      -87.1590958      -6.01856995    
   341.250000      -87.1590958      -5.81642151    
   345.000000      -87.1590958      -5.52052307    
   348.750000      -87.1590958      -5.13087463    
   352.500000      -87.1590958      -4.71974182    
   356.250000      -87.1590958      -4.42286682    
   360.000000      -87.1590958      -4.25782776    
   0.00000000      -83.4789200      -3.56153870    
   3.75000000      -83.4789200      -3.20704651    
   7.50000000      -83.4789200      -2.72755432    
   11.2500000      -83.4789200      -2.40919495    
   15.0000000      -83.4789200      -2.23927307    
   18.7500000      -83.4789200      -2.17677307    
   22.5000000      -83.4789200      -1.99415588    
   26.2500000      -83.4789200      -1.77052307    
   30.0000000      -83.4789200      -1.75587463    
   33.7500000      -83.4789200      -1.28321838    
   37.5000000      -83.4789200      -1.53810120    
   41.2500000      -83.4789200     -0.804702759    
   45.0000000      -83.4789200       9.61303711E-04
   48.7500000      -83.4789200      0.304672241    
   52.5000000      -83.4789200      0.607406616    
   56.2500000      -83.4789200      0.969711304    
   60.0000000      -83.4789200       1.35057068    
   63.7500000      -83.4789200       1.78123474    
   67.5000000      -83.4789200       2.47654724    
   71.2500000      -83.4789200       3.08396912    
   75.0000000      -83.4789200       3.39158630    
   78.7500000      -83.4789200       3.55369568    
   82.5000000      -83.4789200       3.68162537    
   86.2500000      -83.4789200       3.66404724    
   90.0000000      -83.4789200       3.63377380    
   93.7500000      -83.4789200       3.53709412    
   97.5000000      -83.4789200       3.28416443    
   101.250000      -83.4789200       3.23826599    
   105.000000      -83.4789200       3.08396912    
   108.750000      -83.4789200       2.99998474    
   112.500000      -83.4789200       2.87693787    
   116.250000      -83.4789200       2.30271912    
   120.000000      -83.4789200       2.01365662    
   123.750000      -83.4789200       1.65037537    
   127.500000      -83.4789200       1.27244568    
   131.250000      -83.4789200      0.905258179    
   135.000000      -83.4789200      0.375961304    
   138.750000      -83.4789200     -0.825210571    
   142.500000      -83.4789200      -2.50196838    
   146.250000      -83.4789200      -3.69142151    
   150.000000      -83.4789200      -3.72950745    
   153.750000      -83.4789200      -2.91993713    
   157.500000      -83.4789200     -0.515640259    
   161.250000      -83.4789200      -1.42970276    
   165.000000      -83.4789200     -0.769546509    
   168.750000      -83.4789200      0.400375366    
   172.500000      -83.4789200     -0.887710571    
   176.250000      -83.4789200      -3.06446838    
   180.000000      -83.4789200      -4.39064026    
   183.750000      -83.4789200      -5.08204651    
   187.500000      -83.4789200      -4.90626526    
   191.250000      -83.4789200      -4.59474182    
   195.000000      -83.4789200      -3.86524963    
   198.750000      -83.4789200      -3.35255432    
   202.500000      -83.4789200      -2.74806213    
   206.250000      -83.4789200      -2.31349182    
   210.000000      -83.4789200      -2.59571838    
   213.750000      -83.4789200      -1.73536682    
   217.500000      -83.4789200      -1.46095276    
   221.250000      -83.4789200      -1.22267151    
   225.000000      -83.4789200      -1.28907776    
   228.750000      -83.4789200      -2.07130432    
   232.500000      -83.4789200      -2.35450745    
   236.250000      -83.4789200      -2.05372620    
   240.000000      -83.4789200      -1.99122620    
   243.750000      -83.4789200      -1.69239807    
   247.500000      -83.4789200      -1.05274963    
   251.250000      -83.4789200       8.39691162E-02
   255.000000      -83.4789200       2.31639099    
   258.750000      -83.4789200       3.15916443    
   262.500000      -83.4789200       3.12107849    
   266.250000      -83.4789200       4.11521912    
   270.000000      -83.4789200       4.71971130    
   273.750000      -83.4789200       3.87498474    
   277.500000      -83.4789200       2.87107849    
   281.250000      -83.4789200       2.66502380    
   285.000000      -83.4789200       1.63377380    
   288.750000      -83.4789200      0.679672241    
   292.500000      -83.4789200      0.524398804    
   296.250000      -83.4789200       2.39451599    
   300.000000      -83.4789200      -1.06153870    
   303.750000      -83.4789200      -3.46778870    
   307.500000      -83.4789200      -1.38185120    
   311.250000      -83.4789200      0.236312866    
   315.000000      -83.4789200      -4.50782776    
   318.750000      -83.4789200      -6.55079651    
   322.500000      -83.4789200      -5.08692932    
   326.250000      -83.4789200      -5.32228088    
   330.000000      -83.4789200      -5.14259338    
   333.750000      -83.4789200      -5.27149963    
   337.500000      -83.4789200      -5.60841370    
   341.250000      -83.4789200      -5.63282776    
   345.000000      -83.4789200      -5.03517151    
   348.750000      -83.4789200      -4.57325745    
   352.500000      -83.4789200      -4.43263245    
   356.250000      -83.4789200      -4.02247620    
   360.000000      -83.4789200      -3.56153870    
   0.00000000      -79.7770462      -1.36817932    
   3.75000000      -79.7770462      -1.08399963    
   7.50000000      -79.7770462     -0.596694946    
   11.2500000      -79.7770462      -4.20074463E-02
   15.0000000      -79.7770462     -0.388687134    
   18.7500000      -79.7770462     -0.635757446    
   22.5000000      -79.7770462     -0.823257446    
   26.2500000      -79.7770462     -0.697280884    
   30.0000000      -79.7770462     -0.844741821    
   33.7500000      -79.7770462      -1.25782776    
   37.5000000      -79.7770462      -1.51075745    
   41.2500000      -79.7770462      -1.47853088    
   45.0000000      -79.7770462      -1.59474182    
   48.7500000      -79.7770462      -2.03224182    
   52.5000000      -79.7770462      -2.56642151    
   56.2500000      -79.7770462      -2.90431213    
   60.0000000      -79.7770462      -3.29591370    
   63.7500000      -79.7770462      -3.62208557    
   67.5000000      -79.7770462      -3.52247620    
   71.2500000      -79.7770462      -3.44142151    
   75.0000000      -79.7770462      -3.70802307    
   78.7500000      -79.7770462      -2.51856995    
   82.5000000      -79.7770462     -0.998062134    
   86.2500000      -79.7770462     -0.104507446    
   90.0000000      -79.7770462      0.624984741    
   93.7500000      -79.7770462       1.55467224    
   97.5000000      -79.7770462       2.26365662    
   101.250000      -79.7770462       2.83689880    
   105.000000      -79.7770462       2.92283630    
   108.750000      -79.7770462       2.57420349    
   112.500000      -79.7770462       2.34861755    
   116.250000      -79.7770462       2.16111755    
   120.000000      -79.7770462       2.14939880    
   123.750000      -79.7770462       2.19139099    
   127.500000      -79.7770462       2.43650818    
   131.250000      -79.7770462       2.93650818    
   135.000000      -79.7770462       3.16893005    
   138.750000      -79.7770462       3.29978943    
   142.500000      -79.7770462       3.55076599    
   146.250000      -79.7770462       4.58201599    
   150.000000      -79.7770462       5.34861755    
   153.750000      -79.7770462       2.85252380    
   157.500000      -79.7770462     -0.654312134    
   161.250000      -79.7770462      0.564437866    
   165.000000      -79.7770462      0.684555054    
   168.750000      -79.7770462      0.582992554    
   172.500000      -79.7770462      0.201156616    
   176.250000      -79.7770462     -0.311538696    
   180.000000      -79.7770462     -0.860366821    
   183.750000      -79.7770462      -2.18653870    
   187.500000      -79.7770462      -2.61524963    
   191.250000      -79.7770462      -2.90528870    
   195.000000      -79.7770462      -4.64552307    
   198.750000      -79.7770462      -5.25001526    
   202.500000      -79.7770462      -4.90919495    
   206.250000      -79.7770462      -4.51759338    
   210.000000      -79.7770462      -3.57814026    
   213.750000      -79.7770462      -2.53614807    
   217.500000      -79.7770462      -2.01661682    
   221.250000      -79.7770462      -1.84181213    
   225.000000      -79.7770462      -1.50489807    
   228.750000      -79.7770462      -1.90821838    
   232.500000      -79.7770462      -1.93653870    
   236.250000      -79.7770462      -1.17774963    
   240.000000      -79.7770462     -0.402359009    
   243.750000      -79.7770462      0.324203491    
   247.500000      -79.7770462       1.28025818    
   251.250000      -79.7770462       2.27439880    
   255.000000      -79.7770462       3.52342224    
   258.750000      -79.7770462       4.27537537    
   262.500000      -79.7770462       4.03221130    
   266.250000      -79.7770462       5.05467224    
   270.000000      -79.7770462       7.14842224    
   273.750000      -79.7770462       6.28221130    
   277.500000      -79.7770462       3.26268005    
   281.250000      -79.7770462       2.83201599    
   285.000000      -79.7770462       3.08494568    
   288.750000      -79.7770462       4.05760193    
   292.500000      -79.7770462       3.29100037    
   296.250000      -79.7770462       1.95994568    
   300.000000      -79.7770462      0.798812866    
   303.750000      -79.7770462       1.17771912    
   307.500000      -79.7770462     -0.530288696    
   311.250000      -79.7770462      -2.39454651    
   315.000000      -79.7770462       1.58982849    
   318.750000      -79.7770462      0.884750366    
   322.500000      -79.7770462     -0.838882446    
   326.250000      -79.7770462      -2.44142151    
   330.000000      -79.7770462      -4.18458557    
   333.750000      -79.7770462      -4.97755432    
   337.500000      -79.7770462      -5.52931213    
   341.250000      -79.7770462      -6.48634338    
   345.000000      -79.7770462      -4.87892151    
   348.750000      -79.7770462      -3.73634338    
   352.500000      -79.7770462      -2.93067932    
   356.250000      -79.7770462      -1.74220276    
   360.000000      -79.7770462      -1.36817932    
   0.00000000      -76.0702438      -2.03517151    
   3.75000000      -76.0702438      -2.11231995    
   7.50000000      -76.0702438      -1.35646057    
   11.2500000      -76.0702438     -0.726577759    
   15.0000000      -76.0702438     -0.315444946    
   18.7500000      -76.0702438      -5.47027588E-02
   22.5000000      -76.0702438     -0.316421509    
   26.2500000      -76.0702438     -0.976577759    
   30.0000000      -76.0702438      -2.00392151    
   33.7500000      -76.0702438      -2.57716370    
   37.5000000      -76.0702438      -2.55958557    
   41.2500000      -76.0702438      -2.03321838    
   45.0000000      -76.0702438      -1.62989807    
   48.7500000      -76.0702438      -2.34527588E-02
   52.5000000      -76.0702438      0.459945679    
   56.2500000      -76.0702438       9.56878662E-02
   60.0000000      -76.0702438       1.36566162E-02
   63.7500000      -76.0702438      -2.09571838    
   67.5000000      -76.0702438      -4.35548401    
   71.2500000      -76.0702438      -4.44728088    
   75.0000000      -76.0702438      -2.65724182    
   78.7500000      -76.0702438     -0.685562134    
   82.5000000      -76.0702438      0.843734741    
   86.2500000      -76.0702438       1.84471130    
   90.0000000      -76.0702438       2.05760193    
   93.7500000      -76.0702438       1.41893005    
   97.5000000      -76.0702438       1.26951599    
   101.250000      -76.0702438      0.556625366    
   105.000000      -76.0702438      0.399398804    
   108.750000      -76.0702438      0.639633179    
   112.500000      -76.0702438      0.918930054    
   116.250000      -76.0702438       1.50975037    
   120.000000      -76.0702438       2.29588318    
   123.750000      -76.0702438       3.28807068    
   127.500000      -76.0702438       3.60057068    
   131.250000      -76.0702438       2.87596130    
   135.000000      -76.0702438       2.29685974    
   138.750000      -76.0702438       1.97068787    
   142.500000      -76.0702438       1.09764099    
   146.250000      -76.0702438      0.189437866    
   150.000000      -76.0702438      -1.21681213    
   153.750000      -76.0702438      -1.95216370    
   157.500000      -76.0702438     -0.258804321    
   161.250000      -76.0702438       1.70408630    
   165.000000      -76.0702438      -2.07716370    
   168.750000      -76.0702438      -4.26661682    
   172.500000      -76.0702438      -1.92774963    
   176.250000      -76.0702438      0.392562866    
   180.000000      -76.0702438      0.752914429    
   183.750000      -76.0702438      0.523422241    
   187.500000      -76.0702438       1.01756287    
   191.250000      -76.0702438       1.83494568    
   195.000000      -76.0702438      -4.52540588    
   198.750000      -76.0702438      -6.38868713    
   202.500000      -76.0702438      -5.50587463    
   206.250000      -76.0702438      -2.59962463    
   210.000000      -76.0702438      -2.50880432    
   213.750000      -76.0702438      -1.00196838    
   217.500000      -76.0702438      -1.96095276    
   221.250000      -76.0702438      -3.13771057    
   225.000000      -76.0702438      -2.70118713    
   228.750000      -76.0702438      -3.36720276    
   232.500000      -76.0702438      -7.30372620    
   236.250000      -76.0702438      -8.72267151    
   240.000000      -76.0702438      -8.32814026    
   243.750000      -76.0702438      -6.67677307    
   247.500000      -76.0702438      -3.72267151    
   251.250000      -76.0702438      -4.97657776    
   255.000000      -76.0702438      -5.24317932    
   258.750000      -76.0702438      -6.32325745    
   262.500000      -76.0702438      -4.29396057    
   266.250000      -76.0702438      -2.15724182    
   270.000000      -76.0702438       2.27049255    
   273.750000      -76.0702438       6.45018005    
   277.500000      -76.0702438       4.16990662    
   281.250000      -76.0702438       1.50877380    
   285.000000      -76.0702438      0.198226929    
   288.750000      -76.0702438       5.03807068    
   292.500000      -76.0702438       4.04685974    
   296.250000      -76.0702438       4.71873474    
   300.000000      -76.0702438       4.60545349    
   303.750000      -76.0702438       4.04002380    
   307.500000      -76.0702438       3.48826599    
   311.250000      -76.0702438       3.61521912    
   315.000000      -76.0702438       3.26072693    
   318.750000      -76.0702438       1.48240662    
   322.500000      -76.0702438       1.83787537    
   326.250000      -76.0702438      0.855453491    
   330.000000      -76.0702438      0.889633179    
   333.750000      -76.0702438      -3.16603088    
   337.500000      -76.0702438      -3.50001526    
   341.250000      -76.0702438      -2.68458557    
   345.000000      -76.0702438      -1.33204651    
   348.750000      -76.0702438      0.521469116    
   352.500000      -76.0702438     -0.857437134    
   356.250000      -76.0702438      -1.93849182    
   360.000000      -76.0702438      -2.03517151    
   0.00000000      -72.3615875      0.987289429    
   3.75000000      -72.3615875      -5.81349182    
   7.50000000      -72.3615875      -5.80567932    
   11.2500000      -72.3615875      -7.77442932    
   15.0000000      -72.3615875      -4.11915588    
   18.7500000      -72.3615875      -2.73146057    
   22.5000000      -72.3615875      -4.50978088    
   26.2500000      -72.3615875      0.287094116    
   30.0000000      -72.3615875      -5.00099182    
   33.7500000      -72.3615875      -6.01173401    
   37.5000000      -72.3615875      -5.31837463    
   41.2500000      -72.3615875      -4.97560120    
   45.0000000      -72.3615875      -4.46192932    
   48.7500000      -72.3615875      -3.72853088    
   52.5000000      -72.3615875      0.332015991    
   56.2500000      -72.3615875       3.18455505    
   60.0000000      -72.3615875       4.90135193    
   63.7500000      -72.3615875       6.50584412    
   67.5000000      -72.3615875       3.66697693    
   71.2500000      -72.3615875      -2.63673401    
   75.0000000      -72.3615875      -2.51075745    
   78.7500000      -72.3615875      -1.82325745    
   82.5000000      -72.3615875     -0.976577759    
   86.2500000      -72.3615875       9.76409912E-02
   90.0000000      -72.3615875       1.06443787    
   93.7500000      -72.3615875       1.78123474    
   97.5000000      -72.3615875       3.11619568    
   101.250000      -72.3615875       3.07322693    
   105.000000      -72.3615875       2.10545349    
   108.750000      -72.3615875       2.12303162    
   112.500000      -72.3615875      0.832015991    
   116.250000      -72.3615875     -0.223648071    
   120.000000      -72.3615875      -1.53810120    
   123.750000      -72.3615875      -1.47755432    
   127.500000      -72.3615875       3.90472412E-02
   131.250000      -72.3615875       1.29197693    
   135.000000      -72.3615875       1.88572693    
   138.750000      -72.3615875       1.02635193    
   142.500000      -72.3615875      0.379867554    
   146.250000      -72.3615875     -0.520523071    
   150.000000      -72.3615875      -1.23536682    
   153.750000      -72.3615875      -1.84864807    
   157.500000      -72.3615875      -1.68458557    
   161.250000      -72.3615875       2.42869568    
   165.000000      -72.3615875     -0.698257446    
   168.750000      -72.3615875      0.126937866    
   172.500000      -72.3615875      -1.15431213    
   176.250000      -72.3615875       1.48533630    
   180.000000      -72.3615875       4.75291443    
   183.750000      -72.3615875       7.05760193    
   187.500000      -72.3615875       8.35838318    
   191.250000      -72.3615875       9.48826599    
   195.000000      -72.3615875       8.51756287    
   198.750000      -72.3615875       7.31834412    
   202.500000      -72.3615875       6.54197693    
   206.250000      -72.3615875       5.49021912    
   210.000000      -72.3615875       3.15428162    
   213.750000      -72.3615875      0.664047241    
   217.500000      -72.3615875       4.33103943    
   221.250000      -72.3615875       5.93260193    
   225.000000      -72.3615875       8.14744568    
   228.750000      -72.3615875       8.14353943    
   232.500000      -72.3615875       2.63572693    
   236.250000      -72.3615875      0.636703491    
   240.000000      -72.3615875      -2.60353088    
   243.750000      -72.3615875      -2.04689026    
   247.500000      -72.3615875      -2.90431213    
   251.250000      -72.3615875      -7.83106995    
   255.000000      -72.3615875      -7.34571838    
   258.750000      -72.3615875      -6.18946838    
   262.500000      -72.3615875      -4.93751526    
   266.250000      -72.3615875      -4.16798401    
   270.000000      -72.3615875      -1.03419495    
   273.750000      -72.3615875       2.41502380    
   277.500000      -72.3615875       3.45506287    
   281.250000      -72.3615875       3.28807068    
   285.000000      -72.3615875       2.52928162    
   288.750000      -72.3615875      0.643539429    
   292.500000      -72.3615875     -0.151382446    
   296.250000      -72.3615875       6.63768005    
   300.000000      -72.3615875      0.645492554    
   303.750000      -72.3615875       1.28514099    
   307.500000      -72.3615875       2.37986755    
   311.250000      -72.3615875       2.26560974    
   315.000000      -72.3615875       2.52049255    
   318.750000      -72.3615875      -1.48048401    
   322.500000      -72.3615875      -4.34767151    
   326.250000      -72.3615875      -4.83595276    
   330.000000      -72.3615875      -5.20509338    
   333.750000      -72.3615875      -5.78419495    
   337.500000      -72.3615875      -5.29884338    
   341.250000      -72.3615875      -4.91017151    
   345.000000      -72.3615875      -5.01954651    
   348.750000      -72.3615875      -5.78614807    
   352.500000      -72.3615875      -7.47169495    
   356.250000      -72.3615875      -2.77247620    
   360.000000      -72.3615875      0.987289429    
   0.00000000      -68.6520157      -6.98048401    
   3.75000000      -68.6520157      -7.18849182    
   7.50000000      -68.6520157      -6.18556213    
   11.2500000      -68.6520157      -6.19630432    
   15.0000000      -68.6520157      -6.98829651    
   18.7500000      -68.6520157      -6.82521057    
   22.5000000      -68.6520157      -5.17481995    
   26.2500000      -68.6520157      -3.76564026    
   30.0000000      -68.6520157      -5.31544495    
   33.7500000      -68.6520157      -4.40333557    
   37.5000000      -68.6520157      -2.50782776    
   41.2500000      -68.6520157      -2.46192932    
   45.0000000      -68.6520157      -2.78126526    
   48.7500000      -68.6520157      -3.92384338    
   52.5000000      -68.6520157      -5.70021057    
   56.2500000      -68.6520157      -4.97657776    
   60.0000000      -68.6520157      -3.56251526    
   63.7500000      -68.6520157      -5.11622620    
   67.5000000      -68.6520157      -1.73927307    
   71.2500000      -68.6520157      0.261703491    
   75.0000000      -68.6520157      -4.00099182    
   78.7500000      -68.6520157      -7.20118713    
   82.5000000      -68.6520157      -8.88673401    
   86.2500000      -68.6520157      -8.64064026    
   90.0000000      -68.6520157      -8.77052307    
   93.7500000      -68.6520157      -8.77345276    
   97.5000000      -68.6520157      -5.59864807    
   101.250000      -68.6520157      -6.25489807    
   105.000000      -68.6520157      -2.68458557    
   108.750000      -68.6520157      -1.35548401    
   112.500000      -68.6520157      -1.83302307    
   116.250000      -68.6520157      -2.85255432    
   120.000000      -68.6520157      -3.80372620    
   123.750000      -68.6520157      -3.92579651    
   127.500000      -68.6520157      -3.75782776    
   131.250000      -68.6520157      -6.03517151    
   135.000000      -68.6520157      -3.66896057    
   138.750000      -68.6520157      -1.69435120    
   142.500000      -68.6520157      -1.07911682    
   146.250000      -68.6520157      -2.83888245    
   150.000000      -68.6520157      -4.13771057    
   153.750000      -68.6520157      -6.64747620    
   157.500000      -68.6520157      -8.57130432    
   161.250000      -68.6520157      -3.46974182    
   165.000000      -68.6520157     -0.909194946    
   168.750000      -68.6520157      0.474594116    
   172.500000      -68.6520157       1.93064880    
   176.250000      -68.6520157       4.91307068    
   180.000000      -68.6520157       4.06053162    
   183.750000      -68.6520157       4.18162537    
   187.500000      -68.6520157       3.14549255    
   191.250000      -68.6520157      0.340805054    
   195.000000      -68.6520157       2.93748474    
   198.750000      -68.6520157       3.43553162    
   202.500000      -68.6520157       4.12303162    
   206.250000      -68.6520157       3.14842224    
   210.000000      -68.6520157       1.77830505    
   213.750000      -68.6520157       1.41404724    
   217.500000      -68.6520157       2.57810974    
   221.250000      -68.6520157       6.06639099    
   225.000000      -68.6520157       7.41111755    
   228.750000      -68.6520157       8.66111755    
   232.500000      -68.6520157       9.87889099    
   236.250000      -68.6520157       8.63377380    
   240.000000      -68.6520157       5.25877380    
   243.750000      -68.6520157       2.40818787    
   247.500000      -68.6520157       1.35935974    
   251.250000      -68.6520157      -8.69293213E-02
   255.000000      -68.6520157      -6.39356995    
   258.750000      -68.6520157      -8.66017151    
   262.500000      -68.6520157      -8.60060120    
   266.250000      -68.6520157      -8.19532776    
   270.000000      -68.6520157      -5.28907776    
   273.750000      -68.6520157      -4.15431213    
   277.500000      -68.6520157     -0.760757446    
   281.250000      -68.6520157      0.840805054    
   285.000000      -68.6520157       2.27830505    
   288.750000      -68.6520157       2.37889099    
   292.500000      -68.6520157      0.338851929    
   296.250000      -68.6520157      0.888656616    
   300.000000      -68.6520157       1.01560974    
   303.750000      -68.6520157      0.843734741    
   307.500000      -68.6520157       1.63084412    
   311.250000      -68.6520157       1.70896912    
   315.000000      -68.6520157       2.57420349    
   318.750000      -68.6520157       2.26170349    
   322.500000      -68.6520157      0.786117554    
   326.250000      -68.6520157       1.42283630    
   330.000000      -68.6520157       2.51268005    
   333.750000      -68.6520157     -0.594741821    
   337.500000      -68.6520157      -4.26173401    
   341.250000      -68.6520157      -6.25489807    
   345.000000      -68.6520157      -7.54786682    
   348.750000      -68.6520157      -7.09669495    
   352.500000      -68.6520157      -6.92677307    
   356.250000      -68.6520157      -6.69435120    
   360.000000      -68.6520157      -6.98048401    
   0.00000000      -64.9419479     -0.527359009    
   3.75000000      -64.9419479       3.11619568    
   7.50000000      -64.9419479       4.05076599    
   11.2500000      -64.9419479       4.25975037    
   15.0000000      -64.9419479       3.15818787    
   18.7500000      -64.9419479       5.59178162    
   22.5000000      -64.9419479       8.18064880    
   26.2500000      -64.9419479       5.24021912    
   30.0000000      -64.9419479       2.97459412    
   33.7500000      -64.9419479     -0.603530884    
   37.5000000      -64.9419479       5.21092224    
   41.2500000      -64.9419479       6.04588318    
   45.0000000      -64.9419479       4.59471130    
   48.7500000      -64.9419479      0.581039429    
   52.5000000      -64.9419479      0.707992554    
   56.2500000      -64.9419479       3.87986755    
   60.0000000      -64.9419479       2.31053162    
   63.7500000      -64.9419479      -3.03810120    
   67.5000000      -64.9419479      -4.64064026    
   71.2500000      -64.9419479      -5.51661682    
   75.0000000      -64.9419479      -7.33302307    
   78.7500000      -64.9419479      -8.81935120    
   82.5000000      -64.9419479      -10.9951324    
   86.2500000      -64.9419479      -11.6035309    
   90.0000000      -64.9419479      -11.7158356    
   93.7500000      -64.9419479      -11.4218903    
   97.5000000      -64.9419479      -9.93751526    
   101.250000      -64.9419479      -7.70411682    
   105.000000      -64.9419479      -5.73731995    
   108.750000      -64.9419479      -1.18946838    
   112.500000      -64.9419479       5.57810974    
   116.250000      -64.9419479       7.93846130    
   120.000000      -64.9419479       8.23728943    
   123.750000      -64.9419479       8.66404724    
   127.500000      -64.9419479       7.37205505    
   131.250000      -64.9419479       5.76853943    
   135.000000      -64.9419479       2.48631287    
   138.750000      -64.9419479       1.45213318    
   142.500000      -64.9419479      -2.26173401    
   146.250000      -64.9419479      -3.53224182    
   150.000000      -64.9419479      -6.78419495    
   153.750000      -64.9419479      -5.76271057    
   157.500000      -64.9419479      -4.37892151    
   161.250000      -64.9419479      -4.75978088    
   165.000000      -64.9419479      -4.54396057    
   168.750000      -64.9419479      -3.05860901    
   172.500000      -64.9419479     -0.129898071    
   176.250000      -64.9419479       2.79393005    
   180.000000      -64.9419479       6.13768005    
   183.750000      -64.9419479       8.95701599    
   187.500000      -64.9419479       8.86326599    
   191.250000      -64.9419479       9.41502380    
   195.000000      -64.9419479       7.41111755    
   198.750000      -64.9419479       5.59861755    
   202.500000      -64.9419479       7.19432068    
   206.250000      -64.9419479       8.58396912    
   210.000000      -64.9419479       6.91600037    
   213.750000      -64.9419479      -2.22364807    
   217.500000      -64.9419479      -3.39649963    
   221.250000      -64.9419479       3.18455505    
   225.000000      -64.9419479       7.49803162    
   228.750000      -64.9419479       8.49314880    
   232.500000      -64.9419479       9.61131287    
   236.250000      -64.9419479       8.85740662    
   240.000000      -64.9419479       8.86033630    
   243.750000      -64.9419479       6.89158630    
   247.500000      -64.9419479       4.49412537    
   251.250000      -64.9419479       1.78514099    
   255.000000      -64.9419479       5.31346130    
   258.750000      -64.9419479      -5.85157776    
   262.500000      -64.9419479      -8.16896057    
   266.250000      -64.9419479      -6.18751526    
   270.000000      -64.9419479      -6.73243713    
   273.750000      -64.9419479      -5.71583557    
   277.500000      -64.9419479      -2.00782776    
   281.250000      -64.9419479     -0.694351196    
   285.000000      -64.9419479       1.11033630    
   288.750000      -64.9419479       5.84373474    
   292.500000      -64.9419479       6.15525818    
   296.250000      -64.9419479       3.89353943    
   300.000000      -64.9419479      -2.45899963    
   303.750000      -64.9419479      0.290023804    
   307.500000      -64.9419479      0.781234741    
   311.250000      -64.9419479      -8.20465088E-02
   315.000000      -64.9419479       1.64549255    
   318.750000      -64.9419479       2.74314880    
   322.500000      -64.9419479       4.26365662    
   326.250000      -64.9419479       4.45213318    
   330.000000      -64.9419479       3.73826599    
   333.750000      -64.9419479       2.84471130    
   337.500000      -64.9419479       2.63963318    
   341.250000      -64.9419479       2.63279724    
   345.000000      -64.9419479      0.519515991    
   348.750000      -64.9419479      -2.88185120    
   352.500000      -64.9419479      -4.58204651    
   356.250000      -64.9419479      -3.79981995    
   360.000000      -64.9419479     -0.527359009    
   0.00000000      -61.2315712      -1.92774963    
   3.75000000      -61.2315712       2.33396912    
   7.50000000      -61.2315712       4.98240662    
   11.2500000      -61.2315712       4.75584412    
   15.0000000      -61.2315712       6.12791443    
   18.7500000      -61.2315712       7.80271912    
   22.5000000      -61.2315712       8.46678162    
   26.2500000      -61.2315712       8.05271912    
   30.0000000      -61.2315712       9.16990662    
   33.7500000      -61.2315712       9.37986755    
   37.5000000      -61.2315712       8.87400818    
   41.2500000      -61.2315712       8.79881287    
   45.0000000      -61.2315712       9.68846130    
   48.7500000      -61.2315712       12.4687347    
   52.5000000      -61.2315712       11.4023285    
   56.2500000      -61.2315712       8.37986755    
   60.0000000      -61.2315712       7.43553162    
   63.7500000      -61.2315712       8.38475037    
   67.5000000      -61.2315712       1.47850037    
   71.2500000      -61.2315712       2.51170349    
   75.0000000      -61.2315712     -0.160171509    
   78.7500000      -61.2315712      -3.76075745    
   82.5000000      -61.2315712      -8.69923401    
   86.2500000      -61.2315712      -7.99415588    
   90.0000000      -61.2315712      -3.36817932    
   93.7500000      -61.2315712       4.00779724    
   97.5000000      -61.2315712      -2.82325745    
   101.250000      -61.2315712      -6.23927307    
   105.000000      -61.2315712      -7.87794495    
   108.750000      -61.2315712      -3.62110901    
   112.500000      -61.2315712       3.48435974    
   116.250000      -61.2315712       5.83689880    
   120.000000      -61.2315712       4.85545349    
   123.750000      -61.2315712       6.10935974    
   127.500000      -61.2315712       5.20603943    
   131.250000      -61.2315712       5.65330505    
   135.000000      -61.2315712       5.86424255    
   138.750000      -61.2315712       5.57713318    
   142.500000      -61.2315712       5.89744568    
   146.250000      -61.2315712       4.59861755    
   150.000000      -61.2315712       3.83885193    
   153.750000      -61.2315712       3.25584412    
   157.500000      -61.2315712     -0.609390259    
   161.250000      -61.2315712      0.533187866    
   165.000000      -61.2315712      -1.62208557    
   168.750000      -61.2315712      -1.51368713    
   172.500000      -61.2315712       1.67771912    
   176.250000      -61.2315712       1.76072693    
   180.000000      -61.2315712      0.701156616    
   183.750000      -61.2315712       4.52146912    
   187.500000      -61.2315712       7.16600037    
   191.250000      -61.2315712       8.71971130    
   195.000000      -61.2315712       9.01756287    
   198.750000      -61.2315712       10.3525238    
   202.500000      -61.2315712       12.2861176    
   206.250000      -61.2315712       12.2236176    
   210.000000      -61.2315712       11.6904144    
   213.750000      -61.2315712       10.0204926    
   217.500000      -61.2315712       6.03318787    
   221.250000      -61.2315712     -0.847671509    
   225.000000      -61.2315712       4.64158630    
   228.750000      -61.2315712       8.25096130    
   232.500000      -61.2315712       8.57322693    
   236.250000      -61.2315712       9.81932068    
   240.000000      -61.2315712       8.93455505    
   243.750000      -61.2315712       9.21873474    
   247.500000      -61.2315712       8.43357849    
   251.250000      -61.2315712       8.80467224    
   255.000000      -61.2315712       9.20018005    
   258.750000      -61.2315712       10.6357269    
   262.500000      -61.2315712       11.6806488    
   266.250000      -61.2315712       8.49119568    
   270.000000      -61.2315712       5.73240662    
   273.750000      -61.2315712      -3.71095276    
   277.500000      -61.2315712     -0.424819946    
   281.250000      -61.2315712       2.06736755    
   285.000000      -61.2315712       2.48435974    
   288.750000      -61.2315712     -0.312515259    
   292.500000      -61.2315712       2.52439880    
   296.250000      -61.2315712       5.23240662    
   300.000000      -61.2315712       1.72068787    
   303.750000      -61.2315712      -3.22950745    
   307.500000      -61.2315712      -7.07911682    
   311.250000      -61.2315712      -9.16700745    
   315.000000      -61.2315712      -6.02540588    
   318.750000      -61.2315712     -0.837905884    
   322.500000      -61.2315712       4.17869568    
   326.250000      -61.2315712       5.96287537    
   330.000000      -61.2315712       6.89939880    
   333.750000      -61.2315712       6.71287537    
   337.500000      -61.2315712       4.36717224    
   341.250000      -61.2315712      0.421859741    
   345.000000      -61.2315712      -5.95118713    
   348.750000      -61.2315712      -7.07911682    
   352.500000      -61.2315712      -6.04396057    
   356.250000      -61.2315712      -4.53321838    
   360.000000      -61.2315712      -1.92774963    
   0.00000000      -57.5209885       3.63377380    
   3.75000000      -57.5209885       5.22654724    
   7.50000000      -57.5209885       7.06248474    
   11.2500000      -57.5209885       8.10545349    
   15.0000000      -57.5209885       8.48924255    
   18.7500000      -57.5209885       8.05857849    
   22.5000000      -57.5209885       7.91111755    
   26.2500000      -57.5209885       7.45310974    
   30.0000000      -57.5209885       6.92185974    
   33.7500000      -57.5209885       8.05857849    
   37.5000000      -57.5209885       8.53514099    
   41.2500000      -57.5209885       9.55369568    
   45.0000000      -57.5209885       10.8886566    
   48.7500000      -57.5209885       11.4179535    
   52.5000000      -57.5209885       12.7753754    
   56.2500000      -57.5209885       11.4091644    
   60.0000000      -57.5209885       10.8935394    
   63.7500000      -57.5209885       10.0917816    
   67.5000000      -57.5209885       11.9404144    
   71.2500000      -57.5209885       8.75486755    
   75.0000000      -57.5209885       6.17185974    
   78.7500000      -57.5209885       8.43162537    
   82.5000000      -57.5209885       9.23826599    
   86.2500000      -57.5209885       5.62986755    
   90.0000000      -57.5209885       3.62498474    
   93.7500000      -57.5209885       2.36131287    
   97.5000000      -57.5209885       6.59373474    
   101.250000      -57.5209885       4.28025818    
   105.000000      -57.5209885       2.40232849    
   108.750000      -57.5209885       1.74314880    
   112.500000      -57.5209885       3.75584412    
   116.250000      -57.5209885       2.58494568    
   120.000000      -57.5209885       7.73143005    
   123.750000      -57.5209885       8.37791443    
   127.500000      -57.5209885       5.14549255    
   131.250000      -57.5209885       7.25877380    
   135.000000      -57.5209885       5.53123474    
   138.750000      -57.5209885       7.67185974    
   142.500000      -57.5209885       7.41404724    
   146.250000      -57.5209885       6.89744568    
   150.000000      -57.5209885       6.16990662    
   153.750000      -57.5209885       3.55076599    
   157.500000      -57.5209885       3.58201599    
   161.250000      -57.5209885       6.17185974    
   165.000000      -57.5209885       1.27928162    
   168.750000      -57.5209885       2.17576599    
   172.500000      -57.5209885       1.58299255    
   176.250000      -57.5209885      0.571273804    
   180.000000      -57.5209885       1.81541443    
   183.750000      -57.5209885      0.242172241    
   187.500000      -57.5209885      0.255844116    
   191.250000      -57.5209885       2.34373474    
   195.000000      -57.5209885       6.58103943    
   198.750000      -57.5209885       10.1777191    
   202.500000      -57.5209885       12.2597504    
   206.250000      -57.5209885       14.5312347    
   210.000000      -57.5209885       15.3105316    
   213.750000      -57.5209885       14.9081879    
   217.500000      -57.5209885       13.0898285    
   221.250000      -57.5209885       9.56834412    
   225.000000      -57.5209885      0.764633179    
   228.750000      -57.5209885       6.33494568    
   232.500000      -57.5209885       7.82029724    
   236.250000      -57.5209885       8.97264099    
   240.000000      -57.5209885       8.61326599    
   243.750000      -57.5209885       10.2724457    
   247.500000      -57.5209885       10.1933441    
   251.250000      -57.5209885       10.0615082    
   255.000000      -57.5209885       9.60838318    
   258.750000      -57.5209885       6.75584412    
   262.500000      -57.5209885       3.46678162    
   266.250000      -57.5209885       4.04393005    
   270.000000      -57.5209885       4.96482849    
   273.750000      -57.5209885       7.11228943    
   277.500000      -57.5209885      0.928695679    
   281.250000      -57.5209885       3.78611755    
   285.000000      -57.5209885       3.55857849    
   288.750000      -57.5209885       6.66795349    
   292.500000      -57.5209885       2.53514099    
   296.250000      -57.5209885       1.46331787E-02
   300.000000      -57.5209885      0.106430054    
   303.750000      -57.5209885      0.989242554    
   307.500000      -57.5209885       6.71678162    
   311.250000      -57.5209885       6.75291443    
   315.000000      -57.5209885       2.10350037    
   318.750000      -57.5209885       2.75682068    
   322.500000      -57.5209885       2.59080505    
   326.250000      -57.5209885       6.77146912    
   330.000000      -57.5209885       10.9804535    
   333.750000      -57.5209885       11.0947113    
   337.500000      -57.5209885       12.1923676    
   341.250000      -57.5209885       14.0908051    
   345.000000      -57.5209885       14.0204926    
   348.750000      -57.5209885       7.97850037    
   352.500000      -57.5209885       8.16893005    
   356.250000      -57.5209885       5.47947693    
   360.000000      -57.5209885       3.63377380    
   0.00000000      -53.8102722       7.08299255    
   3.75000000      -53.8102722       6.36326599    
   7.50000000      -53.8102722       5.08201599    
   11.2500000      -53.8102722       5.40623474    
   15.0000000      -53.8102722       7.27342224    
   18.7500000      -53.8102722       7.96189880    
   22.5000000      -53.8102722       6.74119568    
   26.2500000      -53.8102722       4.43943787    
   30.0000000      -53.8102722       1.01072693    
   33.7500000      -53.8102722      -3.60548401    
   37.5000000      -53.8102722      -5.33692932    
   41.2500000      -53.8102722      -2.82228088    
   45.0000000      -53.8102722       2.68357849    
   48.7500000      -53.8102722       7.53318787    
   52.5000000      -53.8102722       11.4452972    
   56.2500000      -53.8102722       13.9892426    
   60.0000000      -53.8102722       14.1816254    
   63.7500000      -53.8102722       12.4833832    
   67.5000000      -53.8102722       12.5595551    
   71.2500000      -53.8102722       12.4120941    
   75.0000000      -53.8102722       12.4550629    
   78.7500000      -53.8102722       12.1796722    
   82.5000000      -53.8102722       12.2304535    
   86.2500000      -53.8102722       11.9492035    
   90.0000000      -53.8102722       9.40037537    
   93.7500000      -53.8102722       5.78904724    
   97.5000000      -53.8102722       6.25877380    
   101.250000      -53.8102722       3.46775818    
   105.000000      -53.8102722       2.23338318    
   108.750000      -53.8102722      0.461898804    
   112.500000      -53.8102722      -1.07574463E-02
   116.250000      -53.8102722       4.23728943    
   120.000000      -53.8102722       7.86326599    
   123.750000      -53.8102722       9.23240662    
   127.500000      -53.8102722       11.4452972    
   131.250000      -53.8102722       12.1601410    
   135.000000      -53.8102722       10.2568207    
   138.750000      -53.8102722       11.0888519    
   142.500000      -53.8102722       9.86814880    
   146.250000      -53.8102722       12.3525238    
   150.000000      -53.8102722       13.6738129    
   153.750000      -53.8102722       11.5097504    
   157.500000      -53.8102722       10.7089691    
   161.250000      -53.8102722       8.30857849    
   165.000000      -53.8102722       3.75682068    
   168.750000      -53.8102722       1.31932068    
   172.500000      -53.8102722     -0.498062134    
   176.250000      -53.8102722      -1.46876526    
   180.000000      -53.8102722      -2.81642151    
   183.750000      -53.8102722      -1.02052307    
   187.500000      -53.8102722       2.90721130    
   191.250000      -53.8102722       7.60545349    
   195.000000      -53.8102722       8.12889099    
   198.750000      -53.8102722       12.5146332    
   202.500000      -53.8102722       13.0410004    
   206.250000      -53.8102722       12.9902191    
   210.000000      -53.8102722       14.2636566    
   213.750000      -53.8102722       14.6513519    
   217.500000      -53.8102722       14.8466644    
   221.250000      -53.8102722       14.3154144    
   225.000000      -53.8102722       11.1083832    
   228.750000      -53.8102722       2.57420349    
   232.500000      -53.8102722       6.08201599    
   236.250000      -53.8102722       7.48631287    
   240.000000      -53.8102722       9.27928162    
   243.750000      -53.8102722       9.64549255    
   247.500000      -53.8102722       10.0595551    
   251.250000      -53.8102722       11.4755707    
   255.000000      -53.8102722       11.7900238    
   258.750000      -53.8102722       11.2333832    
   262.500000      -53.8102722       11.6181488    
   266.250000      -53.8102722       9.99510193    
   270.000000      -53.8102722       8.23631287    
   273.750000      -53.8102722       9.43162537    
   277.500000      -53.8102722       9.21971130    
   281.250000      -53.8102722       5.82420349    
   285.000000      -53.8102722       10.7382660    
   288.750000      -53.8102722       5.52830505    
   292.500000      -53.8102722       6.21287537    
   296.250000      -53.8102722       12.1083832    
   300.000000      -53.8102722       14.4560394    
   303.750000      -53.8102722       12.3974457    
   307.500000      -53.8102722       12.0527191    
   311.250000      -53.8102722       10.2304535    
   315.000000      -53.8102722       6.91795349    
   318.750000      -53.8102722       3.77635193    
   322.500000      -53.8102722       3.47752380    
   326.250000      -53.8102722       9.48826599    
   330.000000      -53.8102722       9.38377380    
   333.750000      -53.8102722       13.0615082    
   337.500000      -53.8102722       17.8290863    
   341.250000      -53.8102722       19.4755707    
   345.000000      -53.8102722       19.9072113    
   348.750000      -53.8102722       18.6044769    
   352.500000      -53.8102722       15.6982269    
   356.250000      -53.8102722       11.5449066    
   360.000000      -53.8102722       7.08299255    
   0.00000000      -50.0994530       8.04783630    
   3.75000000      -50.0994530       3.58494568    
   7.50000000      -50.0994530       3.45994568    
   11.2500000      -50.0994530       4.77928162    
   15.0000000      -50.0994530       6.17185974    
   18.7500000      -50.0994530       3.80857849    
   22.5000000      -50.0994530      0.113265991    
   26.2500000      -50.0994530      -3.23048401    
   30.0000000      -50.0994530      -6.76954651    
   33.7500000      -50.0994530      -4.19337463    
   37.5000000      -50.0994530      -3.23439026    
   41.2500000      -50.0994530      -2.57228088    
   45.0000000      -50.0994530      -7.62794495    
   48.7500000      -50.0994530      -2.22853088    
   52.5000000      -50.0994530       4.57518005    
   56.2500000      -50.0994530       9.63865662    
   60.0000000      -50.0994530       13.5673676    
   63.7500000      -50.0994530       15.5449066    
   67.5000000      -50.0994530       13.4228363    
   71.2500000      -50.0994530       11.9853363    
   75.0000000      -50.0994530       9.93357849    
   78.7500000      -50.0994530       9.57322693    
   82.5000000      -50.0994530       9.75096130    
   86.2500000      -50.0994530       10.9931488    
   90.0000000      -50.0994530       10.9072113    
   93.7500000      -50.0994530       8.90037537    
   97.5000000      -50.0994530       4.90232849    
   101.250000      -50.0994530       2.60545349    
   105.000000      -50.0994530      -1.11720276    
   108.750000      -50.0994530      0.857406616    
   112.500000      -50.0994530      -1.01759338    
   116.250000      -50.0994530      -2.27540588    
   120.000000      -50.0994530      -1.13673401    
   123.750000      -50.0994530       2.51658630    
   127.500000      -50.0994530       4.09861755    
   131.250000      -50.0994530       6.59666443    
   135.000000      -50.0994530       9.21775818    
   138.750000      -50.0994530       11.3349457    
   142.500000      -50.0994530       12.0771332    
   146.250000      -50.0994530       12.6533051    
   150.000000      -50.0994530       14.0126801    
   153.750000      -50.0994530       13.5898285    
   157.500000      -50.0994530       10.6640472    
   161.250000      -50.0994530       7.98631287    
   165.000000      -50.0994530       4.05760193    
   168.750000      -50.0994530     -0.675796509    
   172.500000      -50.0994530      -1.85157776    
   176.250000      -50.0994530      -2.24220276    
   180.000000      -50.0994530      -1.41603088    
   183.750000      -50.0994530       1.34861755    
   187.500000      -50.0994530       3.29881287    
   191.250000      -50.0994530       6.69432068    
   195.000000      -50.0994530       6.62889099    
   198.750000      -50.0994530       7.89744568    
   202.500000      -50.0994530       9.88475037    
   206.250000      -50.0994530       9.67381287    
   210.000000      -50.0994530       7.87205505    
   213.750000      -50.0994530       8.80271912    
   217.500000      -50.0994530       9.89158630    
   221.250000      -50.0994530       12.5556488    
   225.000000      -50.0994530       12.5986176    
   228.750000      -50.0994530       12.6913910    
   232.500000      -50.0994530       11.7958832    
   236.250000      -50.0994530       15.5146332    
   240.000000      -50.0994530       12.0761566    
   243.750000      -50.0994530       13.3378754    
   247.500000      -50.0994530       13.7675629    
   251.250000      -50.0994530       12.0283051    
   255.000000      -50.0994530       13.1738129    
   258.750000      -50.0994530       12.1865082    
   262.500000      -50.0994530       12.6533051    
   266.250000      -50.0994530       10.8427582    
   270.000000      -50.0994530       10.6113129    
   273.750000      -50.0994530       11.4863129    
   277.500000      -50.0994530       11.4511566    
   281.250000      -50.0994530       11.8349457    
   285.000000      -50.0994530       5.41697693    
   288.750000      -50.0994530       5.29490662    
   292.500000      -50.0994530       12.3163910    
   296.250000      -50.0994530       12.8251801    
   300.000000      -50.0994530       11.7441254    
   303.750000      -50.0994530       11.8984222    
   307.500000      -50.0994530       10.5439301    
   311.250000      -50.0994530       8.69236755    
   315.000000      -50.0994530       3.87303162    
   318.750000      -50.0994530       1.96189880    
   322.500000      -50.0994530       2.99705505    
   326.250000      -50.0994530       5.65623474    
   330.000000      -50.0994530       7.52146912    
   333.750000      -50.0994530       9.31639099    
   337.500000      -50.0994530       11.7763519    
   341.250000      -50.0994530       14.1542816    
   345.000000      -50.0994530       15.2675629    
   348.750000      -50.0994530       13.8544769    
   352.500000      -50.0994530       13.4140472    
   356.250000      -50.0994530       10.3827972    
   360.000000      -50.0994530       8.04783630    
   0.00000000      -46.3885536       9.84178162    
   3.75000000      -46.3885536       8.52049255    
   7.50000000      -46.3885536       2.23533630    
   11.2500000      -46.3885536       4.11717224    
   15.0000000      -46.3885536       1.85154724    
   18.7500000      -46.3885536       1.46873474    
   22.5000000      -46.3885536       2.92381287    
   26.2500000      -46.3885536      -2.47950745    
   30.0000000      -46.3885536       7.43064880    
   33.7500000      -46.3885536       3.22068787    
   37.5000000      -46.3885536       2.01756287    
   41.2500000      -46.3885536       2.77537537    
   45.0000000      -46.3885536       5.87596130    
   48.7500000      -46.3885536       10.0956879    
   52.5000000      -46.3885536       12.3661957    
   56.2500000      -46.3885536       11.8007660    
   60.0000000      -46.3885536       12.0419769    
   63.7500000      -46.3885536       14.0986176    
   67.5000000      -46.3885536       17.5947113    
   71.2500000      -46.3885536       18.6122894    
   75.0000000      -46.3885536       17.3574066    
   78.7500000      -46.3885536       14.6484222    
   82.5000000      -46.3885536       12.4599457    
   86.2500000      -46.3885536       11.8144379    
   90.0000000      -46.3885536       9.47166443    
   93.7500000      -46.3885536       7.57810974    
   97.5000000      -46.3885536       2.66990662    
   101.250000      -46.3885536       2.17283630    
   105.000000      -46.3885536      0.183578491    
   108.750000      -46.3885536      -2.53614807    
   112.500000      -46.3885536      -2.47071838    
   116.250000      -46.3885536      0.446273804    
   120.000000      -46.3885536       1.28709412    
   123.750000      -46.3885536      0.320297241    
   127.500000      -46.3885536       3.52635193    
   131.250000      -46.3885536       5.15525818    
   135.000000      -46.3885536       4.05271912    
   138.750000      -46.3885536       8.25584412    
   142.500000      -46.3885536       9.82029724    
   146.250000      -46.3885536       10.2460785    
   150.000000      -46.3885536       10.2900238    
   153.750000      -46.3885536       9.54685974    
   157.500000      -46.3885536       9.11131287    
   161.250000      -46.3885536       9.40037537    
   165.000000      -46.3885536       5.28416443    
   168.750000      -46.3885536     -0.271499634    
   172.500000      -46.3885536      -6.60646057    
   176.250000      -46.3885536      -4.01564026    
   180.000000      -46.3885536      -2.04981995    
   183.750000      -46.3885536     -0.678726196    
   187.500000      -46.3885536       1.27732849    
   191.250000      -46.3885536       1.72557068    
   195.000000      -46.3885536     -0.160171509    
   198.750000      -46.3885536       2.08982849    
   202.500000      -46.3885536       2.73045349    
   206.250000      -46.3885536       3.85154724    
   210.000000      -46.3885536       4.13572693    
   213.750000      -46.3885536       3.59471130    
   217.500000      -46.3885536       2.05857849    
   221.250000      -46.3885536       2.22068787    
   225.000000      -46.3885536       3.91209412    
   228.750000      -46.3885536       5.58689880    
   232.500000      -46.3885536       6.47264099    
   236.250000      -46.3885536       6.19725037    
   240.000000      -46.3885536       6.78123474    
   243.750000      -46.3885536       7.74021912    
   247.500000      -46.3885536       8.98338318    
   251.250000      -46.3885536       11.3495941    
   255.000000      -46.3885536       8.43650818    
   258.750000      -46.3885536       8.72947693    
   262.500000      -46.3885536       11.0995941    
   266.250000      -46.3885536       12.8339691    
   270.000000      -46.3885536       12.5917816    
   273.750000      -46.3885536       10.1083832    
   277.500000      -46.3885536       8.79685974    
   281.250000      -46.3885536       9.06346130    
   285.000000      -46.3885536       3.26268005    
   288.750000      -46.3885536       6.58689880    
   292.500000      -46.3885536       6.87889099    
   296.250000      -46.3885536      -6.24122620    
   300.000000      -46.3885536       4.80857849    
   303.750000      -46.3885536       7.52732849    
   307.500000      -46.3885536       9.53123474    
   311.250000      -46.3885536       6.79685974    
   315.000000      -46.3885536       3.46092224    
   318.750000      -46.3885536       5.15330505    
   322.500000      -46.3885536       6.07127380    
   326.250000      -46.3885536       5.80271912    
   330.000000      -46.3885536       5.32810974    
   333.750000      -46.3885536       3.69139099    
   337.500000      -46.3885536       5.97752380    
   341.250000      -46.3885536       9.83982849    
   345.000000      -46.3885536       12.8115082    
   348.750000      -46.3885536       15.2480316    
   352.500000      -46.3885536       15.1308441    
   356.250000      -46.3885536       10.7812347    
   360.000000      -46.3885536       9.84178162    
   0.00000000      -42.6776047       5.17381287    
   3.75000000      -42.6776047       7.31541443    
   7.50000000      -42.6776047       4.08885193    
   11.2500000      -42.6776047       3.66502380    
   15.0000000      -42.6776047       2.96092224    
   18.7500000      -42.6776047       4.30662537    
   22.5000000      -42.6776047       11.5185394    
   26.2500000      -42.6776047       15.4140472    
   30.0000000      -42.6776047       11.8574066    
   33.7500000      -42.6776047       7.40037537    
   37.5000000      -42.6776047       1.53807068    
   41.2500000      -42.6776047      0.357406616    
   45.0000000      -42.6776047       2.10154724    
   48.7500000      -42.6776047       2.41307068    
   52.5000000      -42.6776047       4.82615662    
   56.2500000      -42.6776047       6.99705505    
   60.0000000      -42.6776047       7.82029724    
   63.7500000      -42.6776047       11.3798676    
   67.5000000      -42.6776047       15.0859222    
   71.2500000      -42.6776047       17.3876801    
   75.0000000      -42.6776047       16.6806488    
   78.7500000      -42.6776047       14.6708832    
   82.5000000      -42.6776047       13.7607269    
   86.2500000      -42.6776047       11.8867035    
   90.0000000      -42.6776047       8.53318787    
   93.7500000      -42.6776047       7.65623474    
   97.5000000      -42.6776047       6.20506287    
   101.250000      -42.6776047       6.24217224    
   105.000000      -42.6776047       2.25779724    
   108.750000      -42.6776047      -2.61524963    
   112.500000      -42.6776047      -7.87599182    
   116.250000      -42.6776047      -6.12110901    
   120.000000      -42.6776047      -4.17286682    
   123.750000      -42.6776047      -2.41603088    
   127.500000      -42.6776047       1.43357849    
   131.250000      -42.6776047       3.63084412    
   135.000000      -42.6776047       3.27146912    
   138.750000      -42.6776047       4.30271912    
   142.500000      -42.6776047       6.22654724    
   146.250000      -42.6776047       4.16502380    
   150.000000      -42.6776047       11.0126801    
   153.750000      -42.6776047       11.8359222    
   157.500000      -42.6776047       13.2304535    
   161.250000      -42.6776047       9.99412537    
   165.000000      -42.6776047       11.0429535    
   168.750000      -42.6776047       7.56736755    
   172.500000      -42.6776047     -0.688491821    
   176.250000      -42.6776047      -6.15528870    
   180.000000      -42.6776047      -2.64845276    
   183.750000      -42.6776047      0.592758179    
   187.500000      -42.6776047     -0.741226196    
   191.250000      -42.6776047     -0.704116821    
   195.000000      -42.6776047      -1.47364807    
   198.750000      -42.6776047      -2.96485901    
   202.500000      -42.6776047      -4.80665588    
   206.250000      -42.6776047      -4.19728088    
   210.000000      -42.6776047      -3.61817932    
   213.750000      -42.6776047      -4.03907776    
   217.500000      -42.6776047      -5.19923401    
   221.250000      -42.6776047      -6.19532776    
   225.000000      -42.6776047      -7.22071838    
   228.750000      -42.6776047      -4.94337463    
   232.500000      -42.6776047      -3.13966370    
   236.250000      -42.6776047     -0.888687134    
   240.000000      -42.6776047       3.08885193    
   243.750000      -42.6776047       7.54978943    
   247.500000      -42.6776047       10.6982269    
   251.250000      -42.6776047       10.7939301    
   255.000000      -42.6776047       13.1796722    
   258.750000      -42.6776047       9.37693787    
   262.500000      -42.6776047       8.43162537    
   266.250000      -42.6776047       7.93357849    
   270.000000      -42.6776047       8.64842224    
   273.750000      -42.6776047       8.72947693    
   277.500000      -42.6776047       6.18650818    
   281.250000      -42.6776047       3.91014099    
   285.000000      -42.6776047       2.58592224    
   288.750000      -42.6776047       1.94822693    
   292.500000      -42.6776047       3.32420349    
   296.250000      -42.6776047      -4.27149963    
   300.000000      -42.6776047      0.629867554    
   303.750000      -42.6776047       5.70896912    
   307.500000      -42.6776047       5.81736755    
   311.250000      -42.6776047       7.03025818    
   315.000000      -42.6776047       8.38865662    
   318.750000      -42.6776047       6.70701599    
   322.500000      -42.6776047       3.33299255    
   326.250000      -42.6776047       3.06053162    
   330.000000      -42.6776047       1.19920349    
   333.750000      -42.6776047       2.89256287    
   337.500000      -42.6776047       5.36424255    
   341.250000      -42.6776047       7.45310974    
   345.000000      -42.6776047       10.1943207    
   348.750000      -42.6776047       12.5663910    
   352.500000      -42.6776047       8.57225037    
   356.250000      -42.6776047       6.45506287    
   360.000000      -42.6776047       5.17381287    
   0.00000000      -38.9666100       3.60935974    
   3.75000000      -38.9666100       2.76560974    
   7.50000000      -38.9666100       2.89158630    
   11.2500000      -38.9666100       3.65232849    
   15.0000000      -38.9666100       4.45213318    
   18.7500000      -38.9666100       5.57225037    
   22.5000000      -38.9666100       9.05760193    
   26.2500000      -38.9666100       12.9452972    
   30.0000000      -38.9666100       12.7636566    
   33.7500000      -38.9666100       4.10154724    
   37.5000000      -38.9666100      -3.51715088E-02
   41.2500000      -38.9666100      -2.67091370    
   45.0000000      -38.9666100      -6.21192932    
   48.7500000      -38.9666100      -4.44532776    
   52.5000000      -38.9666100      -1.53907776    
   56.2500000      -38.9666100       1.91209412    
   60.0000000      -38.9666100       4.12303162    
   63.7500000      -38.9666100       4.68455505    
   67.5000000      -38.9666100       6.48338318    
   71.2500000      -38.9666100       6.48728943    
   75.0000000      -38.9666100       7.20506287    
   78.7500000      -38.9666100       8.07225037    
   82.5000000      -38.9666100       8.32225037    
   86.2500000      -38.9666100       6.11912537    
   90.0000000      -38.9666100       7.90037537    
   93.7500000      -38.9666100       9.86033630    
   97.5000000      -38.9666100       9.76658630    
   101.250000      -38.9666100       7.16014099    
   105.000000      -38.9666100       1.96971130    
   108.750000      -38.9666100      -3.78321838    
   112.500000      -38.9666100      -6.20118713    
   116.250000      -38.9666100      -9.95314026    
   120.000000      -38.9666100      -7.23048401    
   123.750000      -38.9666100      -5.50489807    
   127.500000      -38.9666100      -7.40528870    
   131.250000      -38.9666100      -5.23829651    
   135.000000      -38.9666100      -3.43458557    
   138.750000      -38.9666100      -2.70509338    
   142.500000      -38.9666100      0.406234741    
   146.250000      -38.9666100       5.96678162    
   150.000000      -38.9666100       9.13670349    
   153.750000      -38.9666100       8.82322693    
   157.500000      -38.9666100       8.62400818    
   161.250000      -38.9666100       10.5429535    
   165.000000      -38.9666100       11.7831879    
   168.750000      -38.9666100       13.5722504    
   172.500000      -38.9666100       13.0546722    
   176.250000      -38.9666100       3.12347412E-02
   180.000000      -38.9666100      -4.62013245    
   183.750000      -38.9666100      -7.25978088    
   187.500000      -38.9666100      0.977523804    
   191.250000      -38.9666100     -0.598648071    
   195.000000      -38.9666100      -5.99317932    
   198.750000      -38.9666100      -7.47071838    
   202.500000      -38.9666100      -7.08692932    
   206.250000      -38.9666100      -8.01271057    
   210.000000      -38.9666100      -8.03321838    
   213.750000      -38.9666100      -7.28614807    
   217.500000      -38.9666100      -8.31739807    
   221.250000      -38.9666100      -6.06446838    
   225.000000      -38.9666100      -4.95704651    
   228.750000      -38.9666100      -3.45216370    
   232.500000      -38.9666100      -1.73048401    
   236.250000      -38.9666100     -0.568374634    
   240.000000      -38.9666100       1.16111755    
   243.750000      -38.9666100       2.88572693    
   247.500000      -38.9666100       6.71873474    
   251.250000      -38.9666100       6.02049255    
   255.000000      -38.9666100       5.65135193    
   258.750000      -38.9666100       3.80467224    
   262.500000      -38.9666100       1.21580505    
   266.250000      -38.9666100      0.732406616    
   270.000000      -38.9666100       2.01951599    
   273.750000      -38.9666100       1.84666443    
   277.500000      -38.9666100       1.52146912    
   281.250000      -38.9666100       5.84411621E-03
   285.000000      -38.9666100     -0.251968384    
   288.750000      -38.9666100       1.57908630    
   292.500000      -38.9666100       3.01463318    
   296.250000      -38.9666100      -6.13575745    
   300.000000      -38.9666100       3.87693787    
   303.750000      -38.9666100       7.82225037    
   307.500000      -38.9666100       4.26072693    
   311.250000      -38.9666100       4.31932068    
   315.000000      -38.9666100      -1.36036682    
   318.750000      -38.9666100      -4.70899963    
   322.500000      -38.9666100      -8.64649963    
   326.250000      -38.9666100      -8.48439026    
   330.000000      -38.9666100      -7.76173401    
   333.750000      -38.9666100      -7.32032776    
   337.500000      -38.9666100      -4.02052307    
   341.250000      -38.9666100      -2.83355713E-02
   345.000000      -38.9666100       2.86326599    
   348.750000      -38.9666100       3.50975037    
   352.500000      -38.9666100       1.61619568    
   356.250000      -38.9666100       2.22752380    
   360.000000      -38.9666100       3.60935974    
   0.00000000      -35.2555809       3.74217224    
   3.75000000      -35.2555809       3.79783630    
   7.50000000      -35.2555809       2.60350037    
   11.2500000      -35.2555809       2.97068787    
   15.0000000      -35.2555809       2.33396912    
   18.7500000      -35.2555809     -0.488296509    
   22.5000000      -35.2555809       2.13865662    
   26.2500000      -35.2555809       6.95994568    
   30.0000000      -35.2555809       1.89060974    
   33.7500000      -35.2555809      -1.60743713    
   37.5000000      -35.2555809     -0.864273071    
   41.2500000      -35.2555809      -4.77833557    
   45.0000000      -35.2555809      -8.62892151    
   48.7500000      -35.2555809      -7.08985901    
   52.5000000      -35.2555809      -4.08204651    
   56.2500000      -35.2555809      -5.33790588    
   60.0000000      -35.2555809     -0.306655884    
   63.7500000      -35.2555809      -1.22657776    
   67.5000000      -35.2555809     -0.444351196    
   71.2500000      -35.2555809      0.308578491    
   75.0000000      -35.2555809       1.79393005    
   78.7500000      -35.2555809       3.78123474    
   82.5000000      -35.2555809      0.840805054    
   86.2500000      -35.2555809       3.00486755    
   90.0000000      -35.2555809       8.28904724    
   93.7500000      -35.2555809       7.30760193    
   97.5000000      -35.2555809       5.49314880    
   101.250000      -35.2555809       5.99119568    
   105.000000      -35.2555809       3.73338318    
   108.750000      -35.2555809      -1.94728088    
   112.500000      -35.2555809       2.60935974    
   116.250000      -35.2555809      -4.06153870    
   120.000000      -35.2555809      -8.13966370    
   123.750000      -35.2555809      -7.44337463    
   127.500000      -35.2555809      -8.44728088    
   131.250000      -35.2555809      -9.37306213    
   135.000000      -35.2555809      -7.43653870    
   138.750000      -35.2555809      -2.68849182    
   142.500000      -35.2555809      -1.88575745    
   146.250000      -35.2555809      0.431625366    
   150.000000      -35.2555809     -0.138687134    
   153.750000      -35.2555809       4.79002380    
   157.500000      -35.2555809       6.95799255    
   161.250000      -35.2555809       9.87205505    
   165.000000      -35.2555809       13.5927582    
   168.750000      -35.2555809       13.5429535    
   172.500000      -35.2555809       11.1103363    
   176.250000      -35.2555809       9.17576599    
   180.000000      -35.2555809       8.77537537    
   183.750000      -35.2555809       8.03611755    
   187.500000      -35.2555809     -0.656265259    
   191.250000      -35.2555809     -0.722671509    
   195.000000      -35.2555809      -3.00489807    
   198.750000      -35.2555809      -8.35841370    
   202.500000      -35.2555809      -7.72853088    
   206.250000      -35.2555809      -7.13380432    
   210.000000      -35.2555809      -6.40333557    
   213.750000      -35.2555809      -6.45216370    
   217.500000      -35.2555809      -5.22364807    
   221.250000      -35.2555809      -2.91505432    
   225.000000      -35.2555809      -2.58204651    
   228.750000      -35.2555809      -7.96290588    
   232.500000      -35.2555809      -7.42286682    
   236.250000      -35.2555809      -2.68946838    
   240.000000      -35.2555809      0.320297241    
   243.750000      -35.2555809       4.54881287    
   247.500000      -35.2555809     -0.788101196    
   251.250000      -35.2555809      -3.22071838    
   255.000000      -35.2555809      -1.88282776    
   258.750000      -35.2555809      -4.19825745    
   262.500000      -35.2555809      -2.95899963    
   266.250000      -35.2555809      -4.57911682    
   270.000000      -35.2555809      -3.05665588    
   273.750000      -35.2555809      -4.40138245    
   277.500000      -35.2555809      -3.75782776    
   281.250000      -35.2555809      -2.85353088    
   285.000000      -35.2555809      0.322250366    
   288.750000      -35.2555809      0.553695679    
   292.500000      -35.2555809      -2.06739807    
   296.250000      -35.2555809     -0.116226196    
   300.000000      -35.2555809       1.70310974    
   303.750000      -35.2555809      -5.12794495    
   307.500000      -35.2555809     -0.886734009    
   311.250000      -35.2555809      -2.66603088    
   315.000000      -35.2555809      -5.17189026    
   318.750000      -35.2555809      -6.89259338    
   322.500000      -35.2555809      -10.0654449    
   326.250000      -35.2555809      -6.97950745    
   330.000000      -35.2555809      -3.73927307    
   333.750000      -35.2555809       1.02146912    
   337.500000      -35.2555809      -8.73439026    
   341.250000      -35.2555809      -4.40138245    
   345.000000      -35.2555809     -0.124038696    
   348.750000      -35.2555809      0.756820679    
   352.500000      -35.2555809       2.25975037    
   356.250000      -35.2555809       2.13377380    
   360.000000      -35.2555809       3.74217224    
   0.00000000      -31.5445251       5.78025818    
   3.75000000      -31.5445251       3.68553162    
   7.50000000      -31.5445251       2.23533630    
   11.2500000      -31.5445251      -6.83746338E-02
   15.0000000      -31.5445251     -0.829116821    
   18.7500000      -31.5445251      0.934555054    
   22.5000000      -31.5445251      -4.20606995    
   26.2500000      -31.5445251      -1.02442932    
   30.0000000      -31.5445251       10.7001801    
   33.7500000      -31.5445251      -4.22755432    
   37.5000000      -31.5445251      -3.96583557    
   41.2500000      -31.5445251      -2.93458557    
   45.0000000      -31.5445251      -8.32716370    
   48.7500000      -31.5445251      -7.90528870    
   52.5000000      -31.5445251      -6.05372620    
   56.2500000      -31.5445251      -7.37892151    
   60.0000000      -31.5445251      -7.18458557    
   63.7500000      -31.5445251      -6.35548401    
   67.5000000      -31.5445251      -4.26466370    
   71.2500000      -31.5445251      -1.63966370    
   75.0000000      -31.5445251       1.29490662    
   78.7500000      -31.5445251       2.14744568    
   82.5000000      -31.5445251       1.65818787    
   86.2500000      -31.5445251       1.82420349    
   90.0000000      -31.5445251      0.955062866    
   93.7500000      -31.5445251     -0.644546509    
   97.5000000      -31.5445251       1.24705505    
   101.250000      -31.5445251       5.17576599    
   105.000000      -31.5445251       7.57518005    
   108.750000      -31.5445251       8.45896912    
   112.500000      -31.5445251       5.49998474    
   116.250000      -31.5445251       3.72947693    
   120.000000      -31.5445251      0.120101929    
   123.750000      -31.5445251      -2.28126526    
   127.500000      -31.5445251      -4.74708557    
   131.250000      -31.5445251      -4.76564026    
   135.000000      -31.5445251      -2.79884338    
   138.750000      -31.5445251      -3.81739807    
   142.500000      -31.5445251      -3.61231995    
   146.250000      -31.5445251      -1.44825745    
   150.000000      -31.5445251     -0.757827759    
   153.750000      -31.5445251      -2.01661682    
   157.500000      -31.5445251       2.72850037    
   161.250000      -31.5445251       4.55076599    
   165.000000      -31.5445251       5.17771912    
   168.750000      -31.5445251       8.28709412    
   172.500000      -31.5445251       5.60838318    
   176.250000      -31.5445251       9.40135193    
   180.000000      -31.5445251       7.16307068    
   183.750000      -31.5445251       4.00779724    
   187.500000      -31.5445251       2.41014099    
   191.250000      -31.5445251      -2.81544495    
   195.000000      -31.5445251      -1.61817932    
   198.750000      -31.5445251      -9.14747620    
   202.500000      -31.5445251      -6.56056213    
   206.250000      -31.5445251      -5.94728088    
   210.000000      -31.5445251      -4.14161682    
   213.750000      -31.5445251      0.684555054    
   217.500000      -31.5445251      0.868148804    
   221.250000      -31.5445251       1.09861755    
   225.000000      -31.5445251      0.457015991    
   228.750000      -31.5445251       3.16795349    
   232.500000      -31.5445251      0.698226929    
   236.250000      -31.5445251       2.31932068    
   240.000000      -31.5445251       4.58396912    
   243.750000      -31.5445251       2.82713318    
   247.500000      -31.5445251      0.661117554    
   251.250000      -31.5445251      -5.91017151    
   255.000000      -31.5445251      -2.93556213    
   258.750000      -31.5445251      -2.84474182    
   262.500000      -31.5445251      -1.20606995    
   266.250000      -31.5445251      -1.72364807    
   270.000000      -31.5445251      -3.31349182    
   273.750000      -31.5445251      -4.49220276    
   277.500000      -31.5445251      -4.38185120    
   281.250000      -31.5445251      -3.96485901    
   285.000000      -31.5445251      0.849594116    
   288.750000      -31.5445251       1.11619568    
   292.500000      -31.5445251     -0.148452759    
   296.250000      -31.5445251      0.205062866    
   300.000000      -31.5445251      -2.35353088    
   303.750000      -31.5445251      -2.89356995    
   307.500000      -31.5445251      -3.50294495    
   311.250000      -31.5445251      -3.04103088    
   315.000000      -31.5445251      -1.17872620    
   318.750000      -31.5445251     -0.421890259    
   322.500000      -31.5445251       3.89842224    
   326.250000      -31.5445251       1.25486755    
   330.000000      -31.5445251       6.61228943    
   333.750000      -31.5445251       6.29393005    
   337.500000      -31.5445251      -3.70118713    
   341.250000      -31.5445251      -6.15235901    
   345.000000      -31.5445251      -3.29884338    
   348.750000      -31.5445251      0.813461304    
   352.500000      -31.5445251       2.63475037    
   356.250000      -31.5445251       4.41990662    
   360.000000      -31.5445251       5.78025818    
   0.00000000      -27.8334446      0.119125366    
   3.75000000      -27.8334446      0.254867554    
   7.50000000      -27.8334446      -2.69532776    
   11.2500000      -27.8334446      -5.23341370    
   15.0000000      -27.8334446      -3.72853088    
   18.7500000      -27.8334446       2.99705505    
   22.5000000      -27.8334446      -8.79058838E-02
   26.2500000      -27.8334446      -3.05079651    
   30.0000000      -27.8334446       1.79685974    
   33.7500000      -27.8334446      -4.69337463    
   37.5000000      -27.8334446      -3.04298401    
   41.2500000      -27.8334446      -2.70216370    
   45.0000000      -27.8334446      -3.33399963    
   48.7500000      -27.8334446      -6.89161682    
   52.5000000      -27.8334446      -6.73048401    
   56.2500000      -27.8334446      -6.18458557    
   60.0000000      -27.8334446      -6.91993713    
   63.7500000      -27.8334446      -7.99122620    
   67.5000000      -27.8334446      -7.93751526    
   71.2500000      -27.8334446      -7.00880432    
   75.0000000      -27.8334446      -5.65040588    
   78.7500000      -27.8334446      -4.46681213    
   82.5000000      -27.8334446      -3.55274963    
   86.2500000      -27.8334446     -0.876968384    
   90.0000000      -27.8334446      0.752914429    
   93.7500000      -27.8334446       2.84861755    
   97.5000000      -27.8334446       3.98240662    
   101.250000      -27.8334446       8.01560974    
   105.000000      -27.8334446       10.3984222    
   108.750000      -27.8334446       8.68162537    
   112.500000      -27.8334446       5.52244568    
   116.250000      -27.8334446       4.04588318    
   120.000000      -27.8334446      0.544906616    
   123.750000      -27.8334446       2.63519287E-02
   127.500000      -27.8334446     -0.220718384    
   131.250000      -27.8334446      -2.88185120    
   135.000000      -27.8334446     -0.288101196    
   138.750000      -27.8334446      -4.12013245    
   142.500000      -27.8334446      -3.94337463    
   146.250000      -27.8334446      -5.81837463    
   150.000000      -27.8334446      -3.05763245    
   153.750000      -27.8334446      -5.46290588    
   157.500000      -27.8334446      -3.61231995    
   161.250000      -27.8334446      -1.83888245    
   165.000000      -27.8334446     -0.604507446    
   168.750000      -27.8334446       3.75096130    
   172.500000      -27.8334446       3.56150818    
   176.250000      -27.8334446       6.00096130    
   180.000000      -27.8334446       3.33299255    
   183.750000      -27.8334446     -0.224624634    
   187.500000      -27.8334446      -1.34767151    
   191.250000      -27.8334446      -1.23731995    
   195.000000      -27.8334446     -0.400405884    
   198.750000      -27.8334446      -5.12599182    
   202.500000      -27.8334446      -7.05567932    
   206.250000      -27.8334446      -6.81544495    
   210.000000      -27.8334446      -3.57130432    
   213.750000      -27.8334446      -1.23439026    
   217.500000      -27.8334446      -1.54396057    
   221.250000      -27.8334446      -2.15138245    
   225.000000      -27.8334446       1.92283630    
   228.750000      -27.8334446       3.12596130    
   232.500000      -27.8334446     -0.437515259    
   236.250000      -27.8334446     -0.194351196    
   240.000000      -27.8334446     -0.750015259    
   243.750000      -27.8334446      -2.90528870    
   247.500000      -27.8334446      -1.07618713    
   251.250000      -27.8334446      -1.90919495    
   255.000000      -27.8334446      -4.12208557    
   258.750000      -27.8334446      -6.23048401    
   262.500000      -27.8334446      -5.41407776    
   266.250000      -27.8334446      -1.78907776    
   270.000000      -27.8334446      -3.70704651    
   273.750000      -27.8334446      -2.96095276    
   277.500000      -27.8334446      -5.69728088    
   281.250000      -27.8334446      -3.30274963    
   285.000000      -27.8334446      -1.53712463    
   288.750000      -27.8334446       3.19432068    
   292.500000      -27.8334446     -0.207046509    
   296.250000      -27.8334446      -3.07521057    
   300.000000      -27.8334446      -2.77345276    
   303.750000      -27.8334446      -1.85450745    
   307.500000      -27.8334446      -2.32521057    
   311.250000      -27.8334446     -0.220718384    
   315.000000      -27.8334446       3.35838318    
   318.750000      -27.8334446       7.15037537    
   322.500000      -27.8334446       8.55955505    
   326.250000      -27.8334446       4.86814880    
   330.000000      -27.8334446       1.62693787    
   333.750000      -27.8334446       3.64353943    
   337.500000      -27.8334446      -1.95411682    
   341.250000      -27.8334446      -6.66407776    
   345.000000      -27.8334446      -7.75392151    
   348.750000      -27.8334446      -5.36329651    
   352.500000      -27.8334446      -2.54396057    
   356.250000      -27.8334446      -1.19239807    
   360.000000      -27.8334446      0.119125366    
   0.00000000      -24.1223469      -4.67677307    
   3.75000000      -24.1223469      -2.46388245    
   7.50000000      -24.1223469     -0.138687134    
   11.2500000      -24.1223469      0.621078491    
   15.0000000      -24.1223469       1.00682068    
   18.7500000      -24.1223469       2.43162537    
   22.5000000      -24.1223469      -1.80958557    
   26.2500000      -24.1223469     -0.929702759    
   30.0000000      -24.1223469     -0.538101196    
   33.7500000      -24.1223469      -1.42384338    
   37.5000000      -24.1223469      -4.08302307    
   41.2500000      -24.1223469      -3.57911682    
   45.0000000      -24.1223469     -0.345718384    
   48.7500000      -24.1223469      -3.54493713    
   52.5000000      -24.1223469      -6.94532776    
   56.2500000      -24.1223469      -6.50001526    
   60.0000000      -24.1223469      -6.76564026    
   63.7500000      -24.1223469      -8.92091370    
   67.5000000      -24.1223469      -9.44239807    
   71.2500000      -24.1223469      -8.82325745    
   75.0000000      -24.1223469      -7.62501526    
   78.7500000      -24.1223469      -6.85255432    
   82.5000000      -24.1223469      -4.24806213    
   86.2500000      -24.1223469      -1.94825745    
   90.0000000      -24.1223469      0.290023804    
   93.7500000      -24.1223469      0.984359741    
   97.5000000      -24.1223469       2.80760193    
   101.250000      -24.1223469       5.52244568    
   105.000000      -24.1223469       6.92478943    
   108.750000      -24.1223469       4.42576599    
   112.500000      -24.1223469       2.87205505    
   116.250000      -24.1223469       2.98338318    
   120.000000      -24.1223469       4.51853943    
   123.750000      -24.1223469       3.75193787    
   127.500000      -24.1223469       7.40135193    
   131.250000      -24.1223469     -0.264663696    
   135.000000      -24.1223469      -2.15333557    
   138.750000      -24.1223469      -3.36915588    
   142.500000      -24.1223469      -2.31935120    
   146.250000      -24.1223469      -2.78614807    
   150.000000      -24.1223469      -4.46681213    
   153.750000      -24.1223469      -9.20216370    
   157.500000      -24.1223469      -8.09669495    
   161.250000      -24.1223469     -0.573257446    
   165.000000      -24.1223469       2.33982849    
   168.750000      -24.1223469       2.02537537    
   172.500000      -24.1223469       2.09080505    
   176.250000      -24.1223469     -0.220718384    
   180.000000      -24.1223469      -2.87501526    
   183.750000      -24.1223469      -5.15821838    
   187.500000      -24.1223469      -4.76954651    
   191.250000      -24.1223469      -4.96290588    
   195.000000      -24.1223469      -5.80860901    
   198.750000      -24.1223469      -7.24317932    
   202.500000      -24.1223469      -9.92091370    
   206.250000      -24.1223469      -8.52540588    
   210.000000      -24.1223469      -8.09376526    
   213.750000      -24.1223469      -5.63868713    
   217.500000      -24.1223469      -5.58009338    
   221.250000      -24.1223469       2.92771912    
   225.000000      -24.1223469       1.32420349    
   228.750000      -24.1223469      -2.02540588    
   232.500000      -24.1223469      -2.68458557    
   236.250000      -24.1223469      -3.64356995    
   240.000000      -24.1223469      -4.79884338    
   243.750000      -24.1223469      -5.20216370    
   247.500000      -24.1223469      -5.27247620    
   251.250000      -24.1223469      -7.35353088    
   255.000000      -24.1223469      -7.07521057    
   258.750000      -24.1223469      -5.11036682    
   262.500000      -24.1223469      -4.09474182    
   266.250000      -24.1223469      -5.03224182    
   270.000000      -24.1223469      -3.62989807    
   273.750000      -24.1223469      -3.82423401    
   277.500000      -24.1223469      -5.14845276    
   281.250000      -24.1223469      -3.09278870    
   285.000000      -24.1223469     -0.290054321    
   288.750000      -24.1223469      0.828109741    
   292.500000      -24.1223469       2.45701599    
   296.250000      -24.1223469       1.45603943    
   300.000000      -24.1223469      -4.43263245    
   303.750000      -24.1223469     -0.262710571    
   307.500000      -24.1223469      -1.19435120    
   311.250000      -24.1223469      -1.50294495    
   315.000000      -24.1223469      -1.76173401    
   318.750000      -24.1223469      0.702133179    
   322.500000      -24.1223469       1.08787537    
   326.250000      -24.1223469     -0.559585571    
   330.000000      -24.1223469      -2.51564026    
   333.750000      -24.1223469      -2.97364807    
   337.500000      -24.1223469      -4.07521057    
   341.250000      -24.1223469      -8.02540588    
   345.000000      -24.1223469      -9.31349182    
   348.750000      -24.1223469      -8.62599182    
   352.500000      -24.1223469      -7.89259338    
   356.250000      -24.1223469      -5.35255432    
   360.000000      -24.1223469      -4.67677307    
   0.00000000      -20.4112377      -3.56642151    
   3.75000000      -20.4112377      -2.25880432    
   7.50000000      -20.4112377      -1.63478088    
   11.2500000      -20.4112377      -1.69923401    
   15.0000000      -20.4112377       2.70115662    
   18.7500000      -20.4112377       2.50975037    
   22.5000000      -20.4112377      -1.81446838    
   26.2500000      -20.4112377      -2.87696838    
   30.0000000      -20.4112377     -0.451187134    
   33.7500000      -20.4112377       1.27732849    
   37.5000000      -20.4112377      -15.4062653    
   41.2500000      -20.4112377      -11.9384918    
   45.0000000      -20.4112377      -2.28419495    
   48.7500000      -20.4112377     -0.193374634    
   52.5000000      -20.4112377      -6.45997620    
   56.2500000      -20.4112377      -5.42481995    
   60.0000000      -20.4112377      -7.35743713    
   63.7500000      -20.4112377      -8.67872620    
   67.5000000      -20.4112377      -8.72560120    
   71.2500000      -20.4112377      -9.33888245    
   75.0000000      -20.4112377      -7.17091370    
   78.7500000      -20.4112377      -4.41700745    
   82.5000000      -20.4112377      -3.47560120    
   86.2500000      -20.4112377      -4.09571838    
   90.0000000      -20.4112377      -4.48439026    
   93.7500000      -20.4112377      -4.71290588    
   97.5000000      -20.4112377      -2.71876526    
   101.250000      -20.4112377     -0.684585571    
   105.000000      -20.4112377      0.541000366    
   108.750000      -20.4112377       2.94139099    
   112.500000      -20.4112377       3.11619568    
   116.250000      -20.4112377       5.75779724    
   120.000000      -20.4112377       4.99900818    
   123.750000      -20.4112377       5.48240662    
   127.500000      -20.4112377       3.56736755    
   131.250000      -20.4112377       1.36521912    
   135.000000      -20.4112377       1.14060974    
   138.750000      -20.4112377      -2.56446838    
   142.500000      -20.4112377     -0.966812134    
   146.250000      -20.4112377      -2.06153870    
   150.000000      -20.4112377      -1.92970276    
   153.750000      -20.4112377      -4.81153870    
   157.500000      -20.4112377      -4.68946838    
   161.250000      -20.4112377      -1.35157776    
   165.000000      -20.4112377      -3.11720276    
   168.750000      -20.4112377      -3.79689026    
   172.500000      -20.4112377      -2.60939026    
   176.250000      -20.4112377      -6.69239807    
   180.000000      -20.4112377      -5.11134338    
   183.750000      -20.4112377      -6.34474182    
   187.500000      -20.4112377      -7.89161682    
   191.250000      -20.4112377      -8.09083557    
   195.000000      -20.4112377      -7.85255432    
   198.750000      -20.4112377      -6.21778870    
   202.500000      -20.4112377      -7.06544495    
   206.250000      -20.4112377      -5.15040588    
   210.000000      -20.4112377      -6.92579651    
   213.750000      -20.4112377      -1.71583557    
   217.500000      -20.4112377       3.05564880    
   221.250000      -20.4112377      0.903305054    
   225.000000      -20.4112377      -3.64845276    
   228.750000      -20.4112377      -4.18751526    
   232.500000      -20.4112377      -6.04103088    
   236.250000      -20.4112377      -8.06544495    
   240.000000      -20.4112377      -7.20606995    
   243.750000      -20.4112377      -9.33790588    
   247.500000      -20.4112377      -9.91310120    
   251.250000      -20.4112377      -8.38087463    
   255.000000      -20.4112377      -8.13478088    
   258.750000      -20.4112377      -6.38575745    
   262.500000      -20.4112377      -5.92286682    
   266.250000      -20.4112377      -5.04103088    
   270.000000      -20.4112377      -3.10548401    
   273.750000      -20.4112377      -4.16798401    
   277.500000      -20.4112377      -3.01856995    
   281.250000      -20.4112377      -1.99220276    
   285.000000      -20.4112377     -0.499038696    
   288.750000      -20.4112377       2.33494568    
   292.500000      -20.4112377      -2.43849182    
   296.250000      -20.4112377     -0.220718384    
   300.000000      -20.4112377      -3.17384338    
   303.750000      -20.4112377      -1.18556213    
   307.500000      -20.4112377      -1.80372620    
   311.250000      -20.4112377      0.219711304    
   315.000000      -20.4112377      -1.72267151    
   318.750000      -20.4112377      -1.05177307    
   322.500000      -20.4112377      -3.73146057    
   326.250000      -20.4112377      -5.43067932    
   330.000000      -20.4112377      -6.52735901    
   333.750000      -20.4112377      -8.01954651    
   337.500000      -20.4112377      -6.20704651    
   341.250000      -20.4112377      -2.54298401    
   345.000000      -20.4112377      -1.39259338    
   348.750000      -20.4112377      -3.82130432    
   352.500000      -20.4112377      -8.02052307    
   356.250000      -20.4112377      -4.68458557    
   360.000000      -20.4112377      -3.56642151    
   0.00000000      -16.7001171      -1.23341370    
   3.75000000      -16.7001171      -1.02247620    
   7.50000000      -16.7001171     -0.921890259    
   11.2500000      -16.7001171       1.81346130    
   15.0000000      -16.7001171       2.11033630    
   18.7500000      -16.7001171      -3.71246338E-02
   22.5000000      -16.7001171      -2.27247620    
   26.2500000      -16.7001171      -1.72267151    
   30.0000000      -16.7001171     -0.524429321    
   33.7500000      -16.7001171       1.09861755    
   37.5000000      -16.7001171       3.40428162    
   41.2500000      -16.7001171      -6.23048401    
   45.0000000      -16.7001171      -1.56446838    
   48.7500000      -16.7001171      -2.51856995    
   52.5000000      -16.7001171      -8.58399963    
   56.2500000      -16.7001171      -7.66896057    
   60.0000000      -16.7001171      -10.1006012    
   63.7500000      -16.7001171      -8.05470276    
   67.5000000      -16.7001171      -8.86622620    
   71.2500000      -16.7001171      -8.49513245    
   75.0000000      -16.7001171      -5.81446838    
   78.7500000      -16.7001171      -6.46485901    
   82.5000000      -16.7001171      -3.64845276    
   86.2500000      -16.7001171      -6.00001526    
   90.0000000      -16.7001171      -8.00001526    
   93.7500000      -16.7001171      -7.54396057    
   97.5000000      -16.7001171      -6.52149963    
   101.250000      -16.7001171      -5.27442932    
   105.000000      -16.7001171      -3.24317932    
   108.750000      -16.7001171      0.208969116    
   112.500000      -16.7001171       2.06834412    
   116.250000      -16.7001171       3.78416443    
   120.000000      -16.7001171       6.22557068    
   123.750000      -16.7001171       3.37010193    
   127.500000      -16.7001171       3.38084412    
   131.250000      -16.7001171      -9.47418213E-02
   135.000000      -16.7001171       1.53514099    
   138.750000      -16.7001171       3.05760193    
   142.500000      -16.7001171      0.708969116    
   146.250000      -16.7001171       1.00486755    
   150.000000      -16.7001171      -2.70021057    
   153.750000      -16.7001171      -4.70411682    
   157.500000      -16.7001171      -5.62306213    
   161.250000      -16.7001171      -4.15919495    
   165.000000      -16.7001171      -5.97071838    
   168.750000      -16.7001171      -5.10157776    
   172.500000      -16.7001171      -5.81056213    
   176.250000      -16.7001171      -6.61134338    
   180.000000      -16.7001171      -7.24220276    
   183.750000      -16.7001171      -7.08595276    
   187.500000      -16.7001171      -7.42384338    
   191.250000      -16.7001171      -7.09474182    
   195.000000      -16.7001171      -5.29591370    
   198.750000      -16.7001171      -2.81446838    
   202.500000      -16.7001171      -1.88087463    
   206.250000      -16.7001171      -6.54449463E-02
   210.000000      -16.7001171      0.436508179    
   213.750000      -16.7001171      -1.56056213    
   217.500000      -16.7001171      -2.76368713    
   221.250000      -16.7001171      -3.69825745    
   225.000000      -16.7001171      -5.21095276    
   228.750000      -16.7001171      -5.82130432    
   232.500000      -16.7001171      -6.88478088    
   236.250000      -16.7001171      -8.12794495    
   240.000000      -16.7001171      -9.17091370    
   243.750000      -16.7001171      -10.0927887    
   247.500000      -16.7001171      -11.7314606    
   251.250000      -16.7001171      -11.5771637    
   255.000000      -16.7001171      -9.39356995    
   258.750000      -16.7001171      -5.83985901    
   262.500000      -16.7001171      -3.41407776    
   266.250000      -16.7001171      -3.45509338    
   270.000000      -16.7001171      -5.08692932    
   273.750000      -16.7001171      -4.19630432    
   277.500000      -16.7001171      -3.00587463    
   281.250000      -16.7001171      -1.91896057    
   285.000000      -16.7001171      -2.29298401    
   288.750000      -16.7001171      0.615219116    
   292.500000      -16.7001171     -0.258804321    
   296.250000      -16.7001171      0.675765991    
   300.000000      -16.7001171      0.178695679    
   303.750000      -16.7001171      0.280258179    
   307.500000      -16.7001171      -1.49903870    
   311.250000      -16.7001171      -1.20118713    
   315.000000      -16.7001171      -1.30177307    
   318.750000      -16.7001171     -0.608413696    
   322.500000      -16.7001171      -4.54591370    
   326.250000      -16.7001171      -6.51856995    
   330.000000      -16.7001171      -9.14649963    
   333.750000      -16.7001171      -7.95509338    
   337.500000      -16.7001171      -8.59864807    
   341.250000      -16.7001171      -5.60841370    
   345.000000      -16.7001171      -4.87013245    
   348.750000      -16.7001171      -4.05763245    
   352.500000      -16.7001171      -2.67091370    
   356.250000      -16.7001171      -2.20509338    
   360.000000      -16.7001171      -1.23341370    
   0.00000000      -12.9889879     -0.403335571    
   3.75000000      -12.9889879      -1.39356995    
   7.50000000      -12.9889879      0.412094116    
   11.2500000      -12.9889879      0.490219116    
   15.0000000      -12.9889879      0.512680054    
   18.7500000      -12.9889879      0.991195679    
   22.5000000      -12.9889879     -0.469741821    
   26.2500000      -12.9889879      0.146469116    
   30.0000000      -12.9889879      -1.18849182    
   33.7500000      -12.9889879      0.768539429    
   37.5000000      -12.9889879      -9.76715088E-02
   41.2500000      -12.9889879      -2.47462463    
   45.0000000      -12.9889879      -5.02540588    
   48.7500000      -12.9889879      -8.31349182    
   52.5000000      -12.9889879      -8.22169495    
   56.2500000      -12.9889879      -7.78126526    
   60.0000000      -12.9889879      -7.19239807    
   63.7500000      -12.9889879      -10.5273590    
   67.5000000      -12.9889879      -7.28517151    
   71.2500000      -12.9889879      -6.50782776    
   75.0000000      -12.9889879      -7.14552307    
   78.7500000      -12.9889879      -5.43653870    
   82.5000000      -12.9889879      -4.28907776    
   86.2500000      -12.9889879      -7.53614807    
   90.0000000      -12.9889879      -10.9609528    
   93.7500000      -12.9889879      -8.86134338    
   97.5000000      -12.9889879      -1.88380432    
   101.250000      -12.9889879       9.75036621E-03
   105.000000      -12.9889879      -4.16896057    
   108.750000      -12.9889879      -2.28126526    
   112.500000      -12.9889879     -0.370132446    
   116.250000      -12.9889879       2.72850037    
   120.000000      -12.9889879      0.113265991    
   123.750000      -12.9889879       2.94041443    
   127.500000      -12.9889879       4.43357849    
   131.250000      -12.9889879     -0.181655884    
   135.000000      -12.9889879      0.192367554    
   138.750000      -12.9889879       2.21971130    
   142.500000      -12.9889879      -1.28321838    
   146.250000      -12.9889879      -2.59669495    
   150.000000      -12.9889879      -4.33204651    
   153.750000      -12.9889879      -2.85353088    
   157.500000      -12.9889879      -2.17286682    
   161.250000      -12.9889879      -4.30372620    
   165.000000      -12.9889879      -4.25294495    
   168.750000      -12.9889879      -5.13185120    
   172.500000      -12.9889879      -5.67286682    
   176.250000      -12.9889879      -7.22755432    
   180.000000      -12.9889879      -5.94825745    
   183.750000      -12.9889879      -8.59181213    
   187.500000      -12.9889879      -8.25685120    
   191.250000      -12.9889879      -7.17970276    
   195.000000      -12.9889879      -3.49220276    
   198.750000      -12.9889879       1.57225037    
   202.500000      -12.9889879       1.97752380    
   206.250000      -12.9889879     -0.824234009    
   210.000000      -12.9889879      -2.08888245    
   213.750000      -12.9889879      -3.24415588    
   217.500000      -12.9889879      -2.60255432    
   221.250000      -12.9889879      -5.90333557    
   225.000000      -12.9889879      -5.78028870    
   228.750000      -12.9889879      -7.52442932    
   232.500000      -12.9889879      -6.83302307    
   236.250000      -12.9889879      -7.45021057    
   240.000000      -12.9889879      -7.81739807    
   243.750000      -12.9889879      -7.78126526    
   247.500000      -12.9889879      -10.3632965    
   251.250000      -12.9889879      -10.2539215    
   255.000000      -12.9889879      -8.70216370    
   258.750000      -12.9889879      -5.63575745    
   262.500000      -12.9889879      -4.45411682    
   266.250000      -12.9889879      -2.92872620    
   270.000000      -12.9889879      -3.54396057    
   273.750000      -12.9889879      -3.80665588    
   277.500000      -12.9889879      -3.04493713    
   281.250000      -12.9889879      -1.64454651    
   285.000000      -12.9889879       1.69822693    
   288.750000      -12.9889879     -0.290054321    
   292.500000      -12.9889879      0.712875366    
   296.250000      -12.9889879      0.367172241    
   300.000000      -12.9889879     -0.343765259    
   303.750000      -12.9889879      0.541976929    
   307.500000      -12.9889879     -0.823257446    
   311.250000      -12.9889879      -1.09962463    
   315.000000      -12.9889879     -0.458999634    
   318.750000      -12.9889879       7.79724121E-03
   322.500000      -12.9889879      -5.04200745    
   326.250000      -12.9889879      -6.38966370    
   330.000000      -12.9889879      -6.21290588    
   333.750000      -12.9889879      -7.55372620    
   337.500000      -12.9889879      -7.15138245    
   341.250000      -12.9889879      -8.87794495    
   345.000000      -12.9889879      -6.51466370    
   348.750000      -12.9889879      -5.44239807    
   352.500000      -12.9889879      -4.94044495    
   356.250000      -12.9889879      -3.68849182    
   360.000000      -12.9889879     -0.403335571    
   0.00000000      -9.27785301      -1.67872620    
   3.75000000      -9.27785301      -1.36427307    
   7.50000000      -9.27785301     -0.849624634    
   11.2500000      -9.27785301       1.46678162    
   15.0000000      -9.27785301       1.35154724    
   18.7500000      -9.27785301      0.719711304    
   22.5000000      -9.27785301       1.27537537    
   26.2500000      -9.27785301      0.392562866    
   30.0000000      -9.27785301      0.960922241    
   33.7500000      -9.27785301      0.943344116    
   37.5000000      -9.27785301      -1.01954651    
   41.2500000      -9.27785301      -3.63185120    
   45.0000000      -9.27785301      -5.22071838    
   48.7500000      -9.27785301      -7.84767151    
   52.5000000      -9.27785301      -5.99903870    
   56.2500000      -9.27785301      -5.05665588    
   60.0000000      -9.27785301      -1.58106995    
   63.7500000      -9.27785301       1.57908630    
   67.5000000      -9.27785301       3.94236755    
   71.2500000      -9.27785301      0.269515991    
   75.0000000      -9.27785301      -2.90138245    
   78.7500000      -9.27785301      -4.47560120    
   82.5000000      -9.27785301     -0.542007446    
   86.2500000      -9.27785301       1.31150818    
   90.0000000      -9.27785301      -2.92384338    
   93.7500000      -9.27785301       1.17771912    
   97.5000000      -9.27785301       1.81150818    
   101.250000      -9.27785301      0.674789429    
   105.000000      -9.27785301      -2.37892151    
   108.750000      -9.27785301      -4.18067932    
   112.500000      -9.27785301      -1.51856995    
   116.250000      -9.27785301     -0.779312134    
   120.000000      -9.27785301     -0.244155884    
   123.750000      -9.27785301     -0.984390259    
   127.500000      -9.27785301       1.02439880    
   131.250000      -9.27785301      0.824203491    
   135.000000      -9.27785301     -0.826187134    
   138.750000      -9.27785301      -1.50978088    
   142.500000      -9.27785301      -1.28907776    
   146.250000      -9.27785301      0.677719116    
   150.000000      -9.27785301       1.17185974    
   153.750000      -9.27785301      -1.00001526    
   157.500000      -9.27785301      -2.81349182    
   161.250000      -9.27785301      -1.21485901    
   165.000000      -9.27785301      0.297836304    
   168.750000      -9.27785301     -0.362319946    
   172.500000      -9.27785301     -0.251968384    
   176.250000      -9.27785301     -0.722671509    
   180.000000      -9.27785301      -3.80470276    
   183.750000      -9.27785301      -5.31544495    
   187.500000      -9.27785301      -4.68165588    
   191.250000      -9.27785301      -2.16505432    
   195.000000      -9.27785301      -1.56251526    
   198.750000      -9.27785301      0.645492554    
   202.500000      -9.27785301     -0.130874634    
   206.250000      -9.27785301      -1.11134338    
   210.000000      -9.27785301      -3.69532776    
   213.750000      -9.27785301      -4.66603088    
   217.500000      -9.27785301      -5.43263245    
   221.250000      -9.27785301      -6.77345276    
   225.000000      -9.27785301      -7.57130432    
   228.750000      -9.27785301      -6.53517151    
   232.500000      -9.27785301      -8.14356995    
   236.250000      -9.27785301      -8.52052307    
   240.000000      -9.27785301      -7.14942932    
   243.750000      -9.27785301      -6.95899963    
   247.500000      -9.27785301      -8.32618713    
   251.250000      -9.27785301      -6.44532776    
   255.000000      -9.27785301      -7.04689026    
   258.750000      -9.27785301      -4.48927307    
   262.500000      -9.27785301      -4.31153870    
   266.250000      -9.27785301      -4.20899963    
   270.000000      -9.27785301      -3.55470276    
   273.750000      -9.27785301      -2.76466370    
   277.500000      -9.27785301      -2.43751526    
   281.250000      -9.27785301     -0.716812134    
   285.000000      -9.27785301      -1.24415588    
   288.750000      -9.27785301      0.331039429    
   292.500000      -9.27785301      0.283187866    
   296.250000      -9.27785301      0.329086304    
   300.000000      -9.27785301     -0.367202759    
   303.750000      -9.27785301      0.689437866    
   307.500000      -9.27785301       1.17185974    
   311.250000      -9.27785301     -0.503921509    
   315.000000      -9.27785301      0.143539429    
   318.750000      -9.27785301     -0.554702759    
   322.500000      -9.27785301      -5.03712463    
   326.250000      -9.27785301      -5.63868713    
   330.000000      -9.27785301      -7.55665588    
   333.750000      -9.27785301      -7.21583557    
   337.500000      -9.27785301      -7.44532776    
   341.250000      -9.27785301      -7.41798401    
   345.000000      -9.27785301      -6.72071838    
   348.750000      -9.27785301      -5.82228088    
   352.500000      -9.27785301      -3.77052307    
   356.250000      -9.27785301      -2.47462463    
   360.000000      -9.27785301      -1.67872620    
   0.00000000      -5.56671333     -0.313491821    
   3.75000000      -5.56671333     -0.196304321    
   7.50000000      -5.56671333      -1.57325745    
   11.2500000      -5.56671333      0.270492554    
   15.0000000      -5.56671333       1.43260193    
   18.7500000      -5.56671333      0.758773804    
   22.5000000      -5.56671333      0.618148804    
   26.2500000      -5.56671333      0.966781616    
   30.0000000      -5.56671333      0.619125366    
   33.7500000      -5.56671333     -0.485366821    
   37.5000000      -5.56671333      0.187484741    
   41.2500000      -5.56671333      -5.11231995    
   45.0000000      -5.56671333      -4.39845276    
   48.7500000      -5.56671333      -2.75001526    
   52.5000000      -5.56671333      -1.16603088    
   56.2500000      -5.56671333      0.933578491    
   60.0000000      -5.56671333       4.37596130    
   63.7500000      -5.56671333       6.89744568    
   67.5000000      -5.56671333       2.58103943    
   71.2500000      -5.56671333       1.42088318    
   75.0000000      -5.56671333       2.59471130    
   78.7500000      -5.56671333       2.82225037    
   82.5000000      -5.56671333       2.09373474    
   86.2500000      -5.56671333       7.15916443    
   90.0000000      -5.56671333       14.0566254    
   93.7500000      -5.56671333       7.57810974    
   97.5000000      -5.56671333       4.33494568    
   101.250000      -5.56671333       1.67967224    
   105.000000      -5.56671333       1.63182068    
   108.750000      -5.56671333       3.79881287    
   112.500000      -5.56671333       2.90623474    
   116.250000      -5.56671333       2.51463318    
   120.000000      -5.56671333       1.82810974    
   123.750000      -5.56671333      -1.69728088    
   127.500000      -5.56671333       1.12596130    
   131.250000      -5.56671333      0.820297241    
   135.000000      -5.56671333     -0.911148071    
   138.750000      -5.56671333     -0.624038696    
   142.500000      -5.56671333      0.700180054    
   146.250000      -5.56671333     -0.643569946    
   150.000000      -5.56671333      -4.20074463E-02
   153.750000      -5.56671333       1.75486755    
   157.500000      -5.56671333      0.555648804    
   161.250000      -5.56671333      0.181625366    
   165.000000      -5.56671333       2.79490662    
   168.750000      -5.56671333       1.77830505    
   172.500000      -5.56671333       2.14939880    
   176.250000      -5.56671333      0.209945679    
   180.000000      -5.56671333      -2.46485901    
   183.750000      -5.56671333      -3.54298401    
   187.500000      -5.56671333      -3.92970276    
   191.250000      -5.56671333      -4.77638245    
   195.000000      -5.56671333      -1.40919495    
   198.750000      -5.56671333     -0.674819946    
   202.500000      -5.56671333      -3.71192932    
   206.250000      -5.56671333      -4.36524963    
   210.000000      -5.56671333      -5.85939026    
   213.750000      -5.56671333      -7.05274963    
   217.500000      -5.56671333      -7.72560120    
   221.250000      -5.56671333      -8.74610901    
   225.000000      -5.56671333      -9.28517151    
   228.750000      -5.56671333      -7.12696838    
   232.500000      -5.56671333      -9.01759338    
   236.250000      -5.56671333      -9.39161682    
   240.000000      -5.56671333      -9.16700745    
   243.750000      -5.56671333      -7.63185120    
   247.500000      -5.56671333      -7.21388245    
   251.250000      -5.56671333      -8.35743713    
   255.000000      -5.56671333      -5.05079651    
   258.750000      -5.56671333      -5.81642151    
   262.500000      -5.56671333      -5.07130432    
   266.250000      -5.56671333      -3.84278870    
   270.000000      -5.56671333      -2.69532776    
   273.750000      -5.56671333     -0.656265259    
   277.500000      -5.56671333     -0.439468384    
   281.250000      -5.56671333      0.450180054    
   285.000000      -5.56671333      -1.29200745    
   288.750000      -5.56671333      0.946273804    
   292.500000      -5.56671333       4.00238037E-02
   296.250000      -5.56671333     -0.732437134    
   300.000000      -5.56671333     -0.661148071    
   303.750000      -5.56671333      -5.37261963E-02
   307.500000      -5.56671333      0.263656616    
   311.250000      -5.56671333      0.446273804    
   315.000000      -5.56671333     -0.442398071    
   318.750000      -5.56671333     -0.268569946    
   322.500000      -5.56671333      -2.77931213    
   326.250000      -5.56671333      -7.38868713    
   330.000000      -5.56671333      -7.87892151    
   333.750000      -5.56671333      -7.63673401    
   337.500000      -5.56671333      -7.96290588    
   341.250000      -5.56671333      -8.85646057    
   345.000000      -5.56671333      -7.29981995    
   348.750000      -5.56671333      -4.50685120    
   352.500000      -5.56671333      -2.22853088    
   356.250000      -5.56671333      -2.29884338    
   360.000000      -5.56671333     -0.313491821    
   0.00000000      -1.85557151       1.11131287    
   3.75000000      -1.85557151      0.782211304    
   7.50000000      -1.85557151       8.29925537E-02
   11.2500000      -1.85557151      0.349594116    
   15.0000000      -1.85557151       1.08299255    
   18.7500000      -1.85557151       1.75628662E-02
   22.5000000      -1.85557151      -6.34918213E-02
   26.2500000      -1.85557151      0.588851929    
   30.0000000      -1.85557151      0.648422241    
   33.7500000      -1.85557151      -1.14552307    
   37.5000000      -1.85557151      -1.03907776    
   41.2500000      -1.85557151      -6.20021057    
   45.0000000      -1.85557151      -4.97071838    
   48.7500000      -1.85557151      -3.80860901    
   52.5000000      -1.85557151     -0.900405884    
   56.2500000      -1.85557151     -0.299819946    
   60.0000000      -1.85557151      0.643539429    
   63.7500000      -1.85557151       1.38377380    
   67.5000000      -1.85557151      -1.48536682    
   71.2500000      -1.85557151      -2.52833557    
   75.0000000      -1.85557151      -1.41700745    
   78.7500000      -1.85557151       1.01658630    
   82.5000000      -1.85557151       3.94139099    
   86.2500000      -1.85557151       6.52830505    
   90.0000000      -1.85557151       7.60545349    
   93.7500000      -1.85557151       5.01853943    
   97.5000000      -1.85557151     -0.193374634    
   101.250000      -1.85557151     -0.748062134    
   105.000000      -1.85557151       5.11228943    
   108.750000      -1.85557151       3.77244568    
   112.500000      -1.85557151      0.443344116    
   116.250000      -1.85557151       1.60545349    
   120.000000      -1.85557151     -0.346694946    
   123.750000      -1.85557151      -1.76954651    
   127.500000      -1.85557151     -0.521499634    
   131.250000      -1.85557151      -4.49371338E-02
   135.000000      -1.85557151     -0.397476196    
   138.750000      -1.85557151     -0.427749634    
   142.500000      -1.85557151       1.12596130    
   146.250000      -1.85557151      0.968734741    
   150.000000      -1.85557151      -2.11720276    
   153.750000      -1.85557151      0.521469116    
   157.500000      -1.85557151      0.991195679    
   161.250000      -1.85557151      0.227523804    
   165.000000      -1.85557151      -1.14649963    
   168.750000      -1.85557151       9.95941162E-02
   172.500000      -1.85557151     -0.229507446    
   176.250000      -1.85557151      -1.41505432    
   180.000000      -1.85557151      -2.36036682    
   183.750000      -1.85557151      -3.36231995    
   187.500000      -1.85557151      -2.30958557    
   191.250000      -1.85557151      -4.33985901    
   195.000000      -1.85557151      -5.88282776    
   198.750000      -1.85557151      -5.67579651    
   202.500000      -1.85557151      -6.18849182    
   206.250000      -1.85557151      -5.53028870    
   210.000000      -1.85557151      -5.75294495    
   213.750000      -1.85557151      -6.87599182    
   217.500000      -1.85557151      -8.66603088    
   221.250000      -1.85557151      -8.87013245    
   225.000000      -1.85557151      -8.48439026    
   228.750000      -1.85557151      -6.69630432    
   232.500000      -1.85557151      -5.63380432    
   236.250000      -1.85557151      -7.61524963    
   240.000000      -1.85557151      -7.41505432    
   243.750000      -1.85557151      -7.08106995    
   247.500000      -1.85557151      -7.26759338    
   251.250000      -1.85557151      -6.41212463    
   255.000000      -1.85557151      -3.82521057    
   258.750000      -1.85557151      -4.91603088    
   262.500000      -1.85557151      -3.87989807    
   266.250000      -1.85557151      -2.29005432    
   270.000000      -1.85557151     -0.249038696    
   273.750000      -1.85557151       1.15818787    
   277.500000      -1.85557151       1.83494568    
   281.250000      -1.85557151      0.513656616    
   285.000000      -1.85557151      -1.36915588    
   288.750000      -1.85557151     -0.997085571    
   292.500000      -1.85557151       1.85394287E-02
   296.250000      -1.85557151      -1.14064026    
   300.000000      -1.85557151      -1.09181213    
   303.750000      -1.85557151     -0.583999634    
   307.500000      -1.85557151      -1.60450745    
   311.250000      -1.85557151      0.330062866    
   315.000000      -1.85557151      -2.46876526    
   318.750000      -1.85557151      -8.88673401    
   322.500000      -1.85557151      -7.85255432    
   326.250000      -1.85557151      -7.40235901    
   330.000000      -1.85557151      -8.61231995    
   333.750000      -1.85557151      -7.25880432    
   337.500000      -1.85557151      -7.12110901    
   341.250000      -1.85557151      -7.01466370    
   345.000000      -1.85557151      -5.11622620    
   348.750000      -1.85557151      -3.00392151    
   352.500000      -1.85557151     -0.663101196    
   356.250000      -1.85557151      -2.38478088    
   360.000000      -1.85557151       1.11131287    
   0.00000000       1.85557151       2.84471130    
   3.75000000       1.85557151       1.95506287    
   7.50000000       1.85557151       1.85935974    
   11.2500000       1.85557151       1.15721130    
   15.0000000       1.85557151      0.481430054    
   18.7500000       1.85557151      0.715805054    
   22.5000000       1.85557151      0.667953491    
   26.2500000       1.85557151      0.193344116    
   30.0000000       1.85557151      -1.13087463    
   33.7500000       1.85557151     -0.409194946    
   37.5000000       1.85557151       1.38084412    
   41.2500000       1.85557151      -1.92677307    
   45.0000000       1.85557151      -8.47755432    
   48.7500000       1.85557151      -5.18165588    
   52.5000000       1.85557151      -3.57130432    
   56.2500000       1.85557151      -3.02931213    
   60.0000000       1.85557151      -2.51759338    
   63.7500000       1.85557151      -4.00099182    
   67.5000000       1.85557151      -5.18849182    
   71.2500000       1.85557151      -4.50782776    
   75.0000000       1.85557151      -3.46290588    
   78.7500000       1.85557151      -4.47267151    
   82.5000000       1.85557151      -1.53419495    
   86.2500000       1.85557151      -6.44683838E-02
   90.0000000       1.85557151       3.88865662    
   93.7500000       1.85557151       2.27244568    
   97.5000000       1.85557151      -3.78517151    
   101.250000       1.85557151       1.43357849    
   105.000000       1.85557151      0.205062866    
   108.750000       1.85557151       2.57322693    
   112.500000       1.85557151      0.284164429    
   116.250000       1.85557151      -8.88824463E-02
   120.000000       1.85557151      -3.39552307    
   123.750000       1.85557151      -2.07521057    
   127.500000       1.85557151     -0.690444946    
   131.250000       1.85557151      -4.19337463    
   135.000000       1.85557151      -3.25294495    
   138.750000       1.85557151      -3.48243713    
   142.500000       1.85557151      -2.76368713    
   146.250000       1.85557151      -4.81837463    
   150.000000       1.85557151      -5.01661682    
   153.750000       1.85557151      -2.46778870    
   157.500000       1.85557151      -3.53126526    
   161.250000       1.85557151      -2.48634338    
   165.000000       1.85557151      -3.49317932    
   168.750000       1.85557151      -3.68751526    
   172.500000       1.85557151      -3.33790588    
   176.250000       1.85557151      -3.02638245    
   180.000000       1.85557151      -4.12599182    
   183.750000       1.85557151      -3.94825745    
   187.500000       1.85557151      -5.07618713    
   191.250000       1.85557151      -5.61622620    
   195.000000       1.85557151      -7.31544495    
   198.750000       1.85557151      -7.93458557    
   202.500000       1.85557151      -6.43849182    
   206.250000       1.85557151      -6.62501526    
   210.000000       1.85557151      -6.71778870    
   213.750000       1.85557151      -6.75294495    
   217.500000       1.85557151      -8.01466370    
   221.250000       1.85557151      -6.41505432    
   225.000000       1.85557151      -5.88087463    
   228.750000       1.85557151      -4.91114807    
   232.500000       1.85557151      -4.89161682    
   236.250000       1.85557151      -4.54786682    
   240.000000       1.85557151      -7.02735901    
   243.750000       1.85557151      -6.54689026    
   247.500000       1.85557151      -3.66505432    
   251.250000       1.85557151      -3.91700745    
   255.000000       1.85557151      -2.60450745    
   258.750000       1.85557151      -1.87501526    
   262.500000       1.85557151      -1.22071838    
   266.250000       1.85557151      0.874984741    
   270.000000       1.85557151       1.69822693    
   273.750000       1.85557151       1.47850037    
   277.500000       1.85557151       1.63865662    
   281.250000       1.85557151       4.28611755    
   285.000000       1.85557151     -0.109390259    
   288.750000       1.85557151      -9.86480713E-02
   292.500000       1.85557151     -0.337905884    
   296.250000       1.85557151      0.238265991    
   300.000000       1.85557151      -1.56251526    
   303.750000       1.85557151      -1.23439026    
   307.500000       1.85557151     -0.841812134    
   311.250000       1.85557151      -4.99513245    
   315.000000       1.85557151      -6.32325745    
   318.750000       1.85557151      -6.49415588    
   322.500000       1.85557151      -5.94923401    
   326.250000       1.85557151      -6.05372620    
   330.000000       1.85557151      -6.25489807    
   333.750000       1.85557151      -5.69825745    
   337.500000       1.85557151      -4.24903870    
   341.250000       1.85557151      -4.87696838    
   345.000000       1.85557151      -2.80567932    
   348.750000       1.85557151      -1.95216370    
   352.500000       1.85557151     -0.378921509    
   356.250000       1.85557151       1.21678162    
   360.000000       1.85557151       2.84471130    
   0.00000000       5.56671333       3.93846130    
   3.75000000       5.56671333       3.83787537    
   7.50000000       5.56671333      0.872055054    
   11.2500000       5.56671333      0.167953491    
   15.0000000       5.56671333       1.04588318    
   18.7500000       5.56671333       1.53123474    
   22.5000000       5.56671333      -1.10939026    
   26.2500000       5.56671333      -1.33204651    
   30.0000000       5.56671333     -0.511734009    
   33.7500000       5.56671333     -0.900405884    
   37.5000000       5.56671333      0.322250366    
   41.2500000       5.56671333      0.639633179    
   45.0000000       5.56671333      -5.19142151    
   48.7500000       5.56671333      -7.27149963    
   52.5000000       5.56671333      -6.48243713    
   56.2500000       5.56671333      -4.99024963    
   60.0000000       5.56671333      -3.49024963    
   63.7500000       5.56671333      -3.16603088    
   67.5000000       5.56671333      -3.73536682    
   71.2500000       5.56671333      -5.33399963    
   75.0000000       5.56671333      -5.82130432    
   78.7500000       5.56671333       6.44378662E-02
   82.5000000       5.56671333      -3.12794495    
   86.2500000       5.56671333     -0.309585571    
   90.0000000       5.56671333      -5.66212463    
   93.7500000       5.56671333      -3.80177307    
   97.5000000       5.56671333      -4.38673401    
   101.250000       5.56671333     -0.875015259    
   105.000000       5.56671333      -3.97364807    
   108.750000       5.56671333      -3.27247620    
   112.500000       5.56671333      -3.13673401    
   116.250000       5.56671333     -0.772476196    
   120.000000       5.56671333      -1.35548401    
   123.750000       5.56671333       2.34080505    
   127.500000       5.56671333      -5.37306213    
   131.250000       5.56671333      -5.64454651    
   135.000000       5.56671333      -7.56349182    
   138.750000       5.56671333      -7.13868713    
   142.500000       5.56671333      -4.91505432    
   146.250000       5.56671333      -4.62696838    
   150.000000       5.56671333      -5.31544495    
   153.750000       5.56671333      -5.56935120    
   157.500000       5.56671333      -5.36524963    
   161.250000       5.56671333      -5.76075745    
   165.000000       5.56671333      -4.69728088    
   168.750000       5.56671333      -4.86329651    
   172.500000       5.56671333      -4.03321838    
   176.250000       5.56671333      -4.04981995    
   180.000000       5.56671333      -3.36329651    
   183.750000       5.56671333      -4.58009338    
   187.500000       5.56671333      -3.61231995    
   191.250000       5.56671333      -3.59278870    
   195.000000       5.56671333      -4.94239807    
   198.750000       5.56671333      -10.1494293    
   202.500000       5.56671333      -7.97853088    
   206.250000       5.56671333      -7.07716370    
   210.000000       5.56671333      -4.14845276    
   213.750000       5.56671333      -5.28224182    
   217.500000       5.56671333      -3.50392151    
   221.250000       5.56671333      -3.92774963    
   225.000000       5.56671333      -3.87208557    
   228.750000       5.56671333      -5.00001526    
   232.500000       5.56671333      -4.78517151    
   236.250000       5.56671333      -1.82911682    
   240.000000       5.56671333      -2.33985901    
   243.750000       5.56671333      -4.20509338    
   247.500000       5.56671333      -4.43263245    
   251.250000       5.56671333      -3.62208557    
   255.000000       5.56671333      -1.93458557    
   258.750000       5.56671333      0.132797241    
   262.500000       5.56671333     -0.680679321    
   266.250000       5.56671333       1.55760193    
   270.000000       5.56671333       1.67576599    
   273.750000       5.56671333       4.00238037E-02
   277.500000       5.56671333       1.50877380    
   281.250000       5.56671333      -4.77735901    
   285.000000       5.56671333       6.15081787E-02
   288.750000       5.56671333      -1.31446838    
   292.500000       5.56671333     -0.718765259    
   296.250000       5.56671333      0.563461304    
   300.000000       5.56671333     -0.996109009    
   303.750000       5.56671333      -2.61134338    
   307.500000       5.56671333      -6.13575745    
   311.250000       5.56671333      -6.15333557    
   315.000000       5.56671333      -8.60157776    
   318.750000       5.56671333      -7.36134338    
   322.500000       5.56671333      -6.10060120    
   326.250000       5.56671333      -6.52345276    
   330.000000       5.56671333      -7.33009338    
   333.750000       5.56671333      -6.34181213    
   337.500000       5.56671333      -3.44142151    
   341.250000       5.56671333      -1.81837463    
   345.000000       5.56671333      -1.26075745    
   348.750000       5.56671333       1.89939880    
   352.500000       5.56671333      0.554672241    
   356.250000       5.56671333      0.761703491    
   360.000000       5.56671333       3.93846130    
   0.00000000       9.27785301      0.605453491    
   3.75000000       9.27785301     -0.713882446    
   7.50000000       9.27785301      -1.38185120    
   11.2500000       9.27785301     -0.461929321    
   15.0000000       9.27785301       9.56878662E-02
   18.7500000       9.27785301       1.52928162    
   22.5000000       9.27785301      -2.26759338    
   26.2500000       9.27785301     -0.145523071    
   30.0000000       9.27785301       2.26365662    
   33.7500000       9.27785301      -1.45216370    
   37.5000000       9.27785301      0.707992554    
   41.2500000       9.27785301     -0.172866821    
   45.0000000       9.27785301       1.23924255    
   48.7500000       9.27785301      -4.48731995    
   52.5000000       9.27785301      -7.20411682    
   56.2500000       9.27785301      -5.43556213    
   60.0000000       9.27785301      -2.34083557    
   63.7500000       9.27785301      -2.86720276    
   67.5000000       9.27785301      -1.77833557    
   71.2500000       9.27785301     -0.941421509    
   75.0000000       9.27785301       1.77732849    
   78.7500000       9.27785301     -0.266616821    
   82.5000000       9.27785301      -4.69825745    
   86.2500000       9.27785301      -3.49220276    
   90.0000000       9.27785301      -6.82618713    
   93.7500000       9.27785301      -7.12403870    
   97.5000000       9.27785301      -5.51759338    
   101.250000       9.27785301      -2.22071838    
   105.000000       9.27785301      -1.69435120    
   108.750000       9.27785301      -6.06153870    
   112.500000       9.27785301      -5.03126526    
   116.250000       9.27785301      -3.93458557    
   120.000000       9.27785301      -5.00587463    
   123.750000       9.27785301      -5.43067932    
   127.500000       9.27785301      -4.89454651    
   131.250000       9.27785301      -8.30860901    
   135.000000       9.27785301      -8.98146057    
   138.750000       9.27785301      -8.36036682    
   142.500000       9.27785301      -8.39552307    
   146.250000       9.27785301      -6.53810120    
   150.000000       9.27785301      -6.03224182    
   153.750000       9.27785301      -5.72169495    
   157.500000       9.27785301      -5.71778870    
   161.250000       9.27785301      -7.27931213    
   165.000000       9.27785301      -7.07618713    
   168.750000       9.27785301      -5.59278870    
   172.500000       9.27785301      -4.46974182    
   176.250000       9.27785301      -3.72267151    
   180.000000       9.27785301      -5.29005432    
   183.750000       9.27785301      -3.97755432    
   187.500000       9.27785301      -2.45216370    
   191.250000       9.27785301      -5.67481995    
   195.000000       9.27785301      -10.1757965    
   198.750000       9.27785301      -12.5390778    
   202.500000       9.27785301      -11.7744293    
   206.250000       9.27785301      -10.2744293    
   210.000000       9.27785301      -9.87208557    
   213.750000       9.27785301      -5.89161682    
   217.500000       9.27785301      -5.76271057    
   221.250000       9.27785301      -4.75099182    
   225.000000       9.27785301      -8.01368713    
   228.750000       9.27785301      -7.76661682    
   232.500000       9.27785301      -5.85939026    
   236.250000       9.27785301      -5.02247620    
   240.000000       9.27785301      -5.76075745    
   243.750000       9.27785301      -6.93263245    
   247.500000       9.27785301      -6.75587463    
   251.250000       9.27785301      -8.95021057    
   255.000000       9.27785301      -6.11720276    
   258.750000       9.27785301      -4.95021057    
   262.500000       9.27785301      -5.89845276    
   266.250000       9.27785301      -6.78126526    
   270.000000       9.27785301      -5.91798401    
   273.750000       9.27785301      0.581039429    
   277.500000       9.27785301      0.945297241    
   281.250000       9.27785301     -0.615249634    
   285.000000       9.27785301       2.27635193    
   288.750000       9.27785301       1.05369568    
   292.500000       9.27785301      -1.13087463    
   296.250000       9.27785301      -3.81544495    
   300.000000       9.27785301      -4.71290588    
   303.750000       9.27785301      -4.97364807    
   307.500000       9.27785301      -7.26954651    
   311.250000       9.27785301      -7.34474182    
   315.000000       9.27785301      -7.77931213    
   318.750000       9.27785301      -7.55372620    
   322.500000       9.27785301      -8.50978088    
   326.250000       9.27785301      -8.73439026    
   330.000000       9.27785301      -8.12208557    
   333.750000       9.27785301      -7.31349182    
   337.500000       9.27785301      -5.45118713    
   341.250000       9.27785301      -1.78126526    
   345.000000       9.27785301       2.66795349    
   348.750000       9.27785301     -0.653335571    
   352.500000       9.27785301       1.21971130    
   356.250000       9.27785301     -0.187515259    
   360.000000       9.27785301      0.605453491    
   0.00000000       12.9889879      -2.39552307    
   3.75000000       12.9889879      -2.54689026    
   7.50000000       12.9889879      -2.15821838    
   11.2500000       12.9889879      -1.45216370    
   15.0000000       12.9889879     -0.604507446    
   18.7500000       12.9889879      0.386703491    
   22.5000000       12.9889879      -1.62501526    
   26.2500000       12.9889879      -1.54005432    
   30.0000000       12.9889879       1.47068787    
   33.7500000       12.9889879       2.05467224    
   37.5000000       12.9889879      -1.67579651    
   41.2500000       12.9889879      -2.07423401    
   45.0000000       12.9889879      -6.91114807    
   48.7500000       12.9889879      -7.29103088    
   52.5000000       12.9889879      -6.19337463    
   56.2500000       12.9889879      -7.32130432    
   60.0000000       12.9889879      -3.94044495    
   63.7500000       12.9889879      -2.64845276    
   67.5000000       12.9889879      -1.91993713    
   71.2500000       12.9889879      -1.00196838    
   75.0000000       12.9889879      -2.98927307    
   78.7500000       12.9889879      0.102523804    
   82.5000000       12.9889879      -5.94435120    
   86.2500000       12.9889879      -3.88575745    
   90.0000000       12.9889879      -4.65724182    
   93.7500000       12.9889879      -3.92872620    
   97.5000000       12.9889879      -2.12403870    
   101.250000       12.9889879      -1.97462463    
   105.000000       12.9889879      -3.88575745    
   108.750000       12.9889879      0.415023804    
   112.500000       12.9889879      -6.54396057    
   116.250000       12.9889879      -4.02540588    
   120.000000       12.9889879      -3.86817932    
   123.750000       12.9889879      -4.89649963    
   127.500000       12.9889879      -8.40040588    
   131.250000       12.9889879      -8.84571838    
   135.000000       12.9889879      -8.65919495    
   138.750000       12.9889879      -7.32521057    
   142.500000       12.9889879      -7.79689026    
   146.250000       12.9889879      -6.10646057    
   150.000000       12.9889879      -5.58302307    
   153.750000       12.9889879      -4.95216370    
   157.500000       12.9889879      -5.33399963    
   161.250000       12.9889879      -8.17481995    
   165.000000       12.9889879      -6.75587463    
   168.750000       12.9889879      -7.80665588    
   172.500000       12.9889879      -5.81251526    
   176.250000       12.9889879      -5.43165588    
   180.000000       12.9889879      -7.77052307    
   183.750000       12.9889879      -9.97755432    
   187.500000       12.9889879      -11.9482574    
   191.250000       12.9889879      -15.4453278    
   195.000000       12.9889879      -13.1523590    
   198.750000       12.9889879      -14.0097809    
   202.500000       12.9889879      -12.1640778    
   206.250000       12.9889879      -10.7734528    
   210.000000       12.9889879      -9.56349182    
   213.750000       12.9889879      -8.39747620    
   217.500000       12.9889879      -7.33985901    
   221.250000       12.9889879      -5.69142151    
   225.000000       12.9889879      -6.04396057    
   228.750000       12.9889879      -9.04396057    
   232.500000       12.9889879      -8.24513245    
   236.250000       12.9889879      -5.59864807    
   240.000000       12.9889879      -7.63087463    
   243.750000       12.9889879      -7.11915588    
   247.500000       12.9889879      -7.64356995    
   251.250000       12.9889879      -6.03028870    
   255.000000       12.9889879      -1.22950745    
   258.750000       12.9889879       1.08592224    
   262.500000       12.9889879      -1.08009338    
   266.250000       12.9889879      -3.32183838E-02
   270.000000       12.9889879       2.02439880    
   273.750000       12.9889879      -2.82618713    
   277.500000       12.9889879      -5.90919495    
   281.250000       12.9889879      -6.70899963    
   285.000000       12.9889879      -8.71095276    
   288.750000       12.9889879      -7.45021057    
   292.500000       12.9889879      -5.95411682    
   296.250000       12.9889879      -6.29396057    
   300.000000       12.9889879      -5.83204651    
   303.750000       12.9889879      -6.01759338    
   307.500000       12.9889879      -5.71485901    
   311.250000       12.9889879      -5.06251526    
   315.000000       12.9889879      -6.45509338    
   318.750000       12.9889879      -8.23146057    
   322.500000       12.9889879      -7.72853088    
   326.250000       12.9889879      -9.27442932    
   330.000000       12.9889879      -8.41798401    
   333.750000       12.9889879      -7.81153870    
   337.500000       12.9889879      -7.38673401    
   341.250000       12.9889879      -3.72853088    
   345.000000       12.9889879     -0.273452759    
   348.750000       12.9889879     -0.836929321    
   352.500000       12.9889879     -0.487319946    
   356.250000       12.9889879     -0.560562134    
   360.000000       12.9889879      -2.39552307    
   0.00000000       16.7001171      0.896469116    
   3.75000000       16.7001171      -3.28028870    
   7.50000000       16.7001171      -3.53907776    
   11.2500000       16.7001171      -1.92286682    
   15.0000000       16.7001171      0.715805054    
   18.7500000       16.7001171      -2.92677307    
   22.5000000       16.7001171      -6.41798401    
   26.2500000       16.7001171      -3.77247620    
   30.0000000       16.7001171      0.491195679    
   33.7500000       16.7001171     -0.146499634    
   37.5000000       16.7001171      -1.36427307    
   41.2500000       16.7001171      -5.94532776    
   45.0000000       16.7001171      0.987289429    
   48.7500000       16.7001171      -1.18946838    
   52.5000000       16.7001171     -0.458023071    
   56.2500000       16.7001171      -4.98243713    
   60.0000000       16.7001171      -3.65040588    
   63.7500000       16.7001171      -4.63087463    
   67.5000000       16.7001171      -3.58009338    
   71.2500000       16.7001171      -2.77540588    
   75.0000000       16.7001171      -2.56153870    
   78.7500000       16.7001171     -0.307632446    
   82.5000000       16.7001171      -6.36720276    
   86.2500000       16.7001171      -4.10157776    
   90.0000000       16.7001171      -2.13185120    
   93.7500000       16.7001171      -2.45118713    
   97.5000000       16.7001171      -2.23731995    
   101.250000       16.7001171     -0.447280884    
   105.000000       16.7001171      -1.97950745    
   108.750000       16.7001171      -11.8779449    
   112.500000       16.7001171      -12.1074371    
   116.250000       16.7001171      -9.00685120    
   120.000000       16.7001171      -2.93067932    
   123.750000       16.7001171      -11.9677887    
   127.500000       16.7001171      -12.9502106    
   131.250000       16.7001171      -11.6035309    
   135.000000       16.7001171      -9.34181213    
   138.750000       16.7001171      -7.20899963    
   142.500000       16.7001171      -5.41017151    
   146.250000       16.7001171      -2.42774963    
   150.000000       16.7001171      -2.50392151    
   153.750000       16.7001171      -4.97560120    
   157.500000       16.7001171      -4.97950745    
   161.250000       16.7001171      -7.95314026    
   165.000000       16.7001171      -7.11329651    
   168.750000       16.7001171      -6.52540588    
   172.500000       16.7001171      -7.81739807    
   176.250000       16.7001171      -9.30372620    
   180.000000       16.7001171      -9.49024963    
   183.750000       16.7001171      -10.4668121    
   187.500000       16.7001171      -11.9619293    
   191.250000       16.7001171      -14.7539215    
   195.000000       16.7001171      -12.3740387    
   198.750000       16.7001171      -13.3291168    
   202.500000       16.7001171      -14.6523590    
   206.250000       16.7001171      -11.9658356    
   210.000000       16.7001171      -10.1328278    
   213.750000       16.7001171      -8.60157776    
   217.500000       16.7001171      -7.08692932    
   221.250000       16.7001171      -7.56446838    
   225.000000       16.7001171      -9.35548401    
   228.750000       16.7001171      -10.4912262    
   232.500000       16.7001171      -9.77345276    
   236.250000       16.7001171      -8.41407776    
   240.000000       16.7001171      -5.74513245    
   243.750000       16.7001171      -5.82814026    
   247.500000       16.7001171      -4.57911682    
   251.250000       16.7001171      -2.31446838    
   255.000000       16.7001171       5.01853943    
   258.750000       16.7001171       7.00291443    
   262.500000       16.7001171      0.690414429    
   266.250000       16.7001171       1.27244568    
   270.000000       16.7001171      -1.56739807    
   273.750000       16.7001171      -7.35939026    
   277.500000       16.7001171      -4.00099182    
   281.250000       16.7001171      -5.88575745    
   285.000000       16.7001171      -6.59962463    
   288.750000       16.7001171      -7.45216370    
   292.500000       16.7001171      -5.94728088    
   296.250000       16.7001171      -5.44337463    
   300.000000       16.7001171      -4.20997620    
   303.750000       16.7001171      -5.15528870    
   307.500000       16.7001171      -4.33790588    
   311.250000       16.7001171      -4.33595276    
   315.000000       16.7001171      -5.64259338    
   318.750000       16.7001171      -7.04298401    
   322.500000       16.7001171      -7.39649963    
   326.250000       16.7001171      -9.67872620    
   330.000000       16.7001171      -10.4726715    
   333.750000       16.7001171      -8.80470276    
   337.500000       16.7001171      -8.87110901    
   341.250000       16.7001171      -6.59278870    
   345.000000       16.7001171      -3.63087463    
   348.750000       16.7001171      -3.22560120    
   352.500000       16.7001171      -1.64356995    
   356.250000       16.7001171       1.36326599    
   360.000000       16.7001171      0.896469116    
   0.00000000       20.4112377       2.00779724    
   3.75000000       20.4112377     -0.491226196    
   7.50000000       20.4112377      -3.33106995    
   11.2500000       20.4112377       2.91990662    
   15.0000000       20.4112377       1.01463318    
   18.7500000       20.4112377       1.94041443    
   22.5000000       20.4112377      -3.97267151    
   26.2500000       20.4112377      -2.51466370    
   30.0000000       20.4112377     -0.107437134    
   33.7500000       20.4112377      -5.05860901    
   37.5000000       20.4112377     -0.945327759    
   41.2500000       20.4112377      -3.04005432    
   45.0000000       20.4112377      -1.00489807    
   48.7500000       20.4112377     -0.250991821    
   52.5000000       20.4112377      0.783187866    
   56.2500000       20.4112377     -0.477554321    
   60.0000000       20.4112377      -3.86427307    
   63.7500000       20.4112377      -3.01564026    
   67.5000000       20.4112377      -1.26075745    
   71.2500000       20.4112377      -3.93849182    
   75.0000000       20.4112377      -1.04298401    
   78.7500000       20.4112377       1.26800537E-02
   82.5000000       20.4112377       1.42283630    
   86.2500000       20.4112377      -1.18360901    
   90.0000000       20.4112377      -1.65138245    
   93.7500000       20.4112377      -1.31251526    
   97.5000000       20.4112377      0.241195679    
   101.250000       20.4112377      0.736312866    
   105.000000       20.4112377       4.78363037E-02
   108.750000       20.4112377      -11.6211090    
   112.500000       20.4112377      -12.4589996    
   116.250000       20.4112377      -9.39747620    
   120.000000       20.4112377      -14.2959137    
   123.750000       20.4112377      -13.0195465    
   127.500000       20.4112377      -10.1074371    
   131.250000       20.4112377      -5.96388245    
   135.000000       20.4112377      -5.06446838    
   138.750000       20.4112377      -1.68849182    
   142.500000       20.4112377     -0.379898071    
   146.250000       20.4112377      0.608383179    
   150.000000       20.4112377      0.354476929    
   153.750000       20.4112377       1.64158630    
   157.500000       20.4112377      -3.24122620    
   161.250000       20.4112377      -4.77247620    
   165.000000       20.4112377      -4.83692932    
   168.750000       20.4112377      -5.15235901    
   172.500000       20.4112377      -7.59962463    
   176.250000       20.4112377      -9.96681213    
   180.000000       20.4112377      -9.74220276    
   183.750000       20.4112377      -11.6025543    
   187.500000       20.4112377      -13.5761871    
   191.250000       20.4112377      -14.2607574    
   195.000000       20.4112377      -15.2050934    
   198.750000       20.4112377      -15.0937653    
   202.500000       20.4112377      -12.6543121    
   206.250000       20.4112377      -9.25880432    
   210.000000       20.4112377      -6.82911682    
   213.750000       20.4112377      -4.77247620    
   217.500000       20.4112377      -3.70899963    
   221.250000       20.4112377      -3.88575745    
   225.000000       20.4112377      -5.37501526    
   228.750000       20.4112377      -6.74806213    
   232.500000       20.4112377      -7.37013245    
   236.250000       20.4112377      -7.26271057    
   240.000000       20.4112377      -10.6533356    
   243.750000       20.4112377      -10.5693512    
   247.500000       20.4112377      -4.35353088    
   251.250000       20.4112377      0.408187866    
   255.000000       20.4112377      0.849594116    
   258.750000       20.4112377       2.09275818    
   262.500000       20.4112377      -1.06935120    
   266.250000       20.4112377      -5.54786682    
   270.000000       20.4112377      -3.19825745    
   273.750000       20.4112377      -3.42872620    
   277.500000       20.4112377      -6.08204651    
   281.250000       20.4112377      -4.47462463    
   285.000000       20.4112377      -1.38380432    
   288.750000       20.4112377      -7.07521057    
   292.500000       20.4112377      -6.08204651    
   296.250000       20.4112377      -5.57911682    
   300.000000       20.4112377      -4.77247620    
   303.750000       20.4112377     -0.307632446    
   307.500000       20.4112377       1.19920349    
   311.250000       20.4112377      -1.33888245    
   315.000000       20.4112377      -2.92091370    
   318.750000       20.4112377      -2.24122620    
   322.500000       20.4112377      -5.01173401    
   326.250000       20.4112377      -9.07521057    
   330.000000       20.4112377      -9.02149963    
   333.750000       20.4112377      -8.55274963    
   337.500000       20.4112377      -8.36524963    
   341.250000       20.4112377      -5.43751526    
   345.000000       20.4112377      -2.16114807    
   348.750000       20.4112377      -1.42481995    
   352.500000       20.4112377       1.73045349    
   356.250000       20.4112377       3.36619568    
   360.000000       20.4112377       2.00779724    
   0.00000000       24.1223469       3.72947693    
   3.75000000       24.1223469       2.83689880    
   7.50000000       24.1223469       2.28123474    
   11.2500000       24.1223469       3.31878662E-02
   15.0000000       24.1223469      -2.93067932    
   18.7500000       24.1223469      -4.74024963    
   22.5000000       24.1223469      -1.57521057    
   26.2500000       24.1223469      -1.50489807    
   30.0000000       24.1223469      -2.93121338E-02
   33.7500000       24.1223469      -2.94532776    
   37.5000000       24.1223469      -4.04396057    
   41.2500000       24.1223469      -3.94044495    
   45.0000000       24.1223469     -0.318374634    
   48.7500000       24.1223469       1.32615662    
   52.5000000       24.1223469       1.70115662    
   56.2500000       24.1223469      -1.39259338    
   60.0000000       24.1223469      -2.20118713    
   63.7500000       24.1223469      -6.68067932    
   67.5000000       24.1223469      -7.68946838    
   71.2500000       24.1223469      -5.36329651    
   75.0000000       24.1223469      -2.09181213    
   78.7500000       24.1223469       1.44432068    
   82.5000000       24.1223469       1.40525818    
   86.2500000       24.1223469       1.89060974    
   90.0000000       24.1223469       1.86912537    
   93.7500000       24.1223469      -7.32574463E-02
   97.5000000       24.1223469      -1.77638245    
   101.250000       24.1223469      0.648422241    
   105.000000       24.1223469     -0.450210571    
   108.750000       24.1223469     -0.911148071    
   112.500000       24.1223469     -0.819351196    
   116.250000       24.1223469     -0.496109009    
   120.000000       24.1223469      -9.14649963    
   123.750000       24.1223469      -8.69630432    
   127.500000       24.1223469      -3.51075745    
   131.250000       24.1223469      0.207015991    
   135.000000       24.1223469       3.18650818    
   138.750000       24.1223469       4.78123474    
   142.500000       24.1223469       4.74900818    
   146.250000       24.1223469       6.24412537    
   150.000000       24.1223469       6.07029724    
   153.750000       24.1223469       4.12596130    
   157.500000       24.1223469       6.09764099    
   161.250000       24.1223469      0.366195679    
   165.000000       24.1223469      -2.12208557    
   168.750000       24.1223469      -3.33985901    
   172.500000       24.1223469      -5.74415588    
   176.250000       24.1223469      -8.33692932    
   180.000000       24.1223469      -10.3242340    
   183.750000       24.1223469      -12.0410309    
   187.500000       24.1223469      -12.2705231    
   191.250000       24.1223469      -12.9834137    
   195.000000       24.1223469      -14.7226715    
   198.750000       24.1223469      -13.9140778    
   202.500000       24.1223469      -12.4961090    
   206.250000       24.1223469      -9.78126526    
   210.000000       24.1223469      -4.11720276    
   213.750000       24.1223469      0.974594116    
   217.500000       24.1223469       6.36424255    
   221.250000       24.1223469       1.12205505    
   225.000000       24.1223469      -5.29689026    
   228.750000       24.1223469      -8.90431213    
   232.500000       24.1223469      -8.37794495    
   236.250000       24.1223469      -7.58985901    
   240.000000       24.1223469      -7.31056213    
   243.750000       24.1223469      -5.26173401    
   247.500000       24.1223469       1.36619568    
   251.250000       24.1223469       6.36521912    
   255.000000       24.1223469       3.10643005    
   258.750000       24.1223469       4.37596130    
   262.500000       24.1223469      -2.10450745    
   266.250000       24.1223469      -1.87208557    
   270.000000       24.1223469      -3.38575745    
   273.750000       24.1223469      -2.82911682    
   277.500000       24.1223469      -3.62110901    
   281.250000       24.1223469      -3.64747620    
   285.000000       24.1223469      -3.70021057    
   288.750000       24.1223469     -0.848648071    
   292.500000       24.1223469       1.57713318    
   296.250000       24.1223469       2.62498474    
   300.000000       24.1223469       4.13572693    
   303.750000       24.1223469       3.30271912    
   307.500000       24.1223469       3.41600037    
   311.250000       24.1223469       5.81736755    
   315.000000       24.1223469       2.40525818    
   318.750000       24.1223469     -0.326187134    
   322.500000       24.1223469      -4.80177307    
   326.250000       24.1223469      -6.79591370    
   330.000000       24.1223469      -9.83692932    
   333.750000       24.1223469      -6.54200745    
   337.500000       24.1223469      -5.43360901    
   341.250000       24.1223469     -0.535171509    
   345.000000       24.1223469       2.24510193    
   348.750000       24.1223469       3.95603943    
   352.500000       24.1223469       5.24412537    
   356.250000       24.1223469       5.34568787    
   360.000000       24.1223469       3.72947693    
   0.00000000       27.8334446       4.04295349    
   3.75000000       27.8334446       4.05271912    
   7.50000000       27.8334446      -3.00587463    
   11.2500000       27.8334446      -3.83399963    
   15.0000000       27.8334446      -4.53712463    
   18.7500000       27.8334446      -2.31153870    
   22.5000000       27.8334446      -4.58106995    
   26.2500000       27.8334446      -2.01954651    
   30.0000000       27.8334446     -0.727554321    
   33.7500000       27.8334446       4.91795349    
   37.5000000       27.8334446      0.114242554    
   41.2500000       27.8334446     -0.336929321    
   45.0000000       27.8334446       1.39744568    
   48.7500000       27.8334446       3.16697693    
   52.5000000       27.8334446     -0.855484009    
   56.2500000       27.8334446      0.232406616    
   60.0000000       27.8334446     -0.134780884    
   63.7500000       27.8334446       1.19822693    
   67.5000000       27.8334446       2.31834412    
   71.2500000       27.8334446      -2.20802307    
   75.0000000       27.8334446      -1.33790588    
   78.7500000       27.8334446       2.60057068    
   82.5000000       27.8334446     -0.390640259    
   86.2500000       27.8334446      -1.01564026    
   90.0000000       27.8334446     -0.631851196    
   93.7500000       27.8334446      0.876937866    
   97.5000000       27.8334446      0.389633179    
   101.250000       27.8334446     -0.148452759    
   105.000000       27.8334446      0.662094116    
   108.750000       27.8334446     -0.960952759    
   112.500000       27.8334446      0.832015991    
   116.250000       27.8334446      -1.00685120    
   120.000000       27.8334446       9.75036621E-03
   123.750000       27.8334446      -3.97755432    
   127.500000       27.8334446      0.162094116    
   131.250000       27.8334446      -4.37989807    
   135.000000       27.8334446      -5.80860901    
   138.750000       27.8334446      -3.82618713    
   142.500000       27.8334446     -0.964859009    
   146.250000       27.8334446       5.07713318    
   150.000000       27.8334446       9.31150818    
   153.750000       27.8334446       9.27928162    
   157.500000       27.8334446       6.63572693    
   161.250000       27.8334446       8.03904724    
   165.000000       27.8334446       3.07713318    
   168.750000       27.8334446      0.610336304    
   172.500000       27.8334446      -1.65040588    
   176.250000       27.8334446      -6.19044495    
   180.000000       27.8334446      -7.84376526    
   183.750000       27.8334446      -10.4599762    
   187.500000       27.8334446      -11.6035309    
   191.250000       27.8334446      -10.9912262    
   195.000000       27.8334446      -11.3847809    
   198.750000       27.8334446      -11.4756012    
   202.500000       27.8334446      -10.3408356    
   206.250000       27.8334446      -5.60450745    
   210.000000       27.8334446      -2.34864807    
   213.750000       27.8334446       2.69529724    
   217.500000       27.8334446       5.59373474    
   221.250000       27.8334446       7.10154724    
   225.000000       27.8334446      -4.18751526    
   228.750000       27.8334446      -8.40235901    
   232.500000       27.8334446      -7.27638245    
   236.250000       27.8334446      -6.17970276    
   240.000000       27.8334446      -4.45021057    
   243.750000       27.8334446      -5.11427307    
   247.500000       27.8334446       2.60740662    
   251.250000       27.8334446      0.970687866    
   255.000000       27.8334446       2.29002380    
   258.750000       27.8334446      -2.19337463    
   262.500000       27.8334446      -1.45802307    
   266.250000       27.8334446       5.23045349    
   270.000000       27.8334446       2.88670349    
   273.750000       27.8334446       3.69432068    
   277.500000       27.8334446       2.23143005    
   281.250000       27.8334446       4.54881287    
   285.000000       27.8334446       5.35740662    
   288.750000       27.8334446       4.82225037    
   292.500000       27.8334446      0.474594116    
   296.250000       27.8334446       1.49119568    
   300.000000       27.8334446      -1.06056213    
   303.750000       27.8334446       3.70941162E-02
   307.500000       27.8334446       9.69139099    
   311.250000       27.8334446       9.76463318    
   315.000000       27.8334446       8.53514099    
   318.750000       27.8334446       2.96580505    
   322.500000       27.8334446      -4.76661682    
   326.250000       27.8334446      -5.39747620    
   330.000000       27.8334446      -4.96974182    
   333.750000       27.8334446      -5.32716370    
   337.500000       27.8334446      -1.52052307    
   341.250000       27.8334446       1.62107849    
   345.000000       27.8334446       4.17185974    
   348.750000       27.8334446       3.19432068    
   352.500000       27.8334446       8.24510193    
   356.250000       27.8334446       10.1923676    
   360.000000       27.8334446       4.04295349    
   0.00000000       31.5445251      0.292953491    
   3.75000000       31.5445251      -1.65724182    
   7.50000000       31.5445251      -4.52247620    
   11.2500000       31.5445251      -3.85548401    
   15.0000000       31.5445251      -4.00782776    
   18.7500000       31.5445251      -4.58302307    
   22.5000000       31.5445251      -2.20509338    
   26.2500000       31.5445251      -2.09571838    
   30.0000000       31.5445251      -1.90431213    
   33.7500000       31.5445251       1.97752380    
   37.5000000       31.5445251      -3.01173401    
   41.2500000       31.5445251       2.36717224    
   45.0000000       31.5445251       3.92478943    
   48.7500000       31.5445251       1.82127380    
   52.5000000       31.5445251       2.62889099    
   56.2500000       31.5445251      0.963851929    
   60.0000000       31.5445251      0.446273804    
   63.7500000       31.5445251      -2.74317932    
   67.5000000       31.5445251     -0.314468384    
   71.2500000       31.5445251       1.56639099    
   75.0000000       31.5445251       1.64158630    
   78.7500000       31.5445251     -0.907241821    
   82.5000000       31.5445251      0.837875366    
   86.2500000       31.5445251      0.438461304    
   90.0000000       31.5445251       8.39691162E-02
   93.7500000       31.5445251       1.18553162    
   97.5000000       31.5445251      -7.22808838E-02
   101.250000       31.5445251     -0.677749634    
   105.000000       31.5445251     -0.994155884    
   108.750000       31.5445251     -0.610366821    
   112.500000       31.5445251      0.274398804    
   116.250000       31.5445251      -2.29396057    
   120.000000       31.5445251     -0.930679321    
   123.750000       31.5445251     -0.915054321    
   127.500000       31.5445251       2.76365662    
   131.250000       31.5445251      -1.48536682    
   135.000000       31.5445251      0.739242554    
   138.750000       31.5445251       4.13182068    
   142.500000       31.5445251      0.390609741    
   146.250000       31.5445251       1.52049255    
   150.000000       31.5445251       1.33396912    
   153.750000       31.5445251       5.56443787    
   157.500000       31.5445251       8.58103943    
   161.250000       31.5445251       7.46092224    
   165.000000       31.5445251       7.36619568    
   168.750000       31.5445251       3.96385193    
   172.500000       31.5445251       1.93650818    
   176.250000       31.5445251      -1.37501526    
   180.000000       31.5445251      -4.57521057    
   183.750000       31.5445251      -8.49220276    
   187.500000       31.5445251      -9.95216370    
   191.250000       31.5445251      -9.78907776    
   195.000000       31.5445251      -8.45802307    
   198.750000       31.5445251      -7.76661682    
   202.500000       31.5445251      -6.10939026    
   206.250000       31.5445251      -3.85743713    
   210.000000       31.5445251      -2.16993713    
   213.750000       31.5445251      -1.08595276    
   217.500000       31.5445251     -0.800796509    
   221.250000       31.5445251      0.837875366    
   225.000000       31.5445251      -4.11036682    
   228.750000       31.5445251      -5.78614807    
   232.500000       31.5445251      -5.76368713    
   236.250000       31.5445251      -2.84083557    
   240.000000       31.5445251      -2.24708557    
   243.750000       31.5445251      -2.18263245    
   247.500000       31.5445251      -2.08009338    
   251.250000       31.5445251      0.732406616    
   255.000000       31.5445251       4.42185974    
   258.750000       31.5445251       5.35154724    
   262.500000       31.5445251       4.24607849    
   266.250000       31.5445251       2.37107849    
   270.000000       31.5445251       2.01170349    
   273.750000       31.5445251       1.63768005    
   277.500000       31.5445251       3.09275818    
   281.250000       31.5445251       9.79685974    
   285.000000       31.5445251       9.52049255    
   288.750000       31.5445251       6.49412537    
   292.500000       31.5445251       4.74900818    
   296.250000       31.5445251       4.53709412    
   300.000000       31.5445251       2.14842224    
   303.750000       31.5445251       2.94529724    
   307.500000       31.5445251       4.97459412    
   311.250000       31.5445251       7.86326599    
   315.000000       31.5445251       13.3290863    
   318.750000       31.5445251       8.18846130    
   322.500000       31.5445251     -0.431655884    
   326.250000       31.5445251      -1.10548401    
   330.000000       31.5445251      -2.97462463    
   333.750000       31.5445251      -1.84767151    
   337.500000       31.5445251      0.820297241    
   341.250000       31.5445251       1.91893005    
   345.000000       31.5445251       6.48338318    
   348.750000       31.5445251       9.63182068    
   352.500000       31.5445251       1.54783630    
   356.250000       31.5445251      0.138656616    
   360.000000       31.5445251      0.292953491    
   0.00000000       35.2555809       1.56097412E-02
   3.75000000       35.2555809      -1.43556213    
   7.50000000       35.2555809     -0.208023071    
   11.2500000       35.2555809     -0.687515259    
   15.0000000       35.2555809     -0.722671509    
   18.7500000       35.2555809       1.11424255    
   22.5000000       35.2555809       4.68597412E-02
   26.2500000       35.2555809       1.78318787    
   30.0000000       35.2555809       4.28221130    
   33.7500000       35.2555809       2.66111755    
   37.5000000       35.2555809      0.343734741    
   41.2500000       35.2555809      -3.95606995    
   45.0000000       35.2555809      -2.01856995    
   48.7500000       35.2555809      0.186508179    
   52.5000000       35.2555809      0.527328491    
   56.2500000       35.2555809      -3.01173401    
   60.0000000       35.2555809       1.67185974    
   63.7500000       35.2555809      -2.10255432    
   67.5000000       35.2555809       1.85838318    
   71.2500000       35.2555809      0.955062866    
   75.0000000       35.2555809     -0.573257446    
   78.7500000       35.2555809      0.844711304    
   82.5000000       35.2555809       4.45213318    
   86.2500000       35.2555809       1.14646912    
   90.0000000       35.2555809       2.54197693    
   93.7500000       35.2555809       2.67771912    
   97.5000000       35.2555809       4.56248474    
   101.250000       35.2555809       2.86131287    
   105.000000       35.2555809     -0.550796509    
   108.750000       35.2555809       1.19822693    
   112.500000       35.2555809       1.04197693    
   116.250000       35.2555809      0.530258179    
   120.000000       35.2555809      0.369125366    
   123.750000       35.2555809       1.47752380    
   127.500000       35.2555809      0.152328491    
   131.250000       35.2555809       4.79393005    
   135.000000       35.2555809      0.903305054    
   138.750000       35.2555809     -0.225601196    
   142.500000       35.2555809       2.66404724    
   146.250000       35.2555809      -2.29786682    
   150.000000       35.2555809      0.730453491    
   153.750000       35.2555809       1.56443787    
   157.500000       35.2555809       2.71678162    
   161.250000       35.2555809       8.20799255    
   165.000000       35.2555809       5.30955505    
   168.750000       35.2555809       6.77732849    
   172.500000       35.2555809       4.53904724    
   176.250000       35.2555809       3.29295349    
   180.000000       35.2555809       1.09861755    
   183.750000       35.2555809     -0.947280884    
   187.500000       35.2555809      -3.43653870    
   191.250000       35.2555809      -3.95118713    
   195.000000       35.2555809      -4.04200745    
   198.750000       35.2555809      -2.32814026    
   202.500000       35.2555809      -3.13771057    
   206.250000       35.2555809      -2.43849182    
   210.000000       35.2555809     -0.936538696    
   213.750000       35.2555809      -3.32032776    
   217.500000       35.2555809      -11.1084137    
   221.250000       35.2555809      -9.27247620    
   225.000000       35.2555809      -6.49806213    
   228.750000       35.2555809      -6.36915588    
   232.500000       35.2555809      -4.56935120    
   236.250000       35.2555809      -2.26368713    
   240.000000       35.2555809      -2.01856995    
   243.750000       35.2555809      0.605453491    
   247.500000       35.2555809     -0.833023071    
   251.250000       35.2555809       2.54295349    
   255.000000       35.2555809       4.57322693    
   258.750000       35.2555809      -2.73590088E-02
   262.500000       35.2555809       1.74119568    
   266.250000       35.2555809       2.69920349    
   270.000000       35.2555809       3.40721130    
   273.750000       35.2555809       2.17381287    
   277.500000       35.2555809       1.59178162    
   281.250000       35.2555809       1.63084412    
   285.000000       35.2555809       9.26268005    
   288.750000       35.2555809       6.92088318    
   292.500000       35.2555809       7.93162537    
   296.250000       35.2555809       10.0165863    
   300.000000       35.2555809       9.44334412    
   303.750000       35.2555809       13.7870941    
   307.500000       35.2555809       15.6523285    
   311.250000       35.2555809       13.3964691    
   315.000000       35.2555809       11.5097504    
   318.750000       35.2555809       8.42478943    
   322.500000       35.2555809       5.01951599    
   326.250000       35.2555809       2.11717224    
   330.000000       35.2555809       2.25291443    
   333.750000       35.2555809       1.65232849    
   337.500000       35.2555809       2.79295349    
   341.250000       35.2555809       5.24607849    
   345.000000       35.2555809       6.34568787    
   348.750000       35.2555809       6.25291443    
   352.500000       35.2555809       6.47361755    
   356.250000       35.2555809       1.37400818    
   360.000000       35.2555809       1.56097412E-02
   0.00000000       38.9666100       2.31639099    
   3.75000000       38.9666100       4.79002380    
   7.50000000       38.9666100      -3.21778870    
   11.2500000       38.9666100      -2.44337463    
   15.0000000       38.9666100      -5.14454651    
   18.7500000       38.9666100     -0.354507446    
   22.5000000       38.9666100      0.807601929    
   26.2500000       38.9666100      0.931625366    
   30.0000000       38.9666100       8.39691162E-02
   33.7500000       38.9666100     -0.292984009    
   37.5000000       38.9666100      0.914047241    
   41.2500000       38.9666100      0.652328491    
   45.0000000       38.9666100       1.54197693    
   48.7500000       38.9666100      0.557601929    
   52.5000000       38.9666100     -0.892593384    
   56.2500000       38.9666100      -2.93121338E-02
   60.0000000       38.9666100      -6.79786682    
   63.7500000       38.9666100      -2.41114807    
   67.5000000       38.9666100     -0.543960571    
   71.2500000       38.9666100     -0.895523071    
   75.0000000       38.9666100     -0.220718384    
   78.7500000       38.9666100      -5.76324463E-02
   82.5000000       38.9666100     -0.613296509    
   86.2500000       38.9666100      -1.73146057    
   90.0000000       38.9666100      0.624008179    
   93.7500000       38.9666100     -0.973648071    
   97.5000000       38.9666100       3.18455505    
   101.250000       38.9666100       1.42381287    
   105.000000       38.9666100       5.13377380    
   108.750000       38.9666100       3.17674255    
   112.500000       38.9666100       1.69432068    
   116.250000       38.9666100       5.00389099    
   120.000000       38.9666100       4.88182068    
   123.750000       38.9666100       2.54002380    
   127.500000       38.9666100      0.830062866    
   131.250000       38.9666100       3.04295349    
   135.000000       38.9666100       7.99803162    
   138.750000       38.9666100       8.60643005    
   142.500000       38.9666100       5.88279724    
   146.250000       38.9666100       4.76365662    
   150.000000       38.9666100       4.10057068    
   153.750000       38.9666100       5.84080505    
   157.500000       38.9666100       6.05076599    
   161.250000       38.9666100       9.30564880    
   165.000000       38.9666100       6.84764099    
   168.750000       38.9666100       1.93357849    
   172.500000       38.9666100       3.31834412    
   176.250000       38.9666100       3.70506287    
   180.000000       38.9666100       4.42869568    
   183.750000       38.9666100       4.74900818    
   187.500000       38.9666100       1.95701599    
   191.250000       38.9666100       4.07127380    
   195.000000       38.9666100      0.165023804    
   198.750000       38.9666100       1.44529724    
   202.500000       38.9666100     -0.183609009    
   206.250000       38.9666100     -0.370132446    
   210.000000       38.9666100      -3.12696838    
   213.750000       38.9666100      -8.26954651    
   217.500000       38.9666100      -11.8066559    
   221.250000       38.9666100      -13.9082184    
   225.000000       38.9666100      -6.25587463    
   228.750000       38.9666100      -3.16700745    
   232.500000       38.9666100     -0.812515259    
   236.250000       38.9666100      0.364242554    
   240.000000       38.9666100       9.75036621E-03
   243.750000       38.9666100       1.57225037    
   247.500000       38.9666100     -0.407241821    
   251.250000       38.9666100      0.829086304    
   255.000000       38.9666100       2.10057068    
   258.750000       38.9666100       2.88475037    
   262.500000       38.9666100       2.88475037    
   266.250000       38.9666100       4.14646912    
   270.000000       38.9666100       4.99119568    
   273.750000       38.9666100       4.43064880    
   277.500000       38.9666100       2.86033630    
   281.250000       38.9666100      0.568344116    
   285.000000       38.9666100      -1.19142151    
   288.750000       38.9666100      -2.15821838    
   292.500000       38.9666100       5.11912537    
   296.250000       38.9666100       9.85545349    
   300.000000       38.9666100       14.5976410    
   303.750000       38.9666100       16.4199066    
   307.500000       38.9666100       14.7704926    
   311.250000       38.9666100       11.1640472    
   315.000000       38.9666100       12.8886566    
   318.750000       38.9666100       9.97654724    
   322.500000       38.9666100       3.51560974    
   326.250000       38.9666100       3.52830505    
   330.000000       38.9666100       1.40135193    
   333.750000       38.9666100     -0.230484009    
   337.500000       38.9666100       4.38084412    
   341.250000       38.9666100       6.41697693    
   345.000000       38.9666100       7.10447693    
   348.750000       38.9666100       5.15232849    
   352.500000       38.9666100      0.545883179    
   356.250000       38.9666100     -0.166030884    
   360.000000       38.9666100       2.31639099    
   0.00000000       42.6776047     -0.260757446    
   3.75000000       42.6776047      0.332015991    
   7.50000000       42.6776047      -8.77540588    
   11.2500000       42.6776047      -6.85939026    
   15.0000000       42.6776047      -4.60939026    
   18.7500000       42.6776047     -0.895523071    
   22.5000000       42.6776047       1.12303162    
   26.2500000       42.6776047      0.148422241    
   30.0000000       42.6776047       3.51463318    
   33.7500000       42.6776047       5.75682068    
   37.5000000       42.6776047      -2.66114807    
   41.2500000       42.6776047      -5.49122620    
   45.0000000       42.6776047      -9.66949463E-02
   48.7500000       42.6776047       3.47850037    
   52.5000000       42.6776047      0.916976929    
   56.2500000       42.6776047       2.14842224    
   60.0000000       42.6776047      0.337875366    
   63.7500000       42.6776047       1.58885193    
   67.5000000       42.6776047      -2.21583557    
   71.2500000       42.6776047       7.71331787E-02
   75.0000000       42.6776047      0.966781616    
   78.7500000       42.6776047      -1.79591370    
   82.5000000       42.6776047     -0.237319946    
   86.2500000       42.6776047       7.22503662E-02
   90.0000000       42.6776047      -2.14649963    
   93.7500000       42.6776047      -1.72364807    
   97.5000000       42.6776047       3.05076599    
   101.250000       42.6776047      -1.67481995    
   105.000000       42.6776047       1.22654724    
   108.750000       42.6776047       1.95310974    
   112.500000       42.6776047       1.12889099    
   116.250000       42.6776047     -0.285171509    
   120.000000       42.6776047       1.99803162    
   123.750000       42.6776047       4.06248474    
   127.500000       42.6776047     -0.676773071    
   131.250000       42.6776047       7.91307068    
   135.000000       42.6776047       6.79295349    
   138.750000       42.6776047       9.32615662    
   142.500000       42.6776047       1.48045349    
   146.250000       42.6776047       4.34080505    
   150.000000       42.6776047       7.08494568    
   153.750000       42.6776047       3.74705505    
   157.500000       42.6776047       7.41111755    
   161.250000       42.6776047       6.19529724    
   165.000000       42.6776047       6.44139099    
   168.750000       42.6776047       3.55857849    
   172.500000       42.6776047      0.749008179    
   176.250000       42.6776047      -3.46876526    
   180.000000       42.6776047       6.28514099    
   183.750000       42.6776047       8.45896912    
   187.500000       42.6776047       9.33982849    
   191.250000       42.6776047       11.2509613    
   195.000000       42.6776047       12.6884613    
   198.750000       42.6776047       8.76463318    
   202.500000       42.6776047       5.79393005    
   206.250000       42.6776047       5.47459412    
   210.000000       42.6776047       1.45994568    
   213.750000       42.6776047      -2.88478088    
   217.500000       42.6776047      -6.76661682    
   221.250000       42.6776047      -9.94630432    
   225.000000       42.6776047      -6.49024963    
   228.750000       42.6776047       2.39353943    
   232.500000       42.6776047       12.5097504    
   236.250000       42.6776047      0.249008179    
   240.000000       42.6776047      0.392562866    
   243.750000       42.6776047       3.34861755    
   247.500000       42.6776047      0.125961304    
   251.250000       42.6776047       5.33103943    
   255.000000       42.6776047       6.29197693    
   258.750000       42.6776047       7.34959412    
   262.500000       42.6776047       4.55369568    
   266.250000       42.6776047       5.92967224    
   270.000000       42.6776047       4.40037537    
   273.750000       42.6776047       10.3554535    
   277.500000       42.6776047       4.03904724    
   281.250000       42.6776047     -0.195327759    
   285.000000       42.6776047      -1.31056213    
   288.750000       42.6776047      -1.62306213    
   292.500000       42.6776047       4.87596130    
   296.250000       42.6776047       9.79002380    
   300.000000       42.6776047       13.1552582    
   303.750000       42.6776047       11.4042816    
   307.500000       42.6776047       6.27830505    
   311.250000       42.6776047       3.77928162    
   315.000000       42.6776047       7.56346130    
   318.750000       42.6776047       7.73826599    
   322.500000       42.6776047       1.14646912    
   326.250000       42.6776047      0.161117554    
   330.000000       42.6776047      -1.25196838    
   333.750000       42.6776047      -1.48243713    
   337.500000       42.6776047       4.32518005    
   341.250000       42.6776047       4.73728943    
   345.000000       42.6776047       4.58885193    
   348.750000       42.6776047     -0.513687134    
   352.500000       42.6776047      -1.28517151    
   356.250000       42.6776047      0.446273804    
   360.000000       42.6776047     -0.260757446    
   0.00000000       46.3885536      -1.40724182    
   3.75000000       46.3885536      -4.12599182    
   7.50000000       46.3885536      -1.30177307    
   11.2500000       46.3885536     -0.621109009    
   15.0000000       46.3885536       1.20603943    
   18.7500000       46.3885536       2.35838318    
   22.5000000       46.3885536       5.76019287E-02
   26.2500000       46.3885536      0.899398804    
   30.0000000       46.3885536      -3.39552307    
   33.7500000       46.3885536      -4.12696838    
   37.5000000       46.3885536     -0.726577759    
   41.2500000       46.3885536     -0.563491821    
   45.0000000       46.3885536       1.65135193    
   48.7500000       46.3885536       4.26463318    
   52.5000000       46.3885536       10.1122894    
   56.2500000       46.3885536       5.79002380    
   60.0000000       46.3885536       9.93846130    
   63.7500000       46.3885536       2.92967224    
   67.5000000       46.3885536       2.60057068    
   71.2500000       46.3885536      -1.56251526    
   75.0000000       46.3885536     -0.519546509    
   78.7500000       46.3885536       4.58396912    
   82.5000000       46.3885536     -0.111343384    
   86.2500000       46.3885536      0.189437866    
   90.0000000       46.3885536      -3.27149963    
   93.7500000       46.3885536       2.48826599    
   97.5000000       46.3885536       1.80760193    
   101.250000       46.3885536      -1.20411682    
   105.000000       46.3885536       2.14451599    
   108.750000       46.3885536       1.33689880    
   112.500000       46.3885536       1.40623474    
   116.250000       46.3885536       3.30955505    
   120.000000       46.3885536       4.23728943    
   123.750000       46.3885536       4.16990662    
   127.500000       46.3885536       3.71385193    
   131.250000       46.3885536       4.36717224    
   135.000000       46.3885536     -0.455093384    
   138.750000       46.3885536       6.05955505    
   142.500000       46.3885536       8.93748474    
   146.250000       46.3885536       9.06639099    
   150.000000       46.3885536       8.03416443    
   153.750000       46.3885536       8.37791443    
   157.500000       46.3885536       3.33299255    
   161.250000       46.3885536       6.24847412E-02
   165.000000       46.3885536      -8.68556213    
   168.750000       46.3885536      -8.41407776    
   172.500000       46.3885536      -8.56837463    
   176.250000       46.3885536      -5.79981995    
   180.000000       46.3885536      -5.17872620    
   183.750000       46.3885536      0.547836304    
   187.500000       46.3885536       10.7783051    
   191.250000       46.3885536       15.3779144    
   195.000000       46.3885536       14.7646332    
   198.750000       46.3885536       12.7109222    
   202.500000       46.3885536       11.8720551    
   206.250000       46.3885536       10.2929535    
   210.000000       46.3885536       7.85447693    
   213.750000       46.3885536       6.36912537    
   217.500000       46.3885536       4.78221130    
   221.250000       46.3885536       4.97361755    
   225.000000       46.3885536       7.91990662    
   228.750000       46.3885536       10.6347504    
   232.500000       46.3885536       8.67283630    
   236.250000       46.3885536      -4.30958557    
   240.000000       46.3885536      0.733383179    
   243.750000       46.3885536      0.267562866    
   247.500000       46.3885536       2.61228943    
   251.250000       46.3885536       9.49998474    
   255.000000       46.3885536       6.63377380    
   258.750000       46.3885536       5.49607849    
   262.500000       46.3885536       3.60252380    
   266.250000       46.3885536       5.00584412    
   270.000000       46.3885536       1.71092224    
   273.750000       46.3885536     -0.427749634    
   277.500000       46.3885536      -5.53321838    
   281.250000       46.3885536      -3.98146057    
   285.000000       46.3885536      -2.19435120    
   288.750000       46.3885536      0.341781616    
   292.500000       46.3885536       1.52830505    
   296.250000       46.3885536       8.60252380    
   300.000000       46.3885536       10.1337738    
   303.750000       46.3885536       13.3232269    
   307.500000       46.3885536       9.74314880    
   311.250000       46.3885536       7.53318787    
   315.000000       46.3885536       8.29100037    
   318.750000       46.3885536       5.05369568    
   322.500000       46.3885536      -2.65235901    
   326.250000       46.3885536     -0.995132446    
   330.000000       46.3885536      -6.40333557    
   333.750000       46.3885536      -1.95509338    
   337.500000       46.3885536       1.26756287    
   341.250000       46.3885536       1.31150818    
   345.000000       46.3885536       2.72166443    
   348.750000       46.3885536      -1.76564026    
   352.500000       46.3885536      0.385726929    
   356.250000       46.3885536       1.10252380    
   360.000000       46.3885536      -1.40724182    
   0.00000000       50.0994530      -3.49317932    
   3.75000000       50.0994530      -2.82911682    
   7.50000000       50.0994530      -1.45704651    
   11.2500000       50.0994530      -1.36817932    
   15.0000000       50.0994530       1.19822693    
   18.7500000       50.0994530      -1.34376526    
   22.5000000       50.0994530      -3.49024963    
   26.2500000       50.0994530      -1.79103088    
   30.0000000       50.0994530     -0.370132446    
   33.7500000       50.0994530       2.04100037    
   37.5000000       50.0994530       2.68846130    
   41.2500000       50.0994530       3.24119568    
   45.0000000       50.0994530       5.50584412    
   48.7500000       50.0994530       9.66893005    
   52.5000000       50.0994530       9.17088318    
   56.2500000       50.0994530       10.3076019    
   60.0000000       50.0994530       12.9511566    
   63.7500000       50.0994530       6.37400818    
   67.5000000       50.0994530       5.21482849    
   71.2500000       50.0994530       2.44627380    
   75.0000000       50.0994530       3.69139099    
   78.7500000       50.0994530       2.47264099    
   82.5000000       50.0994530       3.72459412    
   86.2500000       50.0994530     -0.374038696    
   90.0000000       50.0994530       2.29783630    
   93.7500000       50.0994530      -1.18360901    
   97.5000000       50.0994530       1.11521912    
   101.250000       50.0994530       1.87986755    
   105.000000       50.0994530       1.95506287    
   108.750000       50.0994530     -0.258804321    
   112.500000       50.0994530       2.03904724    
   116.250000       50.0994530       1.47557068    
   120.000000       50.0994530       1.53221130    
   123.750000       50.0994530       3.03416443    
   127.500000       50.0994530       2.49314880    
   131.250000       50.0994530      0.865219116    
   135.000000       50.0994530     -0.958999634    
   138.750000       50.0994530       1.94920349    
   142.500000       50.0994530       1.23143005    
   146.250000       50.0994530       7.72459412    
   150.000000       50.0994530       8.54002380    
   153.750000       50.0994530       6.52244568    
   157.500000       50.0994530       5.49705505    
   161.250000       50.0994530      -2.52345276    
   165.000000       50.0994530      -5.08399963    
   168.750000       50.0994530      -6.98927307    
   172.500000       50.0994530      -7.05860901    
   176.250000       50.0994530      -8.59962463    
   180.000000       50.0994530      -4.60157776    
   183.750000       50.0994530      0.374984741    
   187.500000       50.0994530       4.05760193    
   191.250000       50.0994530       16.9618988    
   195.000000       50.0994530       16.0576019    
   198.750000       50.0994530       12.2743988    
   202.500000       50.0994530       11.9189301    
   206.250000       50.0994530       12.5439301    
   210.000000       50.0994530       10.0868988    
   213.750000       50.0994530       8.87791443    
   217.500000       50.0994530       9.33103943    
   221.250000       50.0994530       11.2695160    
   225.000000       50.0994530       12.7060394    
   228.750000       50.0994530       14.1904144    
   232.500000       50.0994530       8.46971130    
   236.250000       50.0994530      -8.30230713E-02
   240.000000       50.0994530      0.399398804    
   243.750000       50.0994530       1.58787537    
   247.500000       50.0994530       4.90428162    
   251.250000       50.0994530       3.63279724    
   255.000000       50.0994530       6.09861755    
   258.750000       50.0994530       4.76268005    
   262.500000       50.0994530       2.39549255    
   266.250000       50.0994530       1.57615662    
   270.000000       50.0994530      0.859359741    
   273.750000       50.0994530      -1.53517151    
   277.500000       50.0994530      -1.83009338    
   281.250000       50.0994530      -2.28614807    
   285.000000       50.0994530      -1.70314026    
   288.750000       50.0994530      0.756820679    
   292.500000       50.0994530       2.67381287    
   296.250000       50.0994530       5.96580505    
   300.000000       50.0994530       7.43260193    
   303.750000       50.0994530       2.25877380    
   307.500000       50.0994530       5.39549255    
   311.250000       50.0994530       8.94529724    
   315.000000       50.0994530       6.43553162    
   318.750000       50.0994530      -5.10646057    
   322.500000       50.0994530      -3.68946838    
   326.250000       50.0994530      -13.1562653    
   330.000000       50.0994530      -9.02345276    
   333.750000       50.0994530      -3.71485901    
   337.500000       50.0994530      -1.68263245    
   341.250000       50.0994530     -0.807632446    
   345.000000       50.0994530      -3.39649963    
   348.750000       50.0994530      -4.04786682    
   352.500000       50.0994530      -4.63087463    
   356.250000       50.0994530     -0.921890259    
   360.000000       50.0994530      -3.49317932    
   0.00000000       53.8102722      -4.15724182    
   3.75000000       53.8102722      -4.24024963    
   7.50000000       53.8102722      -6.38185120    
   11.2500000       53.8102722      -7.12208557    
   15.0000000       53.8102722      -7.47853088    
   18.7500000       53.8102722      -5.85548401    
   22.5000000       53.8102722      -2.12013245    
   26.2500000       53.8102722      0.914047241    
   30.0000000       53.8102722       2.38963318    
   33.7500000       53.8102722       2.83494568    
   37.5000000       53.8102722       3.70018005    
   41.2500000       53.8102722       3.06834412    
   45.0000000       53.8102722       3.01853943    
   48.7500000       53.8102722       4.92674255    
   52.5000000       53.8102722       3.26463318    
   56.2500000       53.8102722       1.17478943    
   60.0000000       53.8102722      0.687484741    
   63.7500000       53.8102722      -2.14161682    
   67.5000000       53.8102722      0.344711304    
   71.2500000       53.8102722       3.14646912    
   75.0000000       53.8102722       6.97557068    
   78.7500000       53.8102722       8.72850037    
   82.5000000       53.8102722       7.32518005    
   86.2500000       53.8102722     -0.462905884    
   90.0000000       53.8102722      0.725570679    
   93.7500000       53.8102722      -1.77247620    
   97.5000000       53.8102722       1.88475037    
   101.250000       53.8102722       1.08103943    
   105.000000       53.8102722       1.29100037    
   108.750000       53.8102722      -1.17677307    
   112.500000       53.8102722       1.95896912    
   116.250000       53.8102722       1.21482849    
   120.000000       53.8102722       1.06932068    
   123.750000       53.8102722      0.920883179    
   127.500000       53.8102722      0.611312866    
   131.250000       53.8102722       1.37303162    
   135.000000       53.8102722       3.15232849    
   138.750000       53.8102722       1.18357849    
   142.500000       53.8102722       7.29783630    
   146.250000       53.8102722       11.1357269    
   150.000000       53.8102722       8.59959412    
   153.750000       53.8102722       8.79783630    
   157.500000       53.8102722     -0.944351196    
   161.250000       53.8102722       3.85252380    
   165.000000       53.8102722       2.24900818    
   168.750000       53.8102722       4.00975037    
   172.500000       53.8102722       5.64451599    
   176.250000       53.8102722       6.93943787    
   180.000000       53.8102722       8.65037537    
   183.750000       53.8102722       9.18846130    
   187.500000       53.8102722       11.0937347    
   191.250000       53.8102722       11.6865082    
   195.000000       53.8102722       10.6640472    
   198.750000       53.8102722       2.37400818    
   202.500000       53.8102722       6.51560974    
   206.250000       53.8102722       2.79588318    
   210.000000       53.8102722       7.97459412    
   213.750000       53.8102722       12.8730316    
   217.500000       53.8102722       14.4550629    
   221.250000       53.8102722       17.5800629    
   225.000000       53.8102722       18.9482269    
   228.750000       53.8102722       12.7460785    
   232.500000       53.8102722       1.93455505    
   236.250000       53.8102722       4.80467224    
   240.000000       53.8102722       9.56878662E-02
   243.750000       53.8102722       1.81736755    
   247.500000       53.8102722       1.97557068    
   251.250000       53.8102722       2.70799255    
   255.000000       53.8102722       2.63182068    
   258.750000       53.8102722       2.43455505    
   262.500000       53.8102722     -0.219741821    
   266.250000       53.8102722     -0.875015259    
   270.000000       53.8102722     -0.634780884    
   273.750000       53.8102722      -1.57228088    
   277.500000       53.8102722      -2.93263245    
   281.250000       53.8102722      -3.32423401    
   285.000000       53.8102722       1.55467224    
   288.750000       53.8102722       5.46775818    
   292.500000       53.8102722       8.49607849    
   296.250000       53.8102722       7.06248474    
   300.000000       53.8102722       3.81346130    
   303.750000       53.8102722       7.98240662    
   307.500000       53.8102722       5.55271912    
   311.250000       53.8102722       2.14451599    
   315.000000       53.8102722      -4.32130432    
   318.750000       53.8102722      -12.2373199    
   322.500000       53.8102722      -17.9414215    
   326.250000       53.8102722      -14.7656403    
   330.000000       53.8102722      -9.25196838    
   333.750000       53.8102722      -3.07325745    
   337.500000       53.8102722      -1.80860901    
   341.250000       53.8102722      -1.55665588    
   345.000000       53.8102722      -2.62794495    
   348.750000       53.8102722      -1.54981995    
   352.500000       53.8102722      0.238265991    
   356.250000       53.8102722      -10.3857574    
   360.000000       53.8102722      -4.15724182    
   0.00000000       57.5209885      -13.9384918    
   3.75000000       57.5209885      -14.1601715    
   7.50000000       57.5209885      -13.3408356    
   11.2500000       57.5209885      -9.22853088    
   15.0000000       57.5209885      -1.63087463    
   18.7500000       57.5209885      -9.54103088    
   22.5000000       57.5209885      -5.42384338    
   26.2500000       57.5209885       1.08494568    
   30.0000000       57.5209885       2.17478943    
   33.7500000       57.5209885       1.12010193    
   37.5000000       57.5209885     -0.295913696    
   41.2500000       57.5209885     -0.312515259    
   45.0000000       57.5209885       1.67869568    
   48.7500000       57.5209885      0.690414429    
   52.5000000       57.5209885       4.58831787E-02
   56.2500000       57.5209885       9.17816162E-02
   60.0000000       57.5209885      0.480453491    
   63.7500000       57.5209885      -1.17970276    
   67.5000000       57.5209885      0.843734741    
   71.2500000       57.5209885       1.94334412    
   75.0000000       57.5209885       2.21580505    
   78.7500000       57.5209885       2.63182068    
   82.5000000       57.5209885     -0.216812134    
   86.2500000       57.5209885      -1.05079651    
   90.0000000       57.5209885     -0.709976196    
   93.7500000       57.5209885      0.464828491    
   97.5000000       57.5209885       1.02732849    
   101.250000       57.5209885       1.71873474    
   105.000000       57.5209885       1.68553162    
   108.750000       57.5209885       1.64939880    
   112.500000       57.5209885       9.76409912E-02
   116.250000       57.5209885     -0.575210571    
   120.000000       57.5209885      0.743148804    
   123.750000       57.5209885       1.55369568    
   127.500000       57.5209885       2.76951599    
   131.250000       57.5209885       1.51268005    
   135.000000       57.5209885       1.17674255    
   138.750000       57.5209885       3.09666443    
   142.500000       57.5209885       4.85838318    
   146.250000       57.5209885       6.12107849    
   150.000000       57.5209885       11.9579926    
   153.750000       57.5209885       9.11717224    
   157.500000       57.5209885     -0.766616821    
   161.250000       57.5209885       2.44920349    
   165.000000       57.5209885       3.45310974    
   168.750000       57.5209885       1.65330505    
   172.500000       57.5209885       6.64744568    
   176.250000       57.5209885       10.4824066    
   180.000000       57.5209885       7.76365662    
   183.750000       57.5209885       12.0390472    
   187.500000       57.5209885       11.8251801    
   191.250000       57.5209885      0.622055054    
   195.000000       57.5209885      -8.32228088    
   198.750000       57.5209885      -7.28224182    
   202.500000       57.5209885      -3.37696838    
   206.250000       57.5209885      -4.29840088E-02
   210.000000       57.5209885       10.0947113    
   213.750000       57.5209885       14.4003754    
   217.500000       57.5209885       16.6025238    
   221.250000       57.5209885       14.4169769    
   225.000000       57.5209885       3.44627380    
   228.750000       57.5209885      0.125961304    
   232.500000       57.5209885       1.49021912    
   236.250000       57.5209885       1.79978943    
   240.000000       57.5209885       1.64939880    
   243.750000       57.5209885      0.185531616    
   247.500000       57.5209885      0.205062866    
   251.250000       57.5209885      0.457015991    
   255.000000       57.5209885       1.98533630    
   258.750000       57.5209885       1.51365662    
   262.500000       57.5209885     -0.661148071    
   266.250000       57.5209885     -0.744155884    
   270.000000       57.5209885      -5.46095276    
   273.750000       57.5209885      -6.37989807    
   277.500000       57.5209885      -1.48048401    
   281.250000       57.5209885       7.01853943    
   285.000000       57.5209885       7.04978943    
   288.750000       57.5209885       7.73143005    
   292.500000       57.5209885       5.61814880    
   296.250000       57.5209885       9.14060974    
   300.000000       57.5209885       10.1054535    
   303.750000       57.5209885      -7.95899963    
   307.500000       57.5209885      -14.3574371    
   311.250000       57.5209885      -18.1455231    
   315.000000       57.5209885      -19.3037262    
   318.750000       57.5209885      -23.1445465    
   322.500000       57.5209885      -19.6045074    
   326.250000       57.5209885      -14.8330231    
   330.000000       57.5209885      -8.85646057    
   333.750000       57.5209885      -5.78419495    
   337.500000       57.5209885      -3.62892151    
   341.250000       57.5209885      -1.61524963    
   345.000000       57.5209885      -1.94142151    
   348.750000       57.5209885      -5.34376526    
   352.500000       57.5209885      -3.81544495    
   356.250000       57.5209885      -2.29298401    
   360.000000       57.5209885      -13.9384918    
   0.00000000       61.2315712     -0.500991821    
   3.75000000       61.2315712      0.401351929    
   7.50000000       61.2315712      -1.92579651    
   11.2500000       61.2315712     -0.910171509    
   15.0000000       61.2315712      -1.42677307    
   18.7500000       61.2315712      -4.27931213    
   22.5000000       61.2315712      -4.40821838    
   26.2500000       61.2315712     -0.248062134    
   30.0000000       61.2315712      -2.94728088    
   33.7500000       61.2315712      -3.88868713    
   37.5000000       61.2315712      -1.04493713    
   41.2500000       61.2315712      0.226547241    
   45.0000000       61.2315712      0.548812866    
   48.7500000       61.2315712      0.273422241    
   52.5000000       61.2315712     -0.147476196    
   56.2500000       61.2315712     -0.488296509    
   60.0000000       61.2315712       7.79724121E-03
   63.7500000       61.2315712     -0.529312134    
   67.5000000       61.2315712     -0.804702759    
   71.2500000       61.2315712      -2.77345276    
   75.0000000       61.2315712      -3.30079651    
   78.7500000       61.2315712      -2.13673401    
   82.5000000       61.2315712      -1.80763245    
   86.2500000       61.2315712      -1.03224182    
   90.0000000       61.2315712     -0.312515259    
   93.7500000       61.2315712       1.35545349    
   97.5000000       61.2315712       1.11521912    
   101.250000       61.2315712       1.41404724    
   105.000000       61.2315712       1.82908630    
   108.750000       61.2315712       1.83396912    
   112.500000       61.2315712       1.96775818    
   116.250000       61.2315712       1.74803162    
   120.000000       61.2315712     -0.395523071    
   123.750000       61.2315712     -0.318374634    
   127.500000       61.2315712       7.42034912E-02
   131.250000       61.2315712      0.498031616    
   135.000000       61.2315712      0.679672241    
   138.750000       61.2315712       1.63279724    
   142.500000       61.2315712      0.840805054    
   146.250000       61.2315712      -2.81153870    
   150.000000       61.2315712      -1.98048401    
   153.750000       61.2315712      0.652328491    
   157.500000       61.2315712      -8.03028870    
   161.250000       61.2315712      -5.30567932    
   165.000000       61.2315712      -3.60353088    
   168.750000       61.2315712     -0.530288696    
   172.500000       61.2315712      0.692367554    
   176.250000       61.2315712       6.77830505    
   180.000000       61.2315712       6.80662537    
   183.750000       61.2315712       11.9697113    
   187.500000       61.2315712       7.80271912    
   191.250000       61.2315712       4.68162537    
   195.000000       61.2315712      -6.38575745    
   198.750000       61.2315712      -3.29396057    
   202.500000       61.2315712      -6.15386963E-02
   206.250000       61.2315712     -0.199234009    
   210.000000       61.2315712      -3.15431213    
   213.750000       61.2315712      -1.64454651    
   217.500000       61.2315712     -0.413101196    
   221.250000       61.2315712       1.13182068    
   225.000000       61.2315712       1.11912537    
   228.750000       61.2315712       1.40721130    
   232.500000       61.2315712     -0.292007446    
   236.250000       61.2315712      0.101547241    
   240.000000       61.2315712      0.170883179    
   243.750000       61.2315712      -2.19044495    
   247.500000       61.2315712      -1.39356995    
   251.250000       61.2315712      0.245101929    
   255.000000       61.2315712       1.14646912    
   258.750000       61.2315712       2.29295349    
   262.500000       61.2315712      -8.10699463E-02
   266.250000       61.2315712      -1.86524963    
   270.000000       61.2315712      -2.13087463    
   273.750000       61.2315712       1.61326599    
   277.500000       61.2315712       5.38279724    
   281.250000       61.2315712       7.64158630    
   285.000000       61.2315712       6.75193787    
   288.750000       61.2315712       1.51365662    
   292.500000       61.2315712      -1.22755432    
   296.250000       61.2315712       8.77928162    
   300.000000       61.2315712      -14.0449371    
   303.750000       61.2315712      -19.9257965    
   307.500000       61.2315712      -21.0918121    
   311.250000       61.2315712      -18.6045074    
   315.000000       61.2315712      -8.50001526    
   318.750000       61.2315712      -13.6601715    
   322.500000       61.2315712      -11.6328278    
   326.250000       61.2315712      -10.6152496    
   330.000000       61.2315712      -10.2148590    
   333.750000       61.2315712      -6.76564026    
   337.500000       61.2315712      -4.17384338    
   341.250000       61.2315712      -12.9101715    
   345.000000       61.2315712      -14.0175934    
   348.750000       61.2315712      -10.9931793    
   352.500000       61.2315712      -9.06349182    
   356.250000       61.2315712      -1.69532776    
   360.000000       61.2315712     -0.500991821    
   0.00000000       64.9419479       9.12010193    
   3.75000000       64.9419479       6.57908630    
   7.50000000       64.9419479       8.14256287    
   11.2500000       64.9419479      -2.95216370    
   15.0000000       64.9419479     -0.638687134    
   18.7500000       64.9419479      0.313461304    
   22.5000000       64.9419479       1.71092224    
   26.2500000       64.9419479      -2.75587463    
   30.0000000       64.9419479     -0.284194946    
   33.7500000       64.9419479      -1.86817932    
   37.5000000       64.9419479      -1.96290588    
   41.2500000       64.9419479      -1.17384338    
   45.0000000       64.9419479      0.876937866    
   48.7500000       64.9419479      0.108383179    
   52.5000000       64.9419479       1.11717224    
   56.2500000       64.9419479      0.443344116    
   60.0000000       64.9419479     -0.444351196    
   63.7500000       64.9419479      -3.58399963    
   67.5000000       64.9419479      -5.16603088    
   71.2500000       64.9419479      -7.19630432    
   75.0000000       64.9419479      -8.41896057    
   78.7500000       64.9419479      -7.87599182    
   82.5000000       64.9419479      -5.66212463    
   86.2500000       64.9419479      -1.84083557    
   90.0000000       64.9419479      0.655258179    
   93.7500000       64.9419479       1.11912537    
   97.5000000       64.9419479       1.14939880    
   101.250000       64.9419479      0.223617554    
   105.000000       64.9419479     -0.846694946    
   108.750000       64.9419479      -1.79786682    
   112.500000       64.9419479      -1.56251526    
   116.250000       64.9419479     -0.282241821    
   120.000000       64.9419479      0.582992554    
   123.750000       64.9419479      0.955062866    
   127.500000       64.9419479      -1.88966370    
   131.250000       64.9419479      -1.61036682    
   135.000000       64.9419479       2.27537537    
   138.750000       64.9419479       1.69236755    
   142.500000       64.9419479       7.71331787E-02
   146.250000       64.9419479      0.295883179    
   150.000000       64.9419479      0.749008179    
   153.750000       64.9419479      0.503890991    
   157.500000       64.9419479     -0.250991821    
   161.250000       64.9419479      -1.23536682    
   165.000000       64.9419479       1.37303162    
   168.750000       64.9419479       1.19627380    
   172.500000       64.9419479       1.18553162    
   176.250000       64.9419479       6.00193787    
   180.000000       64.9419479      0.665023804    
   183.750000       64.9419479      -6.20118713    
   187.500000       64.9419479      -2.50782776    
   191.250000       64.9419479      -5.97071838    
   195.000000       64.9419479      -1.15821838    
   198.750000       64.9419479     -0.992202759    
   202.500000       64.9419479      0.388656616    
   206.250000       64.9419479       9.61303711E-04
   210.000000       64.9419479      -3.22418213E-02
   213.750000       64.9419479      -1.03907776    
   217.500000       64.9419479      0.624008179    
   221.250000       64.9419479      0.908187866    
   225.000000       64.9419479      0.644515991    
   228.750000       64.9419479     -0.138687134    
   232.500000       64.9419479       2.15818787    
   236.250000       64.9419479       1.73143005    
   240.000000       64.9419479      -1.10841370    
   243.750000       64.9419479     -0.781265259    
   247.500000       64.9419479      -1.36036682    
   251.250000       64.9419479       6.83441162E-02
   255.000000       64.9419479       2.10838318    
   258.750000       64.9419479       1.66795349    
   262.500000       64.9419479      0.449203491    
   266.250000       64.9419479      -2.57423401    
   270.000000       64.9419479     -0.514663696    
   273.750000       64.9419479       1.78025818    
   277.500000       64.9419479       6.71873474    
   281.250000       64.9419479       7.97361755    
   285.000000       64.9419479       5.64939880    
   288.750000       64.9419479      -3.28419495    
   292.500000       64.9419479      -5.39747620    
   296.250000       64.9419479      -9.01271057    
   300.000000       64.9419479      -11.2988434    
   303.750000       64.9419479      -1.56446838    
   307.500000       64.9419479      -7.67189026    
   311.250000       64.9419479      -14.7265778    
   315.000000       64.9419479      -10.0625153    
   318.750000       64.9419479       3.44725037    
   322.500000       64.9419479     -0.324234009    
   326.250000       64.9419479     -0.979507446    
   330.000000       64.9419479      0.791976929    
   333.750000       64.9419479      -5.25685120    
   337.500000       64.9419479      -5.00978088    
   341.250000       64.9419479      -3.69825745    
   345.000000       64.9419479       4.29197693    
   348.750000       64.9419479       2.38768005    
   352.500000       64.9419479       4.28318787    
   356.250000       64.9419479       7.38865662    
   360.000000       64.9419479       9.12010193    
   0.00000000       68.6520157       7.55955505    
   3.75000000       68.6520157       8.43455505    
   7.50000000       68.6520157       9.29881287    
   11.2500000       68.6520157       8.01365662    
   15.0000000       68.6520157      0.821273804    
   18.7500000       68.6520157     -0.531265259    
   22.5000000       68.6520157     -0.417007446    
   26.2500000       68.6520157      0.222640991    
   30.0000000       68.6520157      0.655258179    
   33.7500000       68.6520157       1.68846130    
   37.5000000       68.6520157     -0.599624634    
   41.2500000       68.6520157      -4.27345276    
   45.0000000       68.6520157      -6.55079651    
   48.7500000       68.6520157      -8.11134338    
   52.5000000       68.6520157      -10.3193512    
   56.2500000       68.6520157      -11.3242340    
   60.0000000       68.6520157      -13.6728668    
   63.7500000       68.6520157      -9.41114807    
   67.5000000       68.6520157      -5.72071838    
   71.2500000       68.6520157      -10.6152496    
   75.0000000       68.6520157      -10.4531403    
   78.7500000       68.6520157      -9.57423401    
   82.5000000       68.6520157      -6.84474182    
   86.2500000       68.6520157     -0.345718384    
   90.0000000       68.6520157      -1.95997620    
   93.7500000       68.6520157     -0.391616821    
   97.5000000       68.6520157     -0.367202759    
   101.250000       68.6520157     -0.110366821    
   105.000000       68.6520157      -1.26564026    
   108.750000       68.6520157      -1.81153870    
   112.500000       68.6520157      0.334945679    
   116.250000       68.6520157      0.654281616    
   120.000000       68.6520157       1.08787537    
   123.750000       68.6520157       1.17576599    
   127.500000       68.6520157      -1.10157776    
   131.250000       68.6520157      0.974594116    
   135.000000       68.6520157      0.650375366    
   138.750000       68.6520157       1.96482849    
   142.500000       68.6520157       3.96189880    
   146.250000       68.6520157       4.96287537    
   150.000000       68.6520157       4.92185974    
   153.750000       68.6520157       5.50096130    
   157.500000       68.6520157       3.34666443    
   161.250000       68.6520157     -0.652359009    
   165.000000       68.6520157     -0.666030884    
   168.750000       68.6520157       1.53514099    
   172.500000       68.6520157      -2.26564026    
   176.250000       68.6520157     -0.792007446    
   180.000000       68.6520157       1.82908630    
   183.750000       68.6520157      -1.23048401    
   187.500000       68.6520157     -0.462905884    
   191.250000       68.6520157       7.81097412E-02
   195.000000       68.6520157     -0.228530884    
   198.750000       68.6520157      -2.08009338    
   202.500000       68.6520157       1.70603943    
   206.250000       68.6520157      0.164047241    
   210.000000       68.6520157      0.188461304    
   213.750000       68.6520157       1.29881287    
   217.500000       68.6520157      0.440414429    
   221.250000       68.6520157     -0.221694946    
   225.000000       68.6520157       1.69822693    
   228.750000       68.6520157       1.41795349    
   232.500000       68.6520157      -2.20118713    
   236.250000       68.6520157      -2.25392151    
   240.000000       68.6520157       1.18357849    
   243.750000       68.6520157       4.45701599    
   247.500000       68.6520157       5.28807068    
   251.250000       68.6520157       6.60057068    
   255.000000       68.6520157       7.98728943    
   258.750000       68.6520157       5.23533630    
   262.500000       68.6520157      0.465805054    
   266.250000       68.6520157      -3.71246338E-02
   270.000000       68.6520157     -0.323257446    
   273.750000       68.6520157      0.631820679    
   277.500000       68.6520157       6.01560974    
   281.250000       68.6520157     -0.127944946    
   285.000000       68.6520157      -7.40138245    
   288.750000       68.6520157      -7.67091370    
   292.500000       68.6520157     -0.642593384    
   296.250000       68.6520157      -5.19435120    
   300.000000       68.6520157      -8.99024963    
   303.750000       68.6520157      -8.88087463    
   307.500000       68.6520157      -5.43458557    
   311.250000       68.6520157      -12.4082184    
   315.000000       68.6520157      -8.56739807    
   318.750000       68.6520157      -5.79298401    
   322.500000       68.6520157      -1.06739807    
   326.250000       68.6520157       5.42674255    
   330.000000       68.6520157     -0.517593384    
   333.750000       68.6520157       8.93846130    
   337.500000       68.6520157       11.6640472    
   341.250000       68.6520157       7.18162537    
   345.000000       68.6520157       4.57518005    
   348.750000       68.6520157       4.49705505    
   352.500000       68.6520157       5.05662537    
   356.250000       68.6520157       6.88768005    
   360.000000       68.6520157       7.55955505    
   0.00000000       72.3615875      -3.37696838    
   3.75000000       72.3615875       2.16795349    
   7.50000000       72.3615875       6.75486755    
   11.2500000       72.3615875       9.79197693    
   15.0000000       72.3615875     -0.370132446    
   18.7500000       72.3615875      -5.03224182    
   22.5000000       72.3615875      -7.62403870    
   26.2500000       72.3615875      -5.78712463    
   30.0000000       72.3615875      -3.22853088    
   33.7500000       72.3615875      -2.27247620    
   37.5000000       72.3615875      -2.08790588    
   41.2500000       72.3615875      -2.64454651    
   45.0000000       72.3615875      -3.08399963    
   48.7500000       72.3615875      -2.40333557    
   52.5000000       72.3615875      -3.20216370    
   56.2500000       72.3615875      -4.42286682    
   60.0000000       72.3615875      -5.95509338    
   63.7500000       72.3615875      -6.31837463    
   67.5000000       72.3615875      -6.12989807    
   71.2500000       72.3615875      -5.69239807    
   75.0000000       72.3615875      -4.43458557    
   78.7500000       72.3615875      -4.00685120    
   82.5000000       72.3615875      -5.97560120    
   86.2500000       72.3615875      -4.82521057    
   90.0000000       72.3615875      -3.77052307    
   93.7500000       72.3615875      -5.07814026    
   97.5000000       72.3615875      -3.16017151    
   101.250000       72.3615875     -0.177749634    
   105.000000       72.3615875       3.29002380    
   108.750000       72.3615875       5.07420349    
   112.500000       72.3615875       6.58396912    
   116.250000       72.3615875       8.37986755    
   120.000000       72.3615875       7.65623474    
   123.750000       72.3615875       5.28514099    
   127.500000       72.3615875       9.23826599    
   131.250000       72.3615875       11.5595551    
   135.000000       72.3615875       8.94529724    
   138.750000       72.3615875       7.69432068    
   142.500000       72.3615875       6.38572693    
   146.250000       72.3615875       6.00096130    
   150.000000       72.3615875       4.18357849    
   153.750000       72.3615875       2.87400818    
   157.500000       72.3615875       3.73143005    
   161.250000       72.3615875       4.92967224    
   165.000000       72.3615875       4.70994568    
   168.750000       72.3615875       4.42576599    
   172.500000       72.3615875       4.18064880    
   176.250000       72.3615875       3.86717224    
   180.000000       72.3615875       2.69920349    
   183.750000       72.3615875      0.356430054    
   187.500000       72.3615875     -0.162124634    
   191.250000       72.3615875      -2.64845276    
   195.000000       72.3615875      -3.12892151    
   198.750000       72.3615875      -3.99806213    
   202.500000       72.3615875      -4.58790588    
   206.250000       72.3615875      -4.52442932    
   210.000000       72.3615875      -4.98243713    
   213.750000       72.3615875      -4.94825745    
   217.500000       72.3615875      -4.28614807    
   221.250000       72.3615875      -2.98536682    
   225.000000       72.3615875      -1.43360901    
   228.750000       72.3615875      -2.63824463E-02
   232.500000       72.3615875       1.03416443    
   236.250000       72.3615875       1.66893005    
   240.000000       72.3615875       4.73631287    
   243.750000       72.3615875       4.45408630    
   247.500000       72.3615875       5.27342224    
   251.250000       72.3615875       4.98240662    
   255.000000       72.3615875      -2.26564026    
   258.750000       72.3615875      -4.55372620    
   262.500000       72.3615875      -5.05958557    
   266.250000       72.3615875      -1.81349182    
   270.000000       72.3615875      -2.58106995    
   273.750000       72.3615875       1.35740662    
   277.500000       72.3615875      -2.15528870    
   281.250000       72.3615875     -0.854507446    
   285.000000       72.3615875       1.68064880    
   288.750000       72.3615875       3.95115662    
   292.500000       72.3615875       1.98338318    
   296.250000       72.3615875     -0.573257446    
   300.000000       72.3615875      -3.39064026    
   303.750000       72.3615875      -3.91700745    
   307.500000       72.3615875      -2.24610901    
   311.250000       72.3615875      -5.91212463    
   315.000000       72.3615875      -1.75099182    
   318.750000       72.3615875      0.951156616    
   322.500000       72.3615875       7.62205505    
   326.250000       72.3615875       10.1406097    
   330.000000       72.3615875       12.6035004    
   333.750000       72.3615875      0.570297241    
   337.500000       72.3615875       2.00877380    
   341.250000       72.3615875       4.74217224    
   345.000000       72.3615875       3.30857849    
   348.750000       72.3615875       3.88182068    
   352.500000       72.3615875       3.51756287    
   356.250000       72.3615875       3.50193787    
   360.000000       72.3615875      -3.37696838    
   0.00000000       76.0702438      -2.51759338    
   3.75000000       76.0702438      -4.25001526    
   7.50000000       76.0702438     -0.281265259    
   11.2500000       76.0702438     -0.880874634    
   15.0000000       76.0702438      -1.82814026    
   18.7500000       76.0702438     -0.917984009    
   22.5000000       76.0702438       1.29685974    
   26.2500000       76.0702438       2.56834412    
   30.0000000       76.0702438       2.69822693    
   33.7500000       76.0702438       3.23533630    
   37.5000000       76.0702438       4.63279724    
   41.2500000       76.0702438       3.73240662    
   45.0000000       76.0702438       2.20701599    
   48.7500000       76.0702438       1.66307068    
   52.5000000       76.0702438     -0.245132446    
   56.2500000       76.0702438      -1.12794495    
   60.0000000       76.0702438     -0.772476196    
   63.7500000       76.0702438       1.05467224    
   67.5000000       76.0702438       1.19822693    
   71.2500000       76.0702438       1.90330505    
   75.0000000       76.0702438       2.55271912    
   78.7500000       76.0702438       4.23435974    
   82.5000000       76.0702438       4.75389099    
   86.2500000       76.0702438       4.43650818    
   90.0000000       76.0702438       4.42185974    
   93.7500000       76.0702438       6.67088318    
   97.5000000       76.0702438       7.66697693    
   101.250000       76.0702438       8.67967224    
   105.000000       76.0702438       3.41697693    
   108.750000       76.0702438       3.60838318    
   112.500000       76.0702438       11.9911957    
   116.250000       76.0702438       12.7118988    
   120.000000       76.0702438       10.9482269    
   123.750000       76.0702438       9.48143005    
   127.500000       76.0702438       8.34178162    
   131.250000       76.0702438       6.90135193    
   135.000000       76.0702438       5.60935974    
   138.750000       76.0702438       4.63475037    
   142.500000       76.0702438       4.24705505    
   146.250000       76.0702438       4.51658630    
   150.000000       76.0702438       4.71482849    
   153.750000       76.0702438       3.62400818    
   157.500000       76.0702438       3.89353943    
   161.250000       76.0702438       3.28904724    
   165.000000       76.0702438       2.68846130    
   168.750000       76.0702438       2.37791443    
   172.500000       76.0702438       1.26463318    
   176.250000       76.0702438       1.84275818    
   180.000000       76.0702438       2.43260193    
   183.750000       76.0702438       1.97264099    
   187.500000       76.0702438       2.04295349    
   191.250000       76.0702438       2.07420349    
   195.000000       76.0702438       2.04490662    
   198.750000       76.0702438       2.83689880    
   202.500000       76.0702438       2.81053162    
   206.250000       76.0702438       2.89451599    
   210.000000       76.0702438       3.07420349    
   213.750000       76.0702438       2.65916443    
   217.500000       76.0702438       3.17381287    
   221.250000       76.0702438       3.32908630    
   225.000000       76.0702438       3.60252380    
   228.750000       76.0702438       3.94041443    
   232.500000       76.0702438       4.64158630    
   236.250000       76.0702438       4.63572693    
   240.000000       76.0702438       2.82615662    
   243.750000       76.0702438       1.79685974    
   247.500000       76.0702438       2.56736755    
   251.250000       76.0702438      -3.52345276    
   255.000000       76.0702438      -5.09474182    
   258.750000       76.0702438      -4.50978088    
   262.500000       76.0702438      -4.44337463    
   266.250000       76.0702438      -6.53028870    
   270.000000       76.0702438      -3.53224182    
   273.750000       76.0702438      -7.30763245    
   277.500000       76.0702438      -9.41505432    
   281.250000       76.0702438      -4.55177307    
   285.000000       76.0702438      -3.91310120    
   288.750000       76.0702438      -11.4765778    
   292.500000       76.0702438      -16.2226715    
   296.250000       76.0702438      -13.7441559    
   300.000000       76.0702438      -6.87599182    
   303.750000       76.0702438       1.89549255    
   307.500000       76.0702438       4.41502380    
   311.250000       76.0702438       6.34373474    
   315.000000       76.0702438       9.22654724    
   318.750000       76.0702438       11.3320160    
   322.500000       76.0702438       12.1708832    
   326.250000       76.0702438       11.2118988    
   330.000000       76.0702438       12.7441254    
   333.750000       76.0702438       12.9130707    
   337.500000       76.0702438       2.66990662    
   341.250000       76.0702438      -2.14996338E-02
   345.000000       76.0702438       3.12596130    
   348.750000       76.0702438      0.381820679    
   352.500000       76.0702438     -0.668960571    
   356.250000       76.0702438     -0.920913696    
   360.000000       76.0702438      -2.51759338    
   0.00000000       79.7770462      0.975570679    
   3.75000000       79.7770462      -1.23731995    
   7.50000000       79.7770462      -2.20216370    
   11.2500000       79.7770462      -2.13673401    
   15.0000000       79.7770462      0.107406616    
   18.7500000       79.7770462       2.97654724    
   22.5000000       79.7770462      0.468734741    
   26.2500000       79.7770462       2.54978943    
   30.0000000       79.7770462       3.90037537    
   33.7500000       79.7770462       9.38963318    
   37.5000000       79.7770462       12.8847504    
   41.2500000       79.7770462       14.9667816    
   45.0000000       79.7770462       14.7968597    
   48.7500000       79.7770462       14.5771332    
   52.5000000       79.7770462       15.7079926    
   56.2500000       79.7770462       16.4941254    
   60.0000000       79.7770462       17.4697113    
   63.7500000       79.7770462       18.1191254    
   67.5000000       79.7770462       17.0126801    
   71.2500000       79.7770462       16.3993988    
   75.0000000       79.7770462       15.6240082    
   78.7500000       79.7770462       14.3076019    
   82.5000000       79.7770462       13.6650238    
   86.2500000       79.7770462       12.9316254    
   90.0000000       79.7770462       11.1064301    
   93.7500000       79.7770462       4.14353943    
   97.5000000       79.7770462       2.12498474    
   101.250000       79.7770462       7.77049255    
   105.000000       79.7770462       8.19041443    
   108.750000       79.7770462       9.06248474    
   112.500000       79.7770462       8.23924255    
   116.250000       79.7770462       7.27732849    
   120.000000       79.7770462       5.64256287    
   123.750000       79.7770462       4.23338318    
   127.500000       79.7770462       3.33396912    
   131.250000       79.7770462       2.35057068    
   135.000000       79.7770462       1.49412537    
   138.750000       79.7770462      0.922836304    
   142.500000       79.7770462      0.318344116    
   146.250000       79.7770462     -0.113296509    
   150.000000       79.7770462     -0.693374634    
   153.750000       79.7770462     -0.524429321    
   157.500000       79.7770462      0.488265991    
   161.250000       79.7770462       1.23435974    
   165.000000       79.7770462       1.51170349    
   168.750000       79.7770462       1.49705505    
   172.500000       79.7770462      0.304672241    
   176.250000       79.7770462     -0.113296509    
   180.000000       79.7770462      0.194320679    
   183.750000       79.7770462      0.279281616    
   187.500000       79.7770462      0.683578491    
   191.250000       79.7770462      0.647445679    
   195.000000       79.7770462       1.30857849    
   198.750000       79.7770462       2.41795349    
   202.500000       79.7770462       3.47947693    
   206.250000       79.7770462       4.11717224    
   210.000000       79.7770462       4.21678162    
   213.750000       79.7770462       4.36521912    
   217.500000       79.7770462       4.98143005    
   221.250000       79.7770462       5.43650818    
   225.000000       79.7770462       5.44920349    
   228.750000       79.7770462       5.08201599    
   232.500000       79.7770462       3.98435974    
   236.250000       79.7770462       2.13475037    
   240.000000       79.7770462     -0.143569946    
   243.750000       79.7770462      -1.78712463    
   247.500000       79.7770462      -2.98048401    
   251.250000       79.7770462      -3.55763245    
   255.000000       79.7770462      -3.82325745    
   258.750000       79.7770462      -3.71876526    
   262.500000       79.7770462      -1.52149963    
   266.250000       79.7770462      -2.04689026    
   270.000000       79.7770462       2.01365662    
   273.750000       79.7770462      -1.18653870    
   277.500000       79.7770462      -1.16017151    
   281.250000       79.7770462      -3.79493713    
   285.000000       79.7770462      0.913070679    
   288.750000       79.7770462       1.27830505    
   292.500000       79.7770462      -1.35157776    
   296.250000       79.7770462      -1.43360901    
   300.000000       79.7770462       2.51853943    
   303.750000       79.7770462       4.67088318    
   307.500000       79.7770462       5.38572693    
   311.250000       79.7770462       7.01365662    
   315.000000       79.7770462       7.95701599    
   318.750000       79.7770462       9.47752380    
   322.500000       79.7770462       10.0663910    
   326.250000       79.7770462       10.1132660    
   330.000000       79.7770462       10.3769379    
   333.750000       79.7770462       8.38084412    
   337.500000       79.7770462      -1.45021057    
   341.250000       79.7770462     -0.158218384    
   345.000000       79.7770462       4.08494568    
   348.750000       79.7770462       4.70408630    
   352.500000       79.7770462       3.59666443    
   356.250000       79.7770462       1.94041443    
   360.000000       79.7770462      0.975570679    
   0.00000000       83.4789200       1.04393005    
   3.75000000       83.4789200      0.981430054    
   7.50000000       83.4789200      0.943344116    
   11.2500000       83.4789200       1.07322693    
   15.0000000       83.4789200       1.27342224    
   18.7500000       83.4789200      0.992172241    
   22.5000000       83.4789200      0.438461304    
   26.2500000       83.4789200      -4.49371338E-02
   30.0000000       83.4789200     -0.705093384    
   33.7500000       83.4789200      -1.54689026    
   37.5000000       83.4789200      -2.46778870    
   41.2500000       83.4789200      -3.12892151    
   45.0000000       83.4789200      -3.68360901    
   48.7500000       83.4789200      -3.84474182    
   52.5000000       83.4789200      -3.62696838    
   56.2500000       83.4789200      -2.99903870    
   60.0000000       83.4789200      -2.55177307    
   63.7500000       83.4789200      -2.52540588    
   67.5000000       83.4789200      -2.87501526    
   71.2500000       83.4789200      -3.49415588    
   75.0000000       83.4789200      -4.06642151    
   78.7500000       83.4789200      -4.35548401    
   82.5000000       83.4789200      -4.68263245    
   86.2500000       83.4789200      -4.12208557    
   90.0000000       83.4789200      -3.07423401    
   93.7500000       83.4789200      -1.62306213    
   97.5000000       83.4789200     -0.248062134    
   101.250000       83.4789200      0.748031616    
   105.000000       83.4789200       1.24412537    
   108.750000       83.4789200       1.50193787    
   112.500000       83.4789200       1.74705505    
   116.250000       83.4789200       2.06346130    
   120.000000       83.4789200       2.30271912    
   123.750000       83.4789200       1.84178162    
   127.500000       83.4789200       1.25975037    
   131.250000       83.4789200      0.541000366    
   135.000000       83.4789200     -0.383804321    
   138.750000       83.4789200      -1.65235901    
   142.500000       83.4789200      -2.70509338    
   146.250000       83.4789200      -3.32423401    
   150.000000       83.4789200      -5.04103088    
   153.750000       83.4789200      -5.60450745    
   157.500000       83.4789200      -5.26564026    
   161.250000       83.4789200      -5.00294495    
   165.000000       83.4789200      -4.53028870    
   168.750000       83.4789200      -4.04005432    
   172.500000       83.4789200      -3.26368713    
   176.250000       83.4789200      -2.53419495    
   180.000000       83.4789200      -1.83009338    
   183.750000       83.4789200      -1.15919495    
   187.500000       83.4789200     -0.342788696    
   191.250000       83.4789200      0.508773804    
   195.000000       83.4789200       1.34178162    
   198.750000       83.4789200       2.21189880    
   202.500000       83.4789200       3.10057068    
   206.250000       83.4789200       3.85350037    
   210.000000       83.4789200       4.30857849    
   213.750000       83.4789200       4.42381287    
   217.500000       83.4789200       3.32029724    
   221.250000       83.4789200       1.41307068    
   225.000000       83.4789200       1.27146912    
   228.750000       83.4789200       1.57713318    
   232.500000       83.4789200     -0.309585571    
   236.250000       83.4789200      -1.71192932    
   240.000000       83.4789200      -2.04200745    
   243.750000       83.4789200      -2.17286682    
   247.500000       83.4789200      -2.66212463    
   251.250000       83.4789200      -3.41896057    
   255.000000       83.4789200      -4.14552307    
   258.750000       83.4789200      -3.85548401    
   262.500000       83.4789200      -3.30177307    
   266.250000       83.4789200      -2.88575745    
   270.000000       83.4789200      -3.87501526    
   273.750000       83.4789200      -4.96974182    
   277.500000       83.4789200      -4.95997620    
   281.250000       83.4789200      -4.90724182    
   285.000000       83.4789200      -2.73536682    
   288.750000       83.4789200      -3.66700745    
   292.500000       83.4789200      -3.05567932    
   296.250000       83.4789200      -3.42774963    
   300.000000       83.4789200      -1.08009338    
   303.750000       83.4789200     -0.567398071    
   307.500000       83.4789200     -0.691421509    
   311.250000       83.4789200     -0.620132446    
   315.000000       83.4789200      -1.29200745    
   318.750000       83.4789200      -1.81446838    
   322.500000       83.4789200      -1.85548401    
   326.250000       83.4789200      0.385726929    
   330.000000       83.4789200      0.534164429    
   333.750000       83.4789200       3.12791443    
   337.500000       83.4789200      -1.74610901    
   341.250000       83.4789200      -1.54396057    
   345.000000       83.4789200     -0.896499634    
   348.750000       83.4789200     -0.766616821    
   352.500000       83.4789200     -0.521499634    
   356.250000       83.4789200      0.249008179    
   360.000000       83.4789200       1.04393005    
   0.00000000       87.1590958       2.04197693    
   3.75000000       87.1590958       2.21385193    
   7.50000000       87.1590958       2.45310974    
   11.2500000       87.1590958       2.63279724    
   15.0000000       87.1590958       2.71189880    
   18.7500000       87.1590958       2.74510193    
   22.5000000       87.1590958       2.67478943    
   26.2500000       87.1590958       2.57908630    
   30.0000000       87.1590958       2.56150818    
   33.7500000       87.1590958       2.52635193    
   37.5000000       87.1590958       2.47361755    
   41.2500000       87.1590958       2.45213318    
   45.0000000       87.1590958       2.43748474    
   48.7500000       87.1590958       2.48631287    
   52.5000000       87.1590958       2.58982849    
   56.2500000       87.1590958       2.68162537    
   60.0000000       87.1590958       2.81932068    
   63.7500000       87.1590958       3.00584412    
   67.5000000       87.1590958       3.12889099    
   71.2500000       87.1590958       3.15525818    
   75.0000000       87.1590958       3.13084412    
   78.7500000       87.1590958       3.08592224    
   82.5000000       87.1590958       3.00779724    
   86.2500000       87.1590958       2.87400818    
   90.0000000       87.1590958       2.68064880    
   93.7500000       87.1590958       2.43357849    
   97.5000000       87.1590958       2.09471130    
   101.250000       87.1590958       1.64842224    
   105.000000       87.1590958       1.14353943    
   108.750000       87.1590958      0.605453491    
   112.500000       87.1590958      -4.89807129E-03
   116.250000       87.1590958     -0.714859009    
   120.000000       87.1590958      -1.49903870    
   123.750000       87.1590958      -2.35548401    
   127.500000       87.1590958      -3.20509338    
   131.250000       87.1590958      -3.98634338    
   135.000000       87.1590958      -4.81642151    
   138.750000       87.1590958      -5.72071838    
   142.500000       87.1590958      -6.53321838    
   146.250000       87.1590958      -7.10548401    
   150.000000       87.1590958      -7.40626526    
   153.750000       87.1590958      -7.61915588    
   157.500000       87.1590958      -7.89747620    
   161.250000       87.1590958      -8.10743713    
   165.000000       87.1590958      -8.17189026    
   168.750000       87.1590958      -8.19825745    
   172.500000       87.1590958      -8.18946838    
   176.250000       87.1590958      -8.10646057    
   180.000000       87.1590958      -8.00196838    
   183.750000       87.1590958      -7.92579651    
   187.500000       87.1590958      -7.90821838    
   191.250000       87.1590958      -7.93556213    
   195.000000       87.1590958      -8.03614807    
   198.750000       87.1590958      -8.24317932    
   202.500000       87.1590958      -8.52735901    
   206.250000       87.1590958      -8.92677307    
   210.000000       87.1590958      -9.29689026    
   213.750000       87.1590958      -9.54786682    
   217.500000       87.1590958      -9.89649963    
   221.250000       87.1590958      -10.1670074    
   225.000000       87.1590958      -10.2207184    
   228.750000       87.1590958      -10.2920074    
   232.500000       87.1590958      -10.2373199    
   236.250000       87.1590958      -9.99024963    
   240.000000       87.1590958      -9.75294495    
   243.750000       87.1590958      -9.49220276    
   247.500000       87.1590958      -9.13087463    
   251.250000       87.1590958      -8.63282776    
   255.000000       87.1590958      -8.06642151    
   258.750000       87.1590958      -7.58985901    
   262.500000       87.1590958      -7.19435120    
   266.250000       87.1590958      -6.93556213    
   270.000000       87.1590958      -6.88380432    
   273.750000       87.1590958      -6.85060120    
   277.500000       87.1590958      -6.70021057    
   281.250000       87.1590958      -6.40040588    
   285.000000       87.1590958      -6.01661682    
   288.750000       87.1590958      -5.83106995    
   292.500000       87.1590958      -5.88966370    
   296.250000       87.1590958      -5.91603088    
   300.000000       87.1590958      -5.80274963    
   303.750000       87.1590958      -5.61036682    
   307.500000       87.1590958      -5.32814026    
   311.250000       87.1590958      -4.97462463    
   315.000000       87.1590958      -4.63087463    
   318.750000       87.1590958      -4.30079651    
   322.500000       87.1590958      -3.92677307    
   326.250000       87.1590958      -3.39356995    
   330.000000       87.1590958      -2.63771057    
   333.750000       87.1590958      -1.81056213    
   337.500000       87.1590958      -1.06935120    
   341.250000       87.1590958     -0.339859009    
   345.000000       87.1590958      0.464828491    
   348.750000       87.1590958       1.16014099    
   352.500000       87.1590958       1.58689880    
   356.250000       87.1590958       1.85740662    
   360.000000       87.1590958       2.04197693    
