   0.00000000      -87.1590958      -4.25263977    
   3.75000000      -87.1590958      -4.12959290    
   7.50000000      -87.1590958      -3.84053040    
   11.2500000      -87.1590958      -3.39521790    
   15.0000000      -87.1590958      -2.87373352    
   18.7500000      -87.1590958      -2.38740540    
   22.5000000      -87.1590958      -2.01045227    
   26.2500000      -87.1590958      -1.69599915    
   30.0000000      -87.1590958      -1.41474915    
   33.7500000      -87.1590958      -1.17842102    
   37.5000000      -87.1590958     -0.904983521    
   41.2500000      -87.1590958     -0.549514771    
   45.0000000      -87.1590958     -0.137405396    
   48.7500000      -87.1590958      0.384078979    
   52.5000000      -87.1590958      0.950485229    
   56.2500000      -87.1590958       1.31571960    
   60.0000000      -87.1590958       1.52861023    
   63.7500000      -87.1590958       1.79814148    
   67.5000000      -87.1590958       2.02470398    
   71.2500000      -87.1590958       2.10478210    
   75.0000000      -87.1590958       2.17314148    
   78.7500000      -87.1590958       2.23954773    
   82.5000000      -87.1590958       2.22001648    
   86.2500000      -87.1590958       2.23759460    
   90.0000000      -87.1590958       2.34111023    
   93.7500000      -87.1590958       2.41142273    
   97.5000000      -87.1590958       2.43290710    
   101.250000      -87.1590958       2.40165710    
   105.000000      -87.1590958       2.28837585    
   108.750000      -87.1590958       2.15361023    
   112.500000      -87.1590958       1.96415710    
   116.250000      -87.1590958       1.65946960    
   120.000000      -87.1590958       1.36259460    
   123.750000      -87.1590958       1.05790710    
   127.500000      -87.1590958      0.626266479    
   131.250000      -87.1590958      0.200485229    
   135.000000      -87.1590958     -0.203811646    
   138.750000      -87.1590958     -0.717483521    
   142.500000      -87.1590958      -1.21553040    
   146.250000      -87.1590958      -1.67451477    
   150.000000      -87.1590958      -2.19013977    
   153.750000      -87.1590958      -2.60420227    
   157.500000      -87.1590958      -2.86592102    
   161.250000      -87.1590958      -3.15888977    
   165.000000      -87.1590958      -3.48506165    
   168.750000      -87.1590958      -3.73701477    
   172.500000      -87.1590958      -3.97724915    
   176.250000      -87.1590958      -4.20381165    
   180.000000      -87.1590958      -4.18623352    
   183.750000      -87.1590958      -3.93037415    
   187.500000      -87.1590958      -3.85420227    
   191.250000      -87.1590958      -4.27607727    
   195.000000      -87.1590958      -5.06709290    
   198.750000      -87.1590958      -5.43818665    
   202.500000      -87.1590958      -4.55342102    
   206.250000      -87.1590958      -3.29756165    
   210.000000      -87.1590958      -3.59248352    
   213.750000      -87.1590958      -5.27412415    
   217.500000      -87.1590958      -6.25849915    
   221.250000      -87.1590958      -5.82490540    
   225.000000      -87.1590958      -5.24678040    
   228.750000      -87.1590958      -5.21943665    
   232.500000      -87.1590958      -5.09443665    
   236.250000      -87.1590958      -4.58271790    
   240.000000      -87.1590958      -4.01240540    
   243.750000      -87.1590958      -3.45185852    
   247.500000      -87.1590958      -2.86201477    
   251.250000      -87.1590958      -2.26435852    
   255.000000      -87.1590958      -1.64912415    
   258.750000      -87.1590958      -1.13740540    
   262.500000      -87.1590958      -1.07881165    
   266.250000      -87.1590958      -1.70576477    
   270.000000      -87.1590958      -2.71553040    
   273.750000      -87.1590958      -3.52217102    
   277.500000      -87.1590958      -3.90107727    
   281.250000      -87.1590958      -4.06123352    
   285.000000      -87.1590958      -4.22920227    
   288.750000      -87.1590958      -4.38154602    
   292.500000      -87.1590958      -4.49287415    
   296.250000      -87.1590958      -4.65498352    
   300.000000      -87.1590958      -4.72334290    
   303.750000      -87.1590958      -4.58857727    
   307.500000      -87.1590958      -4.60420227    
   311.250000      -87.1590958      -4.85615540    
   315.000000      -87.1590958      -4.95771790    
   318.750000      -87.1590958      -4.98310852    
   322.500000      -87.1590958      -5.26045227    
   326.250000      -87.1590958      -5.57490540    
   330.000000      -87.1590958      -5.76826477    
   333.750000      -87.1590958      -6.01240540    
   337.500000      -87.1590958      -6.08857727    
   341.250000      -87.1590958      -5.80146790    
   345.000000      -87.1590958      -5.44990540    
   348.750000      -87.1590958      -5.14521790    
   352.500000      -87.1590958      -4.74482727    
   356.250000      -87.1590958      -4.39521790    
   360.000000      -87.1590958      -4.25263977    
   0.00000000      -83.4789200      -3.55537415    
   3.75000000      -83.4789200      -3.22529602    
   7.50000000      -83.4789200      -2.69795227    
   11.2500000      -83.4789200      -2.42451477    
   15.0000000      -83.4789200      -2.26826477    
   18.7500000      -83.4789200      -2.15888977    
   22.5000000      -83.4789200      -1.96553040    
   26.2500000      -83.4789200      -1.77998352    
   30.0000000      -83.4789200      -1.74482727    
   33.7500000      -83.4789200      -1.25849915    
   37.5000000      -83.4789200      -1.53779602    
   41.2500000      -83.4789200     -0.815139771    
   45.0000000      -83.4789200      -4.59289551E-03
   48.7500000      -83.4789200      0.309860229    
   52.5000000      -83.4789200      0.602828979    
   56.2500000      -83.4789200      0.950485229    
   60.0000000      -83.4789200       1.36064148    
   63.7500000      -83.4789200       1.77665710    
   67.5000000      -83.4789200       2.47587585    
   71.2500000      -83.4789200       3.08329773    
   75.0000000      -83.4789200       3.39970398    
   78.7500000      -83.4789200       3.55009460    
   82.5000000      -83.4789200       3.65946960    
   86.2500000      -83.4789200       3.68876648    
   90.0000000      -83.4789200       3.62431335    
   93.7500000      -83.4789200       3.56376648    
   97.5000000      -83.4789200       3.29032898    
   101.250000      -83.4789200       3.24150085    
   105.000000      -83.4789200       3.09306335    
   108.750000      -83.4789200       3.00126648    
   112.500000      -83.4789200       2.87040710    
   116.250000      -83.4789200       2.31962585    
   120.000000      -83.4789200       2.02861023    
   123.750000      -83.4789200       1.63017273    
   127.500000      -83.4789200       1.27665710    
   131.250000      -83.4789200      0.919235229    
   135.000000      -83.4789200      0.354782104    
   138.750000      -83.4789200     -0.832717896    
   142.500000      -83.4789200      -2.51240540    
   146.250000      -83.4789200      -3.65107727    
   150.000000      -83.4789200      -3.75068665    
   153.750000      -83.4789200      -2.91670227    
   157.500000      -83.4789200     -0.594436646    
   161.250000      -83.4789200      -1.32295227    
   165.000000      -83.4789200     -0.496780396    
   168.750000      -83.4789200      -2.47920227    
   172.500000      -83.4789200      -7.66670227    
   176.250000      -83.4789200      -8.37373352    
   180.000000      -83.4789200      -6.94209290    
   183.750000      -83.4789200      -5.82099915    
   187.500000      -83.4789200      -4.39326477    
   191.250000      -83.4789200      -3.20381165    
   195.000000      -83.4789200      -2.55537415    
   198.750000      -83.4789200      -1.79756165    
   202.500000      -83.4789200      -1.94795227    
   206.250000      -83.4789200      -2.45381165    
   210.000000      -83.4789200      -2.88349915    
   213.750000      -83.4789200      -3.08857727    
   217.500000      -83.4789200      -2.64131165    
   221.250000      -83.4789200      -1.92451477    
   225.000000      -83.4789200      -1.38349915    
   228.750000      -83.4789200     -0.934280396    
   232.500000      -83.4789200      -6.12335205E-02
   236.250000      -83.4789200      0.958297729    
   240.000000      -83.4789200       1.86845398    
   243.750000      -83.4789200       2.29814148    
   247.500000      -83.4789200       1.02079773    
   251.250000      -83.4789200       6.76727295E-02
   255.000000      -83.4789200       2.26884460    
   258.750000      -83.4789200       3.14384460    
   262.500000      -83.4789200       3.15751648    
   266.250000      -83.4789200       4.18095398    
   270.000000      -83.4789200       4.67704773    
   273.750000      -83.4789200       3.92118835    
   277.500000      -83.4789200       1.37040710    
   281.250000      -83.4789200      0.102828979    
   285.000000      -83.4789200      -1.00654602    
   288.750000      -83.4789200     -0.612014771    
   292.500000      -83.4789200     -0.449905396    
   296.250000      -83.4789200     -0.278030396    
   300.000000      -83.4789200     -0.412796021    
   303.750000      -83.4789200     -0.914749146    
   307.500000      -83.4789200      -2.70771790    
   311.250000      -83.4789200      -2.11787415    
   315.000000      -83.4789200      -2.00654602    
   318.750000      -83.4789200      -2.76826477    
   322.500000      -83.4789200      -6.96748352    
   326.250000      -83.4789200      -5.34053040    
   330.000000      -83.4789200      -5.13935852    
   333.750000      -83.4789200      -5.29951477    
   337.500000      -83.4789200      -5.63154602    
   341.250000      -83.4789200      -5.61787415    
   345.000000      -83.4789200      -5.04170227    
   348.750000      -83.4789200      -4.56513977    
   352.500000      -83.4789200      -4.44404602    
   356.250000      -83.4789200      -4.00654602    
   360.000000      -83.4789200      -3.55537415    
   0.00000000      -79.7770462      -1.38349915    
   3.75000000      -79.7770462      -1.09638977    
   7.50000000      -79.7770462     -0.596389771    
   11.2500000      -79.7770462      -5.73272705E-02
   15.0000000      -79.7770462     -0.356155396    
   18.7500000      -79.7770462     -0.608108521    
   22.5000000      -79.7770462     -0.811233521    
   26.2500000      -79.7770462     -0.695999146    
   30.0000000      -79.7770462     -0.828811646    
   33.7500000      -79.7770462      -1.25068665    
   37.5000000      -79.7770462      -1.50654602    
   41.2500000      -79.7770462      -1.47138977    
   45.0000000      -79.7770462      -1.60029602    
   48.7500000      -79.7770462      -2.02998352    
   52.5000000      -79.7770462      -2.57685852    
   56.2500000      -79.7770462      -2.93428040    
   60.0000000      -79.7770462      -3.29756165    
   63.7500000      -79.7770462      -3.61201477    
   67.5000000      -79.7770462      -3.52021790    
   71.2500000      -79.7770462      -3.42451477    
   75.0000000      -79.7770462      -3.68818665    
   78.7500000      -79.7770462      -2.50654602    
   82.5000000      -79.7770462     -0.990921021    
   86.2500000      -79.7770462      -9.63897705E-02
   90.0000000      -79.7770462      0.626266479    
   93.7500000      -79.7770462       1.55400085    
   97.5000000      -79.7770462       2.25712585    
   101.250000      -79.7770462       2.84892273    
   105.000000      -79.7770462       2.93290710    
   108.750000      -79.7770462       2.57548523    
   112.500000      -79.7770462       2.36259460    
   116.250000      -79.7770462       2.16532898    
   120.000000      -79.7770462       2.17118835    
   123.750000      -79.7770462       2.22587585    
   127.500000      -79.7770462       2.43290710    
   131.250000      -79.7770462       2.93290710    
   135.000000      -79.7770462       3.15556335    
   138.750000      -79.7770462       3.26493835    
   142.500000      -79.7770462       3.50712585    
   146.250000      -79.7770462       4.54423523    
   150.000000      -79.7770462       5.27665710    
   153.750000      -79.7770462       2.91923523    
   157.500000      -79.7770462     -0.670608521    
   161.250000      -79.7770462       2.74150085    
   165.000000      -79.7770462       3.92704773    
   168.750000      -79.7770462       1.61259460    
   172.500000      -79.7770462      0.833297729    
   176.250000      -79.7770462      0.659469604    
   180.000000      -79.7770462      0.354782104    
   183.750000      -79.7770462      0.659469604    
   187.500000      -79.7770462     -0.301467896    
   191.250000      -79.7770462      -1.13740540    
   195.000000      -79.7770462      -1.51631165    
   198.750000      -79.7770462     -0.750686646    
   202.500000      -79.7770462      0.206344604    
   206.250000      -79.7770462       1.70048523    
   210.000000      -79.7770462       1.77665710    
   213.750000      -79.7770462       1.11259460    
   217.500000      -79.7770462      0.819625854    
   221.250000      -79.7770462      0.778610229    
   225.000000      -79.7770462      0.667282104    
   228.750000      -79.7770462     -0.559280396    
   232.500000      -79.7770462      0.157516479    
   236.250000      -79.7770462      0.999313354    
   240.000000      -79.7770462      0.425094604    
   243.750000      -79.7770462      0.358688354    
   247.500000      -79.7770462       1.27275085    
   251.250000      -79.7770462       2.23759460    
   255.000000      -79.7770462       3.51884460    
   258.750000      -79.7770462       4.25712585    
   262.500000      -79.7770462       4.04814148    
   266.250000      -79.7770462       5.08720398    
   270.000000      -79.7770462       7.20048523    
   273.750000      -79.7770462       8.13017273    
   277.500000      -79.7770462       7.72978210    
   281.250000      -79.7770462       6.10282898    
   285.000000      -79.7770462       7.15946960    
   288.750000      -79.7770462       7.88798523    
   292.500000      -79.7770462       7.19462585    
   296.250000      -79.7770462       5.37626648    
   300.000000      -79.7770462       3.44657898    
   303.750000      -79.7770462       2.01884460    
   307.500000      -79.7770462      0.663375854    
   311.250000      -79.7770462     -0.328811646    
   315.000000      -79.7770462      0.157516479    
   318.750000      -79.7770462     -0.391311646    
   322.500000      -79.7770462     -0.502639771    
   326.250000      -79.7770462     -0.563186646    
   330.000000      -79.7770462      -1.50459290    
   333.750000      -79.7770462      -1.43232727    
   337.500000      -79.7770462      -1.05928040    
   341.250000      -79.7770462     -0.723342896    
   345.000000      -79.7770462      -4.08271790    
   348.750000      -79.7770462      -3.66865540    
   352.500000      -79.7770462      -2.90107727    
   356.250000      -79.7770462      -1.72920227    
   360.000000      -79.7770462      -1.38349915    
   0.00000000      -76.0702438      -2.00849915    
   3.75000000      -76.0702438      -2.12178040    
   7.50000000      -76.0702438      -1.39912415    
   11.2500000      -76.0702438     -0.705764771    
   15.0000000      -76.0702438     -0.336624146    
   18.7500000      -76.0702438      -8.46710205E-02
   22.5000000      -76.0702438     -0.291702271    
   26.2500000      -76.0702438     -0.959671021    
   30.0000000      -76.0702438      -2.01826477    
   33.7500000      -76.0702438      -2.57295227    
   37.5000000      -76.0702438      -2.51826477    
   41.2500000      -76.0702438      -2.03779602    
   45.0000000      -76.0702438      -1.63935852    
   48.7500000      -76.0702438      -4.17022705E-02
   52.5000000      -76.0702438      0.454391479    
   56.2500000      -76.0702438       9.11102295E-02
   60.0000000      -76.0702438       1.29852295E-02
   63.7500000      -76.0702438      -2.12178040    
   67.5000000      -76.0702438      -4.34248352    
   71.2500000      -76.0702438      -4.44990540    
   75.0000000      -76.0702438      -2.67060852    
   78.7500000      -76.0702438     -0.654983521    
   82.5000000      -76.0702438      0.841110229    
   86.2500000      -76.0702438       1.84696960    
   90.0000000      -76.0702438       2.02665710    
   93.7500000      -76.0702438       1.43681335    
   97.5000000      -76.0702438       1.26493835    
   101.250000      -76.0702438      0.559860229    
   105.000000      -76.0702438      0.415328979    
   108.750000      -76.0702438      0.632125854    
   112.500000      -76.0702438      0.915328979    
   116.250000      -76.0702438       1.52470398    
   120.000000      -76.0702438       2.31181335    
   123.750000      -76.0702438       3.29228210    
   127.500000      -76.0702438       3.62040710    
   131.250000      -76.0702438       2.88603210    
   135.000000      -76.0702438       2.27861023    
   138.750000      -76.0702438       1.95829773    
   142.500000      -76.0702438       1.09696960    
   146.250000      -76.0702438      0.182907104    
   150.000000      -76.0702438      -1.20576477    
   153.750000      -76.0702438      -1.93428040    
   157.500000      -76.0702438     -0.233108521    
   161.250000      -76.0702438      -1.40498352    
   165.000000      -76.0702438      -1.81123352    
   168.750000      -76.0702438      -1.44599915    
   172.500000      -76.0702438     -0.442092896    
   176.250000      -76.0702438      0.901657104    
   180.000000      -76.0702438       1.72392273    
   183.750000      -76.0702438       1.53056335    
   187.500000      -76.0702438       1.95439148    
   191.250000      -76.0702438       5.00946045E-02
   195.000000      -76.0702438      -2.45381165    
   198.750000      -76.0702438      -2.98506165    
   202.500000      -76.0702438      -9.05303955E-02
   206.250000      -76.0702438      -1.06904602    
   210.000000      -76.0702438     -0.506546021    
   213.750000      -76.0702438       1.60868835    
   217.500000      -76.0702438      -1.70967102    
   221.250000      -76.0702438      -3.18623352    
   225.000000      -76.0702438      -2.61396790    
   228.750000      -76.0702438      -3.33857727    
   232.500000      -76.0702438      -7.20967102    
   236.250000      -76.0702438      -8.82295227    
   240.000000      -76.0702438      -8.52998352    
   243.750000      -76.0702438      -9.41474915    
   247.500000      -76.0702438      -5.18232727    
   251.250000      -76.0702438      -7.56318665    
   255.000000      -76.0702438      -8.76826477    
   258.750000      -76.0702438      -7.55732727    
   262.500000      -76.0702438      -4.44599915    
   266.250000      -76.0702438      -1.28779602    
   270.000000      -76.0702438       3.16532898    
   273.750000      -76.0702438       7.04814148    
   277.500000      -76.0702438       5.19267273    
   281.250000      -76.0702438       1.66337585    
   285.000000      -76.0702438      0.950485229    
   288.750000      -76.0702438       3.83329773    
   292.500000      -76.0702438       6.90165710    
   296.250000      -76.0702438       7.78056335    
   300.000000      -76.0702438       7.22978210    
   303.750000      -76.0702438       6.05400085    
   307.500000      -76.0702438       4.95243835    
   311.250000      -76.0702438       2.76103210    
   315.000000      -76.0702438       2.90751648    
   318.750000      -76.0702438       2.80204773    
   322.500000      -76.0702438       1.14384460    
   326.250000      -76.0702438     -0.895217896    
   330.000000      -76.0702438      -1.85615540    
   333.750000      -76.0702438     -0.994827271    
   337.500000      -76.0702438      0.337203979    
   341.250000      -76.0702438       1.14775085    
   345.000000      -76.0702438     -0.858108521    
   348.750000      -76.0702438      0.462203979    
   352.500000      -76.0702438     -0.856155396    
   356.250000      -76.0702438      -1.95967102    
   360.000000      -76.0702438      -2.00849915    
   0.00000000      -72.3615875       2.13798523    
   3.75000000      -72.3615875      -5.80146790    
   7.50000000      -72.3615875      -5.72920227    
   11.2500000      -72.3615875      -7.75459290    
   15.0000000      -72.3615875      -4.03779602    
   18.7500000      -72.3615875      -2.62763977    
   22.5000000      -72.3615875      -4.69599915    
   26.2500000      -72.3615875      0.389938354    
   30.0000000      -72.3615875      -5.11006165    
   33.7500000      -72.3615875      -6.01045227    
   37.5000000      -72.3615875      -5.26826477    
   41.2500000      -72.3615875      -4.93428040    
   45.0000000      -72.3615875      -4.43037415    
   48.7500000      -72.3615875      -3.71943665    
   52.5000000      -72.3615875      0.378219604    
   56.2500000      -72.3615875       3.22001648    
   60.0000000      -72.3615875       4.95829773    
   63.7500000      -72.3615875       6.79032898    
   67.5000000      -72.3615875       1.45243835    
   71.2500000      -72.3615875     -0.613967896    
   75.0000000      -72.3615875      -2.39131165    
   78.7500000      -72.3615875      -1.82295227    
   82.5000000      -72.3615875     -0.994827271    
   86.2500000      -72.3615875      0.114547729    
   90.0000000      -72.3615875       1.05595398    
   93.7500000      -72.3615875       1.76493835    
   97.5000000      -72.3615875       3.11064148    
   101.250000      -72.3615875       3.06962585    
   105.000000      -72.3615875       2.09892273    
   108.750000      -72.3615875       2.09501648    
   112.500000      -72.3615875      0.825485229    
   116.250000      -72.3615875     -0.270217896    
   120.000000      -72.3615875      -1.55146790    
   123.750000      -72.3615875      -1.45381165    
   127.500000      -72.3615875       4.42352295E-02
   131.250000      -72.3615875       1.29228210    
   135.000000      -72.3615875       1.89189148    
   138.750000      -72.3615875       1.01689148    
   142.500000      -72.3615875      0.376266479    
   146.250000      -72.3615875     -0.533889771    
   150.000000      -72.3615875      -1.28388977    
   153.750000      -72.3615875      -1.86982727    
   157.500000      -72.3615875      -1.76631165    
   161.250000      -72.3615875       1.68876648    
   165.000000      -72.3615875     -0.449905396    
   168.750000      -72.3615875      -1.16670227    
   172.500000      -72.3615875      0.554000854    
   176.250000      -72.3615875       3.96025085    
   180.000000      -72.3615875       7.21611023    
   183.750000      -72.3615875       10.1575165    
   187.500000      -72.3615875       12.3411102    
   191.250000      -72.3615875       13.4739227    
   195.000000      -72.3615875       14.0872040    
   198.750000      -72.3615875       11.7278290    
   202.500000      -72.3615875       8.17509460    
   206.250000      -72.3615875       5.91337585    
   210.000000      -72.3615875       5.01493835    
   213.750000      -72.3615875       6.11650085    
   217.500000      -72.3615875       5.34892273    
   221.250000      -72.3615875       6.57157898    
   225.000000      -72.3615875       4.82743835    
   228.750000      -72.3615875       4.05595398    
   232.500000      -72.3615875       1.46025085    
   236.250000      -72.3615875      -1.43428040    
   240.000000      -72.3615875      -2.47334290    
   243.750000      -72.3615875      -3.87763977    
   247.500000      -72.3615875      -6.52021790    
   251.250000      -72.3615875      -7.06513977    
   255.000000      -72.3615875      -6.47724915    
   258.750000      -72.3615875      -4.41865540    
   262.500000      -72.3615875      -4.03193665    
   266.250000      -72.3615875      -1.53779602    
   270.000000      -72.3615875       2.14189148    
   273.750000      -72.3615875       3.22196960    
   277.500000      -72.3615875       3.85868835    
   281.250000      -72.3615875       3.57548523    
   285.000000      -72.3615875       4.62236023    
   288.750000      -72.3615875       5.13798523    
   292.500000      -72.3615875       5.06571960    
   296.250000      -72.3615875       5.66923523    
   300.000000      -72.3615875       4.10673523    
   303.750000      -72.3615875       4.48954773    
   307.500000      -72.3615875       2.57157898    
   311.250000      -72.3615875       2.24931335    
   315.000000      -72.3615875      -9.05303955E-02
   318.750000      -72.3615875      -2.30732727    
   322.500000      -72.3615875      -5.43232727    
   326.250000      -72.3615875      -6.41865540    
   330.000000      -72.3615875      -5.91279602    
   333.750000      -72.3615875      -6.21748352    
   337.500000      -72.3615875      -7.90303040    
   341.250000      -72.3615875      -7.82099915    
   345.000000      -72.3615875      -8.85420227    
   348.750000      -72.3615875      -6.24287415    
   352.500000      -72.3615875      -12.9811554    
   356.250000      -72.3615875      -3.94404602    
   360.000000      -72.3615875       2.13798523    
   0.00000000      -68.6520157      -9.43232727    
   3.75000000      -68.6520157      -10.8268585    
   7.50000000      -68.6520157      -11.1920929    
   11.2500000      -68.6520157      -11.3913116    
   15.0000000      -68.6520157      -11.3151398    
   18.7500000      -68.6520157      -10.4713898    
   22.5000000      -68.6520157      -9.52607727    
   26.2500000      -68.6520157      -6.86201477    
   30.0000000      -68.6520157      -5.38740540    
   33.7500000      -68.6520157      -4.95381165    
   37.5000000      -68.6520157      -2.47724915    
   41.2500000      -68.6520157     -0.649124146    
   45.0000000      -68.6520157      -2.84443665    
   48.7500000      -68.6520157      -3.12763977    
   52.5000000      -68.6520157      -5.74482727    
   56.2500000      -68.6520157      -4.86396790    
   60.0000000      -68.6520157      -3.59834290    
   63.7500000      -68.6520157      -6.53388977    
   67.5000000      -68.6520157      -7.70967102    
   71.2500000      -68.6520157      -6.51826477    
   75.0000000      -68.6520157      -7.86396790    
   78.7500000      -68.6520157      -5.37178040    
   82.5000000      -68.6520157      -13.0084991    
   86.2500000      -68.6520157      -8.63935852    
   90.0000000      -68.6520157      -8.80732727    
   93.7500000      -68.6520157      -8.77803040    
   97.5000000      -68.6520157      -5.55928040    
   101.250000      -68.6520157      -6.31318665    
   105.000000      -68.6520157      -2.67451477    
   108.750000      -68.6520157      -1.30537415    
   112.500000      -68.6520157      -1.85810852    
   116.250000      -68.6520157      -3.02217102    
   120.000000      -68.6520157      -3.82295227    
   123.750000      -68.6520157      -3.91670227    
   127.500000      -68.6520157      -3.73310852    
   131.250000      -68.6520157      -6.01435852    
   135.000000      -68.6520157      -3.74873352    
   138.750000      -68.6520157      -1.70576477    
   142.500000      -68.6520157      -3.03584290    
   146.250000      -68.6520157      -4.76435852    
   150.000000      -68.6520157      -5.54756165    
   153.750000      -68.6520157      -5.34248352    
   157.500000      -68.6520157      -4.30342102    
   161.250000      -68.6520157      -1.65693665    
   165.000000      -68.6520157       1.06767273    
   168.750000      -68.6520157       2.91337585    
   172.500000      -68.6520157       4.79618835    
   176.250000      -68.6520157       8.66532898    
   180.000000      -68.6520157       9.67900085    
   183.750000      -68.6520157       9.38212585    
   187.500000      -68.6520157       6.31376648    
   191.250000      -68.6520157       7.87626648    
   195.000000      -68.6520157       8.46806335    
   198.750000      -68.6520157       8.73173523    
   202.500000      -68.6520157       5.14384460    
   206.250000      -68.6520157       1.77861023    
   210.000000      -68.6520157       1.03056335    
   213.750000      -68.6520157       2.47587585    
   217.500000      -68.6520157       6.89579773    
   221.250000      -68.6520157       8.49150085    
   225.000000      -68.6520157       9.58720398    
   228.750000      -68.6520157       9.51493835    
   232.500000      -68.6520157       9.39775085    
   236.250000      -68.6520157       8.52665710    
   240.000000      -68.6520157       6.67509460    
   243.750000      -68.6520157       4.19853210    
   247.500000      -68.6520157       1.32743835    
   251.250000      -68.6520157      -1.55928040    
   255.000000      -68.6520157      -4.85615540    
   258.750000      -68.6520157      -8.57490540    
   262.500000      -68.6520157      -7.55732727    
   266.250000      -68.6520157      -7.77998352    
   270.000000      -68.6520157      -5.94404602    
   273.750000      -68.6520157      -4.11982727    
   277.500000      -68.6520157      -1.41279602    
   281.250000      -68.6520157      0.946578979    
   285.000000      -68.6520157      -8.07647705E-02
   288.750000      -68.6520157      0.970016479    
   292.500000      -68.6520157      0.255172729    
   296.250000      -68.6520157      -8.07647705E-02
   300.000000      -68.6520157      0.630172729    
   303.750000      -68.6520157      0.329391479    
   307.500000      -68.6520157       1.30204773    
   311.250000      -68.6520157       1.24540710    
   315.000000      -68.6520157     -0.899124146    
   318.750000      -68.6520157      -6.54602051E-03
   322.500000      -68.6520157      -1.08467102    
   326.250000      -68.6520157      -1.10810852    
   330.000000      -68.6520157      -2.89326477    
   333.750000      -68.6520157      -4.20185852    
   337.500000      -68.6520157      -7.61201477    
   341.250000      -68.6520157      -8.82685852    
   345.000000      -68.6520157      -10.1159210    
   348.750000      -68.6520157      -9.26240540    
   352.500000      -68.6520157      -7.75459290    
   356.250000      -68.6520157      -7.55732727    
   360.000000      -68.6520157      -9.43232727    
   0.00000000      -64.9419479      -1.19599915    
   3.75000000      -64.9419479       1.63798523    
   7.50000000      -64.9419479       5.40556335    
   11.2500000      -64.9419479       6.94071960    
   15.0000000      -64.9419479       7.92118835    
   18.7500000      -64.9419479       8.04423523    
   22.5000000      -64.9419479       9.77079773    
   26.2500000      -64.9419479       9.91728210    
   30.0000000      -64.9419479       7.20243835    
   33.7500000      -64.9419479       5.66337585    
   37.5000000      -64.9419479       4.57939148    
   41.2500000      -64.9419479       6.91923523    
   45.0000000      -64.9419479       5.16532898    
   48.7500000      -64.9419479       2.04423523    
   52.5000000      -64.9419479       2.13603210    
   56.2500000      -64.9419479       1.33134460    
   60.0000000      -64.9419479      -1.65693665    
   63.7500000      -64.9419479      -5.83662415    
   67.5000000      -64.9419479      -7.86787415    
   71.2500000      -64.9419479      -9.42256165    
   75.0000000      -64.9419479      -12.4362335    
   78.7500000      -64.9419479      -13.7526398    
   82.5000000      -64.9419479      -15.9889679    
   86.2500000      -64.9419479      -15.5592804    
   90.0000000      -64.9419479      -15.9772491    
   93.7500000      -64.9419479      -14.8209991    
   97.5000000      -64.9419479      -12.6295929    
   101.250000      -64.9419479      -9.51631165    
   105.000000      -64.9419479      -3.11592102    
   108.750000      -64.9419479       2.59306335    
   112.500000      -64.9419479       7.59696960    
   116.250000      -64.9419479       9.08525085    
   120.000000      -64.9419479       9.36454773    
   123.750000      -64.9419479       9.28837585    
   127.500000      -64.9419479       8.02470398    
   131.250000      -64.9419479       5.43095398    
   135.000000      -64.9419479       4.35087585    
   138.750000      -64.9419479       2.01689148    
   142.500000      -64.9419479      -1.93818665    
   146.250000      -64.9419479      -3.91279602    
   150.000000      -64.9419479      -7.24287415    
   153.750000      -64.9419479      -4.09248352    
   157.500000      -64.9419479      -3.21748352    
   161.250000      -64.9419479     -0.440139771    
   165.000000      -64.9419479       1.23368835    
   168.750000      -64.9419479       3.23759460    
   172.500000      -64.9419479       9.25321960    
   176.250000      -64.9419479       9.11845398    
   180.000000      -64.9419479       11.5227509    
   183.750000      -64.9419479       15.9973602    
   187.500000      -64.9419479       15.9426727    
   191.250000      -64.9419479       14.5012665    
   195.000000      -64.9419479       14.0520477    
   198.750000      -64.9419479       15.1457977    
   202.500000      -64.9419479       17.2844696    
   206.250000      -64.9419479       16.7063446    
   210.000000      -64.9419479       16.7961884    
   213.750000      -64.9419479       16.6907196    
   217.500000      -64.9419479       5.47782898    
   221.250000      -64.9419479       9.21611023    
   225.000000      -64.9419479       10.3176727    
   228.750000      -64.9419479       10.8743134    
   232.500000      -64.9419479       10.5559540    
   236.250000      -64.9419479       10.5618134    
   240.000000      -64.9419479       11.4661102    
   243.750000      -64.9419479       8.55204773    
   247.500000      -64.9419479       5.61650085    
   251.250000      -64.9419479       4.14775085    
   255.000000      -64.9419479       5.07548523    
   258.750000      -64.9419479      -5.33662415    
   262.500000      -64.9419479      -7.21162415    
   266.250000      -64.9419479      -4.30342102    
   270.000000      -64.9419479      -2.78584290    
   273.750000      -64.9419479      -3.75459290    
   277.500000      -64.9419479      0.274703979    
   281.250000      -64.9419479       1.76103210    
   285.000000      -64.9419479       3.62626648    
   288.750000      -64.9419479       4.06767273    
   292.500000      -64.9419479       3.73954773    
   296.250000      -64.9419479      0.651657104    
   300.000000      -64.9419479      0.956344604    
   303.750000      -64.9419479     -0.744827271    
   307.500000      -64.9419479      -1.53388977    
   311.250000      -64.9419479      -6.51397705E-02
   315.000000      -64.9419479      0.679000854    
   318.750000      -64.9419479       3.21806335    
   322.500000      -64.9419479       5.08915710    
   326.250000      -64.9419479       6.20829773    
   330.000000      -64.9419479       5.11650085    
   333.750000      -64.9419479       3.59306335    
   337.500000      -64.9419479       2.28251648    
   341.250000      -64.9419479     -0.158889771    
   345.000000      -64.9419479      -2.40303040    
   348.750000      -64.9419479      -4.52607727    
   352.500000      -64.9419479      -5.06904602    
   356.250000      -64.9419479      -3.59638977    
   360.000000      -64.9419479      -1.19599915    
   0.00000000      -61.2315712       5.48759460    
   3.75000000      -61.2315712       10.1692352    
   7.50000000      -61.2315712       14.4797821    
   11.2500000      -61.2315712       15.3391571    
   15.0000000      -61.2315712       13.5266571    
   18.7500000      -61.2315712       12.5598602    
   22.5000000      -61.2315712       12.9309540    
   26.2500000      -61.2315712       13.2981415    
   30.0000000      -61.2315712       15.6555634    
   33.7500000      -61.2315712       14.4114227    
   37.5000000      -61.2315712       14.3040009    
   41.2500000      -61.2315712       14.2844696    
   45.0000000      -61.2315712       14.7707977    
   48.7500000      -61.2315712       15.7200165    
   52.5000000      -61.2315712       14.9622040    
   56.2500000      -61.2315712       12.5110321    
   60.0000000      -61.2315712       9.73368835    
   63.7500000      -61.2315712       7.80790710    
   67.5000000      -61.2315712     -0.174514771    
   71.2500000      -61.2315712      -1.98896790    
   75.0000000      -61.2315712      -2.25263977    
   78.7500000      -61.2315712      -8.89326477    
   82.5000000      -61.2315712      -11.6471710    
   86.2500000      -61.2315712      -7.57099915    
   90.0000000      -61.2315712      -1.10224915    
   93.7500000      -61.2315712       3.20439148    
   97.5000000      -61.2315712       2.84892273    
   101.250000      -61.2315712     -0.356155396    
   105.000000      -61.2315712       2.56962585    
   108.750000      -61.2315712       7.65361023    
   112.500000      -61.2315712       7.26493835    
   116.250000      -61.2315712       9.03642273    
   120.000000      -61.2315712       9.95439148    
   123.750000      -61.2315712       11.6536102    
   127.500000      -61.2315712       9.81767273    
   131.250000      -61.2315712       8.74345398    
   135.000000      -61.2315712       7.22587585    
   138.750000      -61.2315712       6.43681335    
   142.500000      -61.2315712       5.28837585    
   146.250000      -61.2315712       4.70048523    
   150.000000      -61.2315712       4.26298523    
   153.750000      -61.2315712       2.89970398    
   157.500000      -61.2315712       3.19462585    
   161.250000      -61.2315712       4.04228210    
   165.000000      -61.2315712       4.01103210    
   168.750000      -61.2315712       6.29814148    
   172.500000      -61.2315712       6.25517273    
   176.250000      -61.2315712       8.93876648    
   180.000000      -61.2315712       12.5540009    
   183.750000      -61.2315712       13.5247040    
   187.500000      -61.2315712       15.1750946    
   191.250000      -61.2315712       16.4680634    
   195.000000      -61.2315712       16.0090790    
   198.750000      -61.2315712       16.7532196    
   202.500000      -61.2315712       20.7551727    
   206.250000      -61.2315712       24.6770477    
   210.000000      -61.2315712       22.3625946    
   213.750000      -61.2315712       21.2473602    
   217.500000      -61.2315712       18.2590790    
   221.250000      -61.2315712       11.0989227    
   225.000000      -61.2315712       10.6477509    
   228.750000      -61.2315712       9.48368835    
   232.500000      -61.2315712       10.0754852    
   236.250000      -61.2315712       11.1731415    
   240.000000      -61.2315712       10.4524384    
   243.750000      -61.2315712       10.9250946    
   247.500000      -61.2315712       11.5461884    
   251.250000      -61.2315712       11.9778290    
   255.000000      -61.2315712       13.4856415    
   258.750000      -61.2315712       15.6985321    
   262.500000      -61.2315712       18.1340790    
   266.250000      -61.2315712       13.8684540    
   270.000000      -61.2315712       11.6653290    
   273.750000      -61.2315712       7.29228210    
   277.500000      -61.2315712       4.42704773    
   281.250000      -61.2315712       4.70439148    
   285.000000      -61.2315712       5.51298523    
   288.750000      -61.2315712       4.77665710    
   292.500000      -61.2315712       9.85868835    
   296.250000      -61.2315712       7.16337585    
   300.000000      -61.2315712       1.33720398    
   303.750000      -61.2315712      -4.20576477    
   307.500000      -61.2315712      -6.06513977    
   311.250000      -61.2315712      -4.04365540    
   315.000000      -61.2315712       1.95048523    
   318.750000      -61.2315712       7.03056335    
   322.500000      -61.2315712       3.60087585    
   326.250000      -61.2315712       2.66923523    
   330.000000      -61.2315712       3.40165710    
   333.750000      -61.2315712       6.90556335    
   337.500000      -61.2315712       6.99736023    
   341.250000      -61.2315712      -4.44990540    
   345.000000      -61.2315712      -10.1452179    
   348.750000      -61.2315712      -6.69404602    
   352.500000      -61.2315712      -3.34443665    
   356.250000      -61.2315712      0.380172729    
   360.000000      -61.2315712       5.48759460    
   0.00000000      -57.5209885       19.0051727    
   3.75000000      -57.5209885       18.9036102    
   7.50000000      -57.5209885       24.8274384    
   11.2500000      -57.5209885       24.9641571    
   15.0000000      -57.5209885       17.4836884    
   18.7500000      -57.5209885       15.1536102    
   22.5000000      -57.5209885       15.2122040    
   26.2500000      -57.5209885       12.5188446    
   30.0000000      -57.5209885       12.6184540    
   33.7500000      -57.5209885       11.9290009    
   37.5000000      -57.5209885       12.1477509    
   41.2500000      -57.5209885       15.8391571    
   45.0000000      -57.5209885       15.9250946    
   48.7500000      -57.5209885       15.3586884    
   52.5000000      -57.5209885       15.5930634    
   56.2500000      -57.5209885       16.7551727    
   60.0000000      -57.5209885       15.8332977    
   63.7500000      -57.5209885       15.6516571    
   67.5000000      -57.5209885       13.6711884    
   71.2500000      -57.5209885       9.47978210    
   75.0000000      -57.5209885       8.33720398    
   78.7500000      -57.5209885       10.1282196    
   82.5000000      -57.5209885       13.4797821    
   86.2500000      -57.5209885       10.3137665    
   90.0000000      -57.5209885       8.62431335    
   93.7500000      -57.5209885       10.5364227    
   97.5000000      -57.5209885       11.2805634    
   101.250000      -57.5209885       9.86259460    
   105.000000      -57.5209885       8.79228210    
   108.750000      -57.5209885       7.48173523    
   112.500000      -57.5209885       7.36845398    
   116.250000      -57.5209885       15.7395477    
   120.000000      -57.5209885       12.3723602    
   123.750000      -57.5209885       11.6711884    
   127.500000      -57.5209885       13.4426727    
   131.250000      -57.5209885       13.1184540    
   135.000000      -57.5209885       12.5012665    
   138.750000      -57.5209885       9.91142273    
   142.500000      -57.5209885       10.1204071    
   146.250000      -57.5209885       8.49150085    
   150.000000      -57.5209885       8.33525085    
   153.750000      -57.5209885       5.75907898    
   157.500000      -57.5209885       7.13407898    
   161.250000      -57.5209885       9.44853210    
   165.000000      -57.5209885       8.45439148    
   168.750000      -57.5209885       9.17704773    
   172.500000      -57.5209885       13.0051727    
   176.250000      -57.5209885       10.4465790    
   180.000000      -57.5209885       7.68095398    
   183.750000      -57.5209885       8.19267273    
   187.500000      -57.5209885       10.7493134    
   191.250000      -57.5209885       13.7141571    
   195.000000      -57.5209885       12.7668915    
   198.750000      -57.5209885       14.4446259    
   202.500000      -57.5209885       15.0579071    
   206.250000      -57.5209885       19.9661102    
   210.000000      -57.5209885       20.6750946    
   213.750000      -57.5209885       24.0403290    
   217.500000      -57.5209885       23.3235321    
   221.250000      -57.5209885       16.7004852    
   225.000000      -57.5209885       11.9114227    
   228.750000      -57.5209885       10.4153290    
   232.500000      -57.5209885       9.12431335    
   236.250000      -57.5209885       9.03056335    
   240.000000      -57.5209885       11.7629852    
   243.750000      -57.5209885       12.2180634    
   247.500000      -57.5209885       13.1614227    
   251.250000      -57.5209885       12.7844696    
   255.000000      -57.5209885       13.1965790    
   258.750000      -57.5209885       10.6184540    
   262.500000      -57.5209885       9.03251648    
   266.250000      -57.5209885       12.1438446    
   270.000000      -57.5209885       12.0207977    
   273.750000      -57.5209885       14.3762665    
   277.500000      -57.5209885       9.00321960    
   281.250000      -57.5209885       9.08915710    
   285.000000      -57.5209885       8.96611023    
   288.750000      -57.5209885       8.73759460    
   292.500000      -57.5209885       4.17314148    
   296.250000      -57.5209885       1.26884460    
   300.000000      -57.5209885       3.72587585    
   303.750000      -57.5209885      -1.79951477    
   307.500000      -57.5209885       9.01493835    
   311.250000      -57.5209885       12.6887665    
   315.000000      -57.5209885       12.8723602    
   318.750000      -57.5209885       7.74540710    
   322.500000      -57.5209885       13.5676727    
   326.250000      -57.5209885       17.5754852    
   330.000000      -57.5209885       17.7922821    
   333.750000      -57.5209885       15.4856415    
   337.500000      -57.5209885       17.5129852    
   341.250000      -57.5209885       18.9465790    
   345.000000      -57.5209885       17.3821259    
   348.750000      -57.5209885       11.2141571    
   352.500000      -57.5209885       12.8489227    
   356.250000      -57.5209885       13.5227509    
   360.000000      -57.5209885       19.0051727    
   0.00000000      -53.8102722       20.4895477    
   3.75000000      -53.8102722       15.8000946    
   7.50000000      -53.8102722       8.88798523    
   11.2500000      -53.8102722       6.49736023    
   15.0000000      -53.8102722       7.70048523    
   18.7500000      -53.8102722       8.34501648    
   22.5000000      -53.8102722       9.82548523    
   26.2500000      -53.8102722       5.53056335    
   30.0000000      -53.8102722       1.41337585    
   33.7500000      -53.8102722     -0.860061646    
   37.5000000      -53.8102722      0.245407104    
   41.2500000      -53.8102722       3.97392273    
   45.0000000      -53.8102722       8.94071960    
   48.7500000      -53.8102722       11.7864227    
   52.5000000      -53.8102722       13.2004852    
   56.2500000      -53.8102722       16.8625946    
   60.0000000      -53.8102722       18.8040009    
   63.7500000      -53.8102722       18.6204071    
   67.5000000      -53.8102722       18.1926727    
   71.2500000      -53.8102722       18.5422821    
   75.0000000      -53.8102722       20.1750946    
   78.7500000      -53.8102722       20.5872040    
   82.5000000      -53.8102722       20.2629852    
   86.2500000      -53.8102722       18.0793915    
   90.0000000      -53.8102722       13.8411102    
   93.7500000      -53.8102722       12.1790009    
   97.5000000      -53.8102722       10.0911102    
   101.250000      -53.8102722       6.41728210    
   105.000000      -53.8102722       10.3762665    
   108.750000      -53.8102722       9.06767273    
   112.500000      -53.8102722       14.7883759    
   116.250000      -53.8102722       12.0832977    
   120.000000      -53.8102722       8.37626648    
   123.750000      -53.8102722       12.3567352    
   127.500000      -53.8102722       16.0579071    
   131.250000      -53.8102722       15.1262665    
   135.000000      -53.8102722       15.9582977    
   138.750000      -53.8102722       14.5715790    
   142.500000      -53.8102722       15.1926727    
   146.250000      -53.8102722       16.0168915    
   150.000000      -53.8102722       17.3235321    
   153.750000      -53.8102722       17.2161102    
   157.500000      -53.8102722       14.5832977    
   161.250000      -53.8102722       13.6907196    
   165.000000      -53.8102722       11.9973602    
   168.750000      -53.8102722       10.8313446    
   172.500000      -53.8102722       6.14189148    
   176.250000      -53.8102722       4.80595398    
   180.000000      -53.8102722       8.71025085    
   183.750000      -53.8102722       4.81181335    
   187.500000      -53.8102722       8.83915710    
   191.250000      -53.8102722       9.68095398    
   195.000000      -53.8102722       11.8918915    
   198.750000      -53.8102722       17.1457977    
   202.500000      -53.8102722       15.5696259    
   206.250000      -53.8102722       16.6340790    
   210.000000      -53.8102722       17.5676727    
   213.750000      -53.8102722       17.2434540    
   217.500000      -53.8102722       14.5422821    
   221.250000      -53.8102722       18.5247040    
   225.000000      -53.8102722       16.5071259    
   228.750000      -53.8102722       11.3743134    
   232.500000      -53.8102722       11.1594696    
   236.250000      -53.8102722       10.4543915    
   240.000000      -53.8102722       10.9270477    
   243.750000      -53.8102722       9.95634460    
   247.500000      -53.8102722       12.8567352    
   251.250000      -53.8102722       15.5032196    
   255.000000      -53.8102722       14.2844696    
   258.750000      -53.8102722       17.5559540    
   262.500000      -53.8102722       22.8313446    
   266.250000      -53.8102722       20.4211884    
   270.000000      -53.8102722       17.2942352    
   273.750000      -53.8102722       14.8157196    
   277.500000      -53.8102722       15.4250946    
   281.250000      -53.8102722       14.7551727    
   285.000000      -53.8102722       13.3469696    
   288.750000      -53.8102722       16.5813446    
   292.500000      -53.8102722       13.0774384    
   296.250000      -53.8102722       18.5579071    
   300.000000      -53.8102722       20.0188446    
   303.750000      -53.8102722       19.8157196    
   307.500000      -53.8102722       18.1770477    
   311.250000      -53.8102722       19.2141571    
   315.000000      -53.8102722       17.8430634    
   318.750000      -53.8102722       12.0735321    
   322.500000      -53.8102722       12.4993134    
   326.250000      -53.8102722       13.0852509    
   330.000000      -53.8102722       17.5696259    
   333.750000      -53.8102722       25.0032196    
   337.500000      -53.8102722       32.1653290    
   341.250000      -53.8102722       37.2004852    
   345.000000      -53.8102722       37.6653290    
   348.750000      -53.8102722       35.3645477    
   352.500000      -53.8102722       32.2727509    
   356.250000      -53.8102722       23.4739227    
   360.000000      -53.8102722       20.4895477    
   0.00000000      -50.0994530       17.0129852    
   3.75000000      -50.0994530       9.57939148    
   7.50000000      -50.0994530       5.28642273    
   11.2500000      -50.0994530       4.43095398    
   15.0000000      -50.0994530       4.94267273    
   18.7500000      -50.0994530       2.80986023    
   22.5000000      -50.0994530      -1.38349915    
   26.2500000      -50.0994530      -2.57099915    
   30.0000000      -50.0994530      -9.65888977    
   33.7500000      -50.0994530       10.7200165    
   37.5000000      -50.0994530       6.74736023    
   41.2500000      -50.0994530       9.08915710    
   45.0000000      -50.0994530       11.8430634    
   48.7500000      -50.0994530       15.0930634    
   52.5000000      -50.0994530       17.8430634    
   56.2500000      -50.0994530       19.4602509    
   60.0000000      -50.0994530       18.5911102    
   63.7500000      -50.0994530       18.1497040    
   67.5000000      -50.0994530       19.0442352    
   71.2500000      -50.0994530       19.9778290    
   75.0000000      -50.0994530       18.1770477    
   78.7500000      -50.0994530       16.5110321    
   82.5000000      -50.0994530       18.9778290    
   86.2500000      -50.0994530       17.3606415    
   90.0000000      -50.0994530       15.2297821    
   93.7500000      -50.0994530       12.0383759    
   97.5000000      -50.0994530       8.51493835    
   101.250000      -50.0994530       6.53446960    
   105.000000      -50.0994530       10.3508759    
   108.750000      -50.0994530       8.37821960    
   112.500000      -50.0994530       7.10282898    
   116.250000      -50.0994530       3.69462585    
   120.000000      -50.0994530       9.46806335    
   123.750000      -50.0994530       9.11259460    
   127.500000      -50.0994530       7.54228210    
   131.250000      -50.0994530       9.03056335    
   135.000000      -50.0994530       13.3782196    
   138.750000      -50.0994530       17.3684540    
   142.500000      -50.0994530       17.5520477    
   146.250000      -50.0994530       18.1750946    
   150.000000      -50.0994530       19.7141571    
   153.750000      -50.0994530       17.6047821    
   157.500000      -50.0994530       14.8391571    
   161.250000      -50.0994530       14.2747040    
   165.000000      -50.0994530       9.29423523    
   168.750000      -50.0994530       4.21415710    
   172.500000      -50.0994530       3.21611023    
   176.250000      -50.0994530       1.86259460    
   180.000000      -50.0994530       1.68681335    
   183.750000      -50.0994530       4.12431335    
   187.500000      -50.0994530       7.69071960    
   191.250000      -50.0994530       9.95048523    
   195.000000      -50.0994530       9.75321960    
   198.750000      -50.0994530       13.1282196    
   202.500000      -50.0994530       12.9231415    
   206.250000      -50.0994530       11.2532196    
   210.000000      -50.0994530       9.64775085    
   213.750000      -50.0994530       8.84111023    
   217.500000      -50.0994530       9.97001648    
   221.250000      -50.0994530       11.7727509    
   225.000000      -50.0994530       13.7395477    
   228.750000      -50.0994530       15.3079071    
   232.500000      -50.0994530       13.2473602    
   236.250000      -50.0994530       17.7004852    
   240.000000      -50.0994530       18.6985321    
   243.750000      -50.0994530       16.7395477    
   247.500000      -50.0994530       15.9348602    
   251.250000      -50.0994530       16.0051727    
   255.000000      -50.0994530       22.9368134    
   258.750000      -50.0994530       26.4172821    
   262.500000      -50.0994530       24.4290009    
   266.250000      -50.0994530       19.2004852    
   270.000000      -50.0994530       13.4934540    
   273.750000      -50.0994530       12.4778290    
   277.500000      -50.0994530       12.5579071    
   281.250000      -50.0994530       13.8723602    
   285.000000      -50.0994530       11.2747040    
   288.750000      -50.0994530       9.46220398    
   292.500000      -50.0994530       18.4016571    
   296.250000      -50.0994530       16.7317352    
   300.000000      -50.0994530       18.7415009    
   303.750000      -50.0994530       17.4329071    
   307.500000      -50.0994530       16.5989227    
   311.250000      -50.0994530       17.5032196    
   315.000000      -50.0994530       14.8489227    
   318.750000      -50.0994530       9.56181335    
   322.500000      -50.0994530       12.1145477    
   326.250000      -50.0994530       12.4270477    
   330.000000      -50.0994530       13.6223602    
   333.750000      -50.0994530       16.1614227    
   337.500000      -50.0994530       19.2629852    
   341.250000      -50.0994530       23.2219696    
   345.000000      -50.0994530       26.4856415    
   348.750000      -50.0994530       27.1829071    
   352.500000      -50.0994530       24.5832977    
   356.250000      -50.0994530       24.9680634    
   360.000000      -50.0994530       17.0129852    
   0.00000000      -46.3885536       11.2297821    
   3.75000000      -46.3885536       5.59501648    
   7.50000000      -46.3885536       9.82157898    
   11.2500000      -46.3885536       6.43681335    
   15.0000000      -46.3885536       5.17118835    
   18.7500000      -46.3885536       1.31962585    
   22.5000000      -46.3885536      0.112594604    
   26.2500000      -46.3885536       4.41923523    
   30.0000000      -46.3885536       12.4485321    
   33.7500000      -46.3885536       13.0774384    
   37.5000000      -46.3885536       13.8313446    
   41.2500000      -46.3885536       13.6868134    
   45.0000000      -46.3885536       16.4622040    
   48.7500000      -46.3885536       21.9290009    
   52.5000000      -46.3885536       23.7707977    
   56.2500000      -46.3885536       22.4836884    
   60.0000000      -46.3885536       19.7141571    
   63.7500000      -46.3885536       25.4622040    
   67.5000000      -46.3885536       30.0774384    
   71.2500000      -46.3885536       32.2415009    
   75.0000000      -46.3885536       31.3938446    
   78.7500000      -46.3885536       28.7063446    
   82.5000000      -46.3885536       23.7434540    
   86.2500000      -46.3885536       17.1711884    
   90.0000000      -46.3885536       14.4758759    
   93.7500000      -46.3885536       11.2629852    
   97.5000000      -46.3885536       3.54228210    
   101.250000      -46.3885536       7.31767273    
   105.000000      -46.3885536       4.29032898    
   108.750000      -46.3885536     -0.190139771    
   112.500000      -46.3885536      -3.50068665    
   116.250000      -46.3885536     -0.883499146    
   120.000000      -46.3885536      -1.81123352    
   123.750000      -46.3885536      -1.33857727    
   127.500000      -46.3885536       5.19267273    
   131.250000      -46.3885536       11.3469696    
   135.000000      -46.3885536       15.0090790    
   138.750000      -46.3885536       17.5422821    
   142.500000      -46.3885536       16.4055634    
   146.250000      -46.3885536       15.6477509    
   150.000000      -46.3885536       14.9993134    
   153.750000      -46.3885536       14.9993134    
   157.500000      -46.3885536       16.2825165    
   161.250000      -46.3885536       11.6594696    
   165.000000      -46.3885536       3.29032898    
   168.750000      -46.3885536      -2.84834290    
   172.500000      -46.3885536      -7.59638977    
   176.250000      -46.3885536     -0.432327271    
   180.000000      -46.3885536       5.95439148    
   183.750000      -46.3885536       3.12821960    
   187.500000      -46.3885536       2.10868835    
   191.250000      -46.3885536       3.44071960    
   195.000000      -46.3885536       3.31571960    
   198.750000      -46.3885536       3.18876648    
   202.500000      -46.3885536       5.22978210    
   206.250000      -46.3885536       5.84501648    
   210.000000      -46.3885536       3.44462585    
   213.750000      -46.3885536       1.61064148    
   217.500000      -46.3885536      0.479782104    
   221.250000      -46.3885536      -1.63935852    
   225.000000      -46.3885536      0.261032104    
   228.750000      -46.3885536       5.08134460    
   232.500000      -46.3885536       6.48954773    
   236.250000      -46.3885536       7.66532898    
   240.000000      -46.3885536       12.5168915    
   243.750000      -46.3885536       16.7883759    
   247.500000      -46.3885536       19.8215790    
   251.250000      -46.3885536       20.7239227    
   255.000000      -46.3885536       17.4114227    
   258.750000      -46.3885536       16.1145477    
   262.500000      -46.3885536       12.4329071    
   266.250000      -46.3885536       10.0930634    
   270.000000      -46.3885536       14.4954071    
   273.750000      -46.3885536       13.7161102    
   277.500000      -46.3885536       13.7707977    
   281.250000      -46.3885536       6.76884460    
   285.000000      -46.3885536       6.36845398    
   288.750000      -46.3885536       11.3840790    
   292.500000      -46.3885536       11.2688446    
   296.250000      -46.3885536       10.2434540    
   300.000000      -46.3885536       13.9036102    
   303.750000      -46.3885536       19.4817352    
   307.500000      -46.3885536       15.6887665    
   311.250000      -46.3885536       14.9700165    
   315.000000      -46.3885536       11.0403290    
   318.750000      -46.3885536       14.1457977    
   322.500000      -46.3885536       13.0364227    
   326.250000      -46.3885536       14.1282196    
   330.000000      -46.3885536       12.0500946    
   333.750000      -46.3885536       11.7219696    
   337.500000      -46.3885536       11.9075165    
   341.250000      -46.3885536       15.0598602    
   345.000000      -46.3885536       19.3000946    
   348.750000      -46.3885536       21.7844696    
   352.500000      -46.3885536       24.9856415    
   356.250000      -46.3885536       18.1653290    
   360.000000      -46.3885536       11.2297821    
   0.00000000      -42.6776047       4.45439148    
   3.75000000      -42.6776047       7.49345398    
   7.50000000      -42.6776047       3.62626648    
   11.2500000      -42.6776047       7.05986023    
   15.0000000      -42.6776047       5.80009460    
   18.7500000      -42.6776047       9.18486023    
   22.5000000      -42.6776047       11.7200165    
   26.2500000      -42.6776047       17.3547821    
   30.0000000      -42.6776047       15.8020477    
   33.7500000      -42.6776047       16.1692352    
   37.5000000      -42.6776047       13.2883759    
   41.2500000      -42.6776047       10.1594696    
   45.0000000      -42.6776047       6.73564148    
   48.7500000      -42.6776047       3.85282898    
   52.5000000      -42.6776047       4.57548523    
   56.2500000      -42.6776047       6.95439148    
   60.0000000      -42.6776047       11.5559540    
   63.7500000      -42.6776047       14.4075165    
   67.5000000      -42.6776047       16.6086884    
   71.2500000      -42.6776047       18.8391571    
   75.0000000      -42.6776047       16.1555634    
   78.7500000      -42.6776047       16.2883759    
   82.5000000      -42.6776047       17.8567352    
   86.2500000      -42.6776047       15.3430634    
   90.0000000      -42.6776047       13.6536102    
   93.7500000      -42.6776047       12.9817352    
   97.5000000      -42.6776047       17.0969696    
   101.250000      -42.6776047       9.92900085    
   105.000000      -42.6776047       1.01298523    
   108.750000      -42.6776047      -2.49482727    
   112.500000      -42.6776047       4.05790710    
   116.250000      -42.6776047      -2.99835205E-02
   120.000000      -42.6776047       1.43681335    
   123.750000      -42.6776047      -1.84638977    
   127.500000      -42.6776047     -0.838577271    
   131.250000      -42.6776047      0.708297729    
   135.000000      -42.6776047       4.47392273    
   138.750000      -42.6776047       6.85673523    
   142.500000      -42.6776047       9.25517273    
   146.250000      -42.6776047       11.5461884    
   150.000000      -42.6776047       12.4973602    
   153.750000      -42.6776047       13.9250946    
   157.500000      -42.6776047       17.1750946    
   161.250000      -42.6776047       12.5832977    
   165.000000      -42.6776047       9.66728210    
   168.750000      -42.6776047       9.05790710    
   172.500000      -42.6776047      -8.85772705E-02
   176.250000      -42.6776047       1.54228210    
   180.000000      -42.6776047      0.120407104    
   183.750000      -42.6776047       1.18486023    
   187.500000      -42.6776047       1.91728210    
   191.250000      -42.6776047      -2.35029602    
   195.000000      -42.6776047      0.149703979    
   198.750000      -42.6776047      -2.93037415    
   202.500000      -42.6776047      -7.68585205E-02
   206.250000      -42.6776047      -2.21943665    
   210.000000      -42.6776047      -2.55342102    
   213.750000      -42.6776047      -3.28584290    
   217.500000      -42.6776047      -7.06318665    
   221.250000      -42.6776047      -2.75459290    
   225.000000      -42.6776047      0.575485229    
   228.750000      -42.6776047       2.97782898    
   232.500000      -42.6776047       6.94657898    
   236.250000      -42.6776047       9.88407898    
   240.000000      -42.6776047       12.0715790    
   243.750000      -42.6776047       14.2825165    
   247.500000      -42.6776047       14.1946259    
   251.250000      -42.6776047       18.9407196    
   255.000000      -42.6776047       14.8567352    
   258.750000      -42.6776047       10.0168915    
   262.500000      -42.6776047       10.6946259    
   266.250000      -42.6776047       11.9446259    
   270.000000      -42.6776047       11.7805634    
   273.750000      -42.6776047       10.0051727    
   277.500000      -42.6776047       6.64189148    
   281.250000      -42.6776047       5.80595398    
   285.000000      -42.6776047       7.03446960    
   288.750000      -42.6776047       10.9582977    
   292.500000      -42.6776047       9.95829773    
   296.250000      -42.6776047       15.8840790    
   300.000000      -42.6776047       10.7180634    
   303.750000      -42.6776047       15.8860321    
   307.500000      -42.6776047       15.6653290    
   311.250000      -42.6776047       13.4836884    
   315.000000      -42.6776047       9.71806335    
   318.750000      -42.6776047       4.75907898    
   322.500000      -42.6776047       6.02275085    
   326.250000      -42.6776047       4.96806335    
   330.000000      -42.6776047       7.52470398    
   333.750000      -42.6776047       7.07939148    
   337.500000      -42.6776047       6.95829773    
   341.250000      -42.6776047       9.50907898    
   345.000000      -42.6776047       14.7786102    
   348.750000      -42.6776047       16.5540009    
   352.500000      -42.6776047       11.4485321    
   356.250000      -42.6776047       6.95634460    
   360.000000      -42.6776047       4.45439148    
   0.00000000      -38.9666100       2.91337585    
   3.75000000      -38.9666100       5.10868835    
   7.50000000      -38.9666100       8.18876648    
   11.2500000      -38.9666100       6.12626648    
   15.0000000      -38.9666100       4.51493835    
   18.7500000      -38.9666100       5.99931335    
   22.5000000      -38.9666100       10.5540009    
   26.2500000      -38.9666100       17.2004852    
   30.0000000      -38.9666100       16.3332977    
   33.7500000      -38.9666100       11.6750946    
   37.5000000      -38.9666100       4.41728210    
   41.2500000      -38.9666100       1.37236023    
   45.0000000      -38.9666100       1.41142273    
   48.7500000      -38.9666100      -2.65693665    
   52.5000000      -38.9666100      -1.84053040    
   56.2500000      -38.9666100       1.18095398    
   60.0000000      -38.9666100       3.33915710    
   63.7500000      -38.9666100       4.81571960    
   67.5000000      -38.9666100       6.37040710    
   71.2500000      -38.9666100       4.66923523    
   75.0000000      -38.9666100       6.22196960    
   78.7500000      -38.9666100       9.70634460    
   82.5000000      -38.9666100       9.02275085    
   86.2500000      -38.9666100       9.89579773    
   90.0000000      -38.9666100       11.7864227    
   93.7500000      -38.9666100       15.6282196    
   97.5000000      -38.9666100       12.7571259    
   101.250000      -38.9666100       6.92509460    
   105.000000      -38.9666100       1.77861023    
   108.750000      -38.9666100       1.33525085    
   112.500000      -38.9666100     -0.985061646    
   116.250000      -38.9666100      0.622360229    
   120.000000      -38.9666100       2.88212585    
   123.750000      -38.9666100       4.96220398    
   127.500000      -38.9666100       4.89970398    
   131.250000      -38.9666100      0.704391479    
   135.000000      -38.9666100     -0.141311646    
   138.750000      -38.9666100       5.02665710    
   142.500000      -38.9666100       4.86259460    
   146.250000      -38.9666100       8.15165710    
   150.000000      -38.9666100       13.3040009    
   153.750000      -38.9666100       13.2805634    
   157.500000      -38.9666100       10.4055634    
   161.250000      -38.9666100       12.8723602    
   165.000000      -38.9666100       15.9524384    
   168.750000      -38.9666100       18.2942352    
   172.500000      -38.9666100       17.2180634    
   176.250000      -38.9666100       6.93095398    
   180.000000      -38.9666100       5.45634460    
   183.750000      -38.9666100      -1.12178040    
   187.500000      -38.9666100      0.813766479    
   191.250000      -38.9666100      -2.02607727    
   195.000000      -38.9666100      -3.19209290    
   198.750000      -38.9666100      -6.15498352    
   202.500000      -38.9666100      -7.32099915    
   206.250000      -38.9666100      -10.2272491    
   210.000000      -38.9666100      -9.10224915    
   213.750000      -38.9666100      -6.83857727    
   217.500000      -38.9666100      -5.25849915    
   221.250000      -38.9666100      -4.62568665    
   225.000000      -38.9666100      -2.26045227    
   228.750000      -38.9666100      -1.18037415    
   232.500000      -38.9666100       2.65946960    
   236.250000      -38.9666100       4.18681335    
   240.000000      -38.9666100       10.2864227    
   243.750000      -38.9666100       7.13212585    
   247.500000      -38.9666100       9.44071960    
   251.250000      -38.9666100       7.37040710    
   255.000000      -38.9666100       4.70048523    
   258.750000      -38.9666100       3.13603210    
   262.500000      -38.9666100       4.02275085    
   266.250000      -38.9666100       5.59306335    
   270.000000      -38.9666100       6.56181335    
   273.750000      -38.9666100       4.28251648    
   277.500000      -38.9666100       4.02470398    
   281.250000      -38.9666100      0.804000854    
   285.000000      -38.9666100       6.76727295E-02
   288.750000      -38.9666100       5.11064148    
   292.500000      -38.9666100       6.08915710    
   296.250000      -38.9666100       6.96220398    
   300.000000      -38.9666100       6.21220398    
   303.750000      -38.9666100       9.42900085    
   307.500000      -38.9666100       5.51103210    
   311.250000      -38.9666100      -2.15303040    
   315.000000      -38.9666100       1.21025085    
   318.750000      -38.9666100       2.60478210    
   322.500000      -38.9666100      -1.96748352    
   326.250000      -38.9666100      -2.94990540    
   330.000000      -38.9666100      -2.80303955E-02
   333.750000      -38.9666100       1.52861023    
   337.500000      -38.9666100       4.48759460    
   341.250000      -38.9666100       7.01493835    
   345.000000      -38.9666100       5.95048523    
   348.750000      -38.9666100       1.95829773    
   352.500000      -38.9666100       1.69267273    
   356.250000      -38.9666100       4.07548523    
   360.000000      -38.9666100       2.91337585    
   0.00000000      -35.2555809       6.74736023    
   3.75000000      -35.2555809       6.50907898    
   7.50000000      -35.2555809       8.16923523    
   11.2500000      -35.2555809       7.31962585    
   15.0000000      -35.2555809       4.31962585    
   18.7500000      -35.2555809       2.97782898    
   22.5000000      -35.2555809       14.0071259    
   26.2500000      -35.2555809       10.0540009    
   30.0000000      -35.2555809       4.62431335    
   33.7500000      -35.2555809       4.05790710    
   37.5000000      -35.2555809      0.354782104    
   41.2500000      -35.2555809      -1.36592102    
   45.0000000      -35.2555809      -3.55732727    
   48.7500000      -35.2555809      -2.30146790    
   52.5000000      -35.2555809      0.386032104    
   56.2500000      -35.2555809     -0.381546021    
   60.0000000      -35.2555809      -1.53193665    
   63.7500000      -35.2555809     -0.883499146    
   67.5000000      -35.2555809     -0.113967896    
   71.2500000      -35.2555809       2.27079773    
   75.0000000      -35.2555809       6.57548523    
   78.7500000      -35.2555809       6.73173523    
   82.5000000      -35.2555809       9.63407898    
   86.2500000      -35.2555809       6.75321960    
   90.0000000      -35.2555809       6.67900085    
   93.7500000      -35.2555809       9.21611023    
   97.5000000      -35.2555809       9.29228210    
   101.250000      -35.2555809       5.41532898    
   105.000000      -35.2555809       1.94267273    
   108.750000      -35.2555809      -2.31513977    
   112.500000      -35.2555809       2.52079773    
   116.250000      -35.2555809       1.00907898    
   120.000000      -35.2555809       2.97001648    
   123.750000      -35.2555809       2.49150085    
   127.500000      -35.2555809       5.58134460    
   131.250000      -35.2555809       7.27079773    
   135.000000      -35.2555809       5.44853210    
   138.750000      -35.2555809       5.16532898    
   142.500000      -35.2555809       2.76689148    
   146.250000      -35.2555809       3.21806335    
   150.000000      -35.2555809       4.64189148    
   153.750000      -35.2555809       9.61259460    
   157.500000      -35.2555809       8.65946960    
   161.250000      -35.2555809       8.81181335    
   165.000000      -35.2555809       15.4797821    
   168.750000      -35.2555809       17.4055634    
   172.500000      -35.2555809       16.1809540    
   176.250000      -35.2555809       14.2454071    
   180.000000      -35.2555809       13.8157196    
   183.750000      -35.2555809       10.9250946    
   187.500000      -35.2555809      0.860641479    
   191.250000      -35.2555809      0.239547729    
   195.000000      -35.2555809      -2.41279602    
   198.750000      -35.2555809      -4.33271790    
   202.500000      -35.2555809      -5.49678040    
   206.250000      -35.2555809      -3.98310852    
   210.000000      -35.2555809      -7.36006165    
   213.750000      -35.2555809      -4.45967102    
   217.500000      -35.2555809      -4.56318665    
   221.250000      -35.2555809      -2.72334290    
   225.000000      -35.2555809      0.585250854    
   228.750000      -35.2555809      -2.54365540    
   232.500000      -35.2555809       1.22782898    
   236.250000      -35.2555809       2.38603210    
   240.000000      -35.2555809       6.30009460    
   243.750000      -35.2555809       7.74150085    
   247.500000      -35.2555809       6.00126648    
   251.250000      -35.2555809       2.25517273    
   255.000000      -35.2555809      0.266891479    
   258.750000      -35.2555809       1.42509460    
   262.500000      -35.2555809     -0.539749146    
   266.250000      -35.2555809     -0.461624146    
   270.000000      -35.2555809      -1.67646790    
   273.750000      -35.2555809       1.18486023    
   277.500000      -35.2555809      -1.86201477    
   281.250000      -35.2555809      -4.50849915    
   285.000000      -35.2555809      -6.31866455E-02
   288.750000      -35.2555809      0.128219604    
   292.500000      -35.2555809      -1.98115540    
   296.250000      -35.2555809       2.71220398    
   300.000000      -35.2555809       4.18095398    
   303.750000      -35.2555809       4.43486023    
   307.500000      -35.2555809       2.82548523    
   311.250000      -35.2555809       1.71611023    
   315.000000      -35.2555809      0.776657104    
   318.750000      -35.2555809      -4.19013977    
   322.500000      -35.2555809      -3.03779602    
   326.250000      -35.2555809       3.04814148    
   330.000000      -35.2555809       11.7004852    
   333.750000      -35.2555809       10.7668915    
   337.500000      -35.2555809       1.59892273    
   341.250000      -35.2555809       2.86650085    
   345.000000      -35.2555809       1.02470398    
   348.750000      -35.2555809     -0.221389771    
   352.500000      -35.2555809       3.10087585    
   356.250000      -35.2555809       7.11064148    
   360.000000      -35.2555809       6.74736023    
   0.00000000      -31.5445251       6.91142273    
   3.75000000      -31.5445251       5.81181335    
   7.50000000      -31.5445251       6.89970398    
   11.2500000      -31.5445251       7.48564148    
   15.0000000      -31.5445251       9.52665710    
   18.7500000      -31.5445251       5.10087585    
   22.5000000      -31.5445251      -4.49287415    
   26.2500000      -31.5445251      -4.26826477    
   30.0000000      -31.5445251      0.805953979    
   33.7500000      -31.5445251       1.94267273    
   37.5000000      -31.5445251     -0.520217896    
   41.2500000      -31.5445251       1.82743835    
   45.0000000      -31.5445251       1.49931335    
   48.7500000      -31.5445251       1.23173523    
   52.5000000      -31.5445251      0.409469604    
   56.2500000      -31.5445251      -2.54756165    
   60.0000000      -31.5445251      -4.94209290    
   63.7500000      -31.5445251      -7.43428040    
   67.5000000      -31.5445251      -5.52217102    
   71.2500000      -31.5445251      -2.26240540    
   75.0000000      -31.5445251     -0.852249146    
   78.7500000      -31.5445251      0.794235229    
   82.5000000      -31.5445251       1.28056335    
   86.2500000      -31.5445251     -0.590530396    
   90.0000000      -31.5445251     -0.764358521    
   93.7500000      -31.5445251       3.19853210    
   97.5000000      -31.5445251       3.57157898    
   101.250000      -31.5445251       5.83525085    
   105.000000      -31.5445251       9.77665710    
   108.750000      -31.5445251       12.5891571    
   112.500000      -31.5445251       9.13798523    
   116.250000      -31.5445251       6.69267273    
   120.000000      -31.5445251       3.88212585    
   123.750000      -31.5445251      0.673141479    
   127.500000      -31.5445251       7.45829773    
   131.250000      -31.5445251       8.81181335    
   135.000000      -31.5445251       5.02275085    
   138.750000      -31.5445251       4.94853210    
   142.500000      -31.5445251       1.88993835    
   146.250000      -31.5445251       5.20829773    
   150.000000      -31.5445251       6.66728210    
   153.750000      -31.5445251       6.76884460    
   157.500000      -31.5445251       8.89189148    
   161.250000      -31.5445251       8.73173523    
   165.000000      -31.5445251       7.06767273    
   168.750000      -31.5445251       14.5227509    
   172.500000      -31.5445251       16.7473602    
   176.250000      -31.5445251       13.7141571    
   180.000000      -31.5445251       10.2981415    
   183.750000      -31.5445251       8.09111023    
   187.500000      -31.5445251       5.59696960    
   191.250000      -31.5445251       4.57353210    
   195.000000      -31.5445251       3.66337585    
   198.750000      -31.5445251       1.85087585    
   202.500000      -31.5445251     -0.822952271    
   206.250000      -31.5445251      -5.63349915    
   210.000000      -31.5445251      -3.69795227    
   213.750000      -31.5445251      -1.32295227    
   217.500000      -31.5445251      0.526657104    
   221.250000      -31.5445251       1.19267273    
   225.000000      -31.5445251       1.63798523    
   228.750000      -31.5445251       4.91337585    
   232.500000      -31.5445251       8.04228210    
   236.250000      -31.5445251       4.44657898    
   240.000000      -31.5445251       4.32157898    
   243.750000      -31.5445251       3.12821960    
   247.500000      -31.5445251       2.94071960    
   251.250000      -31.5445251      0.491500854    
   255.000000      -31.5445251       8.52508545E-02
   258.750000      -31.5445251     -0.819046021    
   262.500000      -31.5445251     -0.567092896    
   266.250000      -31.5445251     -0.475296021    
   270.000000      -31.5445251       2.23759460    
   273.750000      -31.5445251      -2.21162415    
   277.500000      -31.5445251      -3.53193665    
   281.250000      -31.5445251      -4.73310852    
   285.000000      -31.5445251      -2.15107727    
   288.750000      -31.5445251      -1.25068665    
   292.500000      -31.5445251      -2.62959290    
   296.250000      -31.5445251      -9.05303955E-02
   300.000000      -31.5445251       2.35087585    
   303.750000      -31.5445251       1.20634460    
   307.500000      -31.5445251       1.12626648    
   311.250000      -31.5445251       1.63603210    
   315.000000      -31.5445251       1.91337585    
   318.750000      -31.5445251       1.38407898    
   322.500000      -31.5445251       7.01493835    
   326.250000      -31.5445251       8.23564148    
   330.000000      -31.5445251       7.83915710    
   333.750000      -31.5445251       8.41337585    
   337.500000      -31.5445251       8.40361023    
   341.250000      -31.5445251       1.84111023    
   345.000000      -31.5445251      -2.87373352    
   348.750000      -31.5445251       1.68095398    
   352.500000      -31.5445251       1.66337585    
   356.250000      -31.5445251       3.40165710    
   360.000000      -31.5445251       6.91142273    
   0.00000000      -27.8334446       1.97587585    
   3.75000000      -27.8334446       3.18486023    
   7.50000000      -27.8334446       1.09892273    
   11.2500000      -27.8334446       5.25712585    
   15.0000000      -27.8334446       5.23564148    
   18.7500000      -27.8334446       5.88993835    
   22.5000000      -27.8334446      -2.94013977    
   26.2500000      -27.8334446      -1.60615540    
   30.0000000      -27.8334446      -4.59289551E-03
   33.7500000      -27.8334446       3.09696960    
   37.5000000      -27.8334446       2.71611023    
   41.2500000      -27.8334446       2.95048523    
   45.0000000      -27.8334446       1.43486023    
   48.7500000      -27.8334446      -1.12373352    
   52.5000000      -27.8334446      0.577438354    
   56.2500000      -27.8334446       2.04814148    
   60.0000000      -27.8334446      -6.36396790    
   63.7500000      -27.8334446      -3.46943665    
   67.5000000      -27.8334446      -3.99482727    
   71.2500000      -27.8334446      -3.07881165    
   75.0000000      -27.8334446      -3.67842102    
   78.7500000      -27.8334446      -2.99482727    
   82.5000000      -27.8334446     -0.639358521    
   86.2500000      -27.8334446      0.370407104    
   90.0000000      -27.8334446       3.76298523    
   93.7500000      -27.8334446      0.346969604    
   97.5000000      -27.8334446       3.85282898    
   101.250000      -27.8334446       8.11259460    
   105.000000      -27.8334446       13.6457977    
   108.750000      -27.8334446       13.7707977    
   112.500000      -27.8334446       8.34696960    
   116.250000      -27.8334446       3.43876648    
   120.000000      -27.8334446       3.92118835    
   123.750000      -27.8334446       6.48564148    
   127.500000      -27.8334446       7.11064148    
   131.250000      -27.8334446       6.52079773    
   135.000000      -27.8334446       6.40751648    
   138.750000      -27.8334446       6.18095398    
   142.500000      -27.8334446       3.66142273    
   146.250000      -27.8334446       3.40165710    
   150.000000      -27.8334446       2.72196960    
   153.750000      -27.8334446       4.62040710    
   157.500000      -27.8334446       5.50907898    
   161.250000      -27.8334446       9.11454773    
   165.000000      -27.8334446       13.0637665    
   168.750000      -27.8334446       11.1145477    
   172.500000      -27.8334446       4.55790710    
   176.250000      -27.8334446       9.63017273    
   180.000000      -27.8334446       3.49345398    
   183.750000      -27.8334446       1.36845398    
   187.500000      -27.8334446       1.16337585    
   191.250000      -27.8334446       2.74540710    
   195.000000      -27.8334446       1.00517273    
   198.750000      -27.8334446      -1.74482727    
   202.500000      -27.8334446      -2.39521790    
   206.250000      -27.8334446      -2.92060852    
   210.000000      -27.8334446     -0.283889771    
   213.750000      -27.8334446       1.52470398    
   217.500000      -27.8334446       6.04618835    
   221.250000      -27.8334446       4.26493835    
   225.000000      -27.8334446       4.18876648    
   228.750000      -27.8334446       6.24931335    
   232.500000      -27.8334446       3.65361023    
   236.250000      -27.8334446     -0.479202271    
   240.000000      -27.8334446      -2.42451477    
   243.750000      -27.8334446      -1.79560852    
   247.500000      -27.8334446     -0.608108521    
   251.250000      -27.8334446      -1.52217102    
   255.000000      -27.8334446      -3.72334290    
   258.750000      -27.8334446      -6.66670227    
   262.500000      -27.8334446      -2.80537415    
   266.250000      -27.8334446      -6.90460205E-02
   270.000000      -27.8334446      -2.04951477    
   273.750000      -27.8334446      -1.06318665    
   277.500000      -27.8334446       1.96806335    
   281.250000      -27.8334446      -2.09248352    
   285.000000      -27.8334446      -3.46748352    
   288.750000      -27.8334446     -0.410842896    
   292.500000      -27.8334446      -1.02607727    
   296.250000      -27.8334446      -3.81904602    
   300.000000      -27.8334446      -2.48310852    
   303.750000      -27.8334446     -0.172561646    
   307.500000      -27.8334446       4.79814148    
   311.250000      -27.8334446       6.08525085    
   315.000000      -27.8334446       2.68876648    
   318.750000      -27.8334446       7.57939148    
   322.500000      -27.8334446       10.7981415    
   326.250000      -27.8334446       9.26689148    
   330.000000      -27.8334446       3.78837585    
   333.750000      -27.8334446      0.636032104    
   337.500000      -27.8334446       1.64970398    
   341.250000      -27.8334446     -0.469436646    
   345.000000      -27.8334446      -5.19404602    
   348.750000      -27.8334446      -4.80732727    
   352.500000      -27.8334446     -0.639358521    
   356.250000      -27.8334446      0.509078979    
   360.000000      -27.8334446       1.97587585    
   0.00000000      -24.1223469       1.32353210    
   3.75000000      -24.1223469       7.24736023    
   7.50000000      -24.1223469       5.25517273    
   11.2500000      -24.1223469     -0.237014771    
   15.0000000      -24.1223469       3.37626648    
   18.7500000      -24.1223469       2.14579773    
   22.5000000      -24.1223469      -2.05537415    
   26.2500000      -24.1223469      -4.60029602    
   30.0000000      -24.1223469       1.15361023    
   33.7500000      -24.1223469      -2.70771790    
   37.5000000      -24.1223469      -5.19013977    
   41.2500000      -24.1223469      -7.11592102    
   45.0000000      -24.1223469       1.37040710    
   48.7500000      -24.1223469      -1.32295227    
   52.5000000      -24.1223469      -2.03388977    
   56.2500000      -24.1223469     -0.274124146    
   60.0000000      -24.1223469      -4.99287415    
   63.7500000      -24.1223469      -2.88545227    
   67.5000000      -24.1223469      -7.26826477    
   71.2500000      -24.1223469     -0.936233521    
   75.0000000      -24.1223469     -0.518264771    
   78.7500000      -24.1223469      -4.20576477    
   82.5000000      -24.1223469       5.58329773    
   86.2500000      -24.1223469       11.0891571    
   90.0000000      -24.1223469       8.57157898    
   93.7500000      -24.1223469       9.80009460    
   97.5000000      -24.1223469       8.36259460    
   101.250000      -24.1223469       10.8352509    
   105.000000      -24.1223469       9.85868835    
   108.750000      -24.1223469       10.0247040    
   112.500000      -24.1223469       7.33720398    
   116.250000      -24.1223469       7.49150085    
   120.000000      -24.1223469       5.24736023    
   123.750000      -24.1223469       6.11454773    
   127.500000      -24.1223469       13.1790009    
   131.250000      -24.1223469       8.66728210    
   135.000000      -24.1223469       9.91337585    
   138.750000      -24.1223469       9.42118835    
   142.500000      -24.1223469       4.62236023    
   146.250000      -24.1223469      -1.40498352    
   150.000000      -24.1223469      -3.94404602    
   153.750000      -24.1223469      -1.19013977    
   157.500000      -24.1223469      -1.07490540    
   161.250000      -24.1223469       2.94267273    
   165.000000      -24.1223469       4.77665710    
   168.750000      -24.1223469       4.49736023    
   172.500000      -24.1223469       5.16532898    
   176.250000      -24.1223469       1.52079773    
   180.000000      -24.1223469      -2.01045227    
   183.750000      -24.1223469      -2.95381165    
   187.500000      -24.1223469      -5.23115540    
   191.250000      -24.1223469      -6.35810852    
   195.000000      -24.1223469      -5.53193665    
   198.750000      -24.1223469      -4.55928040    
   202.500000      -24.1223469      -4.77998352    
   206.250000      -24.1223469      -4.16670227    
   210.000000      -24.1223469       1.18290710    
   213.750000      -24.1223469       3.91532898    
   217.500000      -24.1223469       4.36259460    
   221.250000      -24.1223469       2.01103210    
   225.000000      -24.1223469       3.80009460    
   228.750000      -24.1223469       1.68876648    
   232.500000      -24.1223469      -1.43037415    
   236.250000      -24.1223469      -4.83076477    
   240.000000      -24.1223469      -5.37373352    
   243.750000      -24.1223469      -5.43037415    
   247.500000      -24.1223469      -7.83076477    
   251.250000      -24.1223469      -9.28779602    
   255.000000      -24.1223469      -9.89521790    
   258.750000      -24.1223469      -4.39912415    
   262.500000      -24.1223469      -1.20771790    
   266.250000      -24.1223469     -0.983108521    
   270.000000      -24.1223469       2.25321960    
   273.750000      -24.1223469      0.227828979    
   277.500000      -24.1223469      -1.51826477    
   281.250000      -24.1223469      -1.90498352    
   285.000000      -24.1223469      -2.60772705E-02
   288.750000      -24.1223469      0.345016479    
   292.500000      -24.1223469       2.44071960    
   296.250000      -24.1223469      -5.88154602    
   300.000000      -24.1223469      -2.37959290    
   303.750000      -24.1223469      -4.09443665    
   307.500000      -24.1223469      -1.04522705E-02
   311.250000      -24.1223469       2.25321960    
   315.000000      -24.1223469       6.08525085    
   318.750000      -24.1223469       7.21025085    
   322.500000      -24.1223469       5.53056335    
   326.250000      -24.1223469      0.268844604    
   330.000000      -24.1223469      -6.22334290    
   333.750000      -24.1223469      -7.27607727    
   337.500000      -24.1223469      -6.20771790    
   341.250000      -24.1223469      -2.89326477    
   345.000000      -24.1223469      -1.08271790    
   348.750000      -24.1223469      -2.24678040    
   352.500000      -24.1223469      -4.03584290    
   356.250000      -24.1223469      -1.20576477    
   360.000000      -24.1223469       1.32353210    
   0.00000000      -20.4112377      -1.28388977    
   3.75000000      -20.4112377      -1.36787415    
   7.50000000      -20.4112377     -0.508499146    
   11.2500000      -20.4112377       5.60868835    
   15.0000000      -20.4112377       11.4758759    
   18.7500000      -20.4112377      0.682907104    
   22.5000000      -20.4112377      -7.07099915    
   26.2500000      -20.4112377      -5.22529602    
   30.0000000      -20.4112377      -5.26631165    
   33.7500000      -20.4112377      -9.22529602    
   37.5000000      -20.4112377      -17.2917023    
   41.2500000      -20.4112377      -3.41670227    
   45.0000000      -20.4112377      -3.20771790    
   48.7500000      -20.4112377      -4.48310852    
   52.5000000      -20.4112377      -4.66279602    
   56.2500000      -20.4112377      -8.73506165    
   60.0000000      -20.4112377      -7.10029602    
   63.7500000      -20.4112377      -6.64717102    
   67.5000000      -20.4112377      -5.19209290    
   71.2500000      -20.4112377      -2.53388977    
   75.0000000      -20.4112377     -0.352249146    
   78.7500000      -20.4112377       2.99931335    
   82.5000000      -20.4112377      0.874313354    
   86.2500000      -20.4112377      0.583297729    
   90.0000000      -20.4112377     -0.664749146    
   93.7500000      -20.4112377      -1.26045227    
   97.5000000      -20.4112377       1.32157898    
   101.250000      -20.4112377       4.74345398    
   105.000000      -20.4112377       6.68876648    
   108.750000      -20.4112377       7.85673523    
   112.500000      -20.4112377       7.28837585    
   116.250000      -20.4112377       9.04814148    
   120.000000      -20.4112377       7.08329773    
   123.750000      -20.4112377       8.32353210    
   127.500000      -20.4112377       3.78446960    
   131.250000      -20.4112377       1.54228210    
   135.000000      -20.4112377      -3.51631165    
   138.750000      -20.4112377      0.212203979    
   142.500000      -20.4112377       5.03446960    
   146.250000      -20.4112377      -1.94795227    
   150.000000      -20.4112377       1.02861023    
   153.750000      -20.4112377      0.784469604    
   157.500000      -20.4112377     -0.490921021    
   161.250000      -20.4112377      0.436813354    
   165.000000      -20.4112377      0.671188354    
   168.750000      -20.4112377      -1.50459290    
   172.500000      -20.4112377      -1.59053040    
   176.250000      -20.4112377      -3.16084290    
   180.000000      -20.4112377      -2.33271790    
   183.750000      -20.4112377      -5.13545227    
   187.500000      -20.4112377      -8.21748352    
   191.250000      -20.4112377      -6.44795227    
   195.000000      -20.4112377      -5.91084290    
   198.750000      -20.4112377      -4.11982727    
   202.500000      -20.4112377      -4.04951477    
   206.250000      -20.4112377      -1.81709290    
   210.000000      -20.4112377     -0.871780396    
   213.750000      -20.4112377      0.993453979    
   217.500000      -20.4112377       3.36454773    
   221.250000      -20.4112377     -0.127639771    
   225.000000      -20.4112377      -1.78779602    
   228.750000      -20.4112377      -3.33271790    
   232.500000      -20.4112377      -5.47920227    
   236.250000      -20.4112377      -6.91084290    
   240.000000      -20.4112377      -12.3542023    
   243.750000      -20.4112377      -13.8717804    
   247.500000      -20.4112377      -14.4245148    
   251.250000      -20.4112377      -16.8483429    
   255.000000      -20.4112377      -10.1295929    
   258.750000      -20.4112377      -10.8581085    
   262.500000      -20.4112377      -9.50459290    
   266.250000      -20.4112377      -2.62763977    
   270.000000      -20.4112377     -0.487014771    
   273.750000      -20.4112377      -1.17842102    
   277.500000      -20.4112377      0.190719604    
   281.250000      -20.4112377       2.06376648    
   285.000000      -20.4112377       4.70634460    
   288.750000      -20.4112377       2.50126648    
   292.500000      -20.4112377      -2.54756165    
   296.250000      -20.4112377      -1.97138977    
   300.000000      -20.4112377      -1.77998352    
   303.750000      -20.4112377      -2.51240540    
   307.500000      -20.4112377     -0.721389771    
   311.250000      -20.4112377      -4.20576477    
   315.000000      -20.4112377      -3.04365540    
   318.750000      -20.4112377     -0.965530396    
   322.500000      -20.4112377      -1.40888977    
   326.250000      -20.4112377      -3.85810852    
   330.000000      -20.4112377      -5.52607727    
   333.750000      -20.4112377      -10.6413116    
   337.500000      -20.4112377      -12.8209991    
   341.250000      -20.4112377      -9.93428040    
   345.000000      -20.4112377      -6.81709290    
   348.750000      -20.4112377      -4.25068665    
   352.500000      -20.4112377      -1.12763977    
   356.250000      -20.4112377       4.94657898    
   360.000000      -20.4112377      -1.28388977    
   0.00000000      -16.7001171      -1.66865540    
   3.75000000      -16.7001171       6.91923523    
   7.50000000      -16.7001171       10.4485321    
   11.2500000      -16.7001171       7.16337585    
   15.0000000      -16.7001171       5.34111023    
   18.7500000      -16.7001171     -0.176467896    
   22.5000000      -16.7001171      -4.02412415    
   26.2500000      -16.7001171      -8.19404602    
   30.0000000      -16.7001171      -5.56904602    
   33.7500000      -16.7001171      -1.19795227    
   37.5000000      -16.7001171       13.7043915    
   41.2500000      -16.7001171     -0.170608521    
   45.0000000      -16.7001171      -5.87373352    
   48.7500000      -16.7001171      -10.7604523    
   52.5000000      -16.7001171      -6.10615540    
   56.2500000      -16.7001171      -7.76045227    
   60.0000000      -16.7001171      -8.53584290    
   63.7500000      -16.7001171      -7.62373352    
   67.5000000      -16.7001171      -6.29951477    
   71.2500000      -16.7001171      -3.42842102    
   75.0000000      -16.7001171      -5.08467102    
   78.7500000      -16.7001171      -3.74092102    
   82.5000000      -16.7001171      -3.61396790    
   86.2500000      -16.7001171      -3.47920227    
   90.0000000      -16.7001171      -3.20576477    
   93.7500000      -16.7001171      -1.79951477    
   97.5000000      -16.7001171     -0.479202271    
   101.250000      -16.7001171       3.45243835    
   105.000000      -16.7001171       6.16532898    
   108.750000      -16.7001171       6.05204773    
   112.500000      -16.7001171       7.89775085    
   116.250000      -16.7001171       3.46415710    
   120.000000      -16.7001171      0.970016479    
   123.750000      -16.7001171      -1.71943665    
   127.500000      -16.7001171      -1.22138977    
   131.250000      -16.7001171     -0.279983521    
   135.000000      -16.7001171      -2.59638977    
   138.750000      -16.7001171     -0.852249146    
   142.500000      -16.7001171      -3.14717102    
   146.250000      -16.7001171     -0.606155396    
   150.000000      -16.7001171      -4.49678040    
   153.750000      -16.7001171      -4.63154602    
   157.500000      -16.7001171      -4.12178040    
   161.250000      -16.7001171      -4.29365540    
   165.000000      -16.7001171      -5.05732727    
   168.750000      -16.7001171      -4.98506165    
   172.500000      -16.7001171      -7.33662415    
   176.250000      -16.7001171      -7.33857727    
   180.000000      -16.7001171      -5.47920227    
   183.750000      -16.7001171      -1.70967102    
   187.500000      -16.7001171      -6.33662415    
   191.250000      -16.7001171      -6.11396790    
   195.000000      -16.7001171      -1.93818665    
   198.750000      -16.7001171     -0.313186646    
   202.500000      -16.7001171     -0.824905396    
   206.250000      -16.7001171      0.989547729    
   210.000000      -16.7001171      -3.62178040    
   213.750000      -16.7001171      -1.79951477    
   217.500000      -16.7001171      -3.02607727    
   221.250000      -16.7001171      -5.22138977    
   225.000000      -16.7001171      -4.92842102    
   228.750000      -16.7001171      -5.89131165    
   232.500000      -16.7001171      -6.73310852    
   236.250000      -16.7001171      -5.72138977    
   240.000000      -16.7001171      -6.86396790    
   243.750000      -16.7001171      -8.91279602    
   247.500000      -16.7001171      -11.6452179    
   251.250000      -16.7001171      -11.5338898    
   255.000000      -16.7001171      -7.76240540    
   258.750000      -16.7001171      -6.13935852    
   262.500000      -16.7001171      -5.10615540    
   266.250000      -16.7001171     -0.451858521    
   270.000000      -16.7001171       3.46611023    
   273.750000      -16.7001171       1.07743835    
   277.500000      -16.7001171       1.93876648    
   281.250000      -16.7001171       3.50126648    
   285.000000      -16.7001171       1.73368835    
   288.750000      -16.7001171      0.470016479    
   292.500000      -16.7001171     -0.256546021    
   296.250000      -16.7001171      -2.21710205E-02
   300.000000      -16.7001171     -0.895217896    
   303.750000      -16.7001171      -1.07295227    
   307.500000      -16.7001171     -0.680374146    
   311.250000      -16.7001171      -4.95771790    
   315.000000      -16.7001171      -3.67451477    
   318.750000      -16.7001171      -2.52998352    
   322.500000      -16.7001171      -2.78193665    
   326.250000      -16.7001171      -3.81318665    
   330.000000      -16.7001171      -4.21943665    
   333.750000      -16.7001171      -9.35810852    
   337.500000      -16.7001171      -9.49873352    
   341.250000      -16.7001171      -8.86592102    
   345.000000      -16.7001171      -7.11787415    
   348.750000      -16.7001171      -5.18818665    
   352.500000      -16.7001171      -4.23896790    
   356.250000      -16.7001171      -3.53388977    
   360.000000      -16.7001171      -1.66865540    
   0.00000000      -12.9889879       8.31571960    
   3.75000000      -12.9889879       7.38017273    
   7.50000000      -12.9889879       1.31962585    
   11.2500000      -12.9889879       1.78837585    
   15.0000000      -12.9889879       2.44071960    
   18.7500000      -12.9889879       1.49150085    
   22.5000000      -12.9889879     -0.981155396    
   26.2500000      -12.9889879      -7.04756165    
   30.0000000      -12.9889879      -6.49287415    
   33.7500000      -12.9889879     -0.244827271    
   37.5000000      -12.9889879       6.31571960    
   41.2500000      -12.9889879     -0.838577271    
   45.0000000      -12.9889879      -8.57685852    
   48.7500000      -12.9889879      -9.75654602    
   52.5000000      -12.9889879      -9.00068665    
   56.2500000      -12.9889879      -9.36201477    
   60.0000000      -12.9889879      -8.11982727    
   63.7500000      -12.9889879      -5.97529602    
   67.5000000      -12.9889879      -5.48701477    
   71.2500000      -12.9889879      -4.62373352    
   75.0000000      -12.9889879     -0.705764771    
   78.7500000      -12.9889879      0.266891479    
   82.5000000      -12.9889879      -1.65693665    
   86.2500000      -12.9889879      -3.40107727    
   90.0000000      -12.9889879      -15.7096710    
   93.7500000      -12.9889879      -8.08271790    
   97.5000000      -12.9889879      0.136032104    
   101.250000      -12.9889879      -2.59053040    
   105.000000      -12.9889879      -1.33467102    
   108.750000      -12.9889879      0.323532104    
   112.500000      -12.9889879       2.04814148    
   116.250000      -12.9889879      0.544235229    
   120.000000      -12.9889879      -6.64912415    
   123.750000      -12.9889879      -5.60615540    
   127.500000      -12.9889879      -3.77021790    
   131.250000      -12.9889879      -2.83662415    
   135.000000      -12.9889879      -5.55146790    
   138.750000      -12.9889879      -6.51045227    
   142.500000      -12.9889879      -7.28193665    
   146.250000      -12.9889879      -7.56513977    
   150.000000      -12.9889879      -3.48310852    
   153.750000      -12.9889879      -4.44795227    
   157.500000      -12.9889879      -3.67060852    
   161.250000      -12.9889879      -5.62959290    
   165.000000      -12.9889879      -5.74287415    
   168.750000      -12.9889879      -6.70185852    
   172.500000      -12.9889879      -7.75263977    
   176.250000      -12.9889879      -8.01435852    
   180.000000      -12.9889879      -8.06904602    
   183.750000      -12.9889879      -6.95381165    
   187.500000      -12.9889879      -6.61787415    
   191.250000      -12.9889879      -6.13545227    
   195.000000      -12.9889879      -2.53584290    
   198.750000      -12.9889879     -0.412796021    
   202.500000      -12.9889879     -0.426467896    
   206.250000      -12.9889879      -1.38740540    
   210.000000      -12.9889879      -2.35615540    
   213.750000      -12.9889879      -4.09638977    
   217.500000      -12.9889879      -5.84834290    
   221.250000      -12.9889879      -5.29951477    
   225.000000      -12.9889879      -6.31709290    
   228.750000      -12.9889879      -7.09053040    
   232.500000      -12.9889879      -6.62568665    
   236.250000      -12.9889879      -7.81123352    
   240.000000      -12.9889879      -7.17060852    
   243.750000      -12.9889879      -8.78388977    
   247.500000      -12.9889879      -9.76631165    
   251.250000      -12.9889879      -8.94013977    
   255.000000      -12.9889879      -8.27021790    
   258.750000      -12.9889879      -4.14912415    
   262.500000      -12.9889879       4.77275085    
   266.250000      -12.9889879       5.82548523    
   270.000000      -12.9889879       4.13798523    
   273.750000      -12.9889879     -0.375686646    
   277.500000      -12.9889879      -1.46943665    
   281.250000      -12.9889879     -0.494827271    
   285.000000      -12.9889879       1.69657898    
   288.750000      -12.9889879      0.311813354    
   292.500000      -12.9889879       10.9778290    
   296.250000      -12.9889879       8.35868835    
   300.000000      -12.9889879       7.22001648    
   303.750000      -12.9889879       3.07157898    
   307.500000      -12.9889879     -0.885452271    
   311.250000      -12.9889879      -1.01631165    
   315.000000      -12.9889879       7.93914795E-02
   318.750000      -12.9889879      -3.66865540    
   322.500000      -12.9889879      -4.15498352    
   326.250000      -12.9889879      -7.14131165    
   330.000000      -12.9889879      -6.67256165    
   333.750000      -12.9889879      -5.87959290    
   337.500000      -12.9889879      -1.80146790    
   341.250000      -12.9889879       1.16532898    
   345.000000      -12.9889879       1.66728210    
   348.750000      -12.9889879       1.67509460    
   352.500000      -12.9889879       3.64775085    
   356.250000      -12.9889879       6.47196960    
   360.000000      -12.9889879       8.31571960    
   0.00000000      -9.27785301       4.88017273    
   3.75000000      -9.27785301       1.57743835    
   7.50000000      -9.27785301      -2.47529602    
   11.2500000      -9.27785301      -1.29170227    
   15.0000000      -9.27785301      -2.49287415    
   18.7500000      -9.27785301       4.39579773    
   22.5000000      -9.27785301       7.05790710    
   26.2500000      -9.27785301       6.71806335    
   30.0000000      -9.27785301       9.43486023    
   33.7500000      -9.27785301       5.38798523    
   37.5000000      -9.27785301       1.92314148    
   41.2500000      -9.27785301      -1.84443665    
   45.0000000      -9.27785301      -8.01435852    
   48.7500000      -9.27785301      -9.71162415    
   52.5000000      -9.27785301      -5.70967102    
   56.2500000      -9.27785301      -2.91474915    
   60.0000000      -9.27785301      0.493453979    
   63.7500000      -9.27785301       2.86454773    
   67.5000000      -9.27785301       6.12236023    
   71.2500000      -9.27785301       4.41728210    
   75.0000000      -9.27785301     -0.559280396    
   78.7500000      -9.27785301      0.768844604    
   82.5000000      -9.27785301       2.29423523    
   86.2500000      -9.27785301      0.712203979    
   90.0000000      -9.27785301      -4.53193665    
   93.7500000      -9.27785301      0.653610229    
   97.5000000      -9.27785301       1.28446960    
   101.250000      -9.27785301     -0.881546021    
   105.000000      -9.27785301      -1.37178040    
   108.750000      -9.27785301     -0.977249146    
   112.500000      -9.27785301      0.325485229    
   116.250000      -9.27785301      -6.31866455E-02
   120.000000      -9.27785301     -0.889358521    
   123.750000      -9.27785301      0.487594604    
   127.500000      -9.27785301      -3.16084290    
   131.250000      -9.27785301      -4.51240540    
   135.000000      -9.27785301      -5.61592102    
   138.750000      -9.27785301      -7.87373352    
   142.500000      -9.27785301      -4.18623352    
   146.250000      -9.27785301      -3.47920227    
   150.000000      -9.27785301      -1.72724915    
   153.750000      -9.27785301      -2.16084290    
   157.500000      -9.27785301      -2.93037415    
   161.250000      -9.27785301      -3.40303040    
   165.000000      -9.27785301      -1.79951477    
   168.750000      -9.27785301      -1.52803040    
   172.500000      -9.27785301      0.958297729    
   176.250000      -9.27785301     -0.529983521    
   180.000000      -9.27785301      -3.44795227    
   183.750000      -9.27785301      -5.57490540    
   187.500000      -9.27785301      -4.54951477    
   191.250000      -9.27785301      -2.49873352    
   195.000000      -9.27785301      -1.32685852    
   198.750000      -9.27785301     -0.360061646    
   202.500000      -9.27785301      -1.82490540    
   206.250000      -9.27785301      -1.63545227    
   210.000000      -9.27785301      -4.88935852    
   213.750000      -9.27785301      -5.46357727    
   217.500000      -9.27785301      -7.59834290    
   221.250000      -9.27785301      -9.05928040    
   225.000000      -9.27785301      -8.62568665    
   228.750000      -9.27785301      -7.60615540    
   232.500000      -9.27785301      -5.72529602    
   236.250000      -9.27785301      -4.38935852    
   240.000000      -9.27785301      -5.29365540    
   243.750000      -9.27785301      -6.05342102    
   247.500000      -9.27785301      -3.02998352    
   251.250000      -9.27785301       1.08915710    
   255.000000      -9.27785301       3.26689148    
   258.750000      -9.27785301       3.92509460    
   262.500000      -9.27785301       4.15165710    
   266.250000      -9.27785301       2.12431335    
   270.000000      -9.27785301      -1.29951477    
   273.750000      -9.27785301      -5.14131165    
   277.500000      -9.27785301      0.149703979    
   281.250000      -9.27785301      -2.70576477    
   285.000000      -9.27785301       3.72587585    
   288.750000      -9.27785301       6.90165710    
   292.500000      -9.27785301       5.98564148    
   296.250000      -9.27785301       4.57353210    
   300.000000      -9.27785301       1.77665710    
   303.750000      -9.27785301       2.77861023    
   307.500000      -9.27785301       4.10087585    
   311.250000      -9.27785301       4.67704773    
   315.000000      -9.27785301      -2.88349915    
   318.750000      -9.27785301      -5.45576477    
   322.500000      -9.27785301      -1.39912415    
   326.250000      -9.27785301      -8.41279602    
   330.000000      -9.27785301      -4.77412415    
   333.750000      -9.27785301      -3.41084290    
   337.500000      -9.27785301      -1.47724915    
   341.250000      -9.27785301       1.06767273    
   345.000000      -9.27785301       1.26689148    
   348.750000      -9.27785301       2.55204773    
   352.500000      -9.27785301       1.33915710    
   356.250000      -9.27785301       5.14970398    
   360.000000      -9.27785301       4.88017273    
   0.00000000      -5.56671333     -0.916702271    
   3.75000000      -5.56671333      -2.00849915    
   7.50000000      -5.56671333     -0.354202271    
   11.2500000      -5.56671333      0.944625854    
   15.0000000      -5.56671333       5.49345398    
   18.7500000      -5.56671333       7.65556335    
   22.5000000      -5.56671333       10.4211884    
   26.2500000      -5.56671333       8.55009460    
   30.0000000      -5.56671333       7.37626648    
   33.7500000      -5.56671333       2.64579773    
   37.5000000      -5.56671333     -0.615921021    
   41.2500000      -5.56671333     -0.612014771    
   45.0000000      -5.56671333      -6.50849915    
   48.7500000      -5.56671333      -5.48701477    
   52.5000000      -5.56671333      -1.63545227    
   56.2500000      -5.56671333       1.24931335    
   60.0000000      -5.56671333       5.02665710    
   63.7500000      -5.56671333       6.31376648    
   67.5000000      -5.56671333       3.41728210    
   71.2500000      -5.56671333       3.97978210    
   75.0000000      -5.56671333       3.60478210    
   78.7500000      -5.56671333       3.69462585    
   82.5000000      -5.56671333       3.62236023    
   86.2500000      -5.56671333       8.15165710    
   90.0000000      -5.56671333       15.2512665    
   93.7500000      -5.56671333       12.8801727    
   97.5000000      -5.56671333       8.33525085    
   101.250000      -5.56671333       2.91728210    
   105.000000      -5.56671333     -0.444046021    
   108.750000      -5.56671333     -0.100296021    
   112.500000      -5.56671333      0.725875854    
   116.250000      -5.56671333      0.585250854    
   120.000000      -5.56671333      0.386032104    
   123.750000      -5.56671333     -0.707717896    
   127.500000      -5.56671333       1.10321045E-02
   131.250000      -5.56671333     -0.742874146    
   135.000000      -5.56671333      -3.16865540    
   138.750000      -5.56671333      -3.53974915    
   142.500000      -5.56671333       4.42352295E-02
   146.250000      -5.56671333      -8.49914551E-03
   150.000000      -5.56671333     -0.695999146    
   153.750000      -5.56671333     -0.258499146    
   157.500000      -5.56671333     -0.807327271    
   161.250000      -5.56671333      -1.21553040    
   165.000000      -5.56671333      0.708297729    
   168.750000      -5.56671333       2.86650085    
   172.500000      -5.56671333       5.37431335    
   176.250000      -5.56671333       2.90361023    
   180.000000      -5.56671333       1.50321960    
   183.750000      -5.56671333      -1.09443665    
   187.500000      -5.56671333      -3.43818665    
   191.250000      -5.56671333      -3.51631165    
   195.000000      -5.56671333      -3.00459290    
   198.750000      -5.56671333     -0.764358521    
   202.500000      -5.56671333      -1.37178040    
   206.250000      -5.56671333      -2.60029602    
   210.000000      -5.56671333      -3.84638977    
   213.750000      -5.56671333      -7.59053040    
   217.500000      -5.56671333      -10.6745148    
   221.250000      -5.56671333      -12.6803741    
   225.000000      -5.56671333      -11.6667023    
   228.750000      -5.56671333      -11.6276398    
   232.500000      -5.56671333      -10.3678741    
   236.250000      -5.56671333      -9.28779602    
   240.000000      -5.56671333      -8.61982727    
   243.750000      -5.56671333      -8.39326477    
   247.500000      -5.56671333      -5.98506165    
   251.250000      -5.56671333      -5.27998352    
   255.000000      -5.56671333      -3.33076477    
   258.750000      -5.56671333      -2.14131165    
   262.500000      -5.56671333      -1.98310852    
   266.250000      -5.56671333      -3.14131165    
   270.000000      -5.56671333      -4.80342102    
   273.750000      -5.56671333      -2.34248352    
   277.500000      -5.56671333      -2.14131165    
   281.250000      -5.56671333       1.93486023    
   285.000000      -5.56671333       3.57353210    
   288.750000      -5.56671333     -0.537796021    
   292.500000      -5.56671333     -0.904983521    
   296.250000      -5.56671333      -2.35615540    
   300.000000      -5.56671333      -1.54170227    
   303.750000      -5.56671333      -2.51045227    
   307.500000      -5.56671333     -0.281936646    
   311.250000      -5.56671333      0.655563354    
   315.000000      -5.56671333      -1.63740540    
   318.750000      -5.56671333      -6.16279602    
   322.500000      -5.56671333      -1.38545227    
   326.250000      -5.56671333      -7.57685852    
   330.000000      -5.56671333      -5.31318665    
   333.750000      -5.56671333      -4.21162415    
   337.500000      -5.56671333      -2.50068665    
   341.250000      -5.56671333      -1.93623352    
   345.000000      -5.56671333      -1.41279602    
   348.750000      -5.56671333      -1.10420227    
   352.500000      -5.56671333      -1.17060852    
   356.250000      -5.56671333       1.46415710    
   360.000000      -5.56671333     -0.916702271    
   0.00000000      -1.85557151      -2.86592102    
   3.75000000      -1.85557151     -0.227249146    
   7.50000000      -1.85557151     -0.432327271    
   11.2500000      -1.85557151      0.913375854    
   15.0000000      -1.85557151      0.624313354    
   18.7500000      -1.85557151       3.50126648    
   22.5000000      -1.85557151       3.92900085    
   26.2500000      -1.85557151       4.00517273    
   30.0000000      -1.85557151       1.57157898    
   33.7500000      -1.85557151      -3.09248352    
   37.5000000      -1.85557151      -1.96553040    
   41.2500000      -1.85557151      -2.69404602    
   45.0000000      -1.85557151      -3.30732727    
   48.7500000      -1.85557151      -4.92256165    
   52.5000000      -1.85557151      -1.03974915    
   56.2500000      -1.85557151       1.77079773    
   60.0000000      -1.85557151       2.70439148    
   63.7500000      -1.85557151      0.288375854    
   67.5000000      -1.85557151     -0.539749146    
   71.2500000      -1.85557151     -0.256546021    
   75.0000000      -1.85557151      0.239547729    
   78.7500000      -1.85557151       1.34111023    
   82.5000000      -1.85557151       6.21025085    
   86.2500000      -1.85557151       10.1887665    
   90.0000000      -1.85557151       14.4954071    
   93.7500000      -1.85557151       14.3860321    
   97.5000000      -1.85557151       9.10087585    
   101.250000      -1.85557151       1.25126648    
   105.000000      -1.85557151       3.01103210    
   108.750000      -1.85557151       3.19462585    
   112.500000      -1.85557151       4.51103210    
   116.250000      -1.85557151       1.81767273    
   120.000000      -1.85557151     -0.276077271    
   123.750000      -1.85557151     -0.627639771    
   127.500000      -1.85557151      0.958297729    
   131.250000      -1.85557151      0.606735229    
   135.000000      -1.85557151     -0.447952271    
   138.750000      -1.85557151      -1.12568665    
   142.500000      -1.85557151     -0.272171021    
   146.250000      -1.85557151     -0.569046021    
   150.000000      -1.85557151      -2.19404602    
   153.750000      -1.85557151     -0.192092896    
   157.500000      -1.85557151     -0.711624146    
   161.250000      -1.85557151     -0.449905396    
   165.000000      -1.85557151      0.766891479    
   168.750000      -1.85557151       2.25517273    
   172.500000      -1.85557151       1.70634460    
   176.250000      -1.85557151      0.919235229    
   180.000000      -1.85557151      -2.44013977    
   183.750000      -1.85557151      -2.16279602    
   187.500000      -1.85557151      -2.02412415    
   191.250000      -1.85557151      -1.27217102    
   195.000000      -1.85557151      -3.61592102    
   198.750000      -1.85557151      -4.60615540    
   202.500000      -1.85557151      -5.73506165    
   206.250000      -1.85557151      -8.22724915    
   210.000000      -1.85557151      -8.54560852    
   213.750000      -1.85557151      -9.10224915    
   217.500000      -1.85557151      -12.7077179    
   221.250000      -1.85557151      -13.5417023    
   225.000000      -1.85557151      -15.1295929    
   228.750000      -1.85557151      -12.5670929    
   232.500000      -1.85557151      -12.7389679    
   236.250000      -1.85557151      -11.4967804    
   240.000000      -1.85557151      -10.7331085    
   243.750000      -1.85557151      -10.3600616    
   247.500000      -1.85557151      -8.76631165    
   251.250000      -1.85557151      -8.02217102    
   255.000000      -1.85557151      -6.19599915    
   258.750000      -1.85557151      -1.96943665    
   262.500000      -1.85557151      -2.11396790    
   266.250000      -1.85557151      -3.74482727    
   270.000000      -1.85557151      -2.06709290    
   273.750000      -1.85557151     -0.908889771    
   277.500000      -1.85557151      0.305953979    
   281.250000      -1.85557151      0.567672729    
   285.000000      -1.85557151      -2.45185852    
   288.750000      -1.85557151      -1.52412415    
   292.500000      -1.85557151      -4.07099915    
   296.250000      -1.85557151      -6.94404602    
   300.000000      -1.85557151      -5.11396790    
   303.750000      -1.85557151      -5.90693665    
   307.500000      -1.85557151      -6.86201477    
   311.250000      -1.85557151      -6.34443665    
   315.000000      -1.85557151      -6.51826477    
   318.750000      -1.85557151      -7.72920227    
   322.500000      -1.85557151      -7.67646790    
   326.250000      -1.85557151      -8.30146790    
   330.000000      -1.85557151      -6.69990540    
   333.750000      -1.85557151      -8.09053040    
   337.500000      -1.85557151      -7.13154602    
   341.250000      -1.85557151      -5.98701477    
   345.000000      -1.85557151      -7.65693665    
   348.750000      -1.85557151      -3.26045227    
   352.500000      -1.85557151      -3.40107727    
   356.250000      -1.85557151      -2.05146790    
   360.000000      -1.85557151      -2.86592102    
   0.00000000       1.85557151      -5.31123352    
   3.75000000       1.85557151      -3.32099915    
   7.50000000       1.85557151      -1.36006165    
   11.2500000       1.85557151     -0.785842896    
   15.0000000       1.85557151      -2.14131165    
   18.7500000       1.85557151      -3.44990540    
   22.5000000       1.85557151     -0.860061646    
   26.2500000       1.85557151     -0.822952271    
   30.0000000       1.85557151     -0.313186646    
   33.7500000       1.85557151      -7.42646790    
   37.5000000       1.85557151      -7.70576477    
   41.2500000       1.85557151      -2.65107727    
   45.0000000       1.85557151      -3.84248352    
   48.7500000       1.85557151      -4.57490540    
   52.5000000       1.85557151      -2.27412415    
   56.2500000       1.85557151     -0.506546021    
   60.0000000       1.85557151      -2.39912415    
   63.7500000       1.85557151      -3.55342102    
   67.5000000       1.85557151      -4.73506165    
   71.2500000       1.85557151      -2.43818665    
   75.0000000       1.85557151     -0.279983521    
   78.7500000       1.85557151      0.137985229    
   82.5000000       1.85557151       1.75321960    
   86.2500000       1.85557151       6.14970398    
   90.0000000       1.85557151       5.52275085    
   93.7500000       1.85557151       2.24345398    
   97.5000000       1.85557151      0.325485229    
   101.250000       1.85557151       1.41142273    
   105.000000       1.85557151     -0.461624146    
   108.750000       1.85557151     -0.371780396    
   112.500000       1.85557151      -3.30732727    
   116.250000       1.85557151      -2.98506165    
   120.000000       1.85557151      -3.74678040    
   123.750000       1.85557151      -3.08271790    
   127.500000       1.85557151      -5.55537415    
   131.250000       1.85557151      -5.20381165    
   135.000000       1.85557151      -3.56709290    
   138.750000       1.85557151      -3.20771790    
   142.500000       1.85557151      -3.50068665    
   146.250000       1.85557151      -4.22724915    
   150.000000       1.85557151      -5.70771790    
   153.750000       1.85557151      -3.57685852    
   157.500000       1.85557151      -3.31904602    
   161.250000       1.85557151      -2.82881165    
   165.000000       1.85557151      -1.94013977    
   168.750000       1.85557151      0.550094604    
   172.500000       1.85557151      0.880172729    
   176.250000       1.85557151       1.49383545E-02
   180.000000       1.85557151     -0.555374146    
   183.750000       1.85557151      -1.44795227    
   187.500000       1.85557151      0.704391479    
   191.250000       1.85557151     -0.955764771    
   195.000000       1.85557151      -4.68623352    
   198.750000       1.85557151      -5.69990540    
   202.500000       1.85557151      -5.77412415    
   206.250000       1.85557151      -6.83467102    
   210.000000       1.85557151      -10.1471710    
   213.750000       1.85557151      -11.9752960    
   217.500000       1.85557151      -14.2233429    
   221.250000       1.85557151      -10.3229523    
   225.000000       1.85557151      -8.57881165    
   228.750000       1.85557151      -9.65498352    
   232.500000       1.85557151      -8.88740540    
   236.250000       1.85557151      -7.56904602    
   240.000000       1.85557151      -11.2233429    
   243.750000       1.85557151      -8.37763977    
   247.500000       1.85557151      -8.01240540    
   251.250000       1.85557151      -7.84638977    
   255.000000       1.85557151      -6.52607727    
   258.750000       1.85557151      -4.46162415    
   262.500000       1.85557151      -3.46162415    
   266.250000       1.85557151      -2.34248352    
   270.000000       1.85557151      -2.24678040    
   273.750000       1.85557151      -2.44209290    
   277.500000       1.85557151      0.120407104    
   281.250000       1.85557151       3.32353210    
   285.000000       1.85557151      -3.43623352    
   288.750000       1.85557151      -4.05537415    
   292.500000       1.85557151      -4.59834290    
   296.250000       1.85557151      -5.68623352    
   300.000000       1.85557151      -8.25263977    
   303.750000       1.85557151      -8.74287415    
   307.500000       1.85557151      -8.66670227    
   311.250000       1.85557151      -8.05928040    
   315.000000       1.85557151      -7.29560852    
   318.750000       1.85557151      -8.16865540    
   322.500000       1.85557151      -7.76240540    
   326.250000       1.85557151      -7.77607727    
   330.000000       1.85557151      -6.82881165    
   333.750000       1.85557151      -7.61201477    
   337.500000       1.85557151      -6.50263977    
   341.250000       1.85557151      -6.05537415    
   345.000000       1.85557151      -6.61592102    
   348.750000       1.85557151      -5.18428040    
   352.500000       1.85557151      -3.44599915    
   356.250000       1.85557151      -5.97724915    
   360.000000       1.85557151      -5.31123352    
   0.00000000       5.56671333      -5.85615540    
   3.75000000       5.56671333      -4.55342102    
   7.50000000       5.56671333      -5.31709290    
   11.2500000       5.56671333      0.798141479    
   15.0000000       5.56671333      -4.63349915    
   18.7500000       5.56671333      -1.29170227    
   22.5000000       5.56671333      -2.40303040    
   26.2500000       5.56671333      -3.79560852    
   30.0000000       5.56671333      -5.22334290    
   33.7500000       5.56671333      -5.49287415    
   37.5000000       5.56671333     -0.764358521    
   41.2500000       5.56671333      -8.82685852    
   45.0000000       5.56671333      -5.55342102    
   48.7500000       5.56671333      -4.94795227    
   52.5000000       5.56671333      -3.36006165    
   56.2500000       5.56671333      -1.74873352    
   60.0000000       5.56671333       1.23954773    
   63.7500000       5.56671333      -3.07295227    
   67.5000000       5.56671333      -2.63740540    
   71.2500000       5.56671333     -0.633499146    
   75.0000000       5.56671333     -0.949905396    
   78.7500000       5.56671333     -0.799514771    
   82.5000000       5.56671333      -2.94599915    
   86.2500000       5.56671333      -2.20381165    
   90.0000000       5.56671333      -10.8834991    
   93.7500000       5.56671333      -7.74873352    
   97.5000000       5.56671333      -4.72920227    
   101.250000       5.56671333      -1.79365540    
   105.000000       5.56671333      -4.78193665    
   108.750000       5.56671333      -6.06709290    
   112.500000       5.56671333      -5.65888977    
   116.250000       5.56671333      -1.87959290    
   120.000000       5.56671333      -2.58467102    
   123.750000       5.56671333      -6.07685852    
   127.500000       5.56671333      -8.61006165    
   131.250000       5.56671333      -7.66474915    
   135.000000       5.56671333      -3.35029602    
   138.750000       5.56671333      -3.15693665    
   142.500000       5.56671333      -2.01435852    
   146.250000       5.56671333      -4.13545227    
   150.000000       5.56671333      -5.01045227    
   153.750000       5.56671333      -3.60810852    
   157.500000       5.56671333      -4.47920227    
   161.250000       5.56671333      -3.31318665    
   165.000000       5.56671333      -3.22334290    
   168.750000       5.56671333      -1.52217102    
   172.500000       5.56671333      -2.80928040    
   176.250000       5.56671333     -0.131546021    
   180.000000       5.56671333     -0.889358521    
   183.750000       5.56671333     -0.729202271    
   187.500000       5.56671333     -0.649124146    
   191.250000       5.56671333      -6.70928955E-02
   195.000000       5.56671333      -2.93818665    
   198.750000       5.56671333      -6.16865540    
   202.500000       5.56671333      -6.00849915    
   206.250000       5.56671333      -4.87178040    
   210.000000       5.56671333      -4.78974915    
   213.750000       5.56671333      -5.15498352    
   217.500000       5.56671333      -7.97138977    
   221.250000       5.56671333      -9.43623352    
   225.000000       5.56671333      -6.72920227    
   228.750000       5.56671333      -7.25849915    
   232.500000       5.56671333      -6.91084290    
   236.250000       5.56671333      -6.32490540    
   240.000000       5.56671333      -5.54170227    
   243.750000       5.56671333      -8.45576477    
   247.500000       5.56671333      -7.86787415    
   251.250000       5.56671333      -8.27021790    
   255.000000       5.56671333      -5.93623352    
   258.750000       5.56671333      -4.68232727    
   262.500000       5.56671333      -2.65107727    
   266.250000       5.56671333      -3.19599915    
   270.000000       5.56671333      -1.15303040    
   273.750000       5.56671333      -2.65107727    
   277.500000       5.56671333      -1.98506165    
   281.250000       5.56671333      -5.38935852    
   285.000000       5.56671333     -0.752639771    
   288.750000       5.56671333      -5.70576477    
   292.500000       5.56671333      -3.11592102    
   296.250000       5.56671333      -2.62373352    
   300.000000       5.56671333      -4.03584290    
   303.750000       5.56671333      -8.13545227    
   307.500000       5.56671333      -7.39131165    
   311.250000       5.56671333      -7.52803040    
   315.000000       5.56671333      -6.69404602    
   318.750000       5.56671333      -6.43428040    
   322.500000       5.56671333      -6.56904602    
   326.250000       5.56671333      -6.45576477    
   330.000000       5.56671333      -6.67842102    
   333.750000       5.56671333      -5.22138977    
   337.500000       5.56671333      -4.52021790    
   341.250000       5.56671333      -4.47334290    
   345.000000       5.56671333      -5.23701477    
   348.750000       5.56671333      -4.92060852    
   352.500000       5.56671333      -5.08467102    
   356.250000       5.56671333      -3.79365540    
   360.000000       5.56671333      -5.85615540    
   0.00000000       9.27785301      -5.16279602    
   3.75000000       9.27785301     -0.416702271    
   7.50000000       9.27785301      0.657516479    
   11.2500000       9.27785301       2.57743835    
   15.0000000       9.27785301     -0.416702271    
   18.7500000       9.27785301      -2.05342102    
   22.5000000       9.27785301      -4.13349915    
   26.2500000       9.27785301      -5.30928040    
   30.0000000       9.27785301      -2.99678040    
   33.7500000       9.27785301       2.37236023    
   37.5000000       9.27785301      0.815719604    
   41.2500000       9.27785301      -4.59289551E-03
   45.0000000       9.27785301      -4.35810852    
   48.7500000       9.27785301      -6.18037415    
   52.5000000       9.27785301      -1.43232727    
   56.2500000       9.27785301     -0.237014771    
   60.0000000       9.27785301       1.46611023    
   63.7500000       9.27785301       2.04423523    
   67.5000000       9.27785301     -0.578811646    
   71.2500000       9.27785301      -2.13349915    
   75.0000000       9.27785301       1.03446960    
   78.7500000       9.27785301      -4.36396790    
   82.5000000       9.27785301      -2.57295227    
   86.2500000       9.27785301      -3.04560852    
   90.0000000       9.27785301      -5.30732727    
   93.7500000       9.27785301      -7.29560852    
   97.5000000       9.27785301      -8.04560852    
   101.250000       9.27785301      -7.87568665    
   105.000000       9.27785301      -10.4010773    
   108.750000       9.27785301      -7.28584290    
   112.500000       9.27785301      -6.59638977    
   116.250000       9.27785301      -5.78779602    
   120.000000       9.27785301      -6.46553040    
   123.750000       9.27785301      -7.86592102    
   127.500000       9.27785301      -8.10615540    
   131.250000       9.27785301      -9.04365540    
   135.000000       9.27785301      -10.3014679    
   138.750000       9.27785301      -9.81318665    
   142.500000       9.27785301      -8.11006165    
   146.250000       9.27785301      -4.56709290    
   150.000000       9.27785301      -1.12178040    
   153.750000       9.27785301      -3.11006165    
   157.500000       9.27785301      -5.49287415    
   161.250000       9.27785301      -4.72920227    
   165.000000       9.27785301      -6.91670227    
   168.750000       9.27785301      -12.2292023    
   172.500000       9.27785301      -7.34834290    
   176.250000       9.27785301      -4.59443665    
   180.000000       9.27785301      -2.98701477    
   183.750000       9.27785301     -0.695999146    
   187.500000       9.27785301       1.42314148    
   191.250000       9.27785301       1.44267273    
   195.000000       9.27785301      -8.16279602    
   198.750000       9.27785301      -9.11787415    
   202.500000       9.27785301      -5.88545227    
   206.250000       9.27785301      -8.06123352    
   210.000000       9.27785301      -8.74287415    
   213.750000       9.27785301      -5.20967102    
   217.500000       9.27785301      -4.94013977    
   221.250000       9.27785301      -4.85029602    
   225.000000       9.27785301      -4.10029602    
   228.750000       9.27785301      -6.88154602    
   232.500000       9.27785301      -7.33857727    
   236.250000       9.27785301      -6.40693665    
   240.000000       9.27785301      -7.90888977    
   243.750000       9.27785301      -10.6901398    
   247.500000       9.27785301      -9.21553040    
   251.250000       9.27785301      -9.67256165    
   255.000000       9.27785301      -9.73896790    
   258.750000       9.27785301      -8.95967102    
   262.500000       9.27785301      -8.53193665    
   266.250000       9.27785301      -7.50459290    
   270.000000       9.27785301      -5.08076477    
   273.750000       9.27785301      -2.25068665    
   277.500000       9.27785301      -2.08857727    
   281.250000       9.27785301      -2.52412415    
   285.000000       9.27785301      -3.06904602    
   288.750000       9.27785301      -5.71553040    
   292.500000       9.27785301      -4.25459290    
   296.250000       9.27785301       1.05595398    
   300.000000       9.27785301     -0.434280396    
   303.750000       9.27785301     -0.713577271    
   307.500000       9.27785301      -3.80146790    
   311.250000       9.27785301      -3.02803040    
   315.000000       9.27785301      -3.97334290    
   318.750000       9.27785301      -4.73506165    
   322.500000       9.27785301      -4.14326477    
   326.250000       9.27785301      -5.11592102    
   330.000000       9.27785301      -6.83076477    
   333.750000       9.27785301      -6.15107727    
   337.500000       9.27785301      -6.02803040    
   341.250000       9.27785301      -4.65107727    
   345.000000       9.27785301      -4.64131165    
   348.750000       9.27785301      -2.40693665    
   352.500000       9.27785301      -3.92451477    
   356.250000       9.27785301      -5.45771790    
   360.000000       9.27785301      -5.16279602    
   0.00000000       12.9889879      -1.04560852    
   3.75000000       12.9889879      -1.94013977    
   7.50000000       12.9889879     -0.934280396    
   11.2500000       12.9889879      -1.00459290    
   15.0000000       12.9889879       2.60282898    
   18.7500000       12.9889879     -0.569046021    
   22.5000000       12.9889879     -0.819046021    
   26.2500000       12.9889879      -2.36787415    
   30.0000000       12.9889879      -3.43232727    
   33.7500000       12.9889879       1.57548523    
   37.5000000       12.9889879     -0.420608521    
   41.2500000       12.9889879     -0.852249146    
   45.0000000       12.9889879      -7.70381165    
   48.7500000       12.9889879      -7.37178040    
   52.5000000       12.9889879      -6.24287415    
   56.2500000       12.9889879      -1.71748352    
   60.0000000       12.9889879       3.95634460    
   63.7500000       12.9889879       3.25712585    
   67.5000000       12.9889879      0.194625854    
   71.2500000       12.9889879      -2.86006165    
   75.0000000       12.9889879       1.36454773    
   78.7500000       12.9889879      -1.63935852    
   82.5000000       12.9889879     -0.465530396    
   86.2500000       12.9889879       2.92704773    
   90.0000000       12.9889879     -0.766311646    
   93.7500000       12.9889879      -5.00263977    
   97.5000000       12.9889879      -4.61592102    
   101.250000       12.9889879      -4.96748352    
   105.000000       12.9889879      -6.62959290    
   108.750000       12.9889879      -5.29365540    
   112.500000       12.9889879      -5.93623352    
   116.250000       12.9889879      -5.84053040    
   120.000000       12.9889879      -5.19795227    
   123.750000       12.9889879      -7.84248352    
   127.500000       12.9889879      -9.36787415    
   131.250000       12.9889879      -8.15498352    
   135.000000       12.9889879      -8.88740540    
   138.750000       12.9889879      -10.0358429    
   142.500000       12.9889879      -11.4635773    
   146.250000       12.9889879      -11.1842804    
   150.000000       12.9889879      -7.70381165    
   153.750000       12.9889879      -4.74873352    
   157.500000       12.9889879      -3.32295227    
   161.250000       12.9889879      -5.05146790    
   165.000000       12.9889879      -8.01631165    
   168.750000       12.9889879      -7.89717102    
   172.500000       12.9889879      -9.20771790    
   176.250000       12.9889879      -6.59834290    
   180.000000       12.9889879      -6.19795227    
   183.750000       12.9889879      -7.87959290    
   187.500000       12.9889879      -7.15107727    
   191.250000       12.9889879      -10.7663116    
   195.000000       12.9889879      -11.5026398    
   198.750000       12.9889879      -10.5397491    
   202.500000       12.9889879      -8.57099915    
   206.250000       12.9889879      -8.40498352    
   210.000000       12.9889879      -1.11201477    
   213.750000       12.9889879      0.290328979    
   217.500000       12.9889879      -3.27607727    
   221.250000       12.9889879      -2.60420227    
   225.000000       12.9889879      -2.13740540    
   228.750000       12.9889879      -1.77998352    
   232.500000       12.9889879      -6.31709290    
   236.250000       12.9889879      -6.96553040    
   240.000000       12.9889879      -6.76240540    
   243.750000       12.9889879      -7.84834290    
   247.500000       12.9889879      -8.69404602    
   251.250000       12.9889879      -9.31904602    
   255.000000       12.9889879      -6.20185852    
   258.750000       12.9889879      -5.30537415    
   262.500000       12.9889879      -3.62568665    
   266.250000       12.9889879      -4.68037415    
   270.000000       12.9889879      -7.14717102    
   273.750000       12.9889879      -6.86787415    
   277.500000       12.9889879      -8.77998352    
   281.250000       12.9889879      -11.1432648    
   285.000000       12.9889879      -10.7643585    
   288.750000       12.9889879      -9.00459290    
   292.500000       12.9889879      -7.83857727    
   296.250000       12.9889879      -6.22724915    
   300.000000       12.9889879      -4.59248352    
   303.750000       12.9889879      -3.99092102    
   307.500000       12.9889879      -4.52412415    
   311.250000       12.9889879      -2.49092102    
   315.000000       12.9889879      -2.50068665    
   318.750000       12.9889879     -0.305374146    
   322.500000       12.9889879     -0.707717896    
   326.250000       12.9889879     -0.156936646    
   330.000000       12.9889879      -1.64717102    
   333.750000       12.9889879      -1.24482727    
   337.500000       12.9889879      0.319625854    
   341.250000       12.9889879      0.118453979    
   345.000000       12.9889879      -2.45381165    
   348.750000       12.9889879      -3.07881165    
   352.500000       12.9889879      -3.73115540    
   356.250000       12.9889879     -0.379592896    
   360.000000       12.9889879      -1.04560852    
   0.00000000       16.7001171      0.989547729    
   3.75000000       16.7001171       2.32743835    
   7.50000000       16.7001171     -0.539749146    
   11.2500000       16.7001171     -0.820999146    
   15.0000000       16.7001171      -4.54560852    
   18.7500000       16.7001171      0.581344604    
   22.5000000       16.7001171      0.850875854    
   26.2500000       16.7001171       1.02665710    
   30.0000000       16.7001171      -3.80146790    
   33.7500000       16.7001171      -1.84834290    
   37.5000000       16.7001171      -1.13740540    
   41.2500000       16.7001171     -0.262405396    
   45.0000000       16.7001171      -1.24873352    
   48.7500000       16.7001171     -0.336624146    
   52.5000000       16.7001171      -1.76631165    
   56.2500000       16.7001171      -6.07490540    
   60.0000000       16.7001171     -0.971389771    
   63.7500000       16.7001171     -0.586624146    
   67.5000000       16.7001171      -3.03584290    
   71.2500000       16.7001171      -3.96553040    
   75.0000000       16.7001171      -5.49287415    
   78.7500000       16.7001171      0.153610229    
   82.5000000       16.7001171      -1.53193665    
   86.2500000       16.7001171       1.09306335    
   90.0000000       16.7001171       2.71806335    
   93.7500000       16.7001171       2.92118835    
   97.5000000       16.7001171       2.49540710    
   101.250000       16.7001171       7.15789795E-02
   105.000000       16.7001171      -1.74678040    
   108.750000       16.7001171      -1.11006165    
   112.500000       16.7001171       5.40008545E-02
   116.250000       16.7001171      -1.11201477    
   120.000000       16.7001171      -1.53584290    
   123.750000       16.7001171      -14.0709991    
   127.500000       16.7001171      -4.49482727    
   131.250000       16.7001171      -3.00263977    
   135.000000       16.7001171      -2.45967102    
   138.750000       16.7001171      -4.01045227    
   142.500000       16.7001171      -5.73896790    
   146.250000       16.7001171      -6.04170227    
   150.000000       16.7001171      -5.50263977    
   153.750000       16.7001171      -4.94209290    
   157.500000       16.7001171      -1.65693665    
   161.250000       16.7001171       1.49345398    
   165.000000       16.7001171      -3.75849915    
   168.750000       16.7001171      -8.95381165    
   172.500000       16.7001171      -9.98506165    
   176.250000       16.7001171      -9.95967102    
   180.000000       16.7001171      -8.26826477    
   183.750000       16.7001171      -9.84638977    
   187.500000       16.7001171      -12.5202179    
   191.250000       16.7001171      -14.1530304    
   195.000000       16.7001171      -12.1022491    
   198.750000       16.7001171      -11.8639679    
   202.500000       16.7001171      -11.5729523    
   206.250000       16.7001171      -10.7545929    
   210.000000       16.7001171      -7.83076477    
   213.750000       16.7001171      -2.99482727    
   217.500000       16.7001171      -1.17842102    
   221.250000       16.7001171       3.76689148    
   225.000000       16.7001171      -1.38349915    
   228.750000       16.7001171      -6.75263977    
   232.500000       16.7001171     -0.449905396    
   236.250000       16.7001171      -3.59638977    
   240.000000       16.7001171      -2.69013977    
   243.750000       16.7001171      -3.54365540    
   247.500000       16.7001171      -2.50459290    
   251.250000       16.7001171      -1.13349915    
   255.000000       16.7001171       2.98564148    
   258.750000       16.7001171       5.57743835    
   262.500000       16.7001171       2.58915710    
   266.250000       16.7001171       6.28837585    
   270.000000       16.7001171       1.18486023    
   273.750000       16.7001171      -2.95967102    
   277.500000       16.7001171      -4.93428040    
   281.250000       16.7001171      -4.56318665    
   285.000000       16.7001171      -7.48701477    
   288.750000       16.7001171      -7.38154602    
   292.500000       16.7001171      -5.17646790    
   296.250000       16.7001171      -4.57295227    
   300.000000       16.7001171      -3.49678040    
   303.750000       16.7001171      -2.63935852    
   307.500000       16.7001171      -1.63740540    
   311.250000       16.7001171      -1.83467102    
   315.000000       16.7001171      -3.37373352    
   318.750000       16.7001171      -4.05342102    
   322.500000       16.7001171      -2.74092102    
   326.250000       16.7001171     -0.676467896    
   330.000000       16.7001171      -3.70771790    
   333.750000       16.7001171       2.19071960    
   337.500000       16.7001171       3.62821960    
   341.250000       16.7001171       3.16923523    
   345.000000       16.7001171       5.90361023    
   348.750000       16.7001171       6.46806335    
   352.500000       16.7001171       4.16923523    
   356.250000       16.7001171       4.79618835    
   360.000000       16.7001171      0.989547729    
   0.00000000       20.4112377       11.9719696    
   3.75000000       20.4112377       9.77275085    
   7.50000000       20.4112377       3.99150085    
   11.2500000       20.4112377       1.73759460    
   15.0000000       20.4112377      -1.18818665    
   18.7500000       20.4112377      -2.66670227    
   22.5000000       20.4112377      -1.71943665    
   26.2500000       20.4112377      -2.80928040    
   30.0000000       20.4112377      -7.69795227    
   33.7500000       20.4112377      -3.99678040    
   37.5000000       20.4112377      -8.61201477    
   41.2500000       20.4112377      -3.32881165    
   45.0000000       20.4112377      -4.57881165    
   48.7500000       20.4112377      -4.68428040    
   52.5000000       20.4112377      -4.57099915    
   56.2500000       20.4112377      -7.17646790    
   60.0000000       20.4112377      -5.78779602    
   63.7500000       20.4112377     -0.201858521    
   67.5000000       20.4112377      -1.86787415    
   71.2500000       20.4112377      -3.14912415    
   75.0000000       20.4112377      -4.61396790    
   78.7500000       20.4112377      -1.39912415    
   82.5000000       20.4112377      0.266891479    
   86.2500000       20.4112377      -1.99287415    
   90.0000000       20.4112377       1.12626648    
   93.7500000       20.4112377       2.57939148    
   97.5000000       20.4112377       1.87040710    
   101.250000       20.4112377       3.19071960    
   105.000000       20.4112377       1.11064148    
   108.750000       20.4112377       6.75712585    
   112.500000       20.4112377       3.84306335    
   116.250000       20.4112377      -6.53779602    
   120.000000       20.4112377      -8.42842102    
   123.750000       20.4112377      -2.45381165    
   127.500000       20.4112377       2.68290710    
   131.250000       20.4112377       2.75517273    
   135.000000       20.4112377       4.30009460    
   138.750000       20.4112377       3.19267273    
   142.500000       20.4112377       4.94657898    
   146.250000       20.4112377       1.07157898    
   150.000000       20.4112377       2.21806335    
   153.750000       20.4112377      0.901657104    
   157.500000       20.4112377      -2.49873352    
   161.250000       20.4112377      -1.49873352    
   165.000000       20.4112377      -3.61006165    
   168.750000       20.4112377      -6.28974915    
   172.500000       20.4112377      -7.36787415    
   176.250000       20.4112377      -8.77021790    
   180.000000       20.4112377      -10.0534210    
   183.750000       20.4112377      -9.75654602    
   187.500000       20.4112377      -9.13935852    
   191.250000       20.4112377      -10.1334991    
   195.000000       20.4112377      -11.2331085    
   198.750000       20.4112377      -14.2135773    
   202.500000       20.4112377      -14.6803741    
   206.250000       20.4112377      -8.11396790    
   210.000000       20.4112377      -7.32295227    
   213.750000       20.4112377      -1.62568665    
   217.500000       20.4112377     -0.719436646    
   221.250000       20.4112377      0.751266479    
   225.000000       20.4112377       5.99931335    
   228.750000       20.4112377       9.53251648    
   232.500000       20.4112377       6.92509460    
   236.250000       20.4112377       5.24345398    
   240.000000       20.4112377       3.99345398    
   243.750000       20.4112377       2.96025085    
   247.500000       20.4112377       2.50321960    
   251.250000       20.4112377       4.67900085    
   255.000000       20.4112377       1.51884460    
   258.750000       20.4112377       5.04423523    
   262.500000       20.4112377       1.20048523    
   266.250000       20.4112377       2.46611023    
   270.000000       20.4112377       1.41923523    
   273.750000       20.4112377      -5.21748352    
   277.500000       20.4112377      -2.38154602    
   281.250000       20.4112377      -3.01631165    
   285.000000       20.4112377      -2.99678040    
   288.750000       20.4112377      -2.69209290    
   292.500000       20.4112377     -0.225296021    
   296.250000       20.4112377       2.89384460    
   300.000000       20.4112377       1.60868835    
   303.750000       20.4112377       2.98564148    
   307.500000       20.4112377       2.27470398    
   311.250000       20.4112377       2.22978210    
   315.000000       20.4112377       2.50907898    
   318.750000       20.4112377      -1.17060852    
   322.500000       20.4112377      -2.69599915    
   326.250000       20.4112377      -6.30342102    
   330.000000       20.4112377      -7.37959290    
   333.750000       20.4112377      -8.41279602    
   337.500000       20.4112377      -1.21162415    
   341.250000       20.4112377      -2.06123352    
   345.000000       20.4112377      0.612594604    
   348.750000       20.4112377       4.59892273    
   352.500000       20.4112377       10.1145477    
   356.250000       20.4112377       14.8430634    
   360.000000       20.4112377       11.9719696    
   0.00000000       24.1223469       15.7688446    
   3.75000000       24.1223469       13.6399384    
   7.50000000       24.1223469       9.06181335    
   11.2500000       24.1223469       2.24736023    
   15.0000000       24.1223469     -0.291702271    
   18.7500000       24.1223469      -1.26631165    
   22.5000000       24.1223469      -1.62959290    
   26.2500000       24.1223469      -4.32490540    
   30.0000000       24.1223469      -3.95771790    
   33.7500000       24.1223469      -5.42256165    
   37.5000000       24.1223469     -0.125686646    
   41.2500000       24.1223469      -4.38935852    
   45.0000000       24.1223469      -3.43037415    
   48.7500000       24.1223469      -3.44209290    
   52.5000000       24.1223469      -1.55732727    
   56.2500000       24.1223469     -0.563186646    
   60.0000000       24.1223469      -2.17451477    
   63.7500000       24.1223469      -6.49092102    
   67.5000000       24.1223469       2.48173523    
   71.2500000       24.1223469      -6.51397705E-02
   75.0000000       24.1223469       1.70829773    
   78.7500000       24.1223469       5.12236023    
   82.5000000       24.1223469       2.42704773    
   86.2500000       24.1223469       4.77275085    
   90.0000000       24.1223469       2.97196960    
   93.7500000       24.1223469       2.54814148    
   97.5000000       24.1223469       3.19462585    
   101.250000       24.1223469       1.52470398    
   105.000000       24.1223469       1.38993835    
   108.750000       24.1223469       5.93876648    
   112.500000       24.1223469       4.88407898    
   116.250000       24.1223469       4.64970398    
   120.000000       24.1223469       5.21025085    
   123.750000       24.1223469     -0.629592896    
   127.500000       24.1223469       2.93681335    
   131.250000       24.1223469       7.31571960    
   135.000000       24.1223469       11.2688446    
   138.750000       24.1223469       16.3254852    
   142.500000       24.1223469       15.9368134    
   146.250000       24.1223469       15.9192352    
   150.000000       24.1223469       12.7473602    
   153.750000       24.1223469       9.41337585    
   157.500000       24.1223469       6.90165710    
   161.250000       24.1223469       2.41728210    
   165.000000       24.1223469       1.34501648    
   168.750000       24.1223469      0.136032104    
   172.500000       24.1223469      -3.48896790    
   176.250000       24.1223469      -6.21357727    
   180.000000       24.1223469      -7.89521790    
   183.750000       24.1223469      -7.89521790    
   187.500000       24.1223469      -8.84834290    
   191.250000       24.1223469      -10.5924835    
   195.000000       24.1223469      -14.4538116    
   198.750000       24.1223469      -15.2213898    
   202.500000       24.1223469      -16.2956085    
   206.250000       24.1223469      -8.81513977    
   210.000000       24.1223469      -1.50068665    
   213.750000       24.1223469       7.92704773    
   217.500000       24.1223469       5.90361023    
   221.250000       24.1223469       3.30400085    
   225.000000       24.1223469     -0.346389771    
   228.750000       24.1223469     -0.967483521    
   232.500000       24.1223469      -5.14678955E-02
   236.250000       24.1223469      -2.28193665    
   240.000000       24.1223469       4.96025085    
   243.750000       24.1223469       7.68876648    
   247.500000       24.1223469       10.8782196    
   251.250000       24.1223469       6.67900085    
   255.000000       24.1223469       3.07353210    
   258.750000       24.1223469       5.17900085    
   262.500000       24.1223469       2.08915710    
   266.250000       24.1223469       2.86259460    
   270.000000       24.1223469       1.96220398    
   273.750000       24.1223469       3.30595398    
   277.500000       24.1223469     -0.172561646    
   281.250000       24.1223469      -1.41084290    
   285.000000       24.1223469      -3.52607727    
   288.750000       24.1223469     -0.656936646    
   292.500000       24.1223469      -5.16084290    
   296.250000       24.1223469      -2.60224915    
   300.000000       24.1223469      0.940719604    
   303.750000       24.1223469       4.26493835    
   307.500000       24.1223469       13.3352509    
   311.250000       24.1223469       10.3254852    
   315.000000       24.1223469       6.35478210    
   318.750000       24.1223469       2.39384460    
   322.500000       24.1223469     -0.860061646    
   326.250000       24.1223469      -1.81123352    
   330.000000       24.1223469     -0.131546021    
   333.750000       24.1223469      -1.62763977    
   337.500000       24.1223469      -4.67646790    
   341.250000       24.1223469      -1.78193665    
   345.000000       24.1223469       4.82548523    
   348.750000       24.1223469       7.38212585    
   352.500000       24.1223469       11.6790009    
   356.250000       24.1223469       14.1887665    
   360.000000       24.1223469       15.7688446    
   0.00000000       27.8334446       15.0188446    
   3.75000000       27.8334446       10.2063446    
   7.50000000       27.8334446       9.33915710    
   11.2500000       27.8334446       1.10087585    
   15.0000000       27.8334446      -2.75459290    
   18.7500000       27.8334446      -1.00459290    
   22.5000000       27.8334446       1.35478210    
   26.2500000       27.8334446       1.00321960    
   30.0000000       27.8334446      0.175094604    
   33.7500000       27.8334446      -1.35810852    
   37.5000000       27.8334446       1.55204773    
   41.2500000       27.8334446       1.35282898    
   45.0000000       27.8334446       2.56962585    
   48.7500000       27.8334446       2.15946960    
   52.5000000       27.8334446       2.80595398    
   56.2500000       27.8334446       1.38407898    
   60.0000000       27.8334446       3.42509460    
   63.7500000       27.8334446      0.468063354    
   67.5000000       27.8334446       4.27079773    
   71.2500000       27.8334446       5.13798523    
   75.0000000       27.8334446       10.2668915    
   78.7500000       27.8334446       1.83329773    
   82.5000000       27.8334446       1.90946960    
   86.2500000       27.8334446     -0.844436646    
   90.0000000       27.8334446     -0.692092896    
   93.7500000       27.8334446      0.143844604    
   97.5000000       27.8334446     -0.465530396    
   101.250000       27.8334446     -0.147171021    
   105.000000       27.8334446       2.31767273    
   108.750000       27.8334446       3.89384460    
   112.500000       27.8334446       6.72196960    
   116.250000       27.8334446       2.06571960    
   120.000000       27.8334446       1.89775085    
   123.750000       27.8334446      -1.30146790    
   127.500000       27.8334446     -0.682327271    
   131.250000       27.8334446      0.858688354    
   135.000000       27.8334446       2.34306335    
   138.750000       27.8334446       6.09501648    
   142.500000       27.8334446       8.87626648    
   146.250000       27.8334446       10.3137665    
   150.000000       27.8334446       14.1399384    
   153.750000       27.8334446       15.0383759    
   157.500000       27.8334446       14.4465790    
   161.250000       27.8334446       12.4680634    
   165.000000       27.8334446       7.74736023    
   168.750000       27.8334446       3.69071960    
   172.500000       27.8334446       2.83329773    
   176.250000       27.8334446     -0.662796021    
   180.000000       27.8334446      -1.85615540    
   183.750000       27.8334446      -4.42451477    
   187.500000       27.8334446      -7.51240540    
   191.250000       27.8334446      -8.52217102    
   195.000000       27.8334446      -10.2604523    
   198.750000       27.8334446      -13.7682648    
   202.500000       27.8334446      -10.4713898    
   206.250000       27.8334446      -11.3073273    
   210.000000       27.8334446      -6.13154602    
   213.750000       27.8334446       4.42509460    
   217.500000       27.8334446       8.50321960    
   221.250000       27.8334446       3.99931335    
   225.000000       27.8334446       1.52275085    
   228.750000       27.8334446       1.12236023    
   232.500000       27.8334446      -5.34638977    
   236.250000       27.8334446      -3.94599915    
   240.000000       27.8334446      -1.59248352    
   243.750000       27.8334446      0.348922729    
   247.500000       27.8334446       4.43681335    
   251.250000       27.8334446     -0.262405396    
   255.000000       27.8334446       4.46220398    
   258.750000       27.8334446       8.29814148    
   262.500000       27.8334446       13.3313446    
   266.250000       27.8334446       13.6614227    
   270.000000       27.8334446       9.77079773    
   273.750000       27.8334446       8.90556335    
   277.500000       27.8334446       5.91923523    
   281.250000       27.8334446       8.09111023    
   285.000000       27.8334446       6.30204773    
   288.750000       27.8334446       3.32939148    
   292.500000       27.8334446       7.97587585    
   296.250000       27.8334446       13.4036102    
   300.000000       27.8334446       12.5832977    
   303.750000       27.8334446       10.2473602    
   307.500000       27.8334446       12.8821259    
   311.250000       27.8334446       12.9290009    
   315.000000       27.8334446       12.7004852    
   318.750000       27.8334446       7.02861023    
   322.500000       27.8334446       1.96611023    
   326.250000       27.8334446      -2.60615540    
   330.000000       27.8334446      -3.79365540    
   333.750000       27.8334446      -2.02607727    
   337.500000       27.8334446       1.31571960    
   341.250000       27.8334446       3.05204773    
   345.000000       27.8334446       11.1848602    
   348.750000       27.8334446       12.7844696    
   352.500000       27.8334446       13.7688446    
   356.250000       27.8334446       22.6243134    
   360.000000       27.8334446       15.0188446    
   0.00000000       31.5445251       7.66728210    
   3.75000000       31.5445251       4.37040710    
   7.50000000       31.5445251       3.45829773    
   11.2500000       31.5445251       6.41337585    
   15.0000000       31.5445251       5.22587585    
   18.7500000       31.5445251       4.80986023    
   22.5000000       31.5445251      0.384078979    
   26.2500000       31.5445251       6.12040710    
   30.0000000       31.5445251       6.02470398    
   33.7500000       31.5445251       5.63212585    
   37.5000000       31.5445251       4.99150085    
   41.2500000       31.5445251       5.74150085    
   45.0000000       31.5445251       3.47196960    
   48.7500000       31.5445251       4.72196960    
   52.5000000       31.5445251       2.10868835    
   56.2500000       31.5445251      0.641891479    
   60.0000000       31.5445251       6.39579773    
   63.7500000       31.5445251       3.31767273    
   67.5000000       31.5445251      -5.73272705E-02
   71.2500000       31.5445251       2.55986023    
   75.0000000       31.5445251       4.00517273    
   78.7500000       31.5445251     -0.895217896    
   82.5000000       31.5445251      0.848922729    
   86.2500000       31.5445251      0.454391479    
   90.0000000       31.5445251       7.93914795E-02
   93.7500000       31.5445251       1.23368835    
   97.5000000       31.5445251      -8.27178955E-02
   101.250000       31.5445251     -0.738967896    
   105.000000       31.5445251      -1.76435852    
   108.750000       31.5445251       2.08720398    
   112.500000       31.5445251       8.11454773    
   116.250000       31.5445251       5.14189148    
   120.000000       31.5445251       4.80986023    
   123.750000       31.5445251       5.88017273    
   127.500000       31.5445251       2.74931335    
   131.250000       31.5445251       5.54032898    
   135.000000       31.5445251       2.96806335    
   138.750000       31.5445251       6.00712585    
   142.500000       31.5445251       9.18681335    
   146.250000       31.5445251       11.1926727    
   150.000000       31.5445251       9.78837585    
   153.750000       31.5445251       13.0637665    
   157.500000       31.5445251       14.5559540    
   161.250000       31.5445251       11.1829071    
   165.000000       31.5445251       16.3176727    
   168.750000       31.5445251       12.6282196    
   172.500000       31.5445251       8.63212585    
   176.250000       31.5445251       4.86650085    
   180.000000       31.5445251       1.36845398    
   183.750000       31.5445251      -1.70381165    
   187.500000       31.5445251      -4.54560852    
   191.250000       31.5445251      -8.25068665    
   195.000000       31.5445251      -5.84053040    
   198.750000       31.5445251      -10.3522491    
   202.500000       31.5445251      -9.53584290    
   206.250000       31.5445251      -9.09443665    
   210.000000       31.5445251      -7.34443665    
   213.750000       31.5445251      -2.45381165    
   217.500000       31.5445251     -0.258499146    
   221.250000       31.5445251       1.97782898    
   225.000000       31.5445251     -0.713577271    
   228.750000       31.5445251      -1.15303040    
   232.500000       31.5445251      -2.37373352    
   236.250000       31.5445251      -7.58662415    
   240.000000       31.5445251      -6.42256165    
   243.750000       31.5445251      -6.26045227    
   247.500000       31.5445251      -3.13154602    
   251.250000       31.5445251       2.46611023    
   255.000000       31.5445251       10.0872040    
   258.750000       31.5445251       14.1477509    
   262.500000       31.5445251       19.5969696    
   266.250000       31.5445251       9.91142273    
   270.000000       31.5445251       21.3645477    
   273.750000       31.5445251       16.8059540    
   277.500000       31.5445251       18.0442352    
   281.250000       31.5445251       17.7004852    
   285.000000       31.5445251       11.7610321    
   288.750000       31.5445251       10.9915009    
   292.500000       31.5445251       9.90556335    
   296.250000       31.5445251       8.02665710    
   300.000000       31.5445251       8.21415710    
   303.750000       31.5445251       7.76884460    
   307.500000       31.5445251       9.94267273    
   311.250000       31.5445251       12.7024384    
   315.000000       31.5445251       17.5735321    
   318.750000       31.5445251       12.1145477    
   322.500000       31.5445251       5.28837585    
   326.250000       31.5445251     -0.826858521    
   330.000000       31.5445251      -4.61396790    
   333.750000       31.5445251      -2.27021790    
   337.500000       31.5445251      0.423141479    
   341.250000       31.5445251       3.74345398    
   345.000000       31.5445251       5.68486023    
   348.750000       31.5445251       10.3059540    
   352.500000       31.5445251       9.37431335    
   356.250000       31.5445251       5.55204773    
   360.000000       31.5445251       7.66728210    
   0.00000000       35.2555809       7.50321960    
   3.75000000       35.2555809       4.85868835    
   7.50000000       35.2555809       6.22196960    
   11.2500000       35.2555809       10.0442352    
   15.0000000       35.2555809       7.93290710    
   18.7500000       35.2555809       6.83525085    
   22.5000000       35.2555809       6.69071960    
   26.2500000       35.2555809       7.37236023    
   30.0000000       35.2555809       6.65751648    
   33.7500000       35.2555809       8.59111023    
   37.5000000       35.2555809       11.1633759    
   41.2500000       35.2555809       9.38603210    
   45.0000000       35.2555809       8.17118835    
   48.7500000       35.2555809       4.08915710    
   52.5000000       35.2555809       9.62626648    
   56.2500000       35.2555809       7.65556335    
   60.0000000       35.2555809       5.01103210    
   63.7500000       35.2555809       1.21611023    
   67.5000000       35.2555809       2.05009460    
   71.2500000       35.2555809      0.907516479    
   75.0000000       35.2555809     -0.541702271    
   78.7500000       35.2555809      0.864547729    
   82.5000000       35.2555809       4.50712585    
   86.2500000       35.2555809       1.13603210    
   90.0000000       35.2555809       2.56571960    
   93.7500000       35.2555809       2.64384460    
   97.5000000       35.2555809       4.55204773    
   101.250000       35.2555809       2.91142273    
   105.000000       35.2555809     -0.944046021    
   108.750000       35.2555809       6.98954773    
   112.500000       35.2555809       6.03642273    
   116.250000       35.2555809       7.19657898    
   120.000000       35.2555809       7.20243835    
   123.750000       35.2555809       4.21025085    
   127.500000       35.2555809       3.41142273    
   131.250000       35.2555809       7.29618835    
   135.000000       35.2555809       6.08329773    
   138.750000       35.2555809       1.22392273    
   142.500000       35.2555809       6.33720398    
   146.250000       35.2555809       6.11064148    
   150.000000       35.2555809       7.66337585    
   153.750000       35.2555809       7.11259460    
   157.500000       35.2555809       14.6028290    
   161.250000       35.2555809       15.5461884    
   165.000000       35.2555809       14.7239227    
   168.750000       35.2555809       17.3704071    
   172.500000       35.2555809       17.6985321    
   176.250000       35.2555809       12.2512665    
   180.000000       35.2555809       5.97587585    
   183.750000       35.2555809       2.16532898    
   187.500000       35.2555809       2.10868835    
   191.250000       35.2555809       3.47782898    
   195.000000       35.2555809       1.80009460    
   198.750000       35.2555809       4.24345398    
   202.500000       35.2555809      -1.45576477    
   206.250000       35.2555809      -2.33467102    
   210.000000       35.2555809      -4.87373352    
   213.750000       35.2555809      -6.89912415    
   217.500000       35.2555809      -11.6764679    
   221.250000       35.2555809      -8.47138977    
   225.000000       35.2555809      -3.49873352    
   228.750000       35.2555809      -2.46357727    
   232.500000       35.2555809      -3.32685852    
   236.250000       35.2555809     -0.160842896    
   240.000000       35.2555809      -2.01631165    
   243.750000       35.2555809      -2.59443665    
   247.500000       35.2555809      -4.20967102    
   251.250000       35.2555809       2.56376648    
   255.000000       35.2555809       8.94462585    
   258.750000       35.2555809       1.47782898    
   262.500000       35.2555809       8.59696960    
   266.250000       35.2555809       13.3957977    
   270.000000       35.2555809       20.1946259    
   273.750000       35.2555809       20.4016571    
   277.500000       35.2555809       21.8586884    
   281.250000       35.2555809       25.0168915    
   285.000000       35.2555809       20.8391571    
   288.750000       35.2555809       19.4094696    
   292.500000       35.2555809       17.1321259    
   296.250000       35.2555809       10.5520477    
   300.000000       35.2555809       12.0090790    
   303.750000       35.2555809       13.4895477    
   307.500000       35.2555809       15.8430634    
   311.250000       35.2555809       17.7122040    
   315.000000       35.2555809       15.4426727    
   318.750000       35.2555809       11.8372040    
   322.500000       35.2555809       8.90946960    
   326.250000       35.2555809       6.44853210    
   330.000000       35.2555809       2.42900085    
   333.750000       35.2555809       1.29814148    
   337.500000       35.2555809       3.39579773    
   341.250000       35.2555809       7.03251648    
   345.000000       35.2555809       8.51298523    
   348.750000       35.2555809       9.72392273    
   352.500000       35.2555809       7.55595398    
   356.250000       35.2555809       12.2864227    
   360.000000       35.2555809       7.50321960    
   0.00000000       38.9666100       3.82157898    
   3.75000000       38.9666100       8.24345398    
   7.50000000       38.9666100       2.23368835    
   11.2500000       38.9666100      -2.10810852    
   15.0000000       38.9666100     -0.319046021    
   18.7500000       38.9666100     -0.367874146    
   22.5000000       38.9666100     -0.182327271    
   26.2500000       38.9666100       3.86064148    
   30.0000000       38.9666100       4.42314148    
   33.7500000       38.9666100       5.58915710    
   37.5000000       38.9666100       2.88993835    
   41.2500000       38.9666100       1.97587585    
   45.0000000       38.9666100       3.23368835    
   48.7500000       38.9666100       11.2239227    
   52.5000000       38.9666100       13.3391571    
   56.2500000       38.9666100       12.6829071    
   60.0000000       38.9666100       9.47782898    
   63.7500000       38.9666100       2.07743835    
   67.5000000       38.9666100     -0.733108521    
   71.2500000       38.9666100     -0.764358521    
   75.0000000       38.9666100     -0.278030396    
   78.7500000       38.9666100      -1.71943665    
   82.5000000       38.9666100      -4.13349915    
   86.2500000       38.9666100      -4.85810852    
   90.0000000       38.9666100      0.632125854    
   93.7500000       38.9666100      -1.07099915    
   97.5000000       38.9666100       3.25321960    
   101.250000       38.9666100       2.48368835    
   105.000000       38.9666100       11.4778290    
   108.750000       38.9666100       6.43486023    
   112.500000       38.9666100       3.54814148    
   116.250000       38.9666100       2.41728210    
   120.000000       38.9666100       2.79032898    
   123.750000       38.9666100       3.04814148    
   127.500000       38.9666100       3.50712585    
   131.250000       38.9666100       1.71220398    
   135.000000       38.9666100       4.22587585    
   138.750000       38.9666100       7.18290710    
   142.500000       38.9666100       10.9387665    
   146.250000       38.9666100       7.69462585    
   150.000000       38.9666100       7.80790710    
   153.750000       38.9666100       15.5442352    
   157.500000       38.9666100       14.1360321    
   161.250000       38.9666100       18.9778290    
   165.000000       38.9666100       16.4465790    
   168.750000       38.9666100       13.8332977    
   172.500000       38.9666100       8.66923523    
   176.250000       38.9666100       13.5930634    
   180.000000       38.9666100       11.7004852    
   183.750000       38.9666100       8.01298523    
   187.500000       38.9666100       6.75907898    
   191.250000       38.9666100       3.70439148    
   195.000000       38.9666100       6.42118835    
   198.750000       38.9666100       2.39189148    
   202.500000       38.9666100       9.70829773    
   206.250000       38.9666100       2.98954773    
   210.000000       38.9666100      -6.11592102    
   213.750000       38.9666100      -16.7233429    
   217.500000       38.9666100      -19.8209991    
   221.250000       38.9666100      -13.0846710    
   225.000000       38.9666100      -5.26435852    
   228.750000       38.9666100      -4.45381165    
   232.500000       38.9666100      -1.86592102    
   236.250000       38.9666100       1.25907898    
   240.000000       38.9666100     -0.295608521    
   243.750000       38.9666100       1.43486023    
   247.500000       38.9666100     -0.461624146    
   251.250000       38.9666100      0.655563354    
   255.000000       38.9666100       2.03837585    
   258.750000       38.9666100       8.76493835    
   262.500000       38.9666100       10.5481415    
   266.250000       38.9666100       14.6301727    
   270.000000       38.9666100       22.9465790    
   273.750000       38.9666100       22.9250946    
   277.500000       38.9666100       30.0266571    
   281.250000       38.9666100       25.8293915    
   285.000000       38.9666100       21.5090790    
   288.750000       38.9666100       19.2161102    
   292.500000       38.9666100       16.7082977    
   296.250000       38.9666100       17.2473602    
   300.000000       38.9666100       15.3372040    
   303.750000       38.9666100       21.6477509    
   307.500000       38.9666100       22.9114227    
   311.250000       38.9666100       18.1594696    
   315.000000       38.9666100       17.6301727    
   318.750000       38.9666100       12.9250946    
   322.500000       38.9666100       9.07548523    
   326.250000       38.9666100       7.93876648    
   330.000000       38.9666100       7.05009460    
   333.750000       38.9666100       4.46806335    
   337.500000       38.9666100       2.18876648    
   341.250000       38.9666100       7.17509460    
   345.000000       38.9666100       8.96611023    
   348.750000       38.9666100       6.39775085    
   352.500000       38.9666100       1.85478210    
   356.250000       38.9666100       5.48954773    
   360.000000       38.9666100       3.82157898    
   0.00000000       42.6776047     -0.694046021    
   3.75000000       42.6776047       1.33915710    
   7.50000000       42.6776047      -3.61006165    
   11.2500000       42.6776047     -0.399124146    
   15.0000000       42.6776047      0.177047729    
   18.7500000       42.6776047       1.41142273    
   22.5000000       42.6776047       5.54228210    
   26.2500000       42.6776047       7.18486023    
   30.0000000       42.6776047       10.5754852    
   33.7500000       42.6776047       16.3977509    
   37.5000000       42.6776047       14.7317352    
   41.2500000       42.6776047       9.94657898    
   45.0000000       42.6776047      -9.05303955E-02
   48.7500000       42.6776047       2.53642273    
   52.5000000       42.6776047       6.77665710    
   56.2500000       42.6776047       13.8040009    
   60.0000000       42.6776047       15.9426727    
   63.7500000       42.6776047       10.3489227    
   67.5000000       42.6776047       11.7786102    
   71.2500000       42.6776047      0.384078979    
   75.0000000       42.6776047      0.929000854    
   78.7500000       42.6776047      -1.69209290    
   82.5000000       42.6776047     -0.258499146    
   86.2500000       42.6776047       3.05633545E-02
   90.0000000       42.6776047       4.46611023    
   93.7500000       42.6776047       5.48368835    
   97.5000000       42.6776047       12.9973602    
   101.250000       42.6776047       5.81962585    
   105.000000       42.6776047       4.04032898    
   108.750000       42.6776047     -0.309280396    
   112.500000       42.6776047      0.882125854    
   116.250000       42.6776047       1.43095398    
   120.000000       42.6776047       2.37821960    
   123.750000       42.6776047       3.16923523    
   127.500000       42.6776047       3.81767273    
   131.250000       42.6776047       7.10087585    
   135.000000       42.6776047       3.26884460    
   138.750000       42.6776047       7.55009460    
   142.500000       42.6776047       6.72782898    
   146.250000       42.6776047       9.36259460    
   150.000000       42.6776047       7.56571960    
   153.750000       42.6776047       6.81181335    
   157.500000       42.6776047       9.02079773    
   161.250000       42.6776047       9.67509460    
   165.000000       42.6776047       16.3665009    
   168.750000       42.6776047       11.7356415    
   172.500000       42.6776047       8.59696960    
   176.250000       42.6776047       13.3938446    
   180.000000       42.6776047       13.8840790    
   183.750000       42.6776047       17.4524384    
   187.500000       42.6776047       16.3118134    
   191.250000       42.6776047       14.9895477    
   195.000000       42.6776047       16.4387665    
   198.750000       42.6776047       15.5481415    
   202.500000       42.6776047       16.7161102    
   206.250000       42.6776047       12.9270477    
   210.000000       42.6776047       5.06767273    
   213.750000       42.6776047      -3.36592102    
   217.500000       42.6776047      -10.6784210    
   221.250000       42.6776047      -4.62178040    
   225.000000       42.6776047       2.47392273    
   228.750000       42.6776047       7.57743835    
   232.500000       42.6776047       12.1653290    
   236.250000       42.6776047       12.2981415    
   240.000000       42.6776047       7.08329773    
   243.750000       42.6776047       8.95243835    
   247.500000       42.6776047       2.94657898    
   251.250000       42.6776047       5.16337585    
   255.000000       42.6776047       17.3665009    
   258.750000       42.6776047       10.6340790    
   262.500000       42.6776047       14.0149384    
   266.250000       42.6776047       12.6379852    
   270.000000       42.6776047       15.6868134    
   273.750000       42.6776047       21.0188446    
   277.500000       42.6776047       20.1360321    
   281.250000       42.6776047       23.4485321    
   285.000000       42.6776047       15.7551727    
   288.750000       42.6776047       5.05595398    
   292.500000       42.6776047       9.29814148    
   296.250000       42.6776047       16.8547821    
   300.000000       42.6776047       16.4680634    
   303.750000       42.6776047       14.8821259    
   307.500000       42.6776047       13.7961884    
   311.250000       42.6776047       11.1262665    
   315.000000       42.6776047       12.3508759    
   318.750000       42.6776047       11.8040009    
   322.500000       42.6776047       6.72782898    
   326.250000       42.6776047       6.58525085    
   330.000000       42.6776047       8.56962585    
   333.750000       42.6776047       3.27275085    
   337.500000       42.6776047       5.06767273    
   341.250000       42.6776047       6.47392273    
   345.000000       42.6776047       5.89384460    
   348.750000       42.6776047       1.64384460    
   352.500000       42.6776047      -1.00654602    
   356.250000       42.6776047       1.80400085    
   360.000000       42.6776047     -0.694046021    
   0.00000000       46.3885536      -1.91865540    
   3.75000000       46.3885536      -7.74678040    
   7.50000000       46.3885536      -2.46943665    
   11.2500000       46.3885536      0.723922729    
   15.0000000       46.3885536       16.7082977    
   18.7500000       46.3885536       17.4114227    
   22.5000000       46.3885536       12.9817352    
   26.2500000       46.3885536       11.2004852    
   30.0000000       46.3885536       7.21415710    
   33.7500000       46.3885536       6.53251648    
   37.5000000       46.3885536       10.9465790    
   41.2500000       46.3885536       15.3469696    
   45.0000000       46.3885536       19.8997040    
   48.7500000       46.3885536       17.1770477    
   52.5000000       46.3885536       18.4465790    
   56.2500000       46.3885536       21.2122040    
   60.0000000       46.3885536       26.4661102    
   63.7500000       46.3885536       19.4036102    
   67.5000000       46.3885536       16.3684540    
   71.2500000       46.3885536       13.8118134    
   75.0000000       46.3885536       12.3586884    
   78.7500000       46.3885536       9.84111023    
   82.5000000       46.3885536       12.0793915    
   86.2500000       46.3885536       8.56181335    
   90.0000000       46.3885536       3.41923523    
   93.7500000       46.3885536       2.60087585    
   97.5000000       46.3885536       2.38407898    
   101.250000       46.3885536      -1.21943665    
   105.000000       46.3885536       2.65361023    
   108.750000       46.3885536       2.55009460    
   112.500000       46.3885536       3.23954773    
   116.250000       46.3885536       4.25712585    
   120.000000       46.3885536       6.02861023    
   123.750000       46.3885536       6.91142273    
   127.500000       46.3885536       12.9797821    
   131.250000       46.3885536       11.7043915    
   135.000000       46.3885536       13.1711884    
   138.750000       46.3885536       6.42314148    
   142.500000       46.3885536       8.64970398    
   146.250000       46.3885536       6.69267273    
   150.000000       46.3885536       11.6672821    
   153.750000       46.3885536       9.82548523    
   157.500000       46.3885536       5.67118835    
   161.250000       46.3885536       2.13798523    
   165.000000       46.3885536     -0.840530396    
   168.750000       46.3885536       3.01298523    
   172.500000       46.3885536       11.4602509    
   176.250000       46.3885536       12.0481415    
   180.000000       46.3885536       10.0442352    
   183.750000       46.3885536       11.8821259    
   187.500000       46.3885536       16.4915009    
   191.250000       46.3885536       23.8040009    
   195.000000       46.3885536       25.6125946    
   198.750000       46.3885536       24.0032196    
   202.500000       46.3885536       22.6340790    
   206.250000       46.3885536       13.7649384    
   210.000000       46.3885536       11.9700165    
   213.750000       46.3885536       8.38017273    
   217.500000       46.3885536       5.17314148    
   221.250000       46.3885536       10.6204071    
   225.000000       46.3885536       15.0930634    
   228.750000       46.3885536       16.2512665    
   232.500000       46.3885536       11.9817352    
   236.250000       46.3885536       8.83915710    
   240.000000       46.3885536       6.62626648    
   243.750000       46.3885536       9.86454773    
   247.500000       46.3885536       4.63798523    
   251.250000       46.3885536       18.2766571    
   255.000000       46.3885536       10.9641571    
   258.750000       46.3885536       9.42900085    
   262.500000       46.3885536       9.17118835    
   266.250000       46.3885536       5.17509460    
   270.000000       46.3885536       3.53056335    
   273.750000       46.3885536     -0.789749146    
   277.500000       46.3885536      -2.58662415    
   281.250000       46.3885536      -4.29365540    
   285.000000       46.3885536      -3.92646790    
   288.750000       46.3885536       3.09111023    
   292.500000       46.3885536       10.0188446    
   296.250000       46.3885536       13.2219696    
   300.000000       46.3885536       15.3567352    
   303.750000       46.3885536       15.6262665    
   307.500000       46.3885536       12.5676727    
   311.250000       46.3885536       11.5051727    
   315.000000       46.3885536       9.34111023    
   318.750000       46.3885536       8.80400085    
   322.500000       46.3885536       1.75907898    
   326.250000       46.3885536       4.66337585    
   330.000000       46.3885536       8.30204773    
   333.750000       46.3885536       5.66923523    
   337.500000       46.3885536       2.98759460    
   341.250000       46.3885536       2.42704773    
   345.000000       46.3885536       2.02079773    
   348.750000       46.3885536     -0.139358521    
   352.500000       46.3885536      0.964157104    
   356.250000       46.3885536       1.29814148    
   360.000000       46.3885536      -1.91865540    
   0.00000000       50.0994530     -0.395217896    
   3.75000000       50.0994530       8.13446045E-02
   7.50000000       50.0994530       4.80595398    
   11.2500000       50.0994530       4.10478210    
   15.0000000       50.0994530      0.925094604    
   18.7500000       50.0994530      -1.24092102    
   22.5000000       50.0994530      0.839157104    
   26.2500000       50.0994530       2.41337585    
   30.0000000       50.0994530       4.75907898    
   33.7500000       50.0994530       5.17118835    
   37.5000000       50.0994530       8.20048523    
   41.2500000       50.0994530       11.1497040    
   45.0000000       50.0994530       13.6008759    
   48.7500000       50.0994530       16.5950165    
   52.5000000       50.0994530       15.4504852    
   56.2500000       50.0994530       18.3957977    
   60.0000000       50.0994530       22.7610321    
   63.7500000       50.0994530       18.5500946    
   67.5000000       50.0994530       18.3157196    
   71.2500000       50.0994530       19.0500946    
   75.0000000       50.0994530       18.4114227    
   78.7500000       50.0994530       12.9700165    
   82.5000000       50.0994530       9.75712585    
   86.2500000       50.0994530      0.946578979    
   90.0000000       50.0994530       2.26298523    
   93.7500000       50.0994530       3.42118835    
   97.5000000       50.0994530       1.01298523    
   101.250000       50.0994530       4.83915710    
   105.000000       50.0994530       8.88407898    
   108.750000       50.0994530       8.53056335    
   112.500000       50.0994530       4.98368835    
   116.250000       50.0994530       12.2082977    
   120.000000       50.0994530       13.3899384    
   123.750000       50.0994530       5.94657898    
   127.500000       50.0994530       11.3352509    
   131.250000       50.0994530       6.23173523    
   135.000000       50.0994530       6.83525085    
   138.750000       50.0994530       9.92314148    
   142.500000       50.0994530       7.19657898    
   146.250000       50.0994530       9.66337585    
   150.000000       50.0994530       10.1829071    
   153.750000       50.0994530       9.25517273    
   157.500000       50.0994530       6.11259460    
   161.250000       50.0994530       1.52861023    
   165.000000       50.0994530      -1.95576477    
   168.750000       50.0994530      -3.73115540    
   172.500000       50.0994530      -1.36982727    
   176.250000       50.0994530       1.80400085    
   180.000000       50.0994530       2.19071960    
   183.750000       50.0994530       10.6770477    
   187.500000       50.0994530       17.8000946    
   191.250000       50.0994530       25.3743134    
   195.000000       50.0994530       29.4211884    
   198.750000       50.0994530       26.1692352    
   202.500000       50.0994530       21.3469696    
   206.250000       50.0994530       19.2766571    
   210.000000       50.0994530       13.7610321    
   213.750000       50.0994530       14.1770477    
   217.500000       50.0994530       17.4856415    
   221.250000       50.0994530       17.2180634    
   225.000000       50.0994530       18.1594696    
   228.750000       50.0994530       17.8411102    
   232.500000       50.0994530       16.4504852    
   236.250000       50.0994530       9.23173523    
   240.000000       50.0994530       11.6536102    
   243.750000       50.0994530       2.00517273    
   247.500000       50.0994530       17.0012665    
   251.250000       50.0994530       11.4719696    
   255.000000       50.0994530       18.0969696    
   258.750000       50.0994530       17.3977509    
   262.500000       50.0994530       9.83720398    
   266.250000       50.0994530       1.69071960    
   270.000000       50.0994530      0.782516479    
   273.750000       50.0994530      -1.28388977    
   277.500000       50.0994530      -4.64326477    
   281.250000       50.0994530      -3.71748352    
   285.000000       50.0994530      0.341110229    
   288.750000       50.0994530       4.09306335    
   292.500000       50.0994530       5.35282898    
   296.250000       50.0994530       5.70048523    
   300.000000       50.0994530       8.06962585    
   303.750000       50.0994530       6.77861023    
   307.500000       50.0994530       5.71415710    
   311.250000       50.0994530       2.13407898    
   315.000000       50.0994530      -4.86592102    
   318.750000       50.0994530      -2.91084290    
   322.500000       50.0994530     -0.617874146    
   326.250000       50.0994530      -4.32881165    
   330.000000       50.0994530      -1.36982727    
   333.750000       50.0994530       5.71025085    
   337.500000       50.0994530     -0.737014771    
   341.250000       50.0994530      -1.40303040    
   345.000000       50.0994530      -2.52021790    
   348.750000       50.0994530      -6.59053040    
   352.500000       50.0994530      -5.00849915    
   356.250000       50.0994530      -3.60420227    
   360.000000       50.0994530     -0.395217896    
   0.00000000       53.8102722      -7.56709290    
   3.75000000       53.8102722      -2.39912415    
   7.50000000       53.8102722      -8.52217102    
   11.2500000       53.8102722      -12.5456085    
   15.0000000       53.8102722      -11.0241241    
   18.7500000       53.8102722      -5.22529602    
   22.5000000       53.8102722      -1.42060852    
   26.2500000       53.8102722       8.59892273    
   30.0000000       53.8102722       8.43681335    
   33.7500000       53.8102722       12.0735321    
   37.5000000       53.8102722       10.7727509    
   41.2500000       53.8102722       9.77079773    
   45.0000000       53.8102722      0.483688354    
   48.7500000       53.8102722       6.04618835    
   52.5000000       53.8102722       10.0559540    
   56.2500000       53.8102722       9.11650085    
   60.0000000       53.8102722       4.38603210    
   63.7500000       53.8102722       6.46611023    
   67.5000000       53.8102722       14.1008759    
   71.2500000       53.8102722       19.2004852    
   75.0000000       53.8102722       20.4055634    
   78.7500000       53.8102722       21.2063446    
   82.5000000       53.8102722       13.9446259    
   86.2500000       53.8102722       13.3332977    
   90.0000000       53.8102722       8.07939148    
   93.7500000       53.8102722       3.81571960    
   97.5000000       53.8102722       2.72001648    
   101.250000       53.8102722       7.44462585    
   105.000000       53.8102722       7.46611023    
   108.750000       53.8102722       6.88798523    
   112.500000       53.8102722       6.47587585    
   116.250000       53.8102722       5.63993835    
   120.000000       53.8102722       3.06767273    
   123.750000       53.8102722       4.33525085    
   127.500000       53.8102722       6.66142273    
   131.250000       53.8102722       10.1868134    
   135.000000       53.8102722       11.7864227    
   138.750000       53.8102722       13.1672821    
   142.500000       53.8102722       15.0989227    
   146.250000       53.8102722       11.7922821    
   150.000000       53.8102722       14.0754852    
   153.750000       53.8102722       9.87431335    
   157.500000       53.8102722       6.58720398    
   161.250000       53.8102722       5.64970398    
   165.000000       53.8102722       3.57157898    
   168.750000       53.8102722       5.59501648    
   172.500000       53.8102722       7.73564148    
   176.250000       53.8102722       11.5911102    
   180.000000       53.8102722       14.5715790    
   183.750000       53.8102722       19.6301727    
   187.500000       53.8102722       25.9309540    
   191.250000       53.8102722       25.2161102    
   195.000000       53.8102722       20.0051727    
   198.750000       53.8102722       23.5071259    
   202.500000       53.8102722       14.0813446    
   206.250000       53.8102722       14.4895477    
   210.000000       53.8102722       19.3430634    
   213.750000       53.8102722       17.4368134    
   217.500000       53.8102722       19.2844696    
   221.250000       53.8102722       20.8899384    
   225.000000       53.8102722       22.7082977    
   228.750000       53.8102722       18.3313446    
   232.500000       53.8102722       12.0735321    
   236.250000       53.8102722       23.7278290    
   240.000000       53.8102722       2.07977295E-02
   243.750000       53.8102722       19.1262665    
   247.500000       53.8102722       10.9153290    
   251.250000       53.8102722       10.9426727    
   255.000000       53.8102722       11.7707977    
   258.750000       53.8102722       12.2493134    
   262.500000       53.8102722       5.46806335    
   266.250000       53.8102722       1.15751648    
   270.000000       53.8102722      -2.49482727    
   273.750000       53.8102722      -2.50263977    
   277.500000       53.8102722     -0.744827271    
   281.250000       53.8102722       2.79423523    
   285.000000       53.8102722       3.46611023    
   288.750000       53.8102722       5.84892273    
   292.500000       53.8102722       8.27275085    
   296.250000       53.8102722       6.06571960    
   300.000000       53.8102722       1.58134460    
   303.750000       53.8102722       1.06962585    
   307.500000       53.8102722      0.204391479    
   311.250000       53.8102722      -3.62959290    
   315.000000       53.8102722      -7.01045227    
   318.750000       53.8102722      -7.89326477    
   322.500000       53.8102722      -10.8522491    
   326.250000       53.8102722      -6.75459290    
   330.000000       53.8102722      0.337203979    
   333.750000       53.8102722     -0.223342896    
   337.500000       53.8102722      -1.94209290    
   341.250000       53.8102722      -1.25068665    
   345.000000       53.8102722      -1.99092102    
   348.750000       53.8102722      -3.52998352    
   352.500000       53.8102722      -8.12568665    
   356.250000       53.8102722      -13.8209991    
   360.000000       53.8102722      -7.56709290    
   0.00000000       57.5209885      -12.6432648    
   3.75000000       57.5209885      -10.3073273    
   7.50000000       57.5209885      -9.78193665    
   11.2500000       57.5209885      -8.20771790    
   15.0000000       57.5209885      -7.56123352    
   18.7500000       57.5209885      -3.90693665    
   22.5000000       57.5209885      -5.48701477    
   26.2500000       57.5209885      -2.28193665    
   30.0000000       57.5209885      0.755172729    
   33.7500000       57.5209885       2.06181335    
   37.5000000       57.5209885      -1.33076477    
   41.2500000       57.5209885      -6.05928040    
   45.0000000       57.5209885      -2.40303040    
   48.7500000       57.5209885      -6.21357727    
   52.5000000       57.5209885      -9.03974915    
   56.2500000       57.5209885      -9.71553040    
   60.0000000       57.5209885      -7.11787415    
   63.7500000       57.5209885      -5.69599915    
   67.5000000       57.5209885      0.868453979    
   71.2500000       57.5209885       7.81571960    
   75.0000000       57.5209885       7.88212585    
   78.7500000       57.5209885       5.51298523    
   82.5000000       57.5209885       3.27079773    
   86.2500000       57.5209885       9.05595398    
   90.0000000       57.5209885       10.7317352    
   93.7500000       57.5209885       10.4114227    
   97.5000000       57.5209885       10.0344696    
   101.250000       57.5209885       10.2336884    
   105.000000       57.5209885       11.2122040    
   108.750000       57.5209885       12.4504852    
   112.500000       57.5209885       14.6282196    
   116.250000       57.5209885       13.8938446    
   120.000000       57.5209885       12.7004852    
   123.750000       57.5209885       11.6692352    
   127.500000       57.5209885       11.4329071    
   131.250000       57.5209885       8.76493835    
   135.000000       57.5209885       15.0911102    
   138.750000       57.5209885       12.9387665    
   142.500000       57.5209885       7.10478210    
   146.250000       57.5209885       8.54423523    
   150.000000       57.5209885       6.52861023    
   153.750000       57.5209885       6.00321960    
   157.500000       57.5209885       11.2415009    
   161.250000       57.5209885       5.53446960    
   165.000000       57.5209885       2.50126648    
   168.750000       57.5209885       5.18681335    
   172.500000       57.5209885       7.31376648    
   176.250000       57.5209885       11.8332977    
   180.000000       57.5209885       15.1829071    
   183.750000       57.5209885       19.0950165    
   187.500000       57.5209885       12.5461884    
   191.250000       57.5209885       3.28446960    
   195.000000       57.5209885      -1.23701477    
   198.750000       57.5209885      0.673141479    
   202.500000       57.5209885       3.73759460    
   206.250000       57.5209885       13.0071259    
   210.000000       57.5209885       14.7122040    
   213.750000       57.5209885       18.3899384    
   217.500000       57.5209885       19.3938446    
   221.250000       57.5209885       18.5832977    
   225.000000       57.5209885       14.7161102    
   228.750000       57.5209885       4.94267273    
   232.500000       57.5209885       8.47196960    
   236.250000       57.5209885       5.95439148    
   240.000000       57.5209885       17.0481415    
   243.750000       57.5209885       12.3332977    
   247.500000       57.5209885       6.57548523    
   251.250000       57.5209885       7.72587585    
   255.000000       57.5209885       7.56181335    
   258.750000       57.5209885       3.63212585    
   262.500000       57.5209885       1.37821960    
   266.250000       57.5209885      -3.19366455E-02
   270.000000       57.5209885      -2.47724915    
   273.750000       57.5209885      -1.04756165    
   277.500000       57.5209885       1.55986023    
   281.250000       57.5209885       5.58329773    
   285.000000       57.5209885       7.46611023    
   288.750000       57.5209885       10.3450165    
   292.500000       57.5209885       5.22392273    
   296.250000       57.5209885      -1.14521790    
   300.000000       57.5209885      -5.43818665    
   303.750000       57.5209885      -12.1667023    
   307.500000       57.5209885      -14.4127960    
   311.250000       57.5209885      -22.5241241    
   315.000000       57.5209885      -19.7682648    
   318.750000       57.5209885      -19.9928741    
   322.500000       57.5209885      -11.4752960    
   326.250000       57.5209885      -6.37373352    
   330.000000       57.5209885      -5.25654602    
   333.750000       57.5209885      -4.72920227    
   337.500000       57.5209885      -4.55928040    
   341.250000       57.5209885      -1.97920227    
   345.000000       57.5209885      -1.42646790    
   348.750000       57.5209885      -5.20185852    
   352.500000       57.5209885      -6.89521790    
   356.250000       57.5209885      -12.4674835    
   360.000000       57.5209885      -12.6432648    
   0.00000000       61.2315712     -0.701858521    
   3.75000000       61.2315712      0.616500854    
   7.50000000       61.2315712      0.274703979    
   11.2500000       61.2315712       2.25126648    
   15.0000000       61.2315712       1.55204773    
   18.7500000       61.2315712      -2.29951477    
   22.5000000       61.2315712      -4.96943665    
   26.2500000       61.2315712      -7.27607727    
   30.0000000       61.2315712      -10.5788116    
   33.7500000       61.2315712      -14.7155304    
   37.5000000       61.2315712      -13.2467804    
   41.2500000       61.2315712      -8.33857727    
   45.0000000       61.2315712      -6.39912415    
   48.7500000       61.2315712      -7.35615540    
   52.5000000       61.2315712      -10.3170929    
   56.2500000       61.2315712      -13.5045929    
   60.0000000       61.2315712      -12.9752960    
   63.7500000       61.2315712      -10.7721710    
   67.5000000       61.2315712      -7.41670227    
   71.2500000       61.2315712      -5.84638977    
   75.0000000       61.2315712      -9.14912415    
   78.7500000       61.2315712      -5.58857727    
   82.5000000       61.2315712     -0.428421021    
   86.2500000       61.2315712       3.53642273    
   90.0000000       61.2315712       6.49931335    
   93.7500000       61.2315712       13.5774384    
   97.5000000       61.2315712       15.8411102    
   101.250000       61.2315712       17.8997040    
   105.000000       61.2315712       13.2551727    
   108.750000       61.2315712       11.0481415    
   112.500000       61.2315712       8.44853210    
   116.250000       61.2315712       10.3860321    
   120.000000       61.2315712       13.1965790    
   123.750000       61.2315712       9.27665710    
   127.500000       61.2315712       7.78251648    
   131.250000       61.2315712       4.48954773    
   135.000000       61.2315712       3.04228210    
   138.750000       61.2315712       2.32743835    
   142.500000       61.2315712      -5.32490540    
   146.250000       61.2315712      -12.1842804    
   150.000000       61.2315712      -13.6803741    
   153.750000       61.2315712      -5.41670227    
   157.500000       61.2315712      -1.75459290    
   161.250000       61.2315712      0.309860229    
   165.000000       61.2315712       1.15946960    
   168.750000       61.2315712       8.79423523    
   172.500000       61.2315712       13.5247040    
   176.250000       61.2315712       15.2629852    
   180.000000       61.2315712       17.8469696    
   183.750000       61.2315712       12.2141571    
   187.500000       61.2315712       8.58329773    
   191.250000       61.2315712       6.63407898    
   195.000000       61.2315712       2.08134460    
   198.750000       61.2315712       4.62431335    
   202.500000       61.2315712       5.49345398    
   206.250000       61.2315712       5.10478210    
   210.000000       61.2315712       3.20439148    
   213.750000       61.2315712      0.645797729    
   217.500000       61.2315712     -0.344436646    
   221.250000       61.2315712       2.56376648    
   225.000000       61.2315712       1.67118835    
   228.750000       61.2315712      0.452438354    
   232.500000       61.2315712      0.639938354    
   236.250000       61.2315712      -2.95771790    
   240.000000       61.2315712      0.936813354    
   243.750000       61.2315712       4.48173523    
   247.500000       61.2315712       8.56962585    
   251.250000       61.2315712       6.72978210    
   255.000000       61.2315712       4.77275085    
   258.750000       61.2315712       2.79814148    
   262.500000       61.2315712       3.72392273    
   266.250000       61.2315712       2.89189148    
   270.000000       61.2315712       2.54618835    
   273.750000       61.2315712       3.62626648    
   277.500000       61.2315712       7.15946960    
   281.250000       61.2315712       6.89970398    
   285.000000       61.2315712       7.78251648    
   288.750000       61.2315712       1.15946960    
   292.500000       61.2315712      -7.58076477    
   296.250000       61.2315712      -11.6842804    
   300.000000       61.2315712      -12.9733429    
   303.750000       61.2315712      -18.1745148    
   307.500000       61.2315712      -23.3483429    
   311.250000       61.2315712      -33.1081085    
   315.000000       61.2315712      -34.9420929    
   318.750000       61.2315712      -10.4167023    
   322.500000       61.2315712      -10.8463898    
   326.250000       61.2315712      -8.33857727    
   330.000000       61.2315712      -4.78779602    
   333.750000       61.2315712      -4.85615540    
   337.500000       61.2315712      -6.24287415    
   341.250000       61.2315712      -8.10615540    
   345.000000       61.2315712      -9.73115540    
   348.750000       61.2315712      -6.70185852    
   352.500000       61.2315712      -7.64521790    
   356.250000       61.2315712      -4.97334290    
   360.000000       61.2315712     -0.701858521    
   0.00000000       64.9419479       11.6829071    
   3.75000000       64.9419479       7.37236023    
   7.50000000       64.9419479       4.46415710    
   11.2500000       64.9419479       6.78837585    
   15.0000000       64.9419479       8.30204773    
   18.7500000       64.9419479       5.83134460    
   22.5000000       64.9419479       3.33134460    
   26.2500000       64.9419479      -3.60615540    
   30.0000000       64.9419479      -6.00459290    
   33.7500000       64.9419479      -8.21162415    
   37.5000000       64.9419479      -6.35224915    
   41.2500000       64.9419479      -4.96162415    
   45.0000000       64.9419479      -4.83271790    
   48.7500000       64.9419479      -4.68623352    
   52.5000000       64.9419479      -4.42842102    
   56.2500000       64.9419479      -3.56904602    
   60.0000000       64.9419479      -7.23310852    
   63.7500000       64.9419479      -10.3659210    
   67.5000000       64.9419479      -8.13935852    
   71.2500000       64.9419479      -5.71943665    
   75.0000000       64.9419479      -2.49287415    
   78.7500000       64.9419479       3.27665710    
   82.5000000       64.9419479       10.0930634    
   86.2500000       64.9419479       10.8508759    
   90.0000000       64.9419479       7.48954773    
   93.7500000       64.9419479       7.53446960    
   97.5000000       64.9419479       8.03446960    
   101.250000       64.9419479       8.06571960    
   105.000000       64.9419479       6.29814148    
   108.750000       64.9419479       4.77665710    
   112.500000       64.9419479      0.262985229    
   116.250000       64.9419479      -2.54365540    
   120.000000       64.9419479      -2.35615540    
   123.750000       64.9419479      -1.02803040    
   127.500000       64.9419479     -0.969436646    
   131.250000       64.9419479      -4.93623352    
   135.000000       64.9419479     -0.182327271    
   138.750000       64.9419479      -1.38349915    
   142.500000       64.9419479      -2.38935852    
   146.250000       64.9419479      -1.03779602    
   150.000000       64.9419479      -2.85810852    
   153.750000       64.9419479      -2.34443665    
   157.500000       64.9419479       1.50126648    
   161.250000       64.9419479       3.70829773    
   165.000000       64.9419479       7.74736023    
   168.750000       64.9419479       6.54618835    
   172.500000       64.9419479       4.50321960    
   176.250000       64.9419479       3.99345398    
   180.000000       64.9419479      0.264938354    
   183.750000       64.9419479      0.231735229    
   187.500000       64.9419479       4.35868835    
   191.250000       64.9419479       8.25712585    
   195.000000       64.9419479       9.57157898    
   198.750000       64.9419479       8.22392273    
   202.500000       64.9419479       7.41142273    
   206.250000       64.9419479       10.2278290    
   210.000000       64.9419479       13.3079071    
   213.750000       64.9419479       15.2688446    
   217.500000       64.9419479       13.0540009    
   221.250000       64.9419479       6.94657898    
   225.000000       64.9419479       4.06376648    
   228.750000       64.9419479       2.01884460    
   232.500000       64.9419479       4.17314148    
   236.250000       64.9419479       3.53251648    
   240.000000       64.9419479       2.48173523    
   243.750000       64.9419479       3.33720398    
   247.500000       64.9419479       4.18290710    
   251.250000       64.9419479       5.35673523    
   255.000000       64.9419479       6.04814148    
   258.750000       64.9419479       4.90165710    
   262.500000       64.9419479       6.47587585    
   266.250000       64.9419479       6.46611023    
   270.000000       64.9419479       5.22587585    
   273.750000       64.9419479       5.62236023    
   277.500000       64.9419479       5.04618835    
   281.250000       64.9419479       6.75907898    
   285.000000       64.9419479       4.38798523    
   288.750000       64.9419479      -7.19599915    
   292.500000       64.9419479      -11.2409210    
   296.250000       64.9419479      -12.4127960    
   300.000000       64.9419479      -9.93232727    
   303.750000       64.9419479      -13.4596710    
   307.500000       64.9419479      -7.66865540    
   311.250000       64.9419479      -18.0709991    
   315.000000       64.9419479      -9.69795227    
   318.750000       64.9419479       1.52275085    
   322.500000       64.9419479     -0.451858521    
   326.250000       64.9419479      0.946578979    
   330.000000       64.9419479     -0.436233521    
   333.750000       64.9419479      -2.05732727    
   337.500000       64.9419479     -0.854202271    
   341.250000       64.9419479      -3.42256165    
   345.000000       64.9419479     -0.977249146    
   348.750000       64.9419479       2.14775085    
   352.500000       64.9419479       5.52665710    
   356.250000       64.9419479       9.17900085    
   360.000000       64.9419479       11.6829071    
   0.00000000       68.6520157       8.07157898    
   3.75000000       68.6520157       11.7707977    
   7.50000000       68.6520157       11.7766571    
   11.2500000       68.6520157       13.7024384    
   15.0000000       68.6520157       12.9036102    
   18.7500000       68.6520157       18.3215790    
   22.5000000       68.6520157       11.2063446    
   26.2500000       68.6520157       6.94071960    
   30.0000000       68.6520157       1.33134460    
   33.7500000       68.6520157      -1.76826477    
   37.5000000       68.6520157     -0.586624146    
   41.2500000       68.6520157      -2.80146790    
   45.0000000       68.6520157      -5.23701477    
   48.7500000       68.6520157      -7.35420227    
   52.5000000       68.6520157      -11.0690460    
   56.2500000       68.6520157      -13.4518585    
   60.0000000       68.6520157      -12.2721710    
   63.7500000       68.6520157      -11.2213898    
   67.5000000       68.6520157      -14.0944366    
   71.2500000       68.6520157      -10.0436554    
   75.0000000       68.6520157      -7.76045227    
   78.7500000       68.6520157      -4.77412415    
   82.5000000       68.6520157      -2.69599915    
   86.2500000       68.6520157      -2.08271790    
   90.0000000       68.6520157      -1.95771790    
   93.7500000       68.6520157      -3.46748352    
   97.5000000       68.6520157      -4.62959290    
   101.250000       68.6520157      -4.62763977    
   105.000000       68.6520157      -6.52607727    
   108.750000       68.6520157      -4.04756165    
   112.500000       68.6520157      -4.32881165    
   116.250000       68.6520157      -2.84053040    
   120.000000       68.6520157      -2.47334290    
   123.750000       68.6520157      -3.42646790    
   127.500000       68.6520157      -3.12568665    
   131.250000       68.6520157     -0.570999146    
   135.000000       68.6520157       1.36454773    
   138.750000       68.6520157       3.92704773    
   142.500000       68.6520157       5.09501648    
   146.250000       68.6520157       7.15946960    
   150.000000       68.6520157       5.93486023    
   153.750000       68.6520157       8.14384460    
   157.500000       68.6520157       5.09306335    
   161.250000       68.6520157      0.604782104    
   165.000000       68.6520157       1.40361023    
   168.750000       68.6520157       1.25321960    
   172.500000       68.6520157       1.24345398    
   176.250000       68.6520157       2.76493835    
   180.000000       68.6520157       1.11064148    
   183.750000       68.6520157      0.616500854    
   187.500000       68.6520157      0.973922729    
   191.250000       68.6520157       2.68681335    
   195.000000       68.6520157       3.33134460    
   198.750000       68.6520157       2.84892273    
   202.500000       68.6520157       3.49736023    
   206.250000       68.6520157       2.32939148    
   210.000000       68.6520157      0.186813354    
   213.750000       68.6520157     -0.918655396    
   217.500000       68.6520157      -1.16670227    
   221.250000       68.6520157       1.93095398    
   225.000000       68.6520157       1.36259460    
   228.750000       68.6520157      0.829391479    
   232.500000       68.6520157       1.97978210    
   236.250000       68.6520157       3.06571960    
   240.000000       68.6520157       2.65361023    
   243.750000       68.6520157       3.83720398    
   247.500000       68.6520157       6.16728210    
   251.250000       68.6520157       8.43290710    
   255.000000       68.6520157       8.94657898    
   258.750000       68.6520157       8.17509460    
   262.500000       68.6520157       5.02275085    
   266.250000       68.6520157       2.30595398    
   270.000000       68.6520157       2.45243835    
   273.750000       68.6520157      0.581344604    
   277.500000       68.6520157      -1.52803040    
   281.250000       68.6520157      -11.1667023    
   285.000000       68.6520157      -14.1549835    
   288.750000       68.6520157      -9.32099915    
   292.500000       68.6520157      -3.87763977    
   296.250000       68.6520157      -6.15107727    
   300.000000       68.6520157      -8.63740540    
   303.750000       68.6520157      -1.57881165    
   307.500000       68.6520157      -7.81123352    
   311.250000       68.6520157      -7.70576477    
   315.000000       68.6520157      -8.93623352    
   318.750000       68.6520157      -5.80342102    
   322.500000       68.6520157     -0.940139771    
   326.250000       68.6520157       6.49736023    
   330.000000       68.6520157       4.53642273    
   333.750000       68.6520157       5.35282898    
   337.500000       68.6520157       3.51884460    
   341.250000       68.6520157       2.00712585    
   345.000000       68.6520157       1.91337585    
   348.750000       68.6520157       4.80595398    
   352.500000       68.6520157       4.46025085    
   356.250000       68.6520157       5.05009460    
   360.000000       68.6520157       8.07157898    
   0.00000000       72.3615875      -1.43037415    
   3.75000000       72.3615875       4.13407898    
   7.50000000       72.3615875       5.99345398    
   11.2500000       72.3615875       9.58525085    
   15.0000000       72.3615875       9.05790710    
   18.7500000       72.3615875       9.91923523    
   22.5000000       72.3615875      0.764938354    
   26.2500000       72.3615875      -6.27217102    
   30.0000000       72.3615875      -5.32295227    
   33.7500000       72.3615875      -5.13545227    
   37.5000000       72.3615875      -3.53974915    
   41.2500000       72.3615875      -2.02021790    
   45.0000000       72.3615875      -2.12763977    
   48.7500000       72.3615875      -2.65888977    
   52.5000000       72.3615875      -2.67060852    
   56.2500000       72.3615875      -3.73701477    
   60.0000000       72.3615875      -2.98310852    
   63.7500000       72.3615875      -2.20967102    
   67.5000000       72.3615875      -2.86592102    
   71.2500000       72.3615875      -3.42256165    
   75.0000000       72.3615875      -3.93037415    
   78.7500000       72.3615875      -3.94990540    
   82.5000000       72.3615875      -3.74092102    
   86.2500000       72.3615875      -4.04756165    
   90.0000000       72.3615875      -4.84248352    
   93.7500000       72.3615875      -3.71748352    
   97.5000000       72.3615875      -2.49482727    
   101.250000       72.3615875      -1.22138977    
   105.000000       72.3615875     -0.334671021    
   108.750000       72.3615875       1.56571960    
   112.500000       72.3615875       3.61259460    
   116.250000       72.3615875       6.50321960    
   120.000000       72.3615875       8.50517273    
   123.750000       72.3615875       8.24736023    
   127.500000       72.3615875       8.13407898    
   131.250000       72.3615875       7.28642273    
   135.000000       72.3615875       6.65165710    
   138.750000       72.3615875       4.84111023    
   142.500000       72.3615875       3.32743835    
   146.250000       72.3615875       3.03837585    
   150.000000       72.3615875       2.48564148    
   153.750000       72.3615875       4.41532898    
   157.500000       72.3615875       5.81571960    
   161.250000       72.3615875       8.38407898    
   165.000000       72.3615875       8.51493835    
   168.750000       72.3615875       6.98759460    
   172.500000       72.3615875       4.78251648    
   176.250000       72.3615875       2.99345398    
   180.000000       72.3615875       2.62236023    
   183.750000       72.3615875       1.10673523    
   187.500000       72.3615875     -0.250686646    
   191.250000       72.3615875      -1.25459290    
   195.000000       72.3615875      -1.85615540    
   198.750000       72.3615875      -2.32295227    
   202.500000       72.3615875      -2.37373352    
   206.250000       72.3615875      -1.90498352    
   210.000000       72.3615875      -1.72529602    
   213.750000       72.3615875      -1.47529602    
   217.500000       72.3615875     -0.528030396    
   221.250000       72.3615875      0.700485229    
   225.000000       72.3615875       1.85673523    
   228.750000       72.3615875       2.98759460    
   232.500000       72.3615875       2.85673523    
   236.250000       72.3615875       3.73368835    
   240.000000       72.3615875       4.33525085    
   243.750000       72.3615875       4.66532898    
   247.500000       72.3615875       5.05009460    
   251.250000       72.3615875      0.682907104    
   255.000000       72.3615875      -6.76240540    
   258.750000       72.3615875      -10.1862335    
   262.500000       72.3615875      -6.99678040    
   266.250000       72.3615875      -5.41279602    
   270.000000       72.3615875      -4.78584290    
   273.750000       72.3615875      -5.19404602    
   277.500000       72.3615875      -8.47138977    
   281.250000       72.3615875      -4.39912415    
   285.000000       72.3615875       3.35087585    
   288.750000       72.3615875       4.67314148    
   292.500000       72.3615875       5.14970398    
   296.250000       72.3615875       1.90946960    
   300.000000       72.3615875     -0.455764771    
   303.750000       72.3615875       1.47196960    
   307.500000       72.3615875      -3.94990540    
   311.250000       72.3615875      -6.10615540    
   315.000000       72.3615875      -1.87373352    
   318.750000       72.3615875      0.874313354    
   322.500000       72.3615875       7.54814148    
   326.250000       72.3615875       10.1965790    
   330.000000       72.3615875       12.0266571    
   333.750000       72.3615875       5.90165710    
   337.500000       72.3615875       4.97001648    
   341.250000       72.3615875       6.21611023    
   345.000000       72.3615875       3.47196960    
   348.750000       72.3615875       1.90165710    
   352.500000       72.3615875       2.01298523    
   356.250000       72.3615875      0.747360229    
   360.000000       72.3615875      -1.43037415    
   0.00000000       76.0702438       2.52665710    
   3.75000000       76.0702438       4.05400085    
   7.50000000       76.0702438      -3.58428955E-02
   11.2500000       76.0702438     -0.994827271    
   15.0000000       76.0702438     -0.817092896    
   18.7500000       76.0702438      0.534469604    
   22.5000000       76.0702438       2.26298523    
   26.2500000       76.0702438       3.89775085    
   30.0000000       76.0702438       6.88603210    
   33.7500000       76.0702438       2.99345398    
   37.5000000       76.0702438       1.77861023    
   41.2500000       76.0702438      -1.46748352    
   45.0000000       76.0702438      -3.03974915    
   48.7500000       76.0702438      -2.05537415    
   52.5000000       76.0702438      -1.63935852    
   56.2500000       76.0702438      -2.09443665    
   60.0000000       76.0702438      -2.41279602    
   63.7500000       76.0702438      -1.29170227    
   67.5000000       76.0702438      -1.04560852    
   71.2500000       76.0702438      -1.29365540    
   75.0000000       76.0702438      -2.28193665    
   78.7500000       76.0702438      -2.49287415    
   82.5000000       76.0702438      -2.56904602    
   86.2500000       76.0702438      -4.05928040    
   90.0000000       76.0702438      -4.45185852    
   93.7500000       76.0702438      -4.26045227    
   97.5000000       76.0702438      -3.19990540    
   101.250000       76.0702438      -1.58076477    
   105.000000       76.0702438     -0.412796021    
   108.750000       76.0702438       1.34501648    
   112.500000       76.0702438       2.70243835    
   116.250000       76.0702438       4.64189148    
   120.000000       76.0702438       5.98954773    
   123.750000       76.0702438       6.18290710    
   127.500000       76.0702438       5.61259460    
   131.250000       76.0702438       4.99150085    
   135.000000       76.0702438       4.33134460    
   138.750000       76.0702438       3.53446960    
   142.500000       76.0702438       3.36454773    
   146.250000       76.0702438       3.27470398    
   150.000000       76.0702438       3.36259460    
   153.750000       76.0702438       3.37431335    
   157.500000       76.0702438       3.49931335    
   161.250000       76.0702438       3.62431335    
   165.000000       76.0702438       6.51689148    
   168.750000       76.0702438       6.88407898    
   172.500000       76.0702438       7.50126648    
   176.250000       76.0702438       7.77079773    
   180.000000       76.0702438       7.37040710    
   183.750000       76.0702438       7.85087585    
   187.500000       76.0702438       7.40946960    
   191.250000       76.0702438       7.00321960    
   195.000000       76.0702438       6.81767273    
   198.750000       76.0702438       6.61064148    
   202.500000       76.0702438       6.51103210    
   206.250000       76.0702438       6.51298523    
   210.000000       76.0702438       6.44657898    
   213.750000       76.0702438       6.56767273    
   217.500000       76.0702438       6.63212585    
   221.250000       76.0702438       6.72392273    
   225.000000       76.0702438       6.89775085    
   228.750000       76.0702438       5.82548523    
   232.500000       76.0702438       5.11454773    
   236.250000       76.0702438       3.98564148    
   240.000000       76.0702438       3.58720398    
   243.750000       76.0702438      0.739547729    
   247.500000       76.0702438      -4.64521790    
   251.250000       76.0702438      -7.59443665    
   255.000000       76.0702438      -6.85224915    
   258.750000       76.0702438      -6.57099915    
   262.500000       76.0702438      -7.08271790    
   266.250000       76.0702438      -7.43623352    
   270.000000       76.0702438      -8.32685852    
   273.750000       76.0702438      -5.77021790    
   277.500000       76.0702438      -9.35810852    
   281.250000       76.0702438      -9.33271790    
   285.000000       76.0702438      -10.4948273    
   288.750000       76.0702438      -12.3209991    
   292.500000       76.0702438      -16.4694366    
   296.250000       76.0702438      -9.05342102    
   300.000000       76.0702438      -1.47920227    
   303.750000       76.0702438       4.24345398    
   307.500000       76.0702438       4.48368835    
   311.250000       76.0702438       6.38017273    
   315.000000       76.0702438       9.17704773    
   318.750000       76.0702438       11.3957977    
   322.500000       76.0702438       12.0481415    
   326.250000       76.0702438       11.5266571    
   330.000000       76.0702438       12.4602509    
   333.750000       76.0702438       15.4036102    
   337.500000       76.0702438       5.05790710    
   341.250000       76.0702438       5.44657898    
   345.000000       76.0702438       5.11064148    
   348.750000       76.0702438       2.89579773    
   352.500000       76.0702438      0.602828979    
   356.250000       76.0702438     -0.403030396    
   360.000000       76.0702438       2.52665710    
   0.00000000       79.7770462       1.86064148    
   3.75000000       79.7770462       1.85673523    
   7.50000000       79.7770462       1.84696960    
   11.2500000       79.7770462       1.00712585    
   15.0000000       79.7770462       2.85478210    
   18.7500000       79.7770462       7.24150085    
   22.5000000       79.7770462       8.13017273    
   26.2500000       79.7770462       10.3567352    
   30.0000000       79.7770462       13.0813446    
   33.7500000       79.7770462       12.1418915    
   37.5000000       79.7770462       13.6438446    
   41.2500000       79.7770462       14.1594696    
   45.0000000       79.7770462       16.4856415    
   48.7500000       79.7770462       16.6321259    
   52.5000000       79.7770462       15.7493134    
   56.2500000       79.7770462       14.6985321    
   60.0000000       79.7770462       13.4700165    
   63.7500000       79.7770462       12.3137665    
   67.5000000       79.7770462       11.5422821    
   71.2500000       79.7770462       11.9915009    
   75.0000000       79.7770462       12.0969696    
   78.7500000       79.7770462       12.3137665    
   82.5000000       79.7770462       13.1848602    
   86.2500000       79.7770462       14.3801727    
   90.0000000       79.7770462       15.3020477    
   93.7500000       79.7770462       15.9602509    
   97.5000000       79.7770462       13.7766571    
   101.250000       79.7770462       11.3391571    
   105.000000       79.7770462       11.1770477    
   108.750000       79.7770462       9.25517273    
   112.500000       79.7770462       6.77470398    
   116.250000       79.7770462       5.44853210    
   120.000000       79.7770462       2.40751648    
   123.750000       79.7770462      0.688766479    
   127.500000       79.7770462      0.895797729    
   131.250000       79.7770462       1.12040710    
   135.000000       79.7770462       1.31571960    
   138.750000       79.7770462       1.30595398    
   142.500000       79.7770462      0.739547729    
   146.250000       79.7770462     -0.451858521    
   150.000000       79.7770462      -1.20771790    
   153.750000       79.7770462     -0.916702271    
   157.500000       79.7770462     -0.453811646    
   161.250000       79.7770462     -0.496780396    
   165.000000       79.7770462     -0.334671021    
   168.750000       79.7770462      0.903610229    
   172.500000       79.7770462       2.28251648    
   176.250000       79.7770462       3.44853210    
   180.000000       79.7770462       5.69657898    
   183.750000       79.7770462       7.96415710    
   187.500000       79.7770462       9.04618835    
   191.250000       79.7770462       9.45829773    
   195.000000       79.7770462       9.66142273    
   198.750000       79.7770462       9.58329773    
   202.500000       79.7770462       9.54032898    
   206.250000       79.7770462       10.2043915    
   210.000000       79.7770462       10.4407196    
   213.750000       79.7770462       9.41532898    
   217.500000       79.7770462       6.97392273    
   221.250000       79.7770462       5.57548523    
   225.000000       79.7770462       4.78837585    
   228.750000       79.7770462       3.64384460    
   232.500000       79.7770462       2.57743835    
   236.250000       79.7770462       1.91142273    
   240.000000       79.7770462      -1.38740540    
   243.750000       79.7770462      -4.66865540    
   247.500000       79.7770462      -5.25263977    
   251.250000       79.7770462      -5.00459290    
   255.000000       79.7770462      -4.72138977    
   258.750000       79.7770462      -4.02998352    
   262.500000       79.7770462      -3.40303040    
   266.250000       79.7770462      -3.29560852    
   270.000000       79.7770462      -1.33271790    
   273.750000       79.7770462      -1.91084290    
   277.500000       79.7770462      -1.07881165    
   281.250000       79.7770462      -3.84834290    
   285.000000       79.7770462     -0.795608521    
   288.750000       79.7770462      0.804000854    
   292.500000       79.7770462       1.18486023    
   296.250000       79.7770462       2.56571960    
   300.000000       79.7770462       11.9856415    
   303.750000       79.7770462       15.3391571    
   307.500000       79.7770462       8.85478210    
   311.250000       79.7770462       7.43681335    
   315.000000       79.7770462       8.18486023    
   318.750000       79.7770462       9.62236023    
   322.500000       79.7770462       9.83915710    
   326.250000       79.7770462       9.94071960    
   330.000000       79.7770462       10.3723602    
   333.750000       79.7770462       7.13993835    
   337.500000       79.7770462       6.39970398    
   341.250000       79.7770462       6.32939148    
   345.000000       79.7770462       5.58525085    
   348.750000       79.7770462       4.53837585    
   352.500000       79.7770462       3.71025085    
   356.250000       79.7770462       2.85282898    
   360.000000       79.7770462       1.86064148    
   0.00000000       83.4789200       4.20634460    
   3.75000000       83.4789200       3.85087585    
   7.50000000       83.4789200       3.33134460    
   11.2500000       83.4789200       2.61845398    
   15.0000000       83.4789200       2.24736023    
   18.7500000       83.4789200       2.70048523    
   22.5000000       83.4789200       3.36454773    
   26.2500000       83.4789200       3.47001648    
   30.0000000       83.4789200       3.25712585    
   33.7500000       83.4789200       3.02861023    
   37.5000000       83.4789200       2.98954773    
   41.2500000       83.4789200       3.22392273    
   45.0000000       83.4789200       3.68095398    
   48.7500000       83.4789200       4.22196960    
   52.5000000       83.4789200       4.79814148    
   56.2500000       83.4789200       5.25712585    
   60.0000000       83.4789200       5.49150085    
   63.7500000       83.4789200       5.45634460    
   67.5000000       83.4789200       5.10868835    
   71.2500000       83.4789200       4.44267273    
   75.0000000       83.4789200       3.48954773    
   78.7500000       83.4789200       2.44657898    
   82.5000000       83.4789200       1.51103210    
   86.2500000       83.4789200      0.893844604    
   90.0000000       83.4789200      0.749313354    
   93.7500000       83.4789200       1.18876648    
   97.5000000       83.4789200       1.83915710    
   101.250000       83.4789200       1.96415710    
   105.000000       83.4789200       1.15165710    
   108.750000       83.4789200      0.403610229    
   112.500000       83.4789200      0.481735229    
   116.250000       83.4789200      0.516891479    
   120.000000       83.4789200     -0.362014771    
   123.750000       83.4789200      -1.74873352    
   127.500000       83.4789200      -2.90107727    
   131.250000       83.4789200      -4.28584290    
   135.000000       83.4789200      -5.86982727    
   138.750000       83.4789200      -7.07881165    
   142.500000       83.4789200      -7.82881165    
   146.250000       83.4789200      -8.27412415    
   150.000000       83.4789200      -8.37959290    
   153.750000       83.4789200      -8.33076477    
   157.500000       83.4789200      -8.34248352    
   161.250000       83.4789200      -8.11006165    
   165.000000       83.4789200      -7.48115540    
   168.750000       83.4789200      -7.04365540    
   172.500000       83.4789200      -6.97724915    
   176.250000       83.4789200      -7.07881165    
   180.000000       83.4789200      -6.96943665    
   183.750000       83.4789200      -6.58467102    
   187.500000       83.4789200      -5.89717102    
   191.250000       83.4789200      -5.02803040    
   195.000000       83.4789200      -4.10029602    
   198.750000       83.4789200      -3.07490540    
   202.500000       83.4789200      -2.11592102    
   206.250000       83.4789200      -1.18232727    
   210.000000       83.4789200     -0.301467896    
   213.750000       83.4789200      0.540328979    
   217.500000       83.4789200       1.28446960    
   221.250000       83.4789200       1.82157898    
   225.000000       83.4789200       1.29618835    
   228.750000       83.4789200       4.42352295E-02
   232.500000       83.4789200      -1.43232727    
   236.250000       83.4789200      -3.35420227    
   240.000000       83.4789200      -4.50459290    
   243.750000       83.4789200      -4.78779602    
   247.500000       83.4789200      -4.78193665    
   251.250000       83.4789200      -4.13935852    
   255.000000       83.4789200      -3.71943665    
   258.750000       83.4789200      -3.41670227    
   262.500000       83.4789200      -2.45771790    
   266.250000       83.4789200      -1.05342102    
   270.000000       83.4789200     -0.445999146    
   273.750000       83.4789200      0.413375854    
   277.500000       83.4789200      0.710250854    
   281.250000       83.4789200      0.208297729    
   285.000000       83.4789200      -2.63977051E-03
   288.750000       83.4789200     -0.256546021    
   292.500000       83.4789200      -8.49914551E-03
   296.250000       83.4789200       1.03251648    
   300.000000       83.4789200       3.04228210    
   303.750000       83.4789200       5.34501648    
   307.500000       83.4789200       6.80204773    
   311.250000       83.4789200       6.79423523    
   315.000000       83.4789200       6.34501648    
   318.750000       83.4789200       5.52470398    
   322.500000       83.4789200       4.14189148    
   326.250000       83.4789200       3.81767273    
   330.000000       83.4789200       3.47782898    
   333.750000       83.4789200       2.60673523    
   337.500000       83.4789200       3.65946960    
   341.250000       83.4789200       4.78251648    
   345.000000       83.4789200       5.87626648    
   348.750000       83.4789200       6.17900085    
   352.500000       83.4789200       5.56767273    
   356.250000       83.4789200       4.75126648    
   360.000000       83.4789200       4.20634460    
   0.00000000       87.1590958       6.03446960    
   3.75000000       87.1590958       5.92118835    
   7.50000000       87.1590958       5.78251648    
   11.2500000       87.1590958       5.51493835    
   15.0000000       87.1590958       5.13993835    
   18.7500000       87.1590958       4.73173523    
   22.5000000       87.1590958       4.25907898    
   26.2500000       87.1590958       3.82939148    
   30.0000000       87.1590958       3.49736023    
   33.7500000       87.1590958       3.17704773    
   37.5000000       87.1590958       2.89384460    
   41.2500000       87.1590958       2.67704773    
   45.0000000       87.1590958       2.49150085    
   48.7500000       87.1590958       2.32743835    
   52.5000000       87.1590958       2.13603210    
   56.2500000       87.1590958       1.94071960    
   60.0000000       87.1590958       1.75712585    
   63.7500000       87.1590958       1.48368835    
   67.5000000       87.1590958       1.13212585    
   71.2500000       87.1590958      0.761032104    
   75.0000000       87.1590958      0.354782104    
   78.7500000       87.1590958      -6.90460205E-02
   82.5000000       87.1590958     -0.508499146    
   86.2500000       87.1590958      -1.02217102    
   90.0000000       87.1590958      -1.66084290    
   93.7500000       87.1590958      -2.47529602    
   97.5000000       87.1590958      -3.43428040    
   101.250000       87.1590958      -4.46162415    
   105.000000       87.1590958      -5.52998352    
   108.750000       87.1590958      -6.63349915    
   112.500000       87.1590958      -7.77607727    
   116.250000       87.1590958      -8.94795227    
   120.000000       87.1590958      -10.0436554    
   123.750000       87.1590958      -10.9811554    
   127.500000       87.1590958      -11.7780304    
   131.250000       87.1590958      -12.4850616    
   135.000000       87.1590958      -13.1608429    
   138.750000       87.1590958      -13.9108429    
   142.500000       87.1590958      -14.7663116    
   146.250000       87.1590958      -15.6354523    
   150.000000       87.1590958      -16.4538116    
   153.750000       87.1590958      -17.2096710    
   157.500000       87.1590958      -17.8581085    
   161.250000       87.1590958      -18.3366241    
   165.000000       87.1590958      -18.6549835    
   168.750000       87.1590958      -18.8561554    
   172.500000       87.1590958      -18.9284210    
   176.250000       87.1590958      -18.9108429    
   180.000000       87.1590958      -18.8385773    
   183.750000       87.1590958      -18.6940460    
   187.500000       87.1590958      -18.5397491    
   191.250000       87.1590958      -18.3913116    
   195.000000       87.1590958      -18.2135773    
   198.750000       87.1590958      -18.0417023    
   202.500000       87.1590958      -17.9030304    
   206.250000       87.1590958      -17.7917023    
   210.000000       87.1590958      -17.6920929    
   213.750000       87.1590958      -17.6237335    
   217.500000       87.1590958      -17.5026398    
   221.250000       87.1590958      -17.1686554    
   225.000000       87.1590958      -16.5827179    
   228.750000       87.1590958      -15.6393585    
   232.500000       87.1590958      -14.2526398    
   236.250000       87.1590958      -12.4538116    
   240.000000       87.1590958      -10.3444366    
   243.750000       87.1590958      -8.17646790    
   247.500000       87.1590958      -6.18428040    
   251.250000       87.1590958      -4.49092102    
   255.000000       87.1590958      -3.07295227    
   258.750000       87.1590958      -1.84834290    
   262.500000       87.1590958     -0.791702271    
   266.250000       87.1590958      0.200485229    
   270.000000       87.1590958       1.20243835    
   273.750000       87.1590958       2.13993835    
   277.500000       87.1590958       2.79814148    
   281.250000       87.1590958       3.04228210    
   285.000000       87.1590958       3.07743835    
   288.750000       87.1590958       3.09306335    
   292.500000       87.1590958       3.04423523    
   296.250000       87.1590958       2.93095398    
   300.000000       87.1590958       2.71611023    
   303.750000       87.1590958       2.38017273    
   307.500000       87.1590958       2.12040710    
   311.250000       87.1590958       2.03251648    
   315.000000       87.1590958       2.10673523    
   318.750000       87.1590958       2.38603210    
   322.500000       87.1590958       2.78642273    
   326.250000       87.1590958       3.23564148    
   330.000000       87.1590958       3.75126648    
   333.750000       87.1590958       4.30400085    
   337.500000       87.1590958       4.81767273    
   341.250000       87.1590958       5.23564148    
   345.000000       87.1590958       5.57548523    
   348.750000       87.1590958       5.80986023    
   352.500000       87.1590958       5.94267273    
   356.250000       87.1590958       6.04618835    
   360.000000       87.1590958       6.03446960    
