   0.00000000      -87.1590958      -3.99168396    
   3.75000000      -87.1590958      -3.62449646    
   7.50000000      -87.1590958      -3.27488708    
   11.2500000      -87.1590958      -2.82762146    
   15.0000000      -87.1590958      -2.26902771    
   18.7500000      -87.1590958      -1.65965271    
   22.5000000      -87.1590958     -0.993637085    
   26.2500000      -87.1590958     -0.263168335    
   30.0000000      -87.1590958      0.490737915    
   33.7500000      -87.1590958       1.26222229    
   37.5000000      -87.1590958       2.02394104    
   41.2500000      -87.1590958       2.62745667    
   45.0000000      -87.1590958       3.02394104    
   48.7500000      -87.1590958       3.31690979    
   52.5000000      -87.1590958       3.56886292    
   56.2500000      -87.1590958       3.78370667    
   60.0000000      -87.1590958       3.96144104    
   63.7500000      -87.1590958       4.05519104    
   67.5000000      -87.1590958       4.05128479    
   71.2500000      -87.1590958       3.99464417    
   75.0000000      -87.1590958       3.90284729    
   78.7500000      -87.1590958       3.77394104    
   82.5000000      -87.1590958       3.63722229    
   86.2500000      -87.1590958       3.52003479    
   90.0000000      -87.1590958       3.43214417    
   93.7500000      -87.1590958       3.32667542    
   97.5000000      -87.1590958       3.14308167    
   101.250000      -87.1590958       2.87355042    
   105.000000      -87.1590958       2.52003479    
   108.750000      -87.1590958       2.02589417    
   112.500000      -87.1590958       1.42823792    
   116.250000      -87.1590958      0.832534790    
   120.000000      -87.1590958      0.160659790    
   123.750000      -87.1590958     -0.606918335    
   127.500000      -87.1590958      -1.33543396    
   131.250000      -87.1590958      -2.09910583    
   135.000000      -87.1590958      -2.95262146    
   138.750000      -87.1590958      -3.71043396    
   142.500000      -87.1590958      -4.36277771    
   146.250000      -87.1590958      -5.01121521    
   150.000000      -87.1590958      -5.60301208    
   153.750000      -87.1590958      -6.09715271    
   157.500000      -87.1590958      -6.44480896    
   161.250000      -87.1590958      -6.69090271    
   165.000000      -87.1590958      -6.97019958    
   168.750000      -87.1590958      -7.24559021    
   172.500000      -87.1590958      -7.48777771    
   176.250000      -87.1590958      -7.74559021    
   180.000000      -87.1590958      -7.97605896    
   183.750000      -87.1590958      -8.11277771    
   187.500000      -87.1590958      -7.99363708    
   191.250000      -87.1590958      -7.63816833    
   195.000000      -87.1590958      -7.61277771    
   198.750000      -87.1590958      -7.93113708    
   202.500000      -87.1590958      -7.48582458    
   206.250000      -87.1590958      -5.99559021    
   210.000000      -87.1590958      -4.78855896    
   213.750000      -87.1590958      -4.77098083    
   217.500000      -87.1590958      -5.39012146    
   221.250000      -87.1590958      -5.61473083    
   225.000000      -87.1590958      -5.02879333    
   228.750000      -87.1590958      -4.22801208    
   232.500000      -87.1590958      -3.73973083    
   236.250000      -87.1590958      -3.21238708    
   240.000000      -87.1590958      -2.48191833    
   243.750000      -87.1590958      -1.93309021    
   247.500000      -87.1590958      -1.55027771    
   251.250000      -87.1590958      -1.18113708    
   255.000000      -87.1590958     -0.950668335    
   258.750000      -87.1590958     -0.847152710    
   262.500000      -87.1590958     -0.792465210    
   266.250000      -87.1590958     -0.796371460    
   270.000000      -87.1590958     -0.821762085    
   273.750000      -87.1590958     -0.831527710    
   277.500000      -87.1590958     -0.815902710    
   281.250000      -87.1590958     -0.917465210    
   285.000000      -87.1590958      -1.35887146    
   288.750000      -87.1590958      -1.99363708    
   292.500000      -87.1590958      -2.54441833    
   296.250000      -87.1590958      -3.12059021    
   300.000000      -87.1590958      -3.82566833    
   303.750000      -87.1590958      -4.46434021    
   307.500000      -87.1590958      -4.94480896    
   311.250000      -87.1590958      -5.38426208    
   315.000000      -87.1590958      -5.77684021    
   318.750000      -87.1590958      -5.96629333    
   322.500000      -87.1590958      -5.91941833    
   326.250000      -87.1590958      -5.79637146    
   330.000000      -87.1590958      -5.74168396    
   333.750000      -87.1590958      -5.76902771    
   337.500000      -87.1590958      -5.80027771    
   341.250000      -87.1590958      -5.72996521    
   345.000000      -87.1590958      -5.51512146    
   348.750000      -87.1590958      -5.18504333    
   352.500000      -87.1590958      -4.80223083    
   356.250000      -87.1590958      -4.40184021    
   360.000000      -87.1590958      -3.99168396    
   0.00000000      -83.4789200     -0.698715210    
   3.75000000      -83.4789200     -0.302230835    
   7.50000000      -83.4789200       9.42535400E-02
   11.2500000      -83.4789200      0.145034790    
   15.0000000      -83.4789200      -3.85589600E-02
   18.7500000      -83.4789200      0.377456665    
   22.5000000      -83.4789200      0.703628540    
   26.2500000      -83.4789200      0.744644165    
   30.0000000      -83.4789200       1.85011292    
   33.7500000      -83.4789200       2.06300354    
   37.5000000      -83.4789200     -0.880355835    
   41.2500000      -83.4789200     -0.790512085    
   45.0000000      -83.4789200      -3.46527100E-02
   48.7500000      -83.4789200      0.303237915    
   52.5000000      -83.4789200      0.611831665    
   56.2500000      -83.4789200      0.969253540    
   60.0000000      -83.4789200       1.33839417    
   63.7500000      -83.4789200       1.78175354    
   67.5000000      -83.4789200       2.46730042    
   71.2500000      -83.4789200       3.08448792    
   75.0000000      -83.4789200       3.40089417    
   78.7500000      -83.4789200       3.56105042    
   82.5000000      -83.4789200       3.67823792    
   86.2500000      -83.4789200       3.66261292    
   90.0000000      -83.4789200       3.62940979    
   93.7500000      -83.4789200       3.53175354    
   97.5000000      -83.4789200       3.29933167    
   101.250000      -83.4789200       3.24073792    
   105.000000      -83.4789200       3.03761292    
   108.750000      -83.4789200       3.58448792    
   112.500000      -83.4789200       3.31886292    
   116.250000      -83.4789200       1.99659729    
   120.000000      -83.4789200      0.293472290    
   123.750000      -83.4789200      -1.80027771    
   127.500000      -83.4789200      -3.13230896    
   131.250000      -83.4789200      -3.89012146    
   135.000000      -83.4789200      -4.49559021    
   138.750000      -83.4789200      -5.31199646    
   142.500000      -83.4789200      -6.23387146    
   146.250000      -83.4789200      -6.80809021    
   150.000000      -83.4789200      -6.01707458    
   153.750000      -83.4789200      -3.92527771    
   157.500000      -83.4789200      -2.10887146    
   161.250000      -83.4789200      -2.39012146    
   165.000000      -83.4789200      -4.94090271    
   168.750000      -83.4789200      -7.18699646    
   172.500000      -83.4789200      -7.70848083    
   176.250000      -83.4789200      -7.61277771    
   180.000000      -83.4789200      -6.89012146    
   183.750000      -83.4789200      -5.42918396    
   187.500000      -83.4789200      -4.88621521    
   191.250000      -83.4789200      -4.28660583    
   195.000000      -83.4789200      -3.73191833    
   198.750000      -83.4789200      -3.37644958    
   202.500000      -83.4789200      -3.05418396    
   206.250000      -83.4789200      -2.72215271    
   210.000000      -83.4789200      -2.52293396    
   213.750000      -83.4789200      -2.25340271    
   217.500000      -83.4789200      -1.93699646    
   221.250000      -83.4789200      -1.55223083    
   225.000000      -83.4789200      -1.05027771    
   228.750000      -83.4789200     -0.157699585    
   232.500000      -83.4789200       1.27980042    
   236.250000      -83.4789200       2.78761292    
   240.000000      -83.4789200       3.99269104    
   243.750000      -83.4789200       4.84815979    
   247.500000      -83.4789200       5.69386292    
   251.250000      -83.4789200       6.76222229    
   255.000000      -83.4789200       7.84230042    
   258.750000      -83.4789200       8.51417542    
   262.500000      -83.4789200       8.52784729    
   266.250000      -83.4789200       8.20167542    
   270.000000      -83.4789200       7.75636292    
   273.750000      -83.4789200       6.79347229    
   277.500000      -83.4789200       5.24659729    
   281.250000      -83.4789200       4.00050354    
   285.000000      -83.4789200       2.52784729    
   288.750000      -83.4789200       1.14112854    
   292.500000      -83.4789200      0.201675415    
   296.250000      -83.4789200     -0.517074585    
   300.000000      -83.4789200      -1.13035583    
   303.750000      -83.4789200      -1.82566833    
   307.500000      -83.4789200      -2.37840271    
   311.250000      -83.4789200      -2.26316833    
   315.000000      -83.4789200      -2.07762146    
   318.750000      -83.4789200      -1.86082458    
   322.500000      -83.4789200      -1.65769958    
   326.250000      -83.4789200      -1.88426208    
   330.000000      -83.4789200      -1.97215271    
   333.750000      -83.4789200      -1.40574646    
   337.500000      -83.4789200     -0.269027710    
   341.250000      -83.4789200       1.01026917    
   345.000000      -83.4789200       1.33644104    
   348.750000      -83.4789200      0.908706665    
   352.500000      -83.4789200       6.88629150E-02
   356.250000      -83.4789200     -0.591293335    
   360.000000      -83.4789200     -0.698715210    
   0.00000000      -79.7770462      0.492691040    
   3.75000000      -79.7770462       1.09815979    
   7.50000000      -79.7770462       2.01808167    
   11.2500000      -79.7770462       2.55714417    
   15.0000000      -79.7770462       2.82667542    
   18.7500000      -79.7770462       1.81300354    
   22.5000000      -79.7770462     -0.663558960    
   26.2500000      -79.7770462     -0.686996460    
   30.0000000      -79.7770462     -0.839340210    
   33.7500000      -79.7770462      -1.27879333    
   37.5000000      -79.7770462      -1.50730896    
   41.2500000      -79.7770462      -1.47019958    
   45.0000000      -79.7770462      -1.61668396    
   48.7500000      -79.7770462      -2.04051208    
   52.5000000      -79.7770462      -2.56590271    
   56.2500000      -79.7770462      -2.91355896    
   60.0000000      -79.7770462      -3.30809021    
   63.7500000      -79.7770462      -3.63426208    
   67.5000000      -79.7770462      -3.55027771    
   71.2500000      -79.7770462      -3.42918396    
   75.0000000      -79.7770462      -3.70262146    
   78.7500000      -79.7770462      -2.49168396    
   82.5000000      -79.7770462     -0.997543335    
   86.2500000      -79.7770462      -9.32464600E-02
   90.0000000      -79.7770462      0.637222290    
   93.7500000      -79.7770462       1.56495667    
   97.5000000      -79.7770462       2.27589417    
   101.250000      -79.7770462       2.83839417    
   105.000000      -79.7770462       2.93605042    
   108.750000      -79.7770462       2.57472229    
   112.500000      -79.7770462       2.35792542    
   116.250000      -79.7770462       2.29542542    
   120.000000      -79.7770462       1.99464417    
   123.750000      -79.7770462      0.148941040    
   127.500000      -79.7770462      0.244644165    
   131.250000      -79.7770462      0.541519165    
   135.000000      -79.7770462       1.91456604    
   138.750000      -79.7770462       2.63526917    
   142.500000      -79.7770462       2.33448792    
   146.250000      -79.7770462       2.11964417    
   150.000000      -79.7770462       2.82667542    
   153.750000      -79.7770462       3.94190979    
   157.500000      -79.7770462       4.32862854    
   161.250000      -79.7770462       3.85987854    
   165.000000      -79.7770462       1.95558167    
   168.750000      -79.7770462      0.230972290    
   172.500000      -79.7770462     -0.157699585    
   176.250000      -79.7770462     -0.179183960    
   180.000000      -79.7770462     -0.147933960    
   183.750000      -79.7770462       4.93316650E-02
   187.500000      -79.7770462     -0.270980835    
   191.250000      -79.7770462     -0.735824585    
   195.000000      -79.7770462      0.758316040    
   198.750000      -79.7770462       3.07667542    
   202.500000      -79.7770462       5.13136292    
   206.250000      -79.7770462       4.65284729    
   210.000000      -79.7770462       3.37550354    
   213.750000      -79.7770462       2.36964417    
   217.500000      -79.7770462       2.00831604    
   221.250000      -79.7770462       1.93019104    
   225.000000      -79.7770462       2.68605042    
   228.750000      -79.7770462       3.25636292    
   232.500000      -79.7770462       4.65089417    
   236.250000      -79.7770462       5.95362854    
   240.000000      -79.7770462       6.20362854    
   243.750000      -79.7770462       6.03761292    
   247.500000      -79.7770462       6.29542542    
   251.250000      -79.7770462       7.43800354    
   255.000000      -79.7770462       8.91261292    
   258.750000      -79.7770462       9.83839417    
   262.500000      -79.7770462       10.0981598    
   266.250000      -79.7770462       10.0024567    
   270.000000      -79.7770462       8.26612854    
   273.750000      -79.7770462       9.41456604    
   277.500000      -79.7770462       8.52394104    
   281.250000      -79.7770462       10.3383942    
   285.000000      -79.7770462       11.4829254    
   288.750000      -79.7770462       10.9419098    
   292.500000      -79.7770462       10.0844879    
   296.250000      -79.7770462       8.31886292    
   300.000000      -79.7770462       6.27198792    
   303.750000      -79.7770462       4.10792542    
   307.500000      -79.7770462       2.26808167    
   311.250000      -79.7770462       1.62940979    
   315.000000      -79.7770462      0.373550415    
   318.750000      -79.7770462     -0.267074585    
   322.500000      -79.7770462     -0.239730835    
   326.250000      -79.7770462      0.338394165    
   330.000000      -79.7770462      0.145034790    
   333.750000      -79.7770462     -0.720199585    
   337.500000      -79.7770462      -1.04637146    
   341.250000      -79.7770462      -1.01121521    
   345.000000      -79.7770462      -1.28855896    
   348.750000      -79.7770462      -1.09910583    
   352.500000      -79.7770462     -0.622543335    
   356.250000      -79.7770462      0.146987915    
   360.000000      -79.7770462      0.492691040    
   0.00000000      -76.0702438      -1.65574646    
   3.75000000      -76.0702438     -0.181137085    
   7.50000000      -76.0702438     -0.366683960    
   11.2500000      -76.0702438     -0.692855835    
   15.0000000      -76.0702438     -0.325668335    
   18.7500000      -76.0702438      -6.19964600E-02
   22.5000000      -76.0702438     -0.280746460    
   26.2500000      -76.0702438     -0.985824585    
   30.0000000      -76.0702438      -2.00926208    
   33.7500000      -76.0702438      -2.56590271    
   37.5000000      -76.0702438      -2.55223083    
   41.2500000      -76.0702438      -2.00926208    
   45.0000000      -76.0702438      -1.62449646    
   48.7500000      -76.0702438      -3.66058350E-02
   52.5000000      -76.0702438      0.492691040    
   56.2500000      -76.0702438      -2.34129333    
   60.0000000      -76.0702438      -1.94090271    
   63.7500000      -76.0702438      -3.98191833    
   67.5000000      -76.0702438      -5.57176208    
   71.2500000      -76.0702438      -3.01512146    
   75.0000000      -76.0702438      0.555191040    
   78.7500000      -76.0702438       2.24855042    
   82.5000000      -76.0702438      0.764175415    
   86.2500000      -76.0702438       1.84230042    
   90.0000000      -76.0702438       2.05909729    
   93.7500000      -76.0702438       1.41651917    
   97.5000000      -76.0702438       1.27589417    
   101.250000      -76.0702438      0.563003540    
   105.000000      -76.0702438      0.400894165    
   108.750000      -76.0702438      0.641128540    
   112.500000      -76.0702438      0.908706665    
   116.250000      -76.0702438       1.52003479    
   120.000000      -76.0702438       2.28761292    
   123.750000      -76.0702438       3.42628479    
   127.500000      -76.0702438       3.87550354    
   131.250000      -76.0702438      0.932144165    
   135.000000      -76.0702438      -1.23387146    
   138.750000      -76.0702438      -1.97019958    
   142.500000      -76.0702438      -2.37059021    
   146.250000      -76.0702438      -3.27879333    
   150.000000      -76.0702438      -3.68309021    
   153.750000      -76.0702438      -3.23973083    
   157.500000      -76.0702438      -2.59324646    
   161.250000      -76.0702438      -2.65965271    
   165.000000      -76.0702438      -1.91941833    
   168.750000      -76.0702438      -1.78660583    
   172.500000      -76.0702438      0.428237915    
   176.250000      -76.0702438       1.66651917    
   180.000000      -76.0702438       2.48292542    
   183.750000      -76.0702438       3.19190979    
   187.500000      -76.0702438       2.88526917    
   191.250000      -76.0702438      0.557144165    
   195.000000      -76.0702438     -0.315902710    
   198.750000      -76.0702438      0.736831665    
   202.500000      -76.0702438       3.58839417    
   206.250000      -76.0702438       3.97511292    
   210.000000      -76.0702438       4.25245667    
   213.750000      -76.0702438       4.48487854    
   217.500000      -76.0702438       1.89894104    
   221.250000      -76.0702438     -0.667465210    
   225.000000      -76.0702438      -3.11473083    
   228.750000      -76.0702438      -5.66551208    
   232.500000      -76.0702438      -9.39988708    
   236.250000      -76.0702438      -10.2631683    
   240.000000      -76.0702438      -9.75535583    
   243.750000      -76.0702438      -8.92137146    
   247.500000      -76.0702438      -6.03269958    
   251.250000      -76.0702438      -6.24363708    
   255.000000      -76.0702438      -4.72019958    
   258.750000      -76.0702438      -3.31394958    
   262.500000      -76.0702438     -0.448715210    
   266.250000      -76.0702438       3.16651917    
   270.000000      -76.0702438       5.79933167    
   273.750000      -76.0702438       7.27784729    
   277.500000      -76.0702438       7.81105042    
   281.250000      -76.0702438       8.09425354    
   285.000000      -76.0702438       8.35011292    
   288.750000      -76.0702438       8.21925354    
   292.500000      -76.0702438       8.62940979    
   296.250000      -76.0702438       8.19190979    
   300.000000      -76.0702438       7.19581604    
   303.750000      -76.0702438       6.25050354    
   307.500000      -76.0702438       4.85987854    
   311.250000      -76.0702438       4.29542542    
   315.000000      -76.0702438       3.12940979    
   318.750000      -76.0702438       2.82862854    
   322.500000      -76.0702438     -0.386215210    
   326.250000      -76.0702438      -1.55027771    
   330.000000      -76.0702438     -0.997543335    
   333.750000      -76.0702438      -1.17332458    
   337.500000      -76.0702438      -1.10105896    
   341.250000      -76.0702438     -0.936996460    
   345.000000      -76.0702438       8.25347900E-02
   348.750000      -76.0702438      0.943862915    
   352.500000      -76.0702438      0.449722290    
   356.250000      -76.0702438      -1.65184021    
   360.000000      -76.0702438      -1.65574646    
   0.00000000      -72.3615875      -7.40769958    
   3.75000000      -72.3615875      -6.14598083    
   7.50000000      -72.3615875      -8.02684021    
   11.2500000      -72.3615875      -10.4155121    
   15.0000000      -72.3615875      -6.54637146    
   18.7500000      -72.3615875      -5.55027771    
   22.5000000      -72.3615875      -3.92137146    
   26.2500000      -72.3615875      -5.10105896    
   30.0000000      -72.3615875      -1.66160583    
   33.7500000      -72.3615875      -1.61668396    
   37.5000000      -72.3615875      -1.91160583    
   41.2500000      -72.3615875      -1.30613708    
   45.0000000      -72.3615875      -1.07176208    
   48.7500000      -72.3615875      -1.04637146    
   52.5000000      -72.3615875       9.03472900E-02
   56.2500000      -72.3615875       1.25636292    
   60.0000000      -72.3615875       1.19581604    
   63.7500000      -72.3615875       1.70753479    
   67.5000000      -72.3615875       1.29933167    
   71.2500000      -72.3615875       1.56886292    
   75.0000000      -72.3615875       1.35792542    
   78.7500000      -72.3615875       1.44581604    
   82.5000000      -72.3615875       1.35987854    
   86.2500000      -72.3615875      0.715347290    
   90.0000000      -72.3615875       1.05909729    
   93.7500000      -72.3615875       1.80128479    
   97.5000000      -72.3615875       3.12745667    
   101.250000      -72.3615875       4.32472229    
   105.000000      -72.3615875       3.11964417    
   108.750000      -72.3615875       4.35987854    
   112.500000      -72.3615875       2.89698792    
   116.250000      -72.3615875      0.258316040    
   120.000000      -72.3615875      -1.39988708    
   123.750000      -72.3615875      -2.25926208    
   127.500000      -72.3615875     -0.235824585    
   131.250000      -72.3615875       1.08253479    
   135.000000      -72.3615875      -1.08934021    
   138.750000      -72.3615875     -0.276840210    
   142.500000      -72.3615875      -3.66058350E-02
   146.250000      -72.3615875     -0.130355835    
   150.000000      -72.3615875     -0.456527710    
   153.750000      -72.3615875      -1.05613708    
   157.500000      -72.3615875     -0.370590210    
   161.250000      -72.3615875       1.72315979    
   165.000000      -72.3615875       2.87940979    
   168.750000      -72.3615875       5.42628479    
   172.500000      -72.3615875       6.69972229    
   176.250000      -72.3615875       8.71730042    
   180.000000      -72.3615875       10.7309723    
   183.750000      -72.3615875       12.4536285    
   187.500000      -72.3615875       13.5747223    
   191.250000      -72.3615875       13.9692535    
   195.000000      -72.3615875       13.8110504    
   198.750000      -72.3615875       11.7368317    
   202.500000      -72.3615875       10.3227692    
   206.250000      -72.3615875       9.59815979    
   210.000000      -72.3615875       8.27980042    
   213.750000      -72.3615875       6.23292542    
   217.500000      -72.3615875       5.59230042    
   221.250000      -72.3615875       5.80128479    
   225.000000      -72.3615875       4.02198792    
   228.750000      -72.3615875       1.91847229    
   232.500000      -72.3615875     -0.384262085    
   236.250000      -72.3615875      -3.15379333    
   240.000000      -72.3615875      -5.36863708    
   243.750000      -72.3615875      -8.23973083    
   247.500000      -72.3615875      -6.88426208    
   251.250000      -72.3615875      -7.69676208    
   255.000000      -72.3615875      -6.66746521    
   258.750000      -72.3615875      -4.61082458    
   262.500000      -72.3615875      -3.52488708    
   266.250000      -72.3615875      -1.85887146    
   270.000000      -72.3615875      0.686050415    
   273.750000      -72.3615875       2.12355042    
   277.500000      -72.3615875       2.62159729    
   281.250000      -72.3615875       3.09620667    
   285.000000      -72.3615875       4.06105042    
   288.750000      -72.3615875       5.53175354    
   292.500000      -72.3615875       7.11769104    
   296.250000      -72.3615875       7.95167542    
   300.000000      -72.3615875       6.36964417    
   303.750000      -72.3615875       5.35401917    
   307.500000      -72.3615875       3.70948792    
   311.250000      -72.3615875       3.00050354    
   315.000000      -72.3615875      0.289566040    
   318.750000      -72.3615875      -2.61277771    
   322.500000      -72.3615875      -2.32566833    
   326.250000      -72.3615875      -5.07762146    
   330.000000      -72.3615875      -6.46434021    
   333.750000      -72.3615875      -5.06785583    
   337.500000      -72.3615875      -4.39012146    
   341.250000      -72.3615875      -5.46824646    
   345.000000      -72.3615875      -6.25730896    
   348.750000      -72.3615875      -7.95848083    
   352.500000      -72.3615875      -5.69676208    
   356.250000      -72.3615875      -9.80027771    
   360.000000      -72.3615875      -7.40769958    
   0.00000000      -68.6520157      -6.23777771    
   3.75000000      -68.6520157      -6.87840271    
   7.50000000      -68.6520157      -8.56004333    
   11.2500000      -68.6520157      -9.11473083    
   15.0000000      -68.6520157      -8.13426208    
   18.7500000      -68.6520157      -7.68504333    
   22.5000000      -68.6520157      -7.34129333    
   26.2500000      -68.6520157      -6.51707458    
   30.0000000      -68.6520157      -3.89207458    
   33.7500000      -68.6520157     -0.784652710    
   37.5000000      -68.6520157       1.37159729    
   41.2500000      -68.6520157       1.25636292    
   45.0000000      -68.6520157      0.166519165    
   48.7500000      -68.6520157      -1.92527771    
   52.5000000      -68.6520157      -3.07371521    
   56.2500000      -68.6520157      -4.00535583    
   60.0000000      -68.6520157      -5.83738708    
   63.7500000      -68.6520157      -4.63230896    
   67.5000000      -68.6520157      -3.91941833    
   71.2500000      -68.6520157      -3.95848083    
   75.0000000      -68.6520157      -5.54051208    
   78.7500000      -68.6520157      -8.02098083    
   82.5000000      -68.6520157      -7.71434021    
   86.2500000      -68.6520157      -8.97801208    
   90.0000000      -68.6520157      -8.37059021    
   93.7500000      -68.6520157      -7.08543396    
   97.5000000      -68.6520157      -5.77684021    
   101.250000      -68.6520157     -0.983871460    
   105.000000      -68.6520157       1.75245667    
   108.750000      -68.6520157       4.56690979    
   112.500000      -68.6520157       5.68019104    
   116.250000      -68.6520157       6.83058167    
   120.000000      -68.6520157       5.32081604    
   123.750000      -68.6520157       1.95558167    
   127.500000      -68.6520157      0.756362915    
   131.250000      -68.6520157     -0.919418335    
   135.000000      -68.6520157      -2.39207458    
   138.750000      -68.6520157      -2.34519958    
   142.500000      -68.6520157      -2.37059021    
   146.250000      -68.6520157      -3.10691833    
   150.000000      -68.6520157      -1.59324646    
   153.750000      -68.6520157      0.334487915    
   157.500000      -68.6520157       1.52784729    
   161.250000      -68.6520157       2.71534729    
   165.000000      -68.6520157       4.75440979    
   168.750000      -68.6520157       7.15675354    
   172.500000      -68.6520157       9.47901917    
   176.250000      -68.6520157       11.2290192    
   180.000000      -68.6520157       11.9380035    
   183.750000      -68.6520157       12.1704254    
   187.500000      -68.6520157       10.9536285    
   191.250000      -68.6520157       11.3032379    
   195.000000      -68.6520157       12.7778473    
   198.750000      -68.6520157       9.55909729    
   202.500000      -68.6520157       6.92433167    
   206.250000      -68.6520157       4.52394104    
   210.000000      -68.6520157       4.94581604    
   213.750000      -68.6520157       7.88526917    
   217.500000      -68.6520157       11.6079254    
   221.250000      -68.6520157       13.1176910    
   225.000000      -68.6520157       12.7368317    
   228.750000      -68.6520157       11.6001129    
   232.500000      -68.6520157       9.99855042    
   236.250000      -68.6520157       7.38526917    
   240.000000      -68.6520157       6.22511292    
   243.750000      -68.6520157       2.47511292    
   247.500000      -68.6520157      -1.34910583    
   251.250000      -68.6520157      -5.47605896    
   255.000000      -68.6520157      -4.29832458    
   258.750000      -68.6520157      -8.32762146    
   262.500000      -68.6520157      -9.26316833    
   266.250000      -68.6520157      -7.74363708    
   270.000000      -68.6520157      -5.44676208    
   273.750000      -68.6520157      -3.63816833    
   277.500000      -68.6520157      -1.90574646    
   281.250000      -68.6520157      -1.19871521    
   285.000000      -68.6520157       4.73785400E-02
   288.750000      -68.6520157      0.760269165    
   292.500000      -68.6520157      -5.35583496E-03
   296.250000      -68.6520157     -0.249496460    
   300.000000      -68.6520157     -0.204574585    
   303.750000      -68.6520157     -0.419418335    
   307.500000      -68.6520157       1.12940979    
   311.250000      -68.6520157      -1.72019958    
   315.000000      -68.6520157      -1.36863708    
   318.750000      -68.6520157      -1.19285583    
   322.500000      -68.6520157      -1.16941833    
   326.250000      -68.6520157      -3.84910583    
   330.000000      -68.6520157      -6.88816833    
   333.750000      -68.6520157      -6.37254333    
   337.500000      -68.6520157      -6.57957458    
   341.250000      -68.6520157      -5.39793396    
   345.000000      -68.6520157      -7.19676208    
   348.750000      -68.6520157      -6.93113708    
   352.500000      -68.6520157      -5.81590271    
   356.250000      -68.6520157      -6.02879333    
   360.000000      -68.6520157      -6.23777771    
   0.00000000      -64.9419479       10.5805817    
   3.75000000      -64.9419479       9.73683167    
   7.50000000      -64.9419479       7.67823792    
   11.2500000      -64.9419479       8.64894104    
   15.0000000      -64.9419479       9.06886292    
   18.7500000      -64.9419479       8.92823792    
   22.5000000      -64.9419479       8.70948792    
   26.2500000      -64.9419479       6.93800354    
   30.0000000      -64.9419479       7.24073792    
   33.7500000      -64.9419479       6.85401917    
   37.5000000      -64.9419479       6.66065979    
   41.2500000      -64.9419479       8.94190979    
   45.0000000      -64.9419479       6.27980042    
   48.7500000      -64.9419479       2.93800354    
   52.5000000      -64.9419479       1.48292542    
   56.2500000      -64.9419479       1.84425354    
   60.0000000      -64.9419479     -0.870590210    
   63.7500000      -64.9419479      -3.44285583    
   67.5000000      -64.9419479      -6.34910583    
   71.2500000      -64.9419479      -8.04246521    
   75.0000000      -64.9419479      -11.5932465    
   78.7500000      -64.9419479      -13.1967621    
   82.5000000      -64.9419479      -13.7709808    
   86.2500000      -64.9419479      -14.3217621    
   90.0000000      -64.9419479      -15.7494965    
   93.7500000      -64.9419479      -13.8315277    
   97.5000000      -64.9419479      -8.77684021    
   101.250000      -64.9419479      -2.01512146    
   105.000000      -64.9419479       1.34425354    
   108.750000      -64.9419479       8.20362854    
   112.500000      -64.9419479       11.2817535    
   116.250000      -64.9419479       12.8208160    
   120.000000      -64.9419479       11.2661285    
   123.750000      -64.9419479       11.9946442    
   127.500000      -64.9419479       11.0473785    
   131.250000      -64.9419479       10.2212067    
   135.000000      -64.9419479       8.86769104    
   138.750000      -64.9419479       5.95558167    
   142.500000      -64.9419479       2.85401917    
   146.250000      -64.9419479      0.662612915    
   150.000000      -64.9419479     -0.628402710    
   153.750000      -64.9419479      -1.79637146    
   157.500000      -64.9419479     -0.753402710    
   161.250000      -64.9419479       5.12847900E-02
   165.000000      -64.9419479       6.16847229    
   168.750000      -64.9419479       10.2016754    
   172.500000      -64.9419479       12.0844879    
   176.250000      -64.9419479       15.1098785    
   180.000000      -64.9419479       17.3012848    
   183.750000      -64.9419479       17.0376129    
   187.500000      -64.9419479       18.7173004    
   191.250000      -64.9419479       18.1333160    
   195.000000      -64.9419479       18.9262848    
   198.750000      -64.9419479       19.1469879    
   202.500000      -64.9419479       21.9048004    
   206.250000      -64.9419479       21.6743317    
   210.000000      -64.9419479       21.2895660    
   213.750000      -64.9419479       18.7856598    
   217.500000      -64.9419479       17.7485504    
   221.250000      -64.9419479       17.1723785    
   225.000000      -64.9419479       14.8208160    
   228.750000      -64.9419479       14.0473785    
   232.500000      -64.9419479       12.7212067    
   236.250000      -64.9419479       11.6059723    
   240.000000      -64.9419479       10.1001129    
   243.750000      -64.9419479       6.94972229    
   247.500000      -64.9419479       4.35987854    
   251.250000      -64.9419479       3.73487854    
   255.000000      -64.9419479      -3.00535583    
   258.750000      -64.9419479      -5.79832458    
   262.500000      -64.9419479      -4.62644958    
   266.250000      -64.9419479       2.54542542    
   270.000000      -64.9419479      0.193862915    
   273.750000      -64.9419479      0.908706665    
   277.500000      -64.9419479      0.486831665    
   281.250000      -64.9419479      0.369644165    
   285.000000      -64.9419479      -4.63714600E-02
   288.750000      -64.9419479     -0.571762085    
   292.500000      -64.9419479      -2.38816833    
   296.250000      -64.9419479      -2.31394958    
   300.000000      -64.9419479      -2.39793396    
   303.750000      -64.9419479      -2.74949646    
   307.500000      -64.9419479      -2.86082458    
   311.250000      -64.9419479      -1.14012146    
   315.000000      -64.9419479       1.06495667    
   318.750000      -64.9419479       2.93605042    
   322.500000      -64.9419479       5.94776917    
   326.250000      -64.9419479       6.17237854    
   330.000000      -64.9419479       6.67628479    
   333.750000      -64.9419479       6.55128479    
   337.500000      -64.9419479       4.47706604    
   341.250000      -64.9419479       7.75245667    
   345.000000      -64.9419479       8.29737854    
   348.750000      -64.9419479       6.44972229    
   352.500000      -64.9419479       6.36183167    
   356.250000      -64.9419479       8.28956604    
   360.000000      -64.9419479       10.5805817    
   0.00000000      -61.2315712       11.4321442    
   3.75000000      -61.2315712       19.4419098    
   7.50000000      -61.2315712       21.9145660    
   11.2500000      -61.2315712       23.1801910    
   15.0000000      -61.2315712       24.5493317    
   18.7500000      -61.2315712       20.0512848    
   22.5000000      -61.2315712       19.4575348    
   26.2500000      -61.2315712       17.4614410    
   30.0000000      -61.2315712       16.8930817    
   33.7500000      -61.2315712       16.1645660    
   37.5000000      -61.2315712       16.9809723    
   41.2500000      -61.2315712       16.3520660    
   45.0000000      -61.2315712       18.5219879    
   48.7500000      -61.2315712       17.8637848    
   52.5000000      -61.2315712       17.2348785    
   56.2500000      -61.2315712       13.3012848    
   60.0000000      -61.2315712       10.5024567    
   63.7500000      -61.2315712       6.67042542    
   67.5000000      -61.2315712      0.979019165    
   71.2500000      -61.2315712      -2.79051208    
   75.0000000      -61.2315712      -5.64598083    
   78.7500000      -61.2315712      -9.63816833    
   82.5000000      -61.2315712      -13.7182465    
   86.2500000      -61.2315712      -9.79832458    
   90.0000000      -61.2315712      -3.53660583    
   93.7500000      -61.2315712     -0.157699585    
   97.5000000      -61.2315712       2.64698792    
   101.250000      -61.2315712       2.29933167    
   105.000000      -61.2315712       7.18409729    
   108.750000      -61.2315712       8.30128479    
   112.500000      -61.2315712       11.4536285    
   116.250000      -61.2315712       13.7173004    
   120.000000      -61.2315712       15.5669098    
   123.750000      -61.2315712       16.6450348    
   127.500000      -61.2315712       13.1508942    
   131.250000      -61.2315712       10.7173004    
   135.000000      -61.2315712       8.60597229    
   138.750000      -61.2315712       8.88722229    
   142.500000      -61.2315712       6.94776917    
   146.250000      -61.2315712       5.54933167    
   150.000000      -61.2315712       3.57081604    
   153.750000      -61.2315712      -8.93402100E-02
   157.500000      -61.2315712       2.65284729    
   161.250000      -61.2315712       2.91651917    
   165.000000      -61.2315712       6.80323792    
   168.750000      -61.2315712       7.57081604    
   172.500000      -61.2315712       10.7446442    
   176.250000      -61.2315712       13.4614410    
   180.000000      -61.2315712       16.8442535    
   183.750000      -61.2315712       20.4692535    
   187.500000      -61.2315712       24.6665192    
   191.250000      -61.2315712       25.3755035    
   195.000000      -61.2315712       24.8149567    
   198.750000      -61.2315712       26.4731598    
   202.500000      -61.2315712       26.7641754    
   206.250000      -61.2315712       26.7270660    
   210.000000      -61.2315712       21.4165192    
   213.750000      -61.2315712       19.9087067    
   217.500000      -61.2315712       18.4008942    
   221.250000      -61.2315712       18.2094879    
   225.000000      -61.2315712       15.4692535    
   228.750000      -61.2315712       13.8794098    
   232.500000      -61.2315712       12.9887848    
   236.250000      -61.2315712       12.1469879    
   240.000000      -61.2315712       11.1723785    
   243.750000      -61.2315712       11.9965973    
   247.500000      -61.2315712       12.1762848    
   251.250000      -61.2315712       11.3637848    
   255.000000      -61.2315712       13.3071442    
   258.750000      -61.2315712       17.8579254    
   262.500000      -61.2315712       18.0590973    
   266.250000      -61.2315712       16.4458160    
   270.000000      -61.2315712       14.8969879    
   273.750000      -61.2315712       12.5298004    
   277.500000      -61.2315712       9.76222229    
   281.250000      -61.2315712       7.24269104    
   285.000000      -61.2315712       7.91065979    
   288.750000      -61.2315712       7.53956604    
   292.500000      -61.2315712       10.1938629    
   296.250000      -61.2315712       6.96925354    
   300.000000      -61.2315712       2.50050354    
   303.750000      -61.2315712     -0.311996460    
   307.500000      -61.2315712      -1.02879333    
   311.250000      -61.2315712       2.52198792    
   315.000000      -61.2315712       12.0571442    
   318.750000      -61.2315712       15.7270660    
   322.500000      -61.2315712       15.8618317    
   326.250000      -61.2315712       14.6743317    
   330.000000      -61.2315712       13.9829254    
   333.750000      -61.2315712       13.2212067    
   337.500000      -61.2315712       5.28565979    
   341.250000      -61.2315712      -2.90379333    
   345.000000      -61.2315712      -10.3198090    
   348.750000      -61.2315712      -3.11863708    
   352.500000      -61.2315712       3.64112854    
   356.250000      -61.2315712       3.18605042    
   360.000000      -61.2315712       11.4321442    
   0.00000000      -57.5209885       17.9145660    
   3.75000000      -57.5209885       19.3266754    
   7.50000000      -57.5209885       18.7270660    
   11.2500000      -57.5209885       21.6762848    
   15.0000000      -57.5209885       19.9575348    
   18.7500000      -57.5209885       17.1548004    
   22.5000000      -57.5209885       15.5161285    
   26.2500000      -57.5209885       14.5317535    
   30.0000000      -57.5209885       14.9985504    
   33.7500000      -57.5209885       15.9165192    
   37.5000000      -57.5209885       16.9536285    
   41.2500000      -57.5209885       20.8618317    
   45.0000000      -57.5209885       22.8813629    
   48.7500000      -57.5209885       23.1723785    
   52.5000000      -57.5209885       21.3012848    
   56.2500000      -57.5209885       18.8891754    
   60.0000000      -57.5209885       15.4399567    
   63.7500000      -57.5209885       14.8383942    
   67.5000000      -57.5209885       13.0610504    
   71.2500000      -57.5209885       9.16456604    
   75.0000000      -57.5209885       8.32472229    
   78.7500000      -57.5209885       9.68214417    
   82.5000000      -57.5209885       11.8149567    
   86.2500000      -57.5209885       11.2329254    
   90.0000000      -57.5209885       9.10597229    
   93.7500000      -57.5209885       9.86183167    
   97.5000000      -57.5209885       11.0610504    
   101.250000      -57.5209885       12.6801910    
   105.000000      -57.5209885       11.8110504    
   108.750000      -57.5209885       9.33058167    
   112.500000      -57.5209885       8.68605042    
   116.250000      -57.5209885       11.0844879    
   120.000000      -57.5209885       14.6938629    
   123.750000      -57.5209885       16.5219879    
   127.500000      -57.5209885       19.2973785    
   131.250000      -57.5209885       16.9946442    
   135.000000      -57.5209885       14.4790192    
   138.750000      -57.5209885       13.7153473    
   142.500000      -57.5209885       13.6274567    
   146.250000      -57.5209885       11.4516754    
   150.000000      -57.5209885       6.98097229    
   153.750000      -57.5209885       8.02980042    
   157.500000      -57.5209885       8.89112854    
   161.250000      -57.5209885       8.18605042    
   165.000000      -57.5209885       7.48878479    
   168.750000      -57.5209885       9.58448792    
   172.500000      -57.5209885       16.3618317    
   176.250000      -57.5209885       14.0024567    
   180.000000      -57.5209885       12.2192535    
   183.750000      -57.5209885       14.4887848    
   187.500000      -57.5209885       16.2016754    
   191.250000      -57.5209885       18.8227692    
   195.000000      -57.5209885       17.7837067    
   198.750000      -57.5209885       16.8930817    
   202.500000      -57.5209885       26.2192535    
   206.250000      -57.5209885       25.1372223    
   210.000000      -57.5209885       21.2114410    
   213.750000      -57.5209885       21.8032379    
   217.500000      -57.5209885       20.3481598    
   221.250000      -57.5209885       20.5708160    
   225.000000      -57.5209885       18.1626129    
   228.750000      -57.5209885       14.1821442    
   232.500000      -57.5209885       13.7270660    
   236.250000      -57.5209885       12.7094879    
   240.000000      -57.5209885       14.3540192    
   243.750000      -57.5209885       14.7055817    
   247.500000      -57.5209885       13.8696442    
   251.250000      -57.5209885       14.6040192    
   255.000000      -57.5209885       16.5571442    
   258.750000      -57.5209885       12.4204254    
   262.500000      -57.5209885       15.5571442    
   266.250000      -57.5209885       17.5708160    
   270.000000      -57.5209885       19.3696442    
   273.750000      -57.5209885       15.2016754    
   277.500000      -57.5209885       13.2133942    
   281.250000      -57.5209885       13.8071442    
   285.000000      -57.5209885       12.0434723    
   288.750000      -57.5209885       9.68409729    
   292.500000      -57.5209885       5.64698792    
   296.250000      -57.5209885       2.34425354    
   300.000000      -57.5209885       2.27394104    
   303.750000      -57.5209885       2.23878479    
   307.500000      -57.5209885       8.46534729    
   311.250000      -57.5209885       13.9360504    
   315.000000      -57.5209885       13.2446442    
   318.750000      -57.5209885       10.4633942    
   322.500000      -57.5209885       13.7290192    
   326.250000      -57.5209885       17.0786285    
   330.000000      -57.5209885       20.9497223    
   333.750000      -57.5209885       21.1645660    
   337.500000      -57.5209885       19.1977692    
   341.250000      -57.5209885       14.3090973    
   345.000000      -57.5209885       9.44972229    
   348.750000      -57.5209885       3.61769104    
   352.500000      -57.5209885       3.62159729    
   356.250000      -57.5209885       15.5063629    
   360.000000      -57.5209885       17.9145660    
   0.00000000      -53.8102722       18.6880035    
   3.75000000      -53.8102722       15.9829254    
   7.50000000      -53.8102722       11.5512848    
   11.2500000      -53.8102722       8.76417542    
   15.0000000      -53.8102722       6.98683167    
   18.7500000      -53.8102722       8.49269104    
   22.5000000      -53.8102722       8.32276917    
   26.2500000      -53.8102722       9.08058167    
   30.0000000      -53.8102722       5.49659729    
   33.7500000      -53.8102722       9.99659729    
   37.5000000      -53.8102722       9.43800354    
   41.2500000      -53.8102722       15.6430817    
   45.0000000      -53.8102722       17.7387848    
   48.7500000      -53.8102722       21.1040192    
   52.5000000      -53.8102722       23.9008942    
   56.2500000      -53.8102722       25.5063629    
   60.0000000      -53.8102722       23.1840973    
   63.7500000      -53.8102722       19.2602692    
   67.5000000      -53.8102722       17.9887848    
   71.2500000      -53.8102722       18.2290192    
   75.0000000      -53.8102722       20.4243317    
   78.7500000      -53.8102722       21.5864410    
   82.5000000      -53.8102722       21.6762848    
   86.2500000      -53.8102722       18.7856598    
   90.0000000      -53.8102722       14.6684723    
   93.7500000      -53.8102722       11.7661285    
   97.5000000      -53.8102722       10.2680817    
   101.250000      -53.8102722       13.8247223    
   105.000000      -53.8102722       12.1645660    
   108.750000      -53.8102722       10.3911285    
   112.500000      -53.8102722       14.1157379    
   116.250000      -53.8102722       13.4594879    
   120.000000      -53.8102722       12.6352692    
   123.750000      -53.8102722       11.6723785    
   127.500000      -53.8102722       17.0903473    
   131.250000      -53.8102722       19.6157379    
   135.000000      -53.8102722       21.6567535    
   138.750000      -53.8102722       17.5337067    
   142.500000      -53.8102722       18.6684723    
   146.250000      -53.8102722       21.2485504    
   150.000000      -53.8102722       18.1294098    
   153.750000      -53.8102722       17.9067535    
   157.500000      -53.8102722       15.6294098    
   161.250000      -53.8102722       14.6684723    
   165.000000      -53.8102722       10.1020660    
   168.750000      -53.8102722       9.15870667    
   172.500000      -53.8102722       7.08644104    
   176.250000      -53.8102722       6.57667542    
   180.000000      -53.8102722       8.10011292    
   183.750000      -53.8102722       9.38526917    
   187.500000      -53.8102722       10.7934723    
   191.250000      -53.8102722       10.1469879    
   195.000000      -53.8102722       11.6157379    
   198.750000      -53.8102722       14.9790192    
   202.500000      -53.8102722       18.7622223    
   206.250000      -53.8102722       20.3930817    
   210.000000      -53.8102722       19.3286285    
   213.750000      -53.8102722       18.8032379    
   217.500000      -53.8102722       18.9575348    
   221.250000      -53.8102722       17.2641754    
   225.000000      -53.8102722       19.0649567    
   228.750000      -53.8102722       16.2055817    
   232.500000      -53.8102722       14.6567535    
   236.250000      -53.8102722       14.9399567    
   240.000000      -53.8102722       13.3266754    
   243.750000      -53.8102722       13.5844879    
   247.500000      -53.8102722       15.3598785    
   251.250000      -53.8102722       14.6860504    
   255.000000      -53.8102722       15.6958160    
   258.750000      -53.8102722       22.1391754    
   262.500000      -53.8102722       25.4497223    
   266.250000      -53.8102722       19.7426910    
   270.000000      -53.8102722       18.4633942    
   273.750000      -53.8102722       18.7680817    
   277.500000      -53.8102722       19.0044098    
   281.250000      -53.8102722       17.2680817    
   285.000000      -53.8102722       17.2446442    
   288.750000      -53.8102722       15.0258942    
   292.500000      -53.8102722       13.9790192    
   296.250000      -53.8102722       19.6919098    
   300.000000      -53.8102722       21.5122223    
   303.750000      -53.8102722       21.2114410    
   307.500000      -53.8102722       20.8911285    
   311.250000      -53.8102722       21.1821442    
   315.000000      -53.8102722       18.9673004    
   318.750000      -53.8102722       15.7837067    
   322.500000      -53.8102722       16.0571442    
   326.250000      -53.8102722       18.5122223    
   330.000000      -53.8102722       23.3090973    
   333.750000      -53.8102722       29.1469879    
   337.500000      -53.8102722       37.4887848    
   341.250000      -53.8102722       40.0200348    
   345.000000      -53.8102722       38.1958160    
   348.750000      -53.8102722       37.1743317    
   352.500000      -53.8102722       32.9126129    
   356.250000      -53.8102722       27.6215973    
   360.000000      -53.8102722       18.6880035    
   0.00000000      -50.0994530       17.1235504    
   3.75000000      -50.0994530       10.4829254    
   7.50000000      -50.0994530       5.39698792    
   11.2500000      -50.0994530       4.34722900E-02
   15.0000000      -50.0994530       4.85987854    
   18.7500000      -50.0994530       4.60987854    
   22.5000000      -50.0994530     -0.159652710    
   26.2500000      -50.0994530       1.26026917    
   30.0000000      -50.0994530      -5.24559021    
   33.7500000      -50.0994530       9.99269104    
   37.5000000      -50.0994530       14.2387848    
   41.2500000      -50.0994530       12.8462067    
   45.0000000      -50.0994530       18.2895660    
   48.7500000      -50.0994530       17.9712067    
   52.5000000      -50.0994530       22.4653473    
   56.2500000      -50.0994530       27.6723785    
   60.0000000      -50.0994530       35.2817535    
   63.7500000      -50.0994530       33.3325348    
   67.5000000      -50.0994530       27.5219879    
   71.2500000      -50.0994530       25.3852692    
   75.0000000      -50.0994530       23.3286285    
   78.7500000      -50.0994530       25.0669098    
   82.5000000      -50.0994530       24.7563629    
   86.2500000      -50.0994530       20.5454254    
   90.0000000      -50.0994530       17.1391754    
   93.7500000      -50.0994530       12.6274567    
   97.5000000      -50.0994530       10.6899567    
   101.250000      -50.0994530       7.06886292    
   105.000000      -50.0994530       8.24464417    
   108.750000      -50.0994530       9.27980042    
   112.500000      -50.0994530       6.80323792    
   116.250000      -50.0994530       8.18800354    
   120.000000      -50.0994530       11.6411285    
   123.750000      -50.0994530       11.5903473    
   127.500000      -50.0994530       11.3794098    
   131.250000      -50.0994530       12.7641754    
   135.000000      -50.0994530       16.5825348    
   138.750000      -50.0994530       21.6762848    
   142.500000      -50.0994530       21.7641754    
   146.250000      -50.0994530       21.5630035    
   150.000000      -50.0994530       21.6059723    
   153.750000      -50.0994530       21.9262848    
   157.500000      -50.0994530       19.3227692    
   161.250000      -50.0994530       13.4438629    
   165.000000      -50.0994530       10.3344879    
   168.750000      -50.0994530       6.15480042    
   172.500000      -50.0994530       5.46534729    
   176.250000      -50.0994530       4.45558167    
   180.000000      -50.0994530       5.33058167    
   183.750000      -50.0994530       5.02980042    
   187.500000      -50.0994530       4.31886292    
   191.250000      -50.0994530       10.2465973    
   195.000000      -50.0994530       10.6782379    
   198.750000      -50.0994530       11.0630035    
   202.500000      -50.0994530       9.03175354    
   206.250000      -50.0994530       8.78175354    
   210.000000      -50.0994530       9.61964417    
   213.750000      -50.0994530       8.31300354    
   217.500000      -50.0994530       7.46925354    
   221.250000      -50.0994530       8.42433167    
   225.000000      -50.0994530       12.0258942    
   228.750000      -50.0994530       17.0180817    
   232.500000      -50.0994530       16.5805817    
   236.250000      -50.0994530       18.8247223    
   240.000000      -50.0994530       20.9262848    
   243.750000      -50.0994530       20.5473785    
   247.500000      -50.0994530       20.9438629    
   251.250000      -50.0994530       24.0962067    
   255.000000      -50.0994530       30.5454254    
   258.750000      -50.0994530       33.9965973    
   262.500000      -50.0994530       25.0122223    
   266.250000      -50.0994530       22.0844879    
   270.000000      -50.0994530       16.7094879    
   273.750000      -50.0994530       18.1294098    
   277.500000      -50.0994530       18.7016754    
   281.250000      -50.0994530       16.4438629    
   285.000000      -50.0994530       17.7622223    
   288.750000      -50.0994530       16.6255035    
   292.500000      -50.0994530       20.0962067    
   296.250000      -50.0994530       22.6938629    
   300.000000      -50.0994530       20.6880035    
   303.750000      -50.0994530       19.0786285    
   307.500000      -50.0994530       18.4555817    
   311.250000      -50.0994530       21.6001129    
   315.000000      -50.0994530       23.0415192    
   318.750000      -50.0994530       17.4204254    
   322.500000      -50.0994530       23.1899567    
   326.250000      -50.0994530       23.8090973    
   330.000000      -50.0994530       23.3696442    
   333.750000      -50.0994530       26.3794098    
   337.500000      -50.0994530       29.3208160    
   341.250000      -50.0994530       31.7798004    
   345.000000      -50.0994530       34.0844879    
   348.750000      -50.0994530       34.1020660    
   352.500000      -50.0994530       29.7387848    
   356.250000      -50.0994530       23.8403473    
   360.000000      -50.0994530       17.1235504    
   0.00000000      -46.3885536       11.5532379    
   3.75000000      -46.3885536       5.75440979    
   7.50000000      -46.3885536       5.62550354    
   11.2500000      -46.3885536       10.0044098    
   15.0000000      -46.3885536       7.59034729    
   18.7500000      -46.3885536       4.60011292    
   22.5000000      -46.3885536       2.08839417    
   26.2500000      -46.3885536       9.04347229    
   30.0000000      -46.3885536       17.0083160    
   33.7500000      -46.3885536       18.9614410    
   37.5000000      -46.3885536       22.4731598    
   41.2500000      -46.3885536       20.6782379    
   45.0000000      -46.3885536       19.2719879    
   48.7500000      -46.3885536       21.9809723    
   52.5000000      -46.3885536       24.6977692    
   56.2500000      -46.3885536       27.5649567    
   60.0000000      -46.3885536       31.5610504    
   63.7500000      -46.3885536       34.2758942    
   67.5000000      -46.3885536       37.4575348    
   71.2500000      -46.3885536       39.4008942    
   75.0000000      -46.3885536       40.0219879    
   78.7500000      -46.3885536       36.6938629    
   82.5000000      -46.3885536       27.5239410    
   86.2500000      -46.3885536       25.2329254    
   90.0000000      -46.3885536       19.0747223    
   93.7500000      -46.3885536       14.7563629    
   97.5000000      -46.3885536       3.82472229    
   101.250000      -46.3885536       7.83058167    
   105.000000      -46.3885536       4.18800354    
   108.750000      -46.3885536       5.32276917    
   112.500000      -46.3885536       1.50440979    
   116.250000      -46.3885536       2.19776917    
   120.000000      -46.3885536       2.85011292    
   123.750000      -46.3885536       5.45362854    
   127.500000      -46.3885536       9.89308167    
   131.250000      -46.3885536       14.4868317    
   135.000000      -46.3885536       17.8891754    
   138.750000      -46.3885536       21.1801910    
   142.500000      -46.3885536       20.5161285    
   146.250000      -46.3885536       18.1469879    
   150.000000      -46.3885536       19.7133942    
   153.750000      -46.3885536       20.5942535    
   157.500000      -46.3885536       18.6137848    
   161.250000      -46.3885536       11.6255035    
   165.000000      -46.3885536       2.84815979    
   168.750000      -46.3885536      -6.56394958    
   172.500000      -46.3885536      -8.72996521    
   176.250000      -46.3885536      0.484878540    
   180.000000      -46.3885536       4.49659729    
   183.750000      -46.3885536       4.93995667    
   187.500000      -46.3885536       5.01612854    
   191.250000      -46.3885536       3.27394104    
   195.000000      -46.3885536       1.03175354    
   198.750000      -46.3885536       3.42042542    
   202.500000      -46.3885536       3.09034729    
   206.250000      -46.3885536       3.83058167    
   210.000000      -46.3885536       3.43019104    
   213.750000      -46.3885536     -0.858871460    
   217.500000      -46.3885536      -2.14598083    
   221.250000      -46.3885536      -1.94480896    
   225.000000      -46.3885536       2.36183167    
   228.750000      -46.3885536       9.44972229    
   232.500000      -46.3885536       14.9653473    
   236.250000      -46.3885536       17.3579254    
   240.000000      -46.3885536       19.8833160    
   243.750000      -46.3885536       25.1235504    
   247.500000      -46.3885536       28.5844879    
   251.250000      -46.3885536       28.4926910    
   255.000000      -46.3885536       23.4516754    
   258.750000      -46.3885536       19.5786285    
   262.500000      -46.3885536       17.0180817    
   266.250000      -46.3885536       14.8305817    
   270.000000      -46.3885536       15.4692535    
   273.750000      -46.3885536       14.1567535    
   277.500000      -46.3885536       13.2602692    
   281.250000      -46.3885536       12.0923004    
   285.000000      -46.3885536       11.5942535    
   288.750000      -46.3885536       12.5415192    
   292.500000      -46.3885536       11.3657379    
   296.250000      -46.3885536       22.9008942    
   300.000000      -46.3885536       22.2915192    
   303.750000      -46.3885536       22.1743317    
   307.500000      -46.3885536       24.4067535    
   311.250000      -46.3885536       22.3911285    
   315.000000      -46.3885536       18.6762848    
   318.750000      -46.3885536       20.0415192    
   322.500000      -46.3885536       15.7837067    
   326.250000      -46.3885536       15.0512848    
   330.000000      -46.3885536       16.4340973    
   333.750000      -46.3885536       15.2758942    
   337.500000      -46.3885536       16.2719879    
   341.250000      -46.3885536       18.9340973    
   345.000000      -46.3885536       22.0024567    
   348.750000      -46.3885536       24.4653473    
   352.500000      -46.3885536       21.6860504    
   356.250000      -46.3885536       22.5239410    
   360.000000      -46.3885536       11.5532379    
   0.00000000      -42.6776047       4.77784729    
   3.75000000      -42.6776047       1.62159729    
   7.50000000      -42.6776047      0.684097290    
   11.2500000      -42.6776047       8.55323792    
   15.0000000      -42.6776047       9.53956604    
   18.7500000      -42.6776047       13.4692535    
   22.5000000      -42.6776047       17.2153473    
   26.2500000      -42.6776047       16.2133942    
   30.0000000      -42.6776047       17.4692535    
   33.7500000      -42.6776047       21.4106598    
   37.5000000      -42.6776047       18.2075348    
   41.2500000      -42.6776047       10.1977692    
   45.0000000      -42.6776047       7.28370667    
   48.7500000      -42.6776047       8.11769104    
   52.5000000      -42.6776047       9.75636292    
   56.2500000      -42.6776047       13.2622223    
   60.0000000      -42.6776047       17.6411285    
   63.7500000      -42.6776047       21.2133942    
   67.5000000      -42.6776047       23.1118317    
   71.2500000      -42.6776047       24.5551910    
   75.0000000      -42.6776047       23.9907379    
   78.7500000      -42.6776047       20.4809723    
   82.5000000      -42.6776047       21.1040192    
   86.2500000      -42.6776047       21.9262848    
   90.0000000      -42.6776047       21.6723785    
   93.7500000      -42.6776047       22.0649567    
   97.5000000      -42.6776047       18.4868317    
   101.250000      -42.6776047       11.7094879    
   105.000000      -42.6776047       2.55519104    
   108.750000      -42.6776047       3.66847229    
   112.500000      -42.6776047       1.68995667    
   116.250000      -42.6776047       3.77980042    
   120.000000      -42.6776047     -0.722152710    
   123.750000      -42.6776047     -0.323715210    
   127.500000      -42.6776047       2.33058167    
   131.250000      -42.6776047       3.18800354    
   135.000000      -42.6776047       6.61183167    
   138.750000      -42.6776047       12.3559723    
   142.500000      -42.6776047       18.3188629    
   146.250000      -42.6776047       20.9321442    
   150.000000      -42.6776047       20.5180817    
   153.750000      -42.6776047       19.7094879    
   157.500000      -42.6776047       17.8950348    
   161.250000      -42.6776047       16.0180817    
   165.000000      -42.6776047       6.87550354    
   168.750000      -42.6776047      -3.00340271    
   172.500000      -42.6776047      -1.18894958    
   176.250000      -42.6776047      0.951675415    
   180.000000      -42.6776047       1.91847229    
   183.750000      -42.6776047       3.57276917    
   187.500000      -42.6776047     -0.806137085    
   191.250000      -42.6776047      -1.24559021    
   195.000000      -42.6776047      -1.37840271    
   198.750000      -42.6776047      -2.61082458    
   202.500000      -42.6776047      -1.85496521    
   206.250000      -42.6776047      -2.01902771    
   210.000000      -42.6776047      0.328628540    
   213.750000      -42.6776047      -3.34324646    
   217.500000      -42.6776047      -6.24754333    
   221.250000      -42.6776047      -5.31004333    
   225.000000      -42.6776047      -1.89793396    
   228.750000      -42.6776047       2.34230042    
   232.500000      -42.6776047       6.85792542    
   236.250000      -42.6776047       11.0571442    
   240.000000      -42.6776047       14.0317535    
   243.750000      -42.6776047       18.3364410    
   247.500000      -42.6776047       21.3579254    
   251.250000      -42.6776047       19.6919098    
   255.000000      -42.6776047       15.1645660    
   258.750000      -42.6776047       12.4087067    
   262.500000      -42.6776047       10.9360504    
   266.250000      -42.6776047       9.80909729    
   270.000000      -42.6776047       9.68214417    
   273.750000      -42.6776047       7.07862854    
   277.500000      -42.6776047       4.69972229    
   281.250000      -42.6776047       6.11769104    
   285.000000      -42.6776047       8.37355042    
   288.750000      -42.6776047       7.94581604    
   292.500000      -42.6776047       10.6372223    
   296.250000      -42.6776047       27.2446442    
   300.000000      -42.6776047       16.9458160    
   303.750000      -42.6776047       23.3423004    
   307.500000      -42.6776047       18.2641754    
   311.250000      -42.6776047       14.0708160    
   315.000000      -42.6776047       14.9673004    
   318.750000      -42.6776047       7.66261292    
   322.500000      -42.6776047       12.9008942    
   326.250000      -42.6776047       12.7544098    
   330.000000      -42.6776047       14.1508942    
   333.750000      -42.6776047       12.2524567    
   337.500000      -42.6776047       11.8755035    
   341.250000      -42.6776047       15.0376129    
   345.000000      -42.6776047       18.4399567    
   348.750000      -42.6776047       17.0747223    
   352.500000      -42.6776047       12.5356598    
   356.250000      -42.6776047       8.65284729    
   360.000000      -42.6776047       4.77784729    
   0.00000000      -38.9666100       4.55128479    
   3.75000000      -38.9666100       5.35206604    
   7.50000000      -38.9666100       7.84034729    
   11.2500000      -38.9666100       7.25050354    
   15.0000000      -38.9666100       8.53565979    
   18.7500000      -38.9666100       11.0708160    
   22.5000000      -38.9666100       18.3364410    
   26.2500000      -38.9666100       27.3481598    
   30.0000000      -38.9666100       20.6098785    
   33.7500000      -38.9666100       16.2622223    
   37.5000000      -38.9666100       8.47706604    
   41.2500000      -38.9666100       3.15480042    
   45.0000000      -38.9666100      -2.28855896    
   48.7500000      -38.9666100      -1.60887146    
   52.5000000      -38.9666100      0.336441040    
   56.2500000      -38.9666100       4.69581604    
   60.0000000      -38.9666100       4.60206604    
   63.7500000      -38.9666100       7.61378479    
   67.5000000      -38.9666100       8.60792542    
   71.2500000      -38.9666100       12.0102692    
   75.0000000      -38.9666100       11.6430817    
   78.7500000      -38.9666100       10.8442535    
   82.5000000      -38.9666100       15.8305817    
   86.2500000      -38.9666100       16.2544098    
   90.0000000      -38.9666100       18.0864410    
   93.7500000      -38.9666100       20.1821442    
   97.5000000      -38.9666100       15.6274567    
   101.250000      -38.9666100       7.98487854    
   105.000000      -38.9666100     -0.132308960    
   108.750000      -38.9666100      -2.63035583    
   112.500000      -38.9666100      0.770034790    
   116.250000      -38.9666100       2.12550354    
   120.000000      -38.9666100       2.31690979    
   123.750000      -38.9666100       2.15480042    
   127.500000      -38.9666100     -0.739730835    
   131.250000      -38.9666100       1.77394104    
   135.000000      -38.9666100       1.94190979    
   138.750000      -38.9666100       6.63331604    
   142.500000      -38.9666100       9.04737854    
   146.250000      -38.9666100       12.1215973    
   150.000000      -38.9666100       15.6782379    
   153.750000      -38.9666100       16.2387848    
   157.500000      -38.9666100       15.3540192    
   161.250000      -38.9666100       15.7719879    
   165.000000      -38.9666100       15.8364410    
   168.750000      -38.9666100       18.9106598    
   172.500000      -38.9666100       15.2426910    
   176.250000      -38.9666100       11.1997223    
   180.000000      -38.9666100       6.05519104    
   183.750000      -38.9666100       9.29347229    
   187.500000      -38.9666100      -1.26707458    
   191.250000      -38.9666100     -0.692855835    
   195.000000      -38.9666100      -5.77293396    
   198.750000      -38.9666100      -4.30223083    
   202.500000      -38.9666100      -8.49168396    
   206.250000      -38.9666100      -7.28855896    
   210.000000      -38.9666100      -8.75926208    
   213.750000      -38.9666100      -8.40379333    
   217.500000      -38.9666100      -6.57176208    
   221.250000      -38.9666100      -3.18504333    
   225.000000      -38.9666100      0.238784790    
   228.750000      -38.9666100       3.66065979    
   232.500000      -38.9666100       6.34815979    
   236.250000      -38.9666100       7.83448792    
   240.000000      -38.9666100       11.7837067    
   243.750000      -38.9666100       12.3305817    
   247.500000      -38.9666100       11.6430817    
   251.250000      -38.9666100       10.5805817    
   255.000000      -38.9666100       6.40870667    
   258.750000      -38.9666100       4.97511292    
   262.500000      -38.9666100       3.57472229    
   266.250000      -38.9666100       2.83644104    
   270.000000      -38.9666100       3.41261292    
   273.750000      -38.9666100       4.09620667    
   277.500000      -38.9666100       4.24073792    
   281.250000      -38.9666100       3.30714417    
   285.000000      -38.9666100       3.94190979    
   288.750000      -38.9666100       8.37355042    
   292.500000      -38.9666100       16.4848785    
   296.250000      -38.9666100       14.5024567    
   300.000000      -38.9666100       12.4673004    
   303.750000      -38.9666100       3.33644104    
   307.500000      -38.9666100       9.29347229    
   311.250000      -38.9666100       7.07472229    
   315.000000      -38.9666100       5.82472229    
   318.750000      -38.9666100       4.56690979    
   322.500000      -38.9666100       1.99269104    
   326.250000      -38.9666100       1.29542542    
   330.000000      -38.9666100       2.10401917    
   333.750000      -38.9666100       2.70948792    
   337.500000      -38.9666100       8.58448792    
   341.250000      -38.9666100       9.74855042    
   345.000000      -38.9666100       10.4497223    
   348.750000      -38.9666100       6.27784729    
   352.500000      -38.9666100       4.57862854    
   356.250000      -38.9666100       5.33448792    
   360.000000      -38.9666100       4.55128479    
   0.00000000      -35.2555809       7.47120667    
   3.75000000      -35.2555809       9.95948792    
   7.50000000      -35.2555809       7.66456604    
   11.2500000      -35.2555809       9.71730042    
   15.0000000      -35.2555809       11.2329254    
   18.7500000      -35.2555809       15.9985504    
   22.5000000      -35.2555809       18.4712067    
   26.2500000      -35.2555809       12.6372223    
   30.0000000      -35.2555809       6.16261292    
   33.7500000      -35.2555809       4.48097229    
   37.5000000      -35.2555809       2.56690979    
   41.2500000      -35.2555809     -0.681137085    
   45.0000000      -35.2555809       1.32472229    
   48.7500000      -35.2555809      -1.59519958    
   52.5000000      -35.2555809     -0.919418335    
   56.2500000      -35.2555809      0.365737915    
   60.0000000      -35.2555809       2.33448792    
   63.7500000      -35.2555809      0.117691040    
   67.5000000      -35.2555809      0.295425415    
   71.2500000      -35.2555809       1.62550354    
   75.0000000      -35.2555809       3.36378479    
   78.7500000      -35.2555809       8.60401917    
   82.5000000      -35.2555809       11.0590973    
   86.2500000      -35.2555809       10.5981598    
   90.0000000      -35.2555809       7.78761292    
   93.7500000      -35.2555809       9.26026917    
   97.5000000      -35.2555809       8.40675354    
   101.250000      -35.2555809       7.80323792    
   105.000000      -35.2555809       2.13331604    
   108.750000      -35.2555809       1.76417542    
   112.500000      -35.2555809       6.02784729    
   116.250000      -35.2555809       5.51612854    
   120.000000      -35.2555809       3.85597229    
   123.750000      -35.2555809       5.06495667    
   127.500000      -35.2555809       7.06105042    
   131.250000      -35.2555809       5.85792542    
   135.000000      -35.2555809       6.86769104    
   138.750000      -35.2555809       4.30909729    
   142.500000      -35.2555809       7.76417542    
   146.250000      -35.2555809       3.96144104    
   150.000000      -35.2555809       6.92823792    
   153.750000      -35.2555809       10.2973785    
   157.500000      -35.2555809       13.4712067    
   161.250000      -35.2555809       15.6840973    
   165.000000      -35.2555809       19.1958160    
   168.750000      -35.2555809       20.2290192    
   172.500000      -35.2555809       27.5473785    
   176.250000      -35.2555809       17.5786285    
   180.000000      -35.2555809       13.6997223    
   183.750000      -35.2555809       12.4477692    
   187.500000      -35.2555809       11.4887848    
   191.250000      -35.2555809       2.46925354    
   195.000000      -35.2555809      -4.58348083    
   198.750000      -35.2555809      -2.52684021    
   202.500000      -35.2555809      -3.24559021    
   206.250000      -35.2555809      -5.61863708    
   210.000000      -35.2555809      -6.43894958    
   213.750000      -35.2555809      -3.64402771    
   217.500000      -35.2555809      -2.59519958    
   221.250000      -35.2555809     -0.265121460    
   225.000000      -35.2555809       1.66456604    
   228.750000      -35.2555809       2.68605042    
   232.500000      -35.2555809      -4.70262146    
   236.250000      -35.2555809       5.98487854    
   240.000000      -35.2555809       7.89308167    
   243.750000      -35.2555809       8.92237854    
   247.500000      -35.2555809       7.38917542    
   251.250000      -35.2555809       4.80909729    
   255.000000      -35.2555809       3.00831604    
   258.750000      -35.2555809       1.98487854    
   262.500000      -35.2555809     -0.950668335    
   266.250000      -35.2555809       2.12940979    
   270.000000      -35.2555809      -6.96043396    
   273.750000      -35.2555809      -4.49949646    
   277.500000      -35.2555809     -0.993637085    
   281.250000      -35.2555809       2.90480042    
   285.000000      -35.2555809       7.06886292    
   288.750000      -35.2555809       6.43995667    
   292.500000      -35.2555809       5.96730042    
   296.250000      -35.2555809       7.16456604    
   300.000000      -35.2555809       5.86769104    
   303.750000      -35.2555809       7.86769104    
   307.500000      -35.2555809       8.67628479    
   311.250000      -35.2555809       7.21534729    
   315.000000      -35.2555809       4.40480042    
   318.750000      -35.2555809       1.70558167    
   322.500000      -35.2555809      -3.51902771    
   326.250000      -35.2555809       3.08448792    
   330.000000      -35.2555809       12.8208160    
   333.750000      -35.2555809       15.2309723    
   337.500000      -35.2555809       8.68214417    
   341.250000      -35.2555809       6.09425354    
   345.000000      -35.2555809       4.24269104    
   348.750000      -35.2555809       3.25440979    
   352.500000      -35.2555809       3.60987854    
   356.250000      -35.2555809       6.84815979    
   360.000000      -35.2555809       7.47120667    
   0.00000000      -31.5445251       5.85987854    
   3.75000000      -31.5445251       8.67042542    
   7.50000000      -31.5445251       12.2290192    
   11.2500000      -31.5445251       13.9712067    
   15.0000000      -31.5445251       16.1958160    
   18.7500000      -31.5445251       16.7817535    
   22.5000000      -31.5445251       13.3051910    
   26.2500000      -31.5445251       6.46534729    
   30.0000000      -31.5445251       3.37550354    
   33.7500000      -31.5445251       1.01222229    
   37.5000000      -31.5445251       4.74855042    
   41.2500000      -31.5445251       4.23097229    
   45.0000000      -31.5445251       4.72706604    
   48.7500000      -31.5445251       3.07081604    
   52.5000000      -31.5445251       9.99269104    
   56.2500000      -31.5445251       3.32667542    
   60.0000000      -31.5445251      -4.52879333    
   63.7500000      -31.5445251      -4.46238708    
   67.5000000      -31.5445251      -2.89793396    
   71.2500000      -31.5445251       8.31604004E-03
   75.0000000      -31.5445251       2.86183167    
   78.7500000      -31.5445251       3.95167542    
   82.5000000      -31.5445251       3.84230042    
   86.2500000      -31.5445251       2.68605042    
   90.0000000      -31.5445251       4.39308167    
   93.7500000      -31.5445251       4.83058167    
   97.5000000      -31.5445251       7.43800354    
   101.250000      -31.5445251       12.8305817    
   105.000000      -31.5445251       16.9868317    
   108.750000      -31.5445251       16.9282379    
   112.500000      -31.5445251       13.3930817    
   116.250000      -31.5445251       12.5805817    
   120.000000      -31.5445251       10.4868317    
   123.750000      -31.5445251       10.1548004    
   127.500000      -31.5445251       9.98487854    
   131.250000      -31.5445251       12.2485504    
   135.000000      -31.5445251       3.65870667    
   138.750000      -31.5445251       8.04542542    
   142.500000      -31.5445251       2.60011292    
   146.250000      -31.5445251       3.53175354    
   150.000000      -31.5445251       4.69190979    
   153.750000      -31.5445251       8.30909729    
   157.500000      -31.5445251       11.2778473    
   161.250000      -31.5445251       13.3481598    
   165.000000      -31.5445251       18.2700348    
   168.750000      -31.5445251       24.7133942    
   172.500000      -31.5445251       21.1801910    
   176.250000      -31.5445251       14.7895660    
   180.000000      -31.5445251       12.8051910    
   183.750000      -31.5445251       10.1059723    
   187.500000      -31.5445251       9.03761292    
   191.250000      -31.5445251       6.64112854    
   195.000000      -31.5445251       3.91651917    
   198.750000      -31.5445251       4.43214417    
   202.500000      -31.5445251      0.629409790    
   206.250000      -31.5445251     -0.759262085    
   210.000000      -31.5445251      0.291519165    
   213.750000      -31.5445251       3.71730042    
   217.500000      -31.5445251       4.48683167    
   221.250000      -31.5445251       7.08448792    
   225.000000      -31.5445251       7.84620667    
   228.750000      -31.5445251       7.57081604    
   232.500000      -31.5445251       10.7251129    
   236.250000      -31.5445251       5.97315979    
   240.000000      -31.5445251       4.50440979    
   243.750000      -31.5445251       5.55323792    
   247.500000      -31.5445251       4.16847229    
   251.250000      -31.5445251       3.11378479    
   255.000000      -31.5445251       1.73487854    
   258.750000      -31.5445251      -4.10691833    
   262.500000      -31.5445251      -1.52684021    
   266.250000      -31.5445251       2.23487854    
   270.000000      -31.5445251       4.38722229    
   273.750000      -31.5445251       4.68995667    
   277.500000      -31.5445251      0.408706665    
   281.250000      -31.5445251       1.99073792    
   285.000000      -31.5445251       3.05519104    
   288.750000      -31.5445251       1.20167542    
   292.500000      -31.5445251     -0.368637085    
   296.250000      -31.5445251       4.25245667    
   300.000000      -31.5445251       10.3989410    
   303.750000      -31.5445251       7.13722229    
   307.500000      -31.5445251       2.11964417    
   311.250000      -31.5445251       2.42042542    
   315.000000      -31.5445251       5.16065979    
   318.750000      -31.5445251       5.84620667    
   322.500000      -31.5445251       9.81690979    
   326.250000      -31.5445251       10.0395660    
   330.000000      -31.5445251       8.95558167    
   333.750000      -31.5445251       10.2739410    
   337.500000      -31.5445251       11.7778473    
   341.250000      -31.5445251       4.90675354    
   345.000000      -31.5445251       1.37355042    
   348.750000      -31.5445251       3.52784729    
   352.500000      -31.5445251       3.76808167    
   356.250000      -31.5445251       2.26026917    
   360.000000      -31.5445251       5.85987854    
   0.00000000      -27.8334446       11.7895660    
   3.75000000      -27.8334446       15.2856598    
   7.50000000      -27.8334446       16.4692535    
   11.2500000      -27.8334446       12.7915192    
   15.0000000      -27.8334446       10.8852692    
   18.7500000      -27.8334446       14.0923004    
   22.5000000      -27.8334446       9.75440979    
   26.2500000      -27.8334446       9.17042542    
   30.0000000      -27.8334446       3.25440979    
   33.7500000      -27.8334446     -0.524887085    
   37.5000000      -27.8334446       1.04737854    
   41.2500000      -27.8334446       6.99659729    
   45.0000000      -27.8334446       3.75636292    
   48.7500000      -27.8334446       3.50050354    
   52.5000000      -27.8334446       2.24073792    
   56.2500000      -27.8334446       1.24073792    
   60.0000000      -27.8334446      0.539566040    
   63.7500000      -27.8334446     -0.364730835    
   67.5000000      -27.8334446       1.81105042    
   71.2500000      -27.8334446       1.25636292    
   75.0000000      -27.8334446       1.94581604    
   78.7500000      -27.8334446       2.23097229    
   82.5000000      -27.8334446       1.48683167    
   86.2500000      -27.8334446       1.32081604    
   90.0000000      -27.8334446       3.10401917    
   93.7500000      -27.8334446       9.18019104    
   97.5000000      -27.8334446       12.8676910    
   101.250000      -27.8334446       17.4614410    
   105.000000      -27.8334446       18.2368317    
   108.750000      -27.8334446       22.0571442    
   112.500000      -27.8334446       16.3872223    
   116.250000      -27.8334446       12.2700348    
   120.000000      -27.8334446       10.2661285    
   123.750000      -27.8334446       18.9848785    
   127.500000      -27.8334446       20.2290192    
   131.250000      -27.8334446       16.2778473    
   135.000000      -27.8334446       6.15284729    
   138.750000      -27.8334446       7.27198792    
   142.500000      -27.8334446       4.33839417    
   146.250000      -27.8334446       7.46144104    
   150.000000      -27.8334446       6.39698792    
   153.750000      -27.8334446       4.08839417    
   157.500000      -27.8334446       9.42042542    
   161.250000      -27.8334446       12.3403473    
   165.000000      -27.8334446       13.4594879    
   168.750000      -27.8334446       12.5415192    
   172.500000      -27.8334446       14.0239410    
   176.250000      -27.8334446       10.5102692    
   180.000000      -27.8334446       7.10792542    
   183.750000      -27.8334446       3.63917542    
   187.500000      -27.8334446       7.17823792    
   191.250000      -27.8334446       4.58839417    
   195.000000      -27.8334446       4.45167542    
   198.750000      -27.8334446      0.393081665    
   202.500000      -27.8334446      0.172378540    
   206.250000      -27.8334446      0.643081665    
   210.000000      -27.8334446       3.72901917    
   213.750000      -27.8334446       6.42042542    
   217.500000      -27.8334446       7.39894104    
   221.250000      -27.8334446       8.13331604    
   225.000000      -27.8334446       9.61769104    
   228.750000      -27.8334446       10.1782379    
   232.500000      -27.8334446       7.36769104    
   236.250000      -27.8334446       2.61964417    
   240.000000      -27.8334446      0.279800415    
   243.750000      -27.8334446     -0.491683960    
   247.500000      -27.8334446       3.17535400E-02
   251.250000      -27.8334446     -0.901840210    
   255.000000      -27.8334446     -0.901840210    
   258.750000      -27.8334446      -3.87254333    
   262.500000      -27.8334446      -3.33738708    
   266.250000      -27.8334446      0.326675415    
   270.000000      -27.8334446       7.59034729    
   273.750000      -27.8334446       4.91456604    
   277.500000      -27.8334446       2.48487854    
   281.250000      -27.8334446       1.49855042    
   285.000000      -27.8334446       5.03540039E-04
   288.750000      -27.8334446     -0.468246460    
   292.500000      -27.8334446      -1.22996521    
   296.250000      -27.8334446       3.85206604    
   300.000000      -27.8334446      0.705581665    
   303.750000      -27.8334446     -0.706527710    
   307.500000      -27.8334446      -2.09519958    
   311.250000      -27.8334446       2.13917542    
   315.000000      -27.8334446       4.27589417    
   318.750000      -27.8334446       9.93019104    
   322.500000      -27.8334446       13.0005035    
   326.250000      -27.8334446       12.1958160    
   330.000000      -27.8334446       10.5727692    
   333.750000      -27.8334446       8.29542542    
   337.500000      -27.8334446       6.38331604    
   341.250000      -27.8334446       3.93409729    
   345.000000      -27.8334446      -3.22996521    
   348.750000      -27.8334446      -1.85691833    
   352.500000      -27.8334446       4.30909729    
   356.250000      -27.8334446       9.03565979    
   360.000000      -27.8334446       11.7895660    
   0.00000000      -24.1223469       8.01417542    
   3.75000000      -24.1223469       9.41651917    
   7.50000000      -24.1223469       5.40870667    
   11.2500000      -24.1223469       7.68214417    
   15.0000000      -24.1223469       9.88526917    
   18.7500000      -24.1223469       1.05909729    
   22.5000000      -24.1223469       7.63136292    
   26.2500000      -24.1223469      -1.93113708    
   30.0000000      -24.1223469      -5.53465271    
   33.7500000      -24.1223469      -4.57371521    
   37.5000000      -24.1223469      -4.15379333    
   41.2500000      -24.1223469      -2.32371521    
   45.0000000      -24.1223469      -2.15769958    
   48.7500000      -24.1223469      -4.63714600E-02
   52.5000000      -24.1223469      0.205581665    
   56.2500000      -24.1223469      -2.44285583    
   60.0000000      -24.1223469      -1.28269958    
   63.7500000      -24.1223469      -2.34129333    
   67.5000000      -24.1223469     -0.362777710    
   71.2500000      -24.1223469       2.47120667    
   75.0000000      -24.1223469       2.61183167    
   78.7500000      -24.1223469       3.55714417    
   82.5000000      -24.1223469       4.29347229    
   86.2500000      -24.1223469       9.85401917    
   90.0000000      -24.1223469       11.7465973    
   93.7500000      -24.1223469       10.5454254    
   97.5000000      -24.1223469       10.9204254    
   101.250000      -24.1223469       14.1196442    
   105.000000      -24.1223469       17.1548004    
   108.750000      -24.1223469       15.6469879    
   112.500000      -24.1223469       12.6801910    
   116.250000      -24.1223469       10.9633942    
   120.000000      -24.1223469       14.8852692    
   123.750000      -24.1223469       13.8012848    
   127.500000      -24.1223469       5.77003479    
   131.250000      -24.1223469       8.35011292    
   135.000000      -24.1223469       9.18605042    
   138.750000      -24.1223469       6.92823792    
   142.500000      -24.1223469       6.58644104    
   146.250000      -24.1223469       7.35987854    
   150.000000      -24.1223469       1.09034729    
   153.750000      -24.1223469       2.17823792    
   157.500000      -24.1223469       5.05323792    
   161.250000      -24.1223469       4.94386292    
   165.000000      -24.1223469       9.58058167    
   168.750000      -24.1223469       7.03565979    
   172.500000      -24.1223469       8.77784729    
   176.250000      -24.1223469       5.38526917    
   180.000000      -24.1223469      0.605972290    
   183.750000      -24.1223469      0.508316040    
   187.500000      -24.1223469      -1.76121521    
   191.250000      -24.1223469      -4.51707458    
   195.000000      -24.1223469     -0.147933960    
   198.750000      -24.1223469     -0.577621460    
   202.500000      -24.1223469     -0.436996460    
   206.250000      -24.1223469       5.52980042    
   210.000000      -24.1223469       7.49855042    
   213.750000      -24.1223469       9.93995667    
   217.500000      -24.1223469       13.6274567    
   221.250000      -24.1223469       7.27980042    
   225.000000      -24.1223469       7.87355042    
   228.750000      -24.1223469       6.05714417    
   232.500000      -24.1223469      0.928237915    
   236.250000      -24.1223469      -2.25730896    
   240.000000      -24.1223469      -4.87254333    
   243.750000      -24.1223469      -5.55223083    
   247.500000      -24.1223469      -8.57566833    
   251.250000      -24.1223469      -6.97605896    
   255.000000      -24.1223469      -4.22996521    
   258.750000      -24.1223469      -1.98777771    
   262.500000      -24.1223469       1.38331604    
   266.250000      -24.1223469       4.21339417    
   270.000000      -24.1223469       3.57472229    
   273.750000      -24.1223469       4.90284729    
   277.500000      -24.1223469       2.81300354    
   281.250000      -24.1223469       1.79151917    
   285.000000      -24.1223469     -0.372543335    
   288.750000      -24.1223469      -3.00926208    
   292.500000      -24.1223469       2.57667542    
   296.250000      -24.1223469      -5.88426208    
   300.000000      -24.1223469       2.62355042    
   303.750000      -24.1223469      -1.48973083    
   307.500000      -24.1223469      -2.68699646    
   311.250000      -24.1223469      -1.42137146    
   315.000000      -24.1223469       2.39698792    
   318.750000      -24.1223469       6.99855042    
   322.500000      -24.1223469       7.41651917    
   326.250000      -24.1223469       5.90284729    
   330.000000      -24.1223469      0.949722290    
   333.750000      -24.1223469      -1.29441833    
   337.500000      -24.1223469      -1.53074646    
   341.250000      -24.1223469      -1.74559021    
   345.000000      -24.1223469      -2.88426208    
   348.750000      -24.1223469      -1.97801208    
   352.500000      -24.1223469       1.17433167    
   356.250000      -24.1223469       4.55323792    
   360.000000      -24.1223469       8.01417542    
   0.00000000      -20.4112377       6.61183167    
   3.75000000      -20.4112377       8.16847229    
   7.50000000      -20.4112377       7.88331604    
   11.2500000      -20.4112377       7.44581604    
   15.0000000      -20.4112377       2.56690979    
   18.7500000      -20.4112377      0.494644165    
   22.5000000      -20.4112377      -1.32176208    
   26.2500000      -20.4112377      -3.39207458    
   30.0000000      -20.4112377      -6.07566833    
   33.7500000      -20.4112377      -8.83152771    
   37.5000000      -20.4112377      -14.7006683    
   41.2500000      -20.4112377      -5.74949646    
   45.0000000      -20.4112377      0.801284790    
   48.7500000      -20.4112377      -4.23387146    
   52.5000000      -20.4112377      -7.03855896    
   56.2500000      -20.4112377      -8.13035583    
   60.0000000      -20.4112377      -5.89793396    
   63.7500000      -20.4112377      -4.84129333    
   67.5000000      -20.4112377      -4.72215271    
   71.2500000      -20.4112377     -0.741683960    
   75.0000000      -20.4112377       2.77198792    
   78.7500000      -20.4112377       5.12940979    
   82.5000000      -20.4112377       5.37550354    
   86.2500000      -20.4112377       5.64308167    
   90.0000000      -20.4112377       8.92433167    
   93.7500000      -20.4112377       11.7446442    
   97.5000000      -20.4112377       12.3950348    
   101.250000      -20.4112377       11.9907379    
   105.000000      -20.4112377       13.0473785    
   108.750000      -20.4112377       13.3071442    
   112.500000      -20.4112377       11.1723785    
   116.250000      -20.4112377       11.2133942    
   120.000000      -20.4112377       10.4692535    
   123.750000      -20.4112377       7.68409729    
   127.500000      -20.4112377       2.56690979    
   131.250000      -20.4112377     -0.665512085    
   135.000000      -20.4112377      0.904800415    
   138.750000      -20.4112377       3.17628479    
   142.500000      -20.4112377       5.93214417    
   146.250000      -20.4112377       7.95948792    
   150.000000      -20.4112377       4.81886292    
   153.750000      -20.4112377       4.09230042    
   157.500000      -20.4112377       4.73683167    
   161.250000      -20.4112377       6.03175354    
   165.000000      -20.4112377       4.27198792    
   168.750000      -20.4112377       1.43019104    
   172.500000      -20.4112377      0.738784790    
   176.250000      -20.4112377     -0.505355835    
   180.000000      -20.4112377      -2.55418396    
   183.750000      -20.4112377      -4.76512146    
   187.500000      -20.4112377      -4.25926208    
   191.250000      -20.4112377      -2.24168396    
   195.000000      -20.4112377      -7.30895996E-03
   198.750000      -20.4112377       2.10597229    
   202.500000      -20.4112377       3.44972229    
   206.250000      -20.4112377       1.83058167    
   210.000000      -20.4112377       3.84815979    
   213.750000      -20.4112377       4.37355042    
   217.500000      -20.4112377       6.27394104    
   221.250000      -20.4112377       3.79347229    
   225.000000      -20.4112377       3.09230042    
   228.750000      -20.4112377      -1.17723083    
   232.500000      -20.4112377      -3.42918396    
   236.250000      -20.4112377      -4.79051208    
   240.000000      -20.4112377      -6.05809021    
   243.750000      -20.4112377      -8.51316833    
   247.500000      -20.4112377      -8.30418396    
   251.250000      -20.4112377      -9.11863708    
   255.000000      -20.4112377      -6.03855896    
   258.750000      -20.4112377      -2.65574646    
   262.500000      -20.4112377     -0.612777710    
   266.250000      -20.4112377     -0.142074585    
   270.000000      -20.4112377       5.93800354    
   273.750000      -20.4112377       4.45362854    
   277.500000      -20.4112377       5.79737854    
   281.250000      -20.4112377       6.36573792    
   285.000000      -20.4112377       5.75245667    
   288.750000      -20.4112377       3.98487854    
   292.500000      -20.4112377      -2.50730896    
   296.250000      -20.4112377      -2.13230896    
   300.000000      -20.4112377      0.334487915    
   303.750000      -20.4112377      -1.10301208    
   307.500000      -20.4112377      -3.46629333    
   311.250000      -20.4112377      -2.14402771    
   315.000000      -20.4112377       2.51808167    
   318.750000      -20.4112377      0.580581665    
   322.500000      -20.4112377       1.16261292    
   326.250000      -20.4112377      -3.80809021    
   330.000000      -20.4112377      -5.11668396    
   333.750000      -20.4112377      -6.87254333    
   337.500000      -20.4112377      -6.20652771    
   341.250000      -20.4112377      -5.34324646    
   345.000000      -20.4112377      -1.17527771    
   348.750000      -20.4112377      0.924331665    
   352.500000      -20.4112377       4.18409729    
   356.250000      -20.4112377       4.81886292    
   360.000000      -20.4112377       6.61183167    
   0.00000000      -16.7001171       3.58644104    
   3.75000000      -16.7001171       3.15089417    
   7.50000000      -16.7001171       6.16065979    
   11.2500000      -16.7001171       1.82472229    
   15.0000000      -16.7001171      -2.25144958    
   18.7500000      -16.7001171      -3.59715271    
   22.5000000      -16.7001171      -1.61082458    
   26.2500000      -16.7001171      -2.83543396    
   30.0000000      -16.7001171     -0.993637085    
   33.7500000      -16.7001171     -0.313949585    
   37.5000000      -16.7001171       12.0219879    
   41.2500000      -16.7001171       7.90870667    
   45.0000000      -16.7001171      0.330581665    
   48.7500000      -16.7001171      -2.72801208    
   52.5000000      -16.7001171      -5.43504333    
   56.2500000      -16.7001171      -6.72605896    
   60.0000000      -16.7001171      -3.35301208    
   63.7500000      -16.7001171      -4.82957458    
   67.5000000      -16.7001171      -2.66551208    
   71.2500000      -16.7001171      0.980972290    
   75.0000000      -16.7001171       3.70558167    
   78.7500000      -16.7001171       4.92237854    
   82.5000000      -16.7001171       3.51026917    
   86.2500000      -16.7001171      0.607925415    
   90.0000000      -16.7001171      -1.46629333    
   93.7500000      -16.7001171      -2.09519958    
   97.5000000      -16.7001171     -0.485824585    
   101.250000      -16.7001171       2.08253479    
   105.000000      -16.7001171       1.22511292    
   108.750000      -16.7001171       1.48487854    
   112.500000      -16.7001171       6.48097229    
   116.250000      -16.7001171       4.77003479    
   120.000000      -16.7001171      0.627456665    
   123.750000      -16.7001171      -3.22410583    
   127.500000      -16.7001171      -7.22996521    
   131.250000      -16.7001171      -2.28855896    
   135.000000      -16.7001171     -0.130355835    
   138.750000      -16.7001171      0.240737915    
   142.500000      -16.7001171      -3.51121521    
   146.250000      -16.7001171      0.111831665    
   150.000000      -16.7001171     -0.436996460    
   153.750000      -16.7001171       1.52003479    
   157.500000      -16.7001171       1.69386292    
   161.250000      -16.7001171      -1.17527771    
   165.000000      -16.7001171      -3.11863708    
   168.750000      -16.7001171      -3.65769958    
   172.500000      -16.7001171      -6.52879333    
   176.250000      -16.7001171      -6.59129333    
   180.000000      -16.7001171      -5.97215271    
   183.750000      -16.7001171      -6.39988708    
   187.500000      -16.7001171      -5.80613708    
   191.250000      -16.7001171      -1.71629333    
   195.000000      -16.7001171      0.299331665    
   198.750000      -16.7001171       2.32081604    
   202.500000      -16.7001171       3.59230042    
   206.250000      -16.7001171       3.41456604    
   210.000000      -16.7001171      -1.72019958    
   213.750000      -16.7001171      -4.49363708    
   217.500000      -16.7001171      -2.39793396    
   221.250000      -16.7001171      -3.61668396    
   225.000000      -16.7001171     -0.927230835    
   228.750000      -16.7001171      -4.04832458    
   232.500000      -16.7001171      -4.56590271    
   236.250000      -16.7001171      -4.77488708    
   240.000000      -16.7001171      -5.12840271    
   243.750000      -16.7001171      -3.41941833    
   247.500000      -16.7001171      -3.70652771    
   251.250000      -16.7001171      -4.31004333    
   255.000000      -16.7001171      -3.51121521    
   258.750000      -16.7001171      -1.65184021    
   262.500000      -16.7001171       1.49659729    
   266.250000      -16.7001171       1.76808167    
   270.000000      -16.7001171       2.26026917    
   273.750000      -16.7001171       3.88722229    
   277.500000      -16.7001171       4.71925354    
   281.250000      -16.7001171       3.32276917    
   285.000000      -16.7001171       1.78370667    
   288.750000      -16.7001171     -0.956527710    
   292.500000      -16.7001171     -0.780746460    
   296.250000      -16.7001171      -1.91355896    
   300.000000      -16.7001171      -1.60691833    
   303.750000      -16.7001171     -0.216293335    
   307.500000      -16.7001171      -1.24559021    
   311.250000      -16.7001171       1.49073792    
   315.000000      -16.7001171      0.484878540    
   318.750000      -16.7001171      -1.26707458    
   322.500000      -16.7001171      -4.36082458    
   326.250000      -16.7001171      -7.81199646    
   330.000000      -16.7001171      -10.1401215    
   333.750000      -16.7001171      -7.26121521    
   337.500000      -16.7001171      -5.25144958    
   341.250000      -16.7001171      -5.72215271    
   345.000000      -16.7001171      -2.52098083    
   348.750000      -16.7001171      0.975112915    
   352.500000      -16.7001171       3.39308167    
   356.250000      -16.7001171       4.52589417    
   360.000000      -16.7001171       3.58644104    
   0.00000000      -12.9889879       7.01026917    
   3.75000000      -12.9889879       6.83253479    
   7.50000000      -12.9889879       2.40480042    
   11.2500000      -12.9889879      -1.02488708    
   15.0000000      -12.9889879      -5.66746521    
   18.7500000      -12.9889879      -4.15574646    
   22.5000000      -12.9889879      -3.48191833    
   26.2500000      -12.9889879      -4.44480896    
   30.0000000      -12.9889879      -4.56590271    
   33.7500000      -12.9889879      0.738784790    
   37.5000000      -12.9889879       7.24855042    
   41.2500000      -12.9889879       7.47706604    
   45.0000000      -12.9889879       4.10011292    
   48.7500000      -12.9889879       1.39698792    
   52.5000000      -12.9889879      -2.30418396    
   56.2500000      -12.9889879      -9.91058350E-02
   60.0000000      -12.9889879      -3.78660583    
   63.7500000      -12.9889879      0.842300415    
   67.5000000      -12.9889879     -0.524887085    
   71.2500000      -12.9889879     -0.690902710    
   75.0000000      -12.9889879     -0.130355835    
   78.7500000      -12.9889879       1.25636292    
   82.5000000      -12.9889879     -0.940902710    
   86.2500000      -12.9889879      -5.63230896    
   90.0000000      -12.9889879      -11.5112152    
   93.7500000      -12.9889879      -6.45652771    
   97.5000000      -12.9889879      -5.60887146    
   101.250000      -12.9889879      -4.38035583    
   105.000000      -12.9889879      -5.33152771    
   108.750000      -12.9889879      -5.12840271    
   112.500000      -12.9889879      -4.28465271    
   116.250000      -12.9889879      -1.62059021    
   120.000000      -12.9889879      -3.43309021    
   123.750000      -12.9889879      -9.96629333    
   127.500000      -12.9889879      -9.58738708    
   131.250000      -12.9889879      -4.90574646    
   135.000000      -12.9889879     -0.983871460    
   138.750000      -12.9889879      -3.94285583    
   142.500000      -12.9889879      -5.82176208    
   146.250000      -12.9889879      -6.30223083    
   150.000000      -12.9889879      -4.42918396    
   153.750000      -12.9889879      -1.03465271    
   157.500000      -12.9889879      -4.70652771    
   161.250000      -12.9889879      -4.70652771    
   165.000000      -12.9889879      -6.02098083    
   168.750000      -12.9889879      -6.46238708    
   172.500000      -12.9889879      -5.51121521    
   176.250000      -12.9889879      -7.37059021    
   180.000000      -12.9889879      -7.55613708    
   183.750000      -12.9889879      -5.87840271    
   187.500000      -12.9889879      -4.63816833    
   191.250000      -12.9889879      -2.03855896    
   195.000000      -12.9889879     -0.546371460    
   198.750000      -12.9889879      0.297378540    
   202.500000      -12.9889879      0.846206665    
   206.250000      -12.9889879     -0.964340210    
   210.000000      -12.9889879      -4.37059021    
   213.750000      -12.9889879      -4.62840271    
   217.500000      -12.9889879      -5.95457458    
   221.250000      -12.9889879      -2.73387146    
   225.000000      -12.9889879      -3.37059021    
   228.750000      -12.9889879      -2.78660583    
   232.500000      -12.9889879     -0.591293335    
   236.250000      -12.9889879       1.67237854    
   240.000000      -12.9889879     -0.433090210    
   243.750000      -12.9889879      -1.31590271    
   247.500000      -12.9889879      -1.89207458    
   251.250000      -12.9889879      -2.56004333    
   255.000000      -12.9889879      -1.83934021    
   258.750000      -12.9889879     -0.603012085    
   262.500000      -12.9889879      -1.07566833    
   266.250000      -12.9889879       2.54542542    
   270.000000      -12.9889879       3.72315979    
   273.750000      -12.9889879       1.70948792    
   277.500000      -12.9889879       2.06690979    
   281.250000      -12.9889879      -4.34324646    
   285.000000      -12.9889879       1.77980042    
   288.750000      -12.9889879       1.14112854    
   292.500000      -12.9889879       3.62550354    
   296.250000      -12.9889879       7.81886292    
   300.000000      -12.9889879       2.45558167    
   303.750000      -12.9889879       1.58253479    
   307.500000      -12.9889879       1.79933167    
   311.250000      -12.9889879      -1.51316833    
   315.000000      -12.9889879      -1.31980896    
   318.750000      -12.9889879      -2.45848083    
   322.500000      -12.9889879      -6.52879333    
   326.250000      -12.9889879      -5.25730896    
   330.000000      -12.9889879      -8.36277771    
   333.750000      -12.9889879      -5.18113708    
   337.500000      -12.9889879      -3.22996521    
   341.250000      -12.9889879      -1.58152771    
   345.000000      -12.9889879     -0.212387085    
   348.750000      -12.9889879       2.21730042    
   352.500000      -12.9889879       3.93605042    
   356.250000      -12.9889879       6.48487854    
   360.000000      -12.9889879       7.01026917    
   0.00000000      -9.27785301      0.594253540    
   3.75000000      -9.27785301      0.924331665    
   7.50000000      -9.27785301      -1.32176208    
   11.2500000      -9.27785301      -2.43309021    
   15.0000000      -9.27785301      -1.88816833    
   18.7500000      -9.27785301     -0.831527710    
   22.5000000      -9.27785301      0.516128540    
   26.2500000      -9.27785301       5.40870667    
   30.0000000      -9.27785301       9.08253479    
   33.7500000      -9.27785301       9.45167542    
   37.5000000      -9.27785301       11.0708160    
   41.2500000      -9.27785301       6.12745667    
   45.0000000      -9.27785301       1.50831604    
   48.7500000      -9.27785301      0.906753540    
   52.5000000      -9.27785301      0.941909790    
   56.2500000      -9.27785301     -0.548324585    
   60.0000000      -9.27785301       3.83448792    
   63.7500000      -9.27785301       4.68409729    
   67.5000000      -9.27785301       5.64112854    
   71.2500000      -9.27785301       5.18019104    
   75.0000000      -9.27785301       1.65870667    
   78.7500000      -9.27785301       3.82472229    
   82.5000000      -9.27785301       5.16261292    
   86.2500000      -9.27785301     -0.263168335    
   90.0000000      -9.27785301      -2.52293396    
   93.7500000      -9.27785301      -3.03660583    
   97.5000000      -9.27785301      -4.19285583    
   101.250000      -9.27785301      -4.71434021    
   105.000000      -9.27785301      -5.11668396    
   108.750000      -9.27785301      -3.89793396    
   112.500000      -9.27785301      -3.41746521    
   116.250000      -9.27785301      -3.14207458    
   120.000000      -9.27785301      -1.68699646    
   123.750000      -9.27785301      -3.20652771    
   127.500000      -9.27785301      -5.39793396    
   131.250000      -9.27785301      -2.43113708    
   135.000000      -9.27785301      -4.72801208    
   138.750000      -9.27785301      -6.89793396    
   142.500000      -9.27785301      -7.49949646    
   146.250000      -9.27785301      -5.22801208    
   150.000000      -9.27785301      -4.91941833    
   153.750000      -9.27785301      -4.02684021    
   157.500000      -9.27785301      -4.56199646    
   161.250000      -9.27785301      -6.64793396    
   165.000000      -9.27785301      -4.60887146    
   168.750000      -9.27785301      -4.12059021    
   172.500000      -9.27785301      -3.35496521    
   176.250000      -9.27785301      -4.87449646    
   180.000000      -9.27785301      -4.17137146    
   183.750000      -9.27785301      -4.32762146    
   187.500000      -9.27785301      -3.50926208    
   191.250000      -9.27785301      -2.50340271    
   195.000000      -9.27785301      0.242691040    
   198.750000      -9.27785301     -0.317855835    
   202.500000      -9.27785301     -0.810043335    
   206.250000      -9.27785301     -0.493637085    
   210.000000      -9.27785301      -1.04246521    
   213.750000      -9.27785301      -2.25926208    
   217.500000      -9.27785301      -2.57566833    
   221.250000      -9.27785301      -3.23582458    
   225.000000      -9.27785301      -2.21043396    
   228.750000      -9.27785301      -2.65574646    
   232.500000      -9.27785301     -0.917465210    
   236.250000      -9.27785301      -9.26208496E-03
   240.000000      -9.27785301       2.17042542    
   243.750000      -9.27785301       2.34230042    
   247.500000      -9.27785301      0.992691040    
   251.250000      -9.27785301       1.05519104    
   255.000000      -9.27785301      0.807144165    
   258.750000      -9.27785301      0.752456665    
   262.500000      -9.27785301       1.92042542    
   266.250000      -9.27785301       2.50440979    
   270.000000      -9.27785301      0.965347290    
   273.750000      -9.27785301       2.01222229    
   277.500000      -9.27785301      0.912612915    
   281.250000      -9.27785301       1.44190979    
   285.000000      -9.27785301       4.59230042    
   288.750000      -9.27785301       7.52003479    
   292.500000      -9.27785301       5.56105042    
   296.250000      -9.27785301       3.05323792    
   300.000000      -9.27785301       6.69097900E-02
   303.750000      -9.27785301       3.95660400E-02
   307.500000      -9.27785301       1.04151917    
   311.250000      -9.27785301       1.04737854    
   315.000000      -9.27785301      -3.34519958    
   318.750000      -9.27785301      -4.67332458    
   322.500000      -9.27785301      -4.05418396    
   326.250000      -9.27785301      -3.98777771    
   330.000000      -9.27785301      -7.43113708    
   333.750000      -9.27785301      -1.77293396    
   337.500000      -9.27785301       1.53761292    
   341.250000      -9.27785301      0.496597290    
   345.000000      -9.27785301     -0.515121460    
   348.750000      -9.27785301      0.521987915    
   352.500000      -9.27785301       1.45948792    
   356.250000      -9.27785301       1.69776917    
   360.000000      -9.27785301      0.594253540    
   0.00000000      -5.56671333      -3.80223083    
   3.75000000      -5.56671333      -2.11473083    
   7.50000000      -5.56671333      -2.31980896    
   11.2500000      -5.56671333      -1.91551208    
   15.0000000      -5.56671333       1.49659729    
   18.7500000      -5.56671333       5.83839417    
   22.5000000      -5.56671333       8.26808167    
   26.2500000      -5.56671333       9.49855042    
   30.0000000      -5.56671333       7.04933167    
   33.7500000      -5.56671333       6.49659729    
   37.5000000      -5.56671333       3.13136292    
   41.2500000      -5.56671333      0.504409790    
   45.0000000      -5.56671333       1.34620667    
   48.7500000      -5.56671333     -0.179183960    
   52.5000000      -5.56671333       2.04933167    
   56.2500000      -5.56671333       4.74269104    
   60.0000000      -5.56671333       4.76222229    
   63.7500000      -5.56671333       6.38331604    
   67.5000000      -5.56671333       7.45362854    
   71.2500000      -5.56671333       7.26808167    
   75.0000000      -5.56671333       6.46339417    
   78.7500000      -5.56671333       6.12745667    
   82.5000000      -5.56671333       4.73097229    
   86.2500000      -5.56671333       6.46534729    
   90.0000000      -5.56671333       11.1040192    
   93.7500000      -5.56671333       7.99855042    
   97.5000000      -5.56671333       5.10206604    
   101.250000      -5.56671333      -2.40769958    
   105.000000      -5.56671333      -5.48387146    
   108.750000      -5.56671333      -6.15184021    
   112.500000      -5.56671333      -4.69090271    
   116.250000      -5.56671333      -4.17723083    
   120.000000      -5.56671333      -3.26902771    
   123.750000      -5.56671333      -3.82176208    
   127.500000      -5.56671333      -3.84715271    
   131.250000      -5.56671333      -6.85105896    
   135.000000      -5.56671333      -6.71629333    
   138.750000      -5.56671333      -5.35496521    
   142.500000      -5.56671333      -2.28269958    
   146.250000      -5.56671333      -1.03855896    
   150.000000      -5.56671333      -4.82371521    
   153.750000      -5.56671333      -4.60301208    
   157.500000      -5.56671333      -3.63035583    
   161.250000      -5.56671333      -3.26512146    
   165.000000      -5.56671333     -0.140121460    
   168.750000      -5.56671333       2.39308167    
   172.500000      -5.56671333       2.93800354    
   176.250000      -5.56671333       6.17823792    
   180.000000      -5.56671333       9.75050354    
   183.750000      -5.56671333       2.77003479    
   187.500000      -5.56671333     -0.665512085    
   191.250000      -5.56671333      0.871597290    
   195.000000      -5.56671333       2.13331604    
   198.750000      -5.56671333       1.55909729    
   202.500000      -5.56671333       2.26222229    
   206.250000      -5.56671333      0.928237915    
   210.000000      -5.56671333       1.02980042    
   213.750000      -5.56671333       1.09620667    
   217.500000      -5.56671333      -1.46043396    
   221.250000      -5.56671333      -1.57566833    
   225.000000      -5.56671333     -0.645980835    
   228.750000      -5.56671333      -1.33152771    
   232.500000      -5.56671333     -0.751449585    
   236.250000      -5.56671333     -0.853012085    
   240.000000      -5.56671333      0.605972290    
   243.750000      -5.56671333       3.28956604    
   247.500000      -5.56671333       2.93409729    
   251.250000      -5.56671333       2.05128479    
   255.000000      -5.56671333       1.15480042    
   258.750000      -5.56671333      0.648941040    
   262.500000      -5.56671333     -0.122543335    
   266.250000      -5.56671333      -2.27098083    
   270.000000      -5.56671333      -1.69480896    
   273.750000      -5.56671333      -4.99168396    
   277.500000      -5.56671333      -4.22019958    
   281.250000      -5.56671333       2.14308167    
   285.000000      -5.56671333       2.55323792    
   288.750000      -5.56671333       1.54542542    
   292.500000      -5.56671333      0.330581665    
   296.250000      -5.56671333     -0.907699585    
   300.000000      -5.56671333       1.83839417    
   303.750000      -5.56671333       1.93019104    
   307.500000      -5.56671333       2.50831604    
   311.250000      -5.56671333      0.793472290    
   315.000000      -5.56671333      -2.69480896    
   318.750000      -5.56671333      -5.47605896    
   322.500000      -5.56671333      -6.74168396    
   326.250000      -5.56671333      -5.52293396    
   330.000000      -5.56671333      -4.78269958    
   333.750000      -5.56671333      -3.94480896    
   337.500000      -5.56671333      -3.20066833    
   341.250000      -5.56671333      -2.73973083    
   345.000000      -5.56671333      -3.63621521    
   348.750000      -5.56671333      -2.03660583    
   352.500000      -5.56671333      -1.30809021    
   356.250000      -5.56671333      -3.33543396    
   360.000000      -5.56671333      -3.80223083    
   0.00000000      -1.85557151      -5.57176208    
   3.75000000      -1.85557151      -4.15965271    
   7.50000000      -1.85557151     -0.952621460    
   11.2500000      -1.85557151      0.260269165    
   15.0000000      -1.85557151      0.807144165    
   18.7500000      -1.85557151       1.24464417    
   22.5000000      -1.85557151       2.88526917    
   26.2500000      -1.85557151       2.71144104    
   30.0000000      -1.85557151      0.576675415    
   33.7500000      -1.85557151      0.910659790    
   37.5000000      -1.85557151      0.959487915    
   41.2500000      -1.85557151       2.78472900E-02
   45.0000000      -1.85557151     -0.263168335    
   48.7500000      -1.85557151       1.46339417    
   52.5000000      -1.85557151       1.68214417    
   56.2500000      -1.85557151       4.69190979    
   60.0000000      -1.85557151       5.36378479    
   63.7500000      -1.85557151       4.57472229    
   67.5000000      -1.85557151       2.25636292    
   71.2500000      -1.85557151       3.36573792    
   75.0000000      -1.85557151       2.80519104    
   78.7500000      -1.85557151       5.57862854    
   82.5000000      -1.85557151       8.55128479    
   86.2500000      -1.85557151       11.4301910    
   90.0000000      -1.85557151       14.7524567    
   93.7500000      -1.85557151       10.4477692    
   97.5000000      -1.85557151      0.799331665    
   101.250000      -1.85557151      0.451675415    
   105.000000      -1.85557151      0.670425415    
   108.750000      -1.85557151      -2.40965271    
   112.500000      -1.85557151      -4.44676208    
   116.250000      -1.85557151      -3.40965271    
   120.000000      -1.85557151      -3.95066833    
   123.750000      -1.85557151      -6.88816833    
   127.500000      -1.85557151      -3.38426208    
   131.250000      -1.85557151      -4.57176208    
   135.000000      -1.85557151      -4.61668396    
   138.750000      -1.85557151      -3.65379333    
   142.500000      -1.85557151      -5.94871521    
   146.250000      -1.85557151      -4.93894958    
   150.000000      -1.85557151      -4.62254333    
   153.750000      -1.85557151      -4.23973083    
   157.500000      -1.85557151      -4.22605896    
   161.250000      -1.85557151      -1.57566833    
   165.000000      -1.85557151      0.141128540    
   168.750000      -1.85557151       3.21534729    
   172.500000      -1.85557151       4.77003479    
   176.250000      -1.85557151       4.27003479    
   180.000000      -1.85557151       4.91456604    
   183.750000      -1.85557151       3.85011292    
   187.500000      -1.85557151       3.73292542    
   191.250000      -1.85557151       3.44581604    
   195.000000      -1.85557151       5.47706604    
   198.750000      -1.85557151       4.99073792    
   202.500000      -1.85557151       4.53956604    
   206.250000      -1.85557151       5.48878479    
   210.000000      -1.85557151       4.83839417    
   213.750000      -1.85557151       2.86183167    
   217.500000      -1.85557151       2.55714417    
   221.250000      -1.85557151       1.14112854    
   225.000000      -1.85557151       1.37159729    
   228.750000      -1.85557151     -0.251449585    
   232.500000      -1.85557151      -1.58348083    
   236.250000      -1.85557151     -0.911605835    
   240.000000      -1.85557151       1.35011292    
   243.750000      -1.85557151      0.672378540    
   247.500000      -1.85557151     -0.360824585    
   251.250000      -1.85557151     -0.509262085    
   255.000000      -1.85557151      -2.30418396    
   258.750000      -1.85557151      -2.55809021    
   262.500000      -1.85557151      -4.66746521    
   266.250000      -1.85557151      -4.11668396    
   270.000000      -1.85557151      -4.83934021    
   273.750000      -1.85557151      -5.71238708    
   277.500000      -1.85557151      -2.54637146    
   281.250000      -1.85557151      0.410659790    
   285.000000      -1.85557151      -2.06980896    
   288.750000      -1.85557151     -0.144027710    
   292.500000      -1.85557151      -3.00926208    
   296.250000      -1.85557151      -4.55613708    
   300.000000      -1.85557151      -4.65184021    
   303.750000      -1.85557151      -4.49168396    
   307.500000      -1.85557151      -4.84519958    
   311.250000      -1.85557151      -6.47605896    
   315.000000      -1.85557151      -5.09129333    
   318.750000      -1.85557151      -6.24559021    
   322.500000      -1.85557151      -6.50144958    
   326.250000      -1.85557151      -5.21434021    
   330.000000      -1.85557151      -5.78074646    
   333.750000      -1.85557151      -4.43504333    
   337.500000      -1.85557151      -7.46238708    
   341.250000      -1.85557151      -5.68504333    
   345.000000      -1.85557151      -5.31394958    
   348.750000      -1.85557151      -6.87059021    
   352.500000      -1.85557151      -5.66160583    
   356.250000      -1.85557151      -4.14793396    
   360.000000      -1.85557151      -5.57176208    
   0.00000000       1.85557151      -5.83152771    
   3.75000000       1.85557151      -5.96824646    
   7.50000000       1.85557151      -3.13426208    
   11.2500000       1.85557151      -2.60105896    
   15.0000000       1.85557151      -3.76902771    
   18.7500000       1.85557151      -1.38816833    
   22.5000000       1.85557151      -1.16160583    
   26.2500000       1.85557151      0.436050415    
   30.0000000       1.85557151       2.74855042    
   33.7500000       1.85557151      -2.33348083    
   37.5000000       1.85557151      -1.27293396    
   41.2500000       1.85557151     -0.149887085    
   45.0000000       1.85557151       1.05128479    
   48.7500000       1.85557151       4.53565979    
   52.5000000       1.85557151       3.40480042    
   56.2500000       1.85557151       4.89698792    
   60.0000000       1.85557151       3.86183167    
   63.7500000       1.85557151       1.58644104    
   67.5000000       1.85557151       1.88331604    
   71.2500000       1.85557151      -1.81004333    
   75.0000000       1.85557151      -2.23191833    
   78.7500000       1.85557151     -0.272933960    
   82.5000000       1.85557151       3.38331604    
   86.2500000       1.85557151       7.74073792    
   90.0000000       1.85557151       8.33448792    
   93.7500000       1.85557151       5.49659729    
   97.5000000       1.85557151      -1.05418396    
   101.250000       1.85557151      -4.07371521    
   105.000000       1.85557151      -5.45848083    
   108.750000       1.85557151      -5.89402771    
   112.500000       1.85557151      -4.50535583    
   116.250000       1.85557151      -6.30613708    
   120.000000       1.85557151      -7.02879333    
   123.750000       1.85557151      -6.37644958    
   127.500000       1.85557151      -6.51121521    
   131.250000       1.85557151      -5.46629333    
   135.000000       1.85557151      -4.08738708    
   138.750000       1.85557151      -5.68894958    
   142.500000       1.85557151      -3.24754333    
   146.250000       1.85557151      -3.33348083    
   150.000000       1.85557151      -5.60887146    
   153.750000       1.85557151      -5.49754333    
   157.500000       1.85557151      -2.87840271    
   161.250000       1.85557151      -2.56980896    
   165.000000       1.85557151      -2.25926208    
   168.750000       1.85557151      -1.65184021    
   172.500000       1.85557151     -0.579574585    
   176.250000       1.85557151       1.66261292    
   180.000000       1.85557151       2.73097229    
   183.750000       1.85557151       1.55519104    
   187.500000       1.85557151       1.69190979    
   191.250000       1.85557151       3.88331604    
   195.000000       1.85557151       4.03761292    
   198.750000       1.85557151       4.95362854    
   202.500000       1.85557151       6.23487854    
   206.250000       1.85557151       6.05519104    
   210.000000       1.85557151       4.86573792    
   213.750000       1.85557151       3.74073792    
   217.500000       1.85557151       4.03565979    
   221.250000       1.85557151       3.94972229    
   225.000000       1.85557151       3.13526917    
   228.750000       1.85557151       1.61378479    
   232.500000       1.85557151      -1.21434021    
   236.250000       1.85557151      -4.57176208    
   240.000000       1.85557151      -1.94090271    
   243.750000       1.85557151      -2.80418396    
   247.500000       1.85557151      -3.44871521    
   251.250000       1.85557151      -3.00144958    
   255.000000       1.85557151      -4.89402771    
   258.750000       1.85557151      -7.56004333    
   262.500000       1.85557151      -6.98387146    
   266.250000       1.85557151      -6.02879333    
   270.000000       1.85557151      -3.76121521    
   273.750000       1.85557151      -1.37840271    
   277.500000       1.85557151       1.65675354    
   281.250000       1.85557151       1.50245667    
   285.000000       1.85557151     -0.515121460    
   288.750000       1.85557151     -0.894027710    
   292.500000       1.85557151      -1.91746521    
   296.250000       1.85557151      -2.22801208    
   300.000000       1.85557151      -4.77684021    
   303.750000       1.85557151      -4.98191833    
   307.500000       1.85557151      -8.39012146    
   311.250000       1.85557151      -5.51121521    
   315.000000       1.85557151      -5.59910583    
   318.750000       1.85557151      -6.56394958    
   322.500000       1.85557151      -6.21043396    
   326.250000       1.85557151      -6.62644958    
   330.000000       1.85557151      -4.78465271    
   333.750000       1.85557151      -5.60105896    
   337.500000       1.85557151      -5.98777771    
   341.250000       1.85557151      -6.21434021    
   345.000000       1.85557151      -6.95652771    
   348.750000       1.85557151      -6.45457458    
   352.500000       1.85557151      -6.66941833    
   356.250000       1.85557151      -5.20066833    
   360.000000       1.85557151      -5.83152771    
   0.00000000       5.56671333      -5.85496521    
   3.75000000       5.56671333      -2.85496521    
   7.50000000       5.56671333      -2.69285583    
   11.2500000       5.56671333      -5.58152771    
   15.0000000       5.56671333     -0.997543335    
   18.7500000       5.56671333      -4.95457458    
   22.5000000       5.56671333      -2.34519958    
   26.2500000       5.56671333     -0.729965210    
   30.0000000       5.56671333     -0.319808960    
   33.7500000       5.56671333      -3.69676208    
   37.5000000       5.56671333      -2.63035583    
   41.2500000       5.56671333      -1.09910583    
   45.0000000       5.56671333      0.264175415    
   48.7500000       5.56671333       3.02980042    
   52.5000000       5.56671333       8.19972229    
   56.2500000       5.56671333       10.0923004    
   60.0000000       5.56671333       9.21144104    
   63.7500000       5.56671333       6.60792542    
   67.5000000       5.56671333       4.47706604    
   71.2500000       5.56671333       2.98878479    
   75.0000000       5.56671333       3.11573792    
   78.7500000       5.56671333       2.69972229    
   82.5000000       5.56671333      0.764175415    
   86.2500000       5.56671333      -4.82762146    
   90.0000000       5.56671333      -8.80027771    
   93.7500000       5.56671333      -7.35301208    
   97.5000000       5.56671333      -8.10105896    
   101.250000       5.56671333      -8.41355896    
   105.000000       5.56671333      -9.04441833    
   108.750000       5.56671333      -9.62059021    
   112.500000       5.56671333      -7.52879333    
   116.250000       5.56671333      -7.05613708    
   120.000000       5.56671333      -6.88426208    
   123.750000       5.56671333      -7.55809021    
   127.500000       5.56671333      -8.29246521    
   131.250000       5.56671333      -7.45262146    
   135.000000       5.56671333      -6.67527771    
   138.750000       5.56671333      -7.14402771    
   142.500000       5.56671333      -5.55613708    
   146.250000       5.56671333      -4.68699646    
   150.000000       5.56671333      -4.09715271    
   153.750000       5.56671333      -5.31590271    
   157.500000       5.56671333      -3.61473083    
   161.250000       5.56671333      -3.72019958    
   165.000000       5.56671333      -3.28074646    
   168.750000       5.56671333      -1.47605896    
   172.500000       5.56671333     -0.499496460    
   176.250000       5.56671333       4.73785400E-02
   180.000000       5.56671333      -1.05223083    
   183.750000       5.56671333       1.41651917    
   187.500000       5.56671333       2.22315979    
   191.250000       5.56671333       5.71730042    
   195.000000       5.56671333       4.91456604    
   198.750000       5.56671333      -2.28269958    
   202.500000       5.56671333      -1.78269958    
   206.250000       5.56671333      0.883316040    
   210.000000       5.56671333       2.01026917    
   213.750000       5.56671333      0.951675415    
   217.500000       5.56671333       2.22315979    
   221.250000       5.56671333       2.18214417    
   225.000000       5.56671333     -0.296371460    
   228.750000       5.56671333       1.52394104    
   232.500000       5.56671333      0.307144165    
   236.250000       5.56671333      -3.89793396    
   240.000000       5.56671333      -6.59910583    
   243.750000       5.56671333      -5.17332458    
   247.500000       5.56671333      -4.55418396    
   251.250000       5.56671333      -3.80418396    
   255.000000       5.56671333      -6.36277771    
   258.750000       5.56671333      -5.19676208    
   262.500000       5.56671333      -5.20066833    
   266.250000       5.56671333      -4.56590271    
   270.000000       5.56671333      -2.71043396    
   273.750000       5.56671333      -1.42723083    
   277.500000       5.56671333      -2.61668396    
   281.250000       5.56671333      -3.82762146    
   285.000000       5.56671333      -1.16746521    
   288.750000       5.56671333       7.86285400E-02
   292.500000       5.56671333     -0.561996460    
   296.250000       5.56671333      0.984878540    
   300.000000       5.56671333      -1.24168396    
   303.750000       5.56671333      -2.31980896    
   307.500000       5.56671333      -1.81199646    
   311.250000       5.56671333      -4.23777771    
   315.000000       5.56671333      -4.45066833    
   318.750000       5.56671333      -3.69871521    
   322.500000       5.56671333      -3.10105896    
   326.250000       5.56671333      -2.94676208    
   330.000000       5.56671333      -2.04441833    
   333.750000       5.56671333      -4.56004333    
   337.500000       5.56671333      -4.56199646    
   341.250000       5.56671333      -5.07762146    
   345.000000       5.56671333      -5.04441833    
   348.750000       5.56671333      -6.15769958    
   352.500000       5.56671333      -4.46238708    
   356.250000       5.56671333      -5.34324646    
   360.000000       5.56671333      -5.85496521    
   0.00000000       9.27785301      -1.51121521    
   3.75000000       9.27785301      -3.06980896    
   7.50000000       9.27785301      -3.33934021    
   11.2500000       9.27785301       3.17628479    
   15.0000000       9.27785301      -1.36668396    
   18.7500000       9.27785301     -0.140121460    
   22.5000000       9.27785301     -0.632308960    
   26.2500000       9.27785301      -2.98387146    
   30.0000000       9.27785301      -2.96824646    
   33.7500000       9.27785301     -0.683090210    
   37.5000000       9.27785301       1.58058167    
   41.2500000       9.27785301       2.75831604    
   45.0000000       9.27785301       3.06105042    
   48.7500000       9.27785301     -0.136215210    
   52.5000000       9.27785301       3.20362854    
   56.2500000       9.27785301       8.30714417    
   60.0000000       9.27785301       9.47120667    
   63.7500000       9.27785301       7.54347229    
   67.5000000       9.27785301       6.24073792    
   71.2500000       9.27785301       5.80909729    
   75.0000000       9.27785301       6.82081604    
   78.7500000       9.27785301       2.46339417    
   82.5000000       9.27785301      -3.83738708    
   86.2500000       9.27785301      -6.95262146    
   90.0000000       9.27785301      -11.0795746    
   93.7500000       9.27785301      -11.4936371    
   97.5000000       9.27785301      -11.7885590    
   101.250000       9.27785301      -9.80223083    
   105.000000       9.27785301      -9.64012146    
   108.750000       9.27785301      -7.05613708    
   112.500000       9.27785301      -5.97215271    
   116.250000       9.27785301      -5.54637146    
   120.000000       9.27785301      -5.32957458    
   123.750000       9.27785301      -4.49949646    
   127.500000       9.27785301      -3.90574646    
   131.250000       9.27785301      -4.94090271    
   135.000000       9.27785301      -5.90379333    
   138.750000       9.27785301      -2.99949646    
   142.500000       9.27785301      -2.16355896    
   146.250000       9.27785301      -1.53465271    
   150.000000       9.27785301      -1.89012146    
   153.750000       9.27785301      -2.35887146    
   157.500000       9.27785301      -3.37644958    
   161.250000       9.27785301      -4.61473083    
   165.000000       9.27785301      -1.70848083    
   168.750000       9.27785301       1.67237854    
   172.500000       9.27785301      -1.19871521    
   176.250000       9.27785301      -1.16941833    
   180.000000       9.27785301      -2.78074646    
   183.750000       9.27785301     -0.587387085    
   187.500000       9.27785301      0.844253540    
   191.250000       9.27785301       3.82667542    
   195.000000       9.27785301     -0.186996460    
   198.750000       9.27785301     -0.671371460    
   202.500000       9.27785301       2.76612854    
   206.250000       9.27785301       5.87550354    
   210.000000       9.27785301       3.68995667    
   213.750000       9.27785301       1.70753479    
   217.500000       9.27785301      -1.39988708    
   221.250000       9.27785301     -0.204574585    
   225.000000       9.27785301     -0.981918335    
   228.750000       9.27785301      -3.41941833    
   232.500000       9.27785301      -3.03269958    
   236.250000       9.27785301      -4.74754333    
   240.000000       9.27785301      -6.71434021    
   243.750000       9.27785301      -3.60887146    
   247.500000       9.27785301      -4.90769958    
   251.250000       9.27785301      -4.18894958    
   255.000000       9.27785301      -4.04246521    
   258.750000       9.27785301      -1.37254333    
   262.500000       9.27785301      -2.70066833    
   266.250000       9.27785301      -3.14207458    
   270.000000       9.27785301      -1.68699646    
   273.750000       9.27785301      -1.23582458    
   277.500000       9.27785301      -3.26316833    
   281.250000       9.27785301      -3.35691833    
   285.000000       9.27785301      -1.81980896    
   288.750000       9.27785301      -2.73777771    
   292.500000       9.27785301      -4.02879333    
   296.250000       9.27785301      -2.01902771    
   300.000000       9.27785301      0.268081665    
   303.750000       9.27785301       3.77394104    
   307.500000       9.27785301       2.99464417    
   311.250000       9.27785301       3.34425354    
   315.000000       9.27785301       3.94190979    
   318.750000       9.27785301       5.32667542    
   322.500000       9.27785301      0.459487915    
   326.250000       9.27785301      -1.96043396    
   330.000000       9.27785301      -4.26316833    
   333.750000       9.27785301      -6.78465271    
   337.500000       9.27785301      -5.58348083    
   341.250000       9.27785301      -3.69090271    
   345.000000       9.27785301      -2.74754333    
   348.750000       9.27785301      -1.11473083    
   352.500000       9.27785301      -4.23191833    
   356.250000       9.27785301      -3.45848083    
   360.000000       9.27785301      -1.51121521    
   0.00000000       12.9889879      0.459487915    
   3.75000000       12.9889879     -0.188949585    
   7.50000000       12.9889879      -1.31004333    
   11.2500000       12.9889879      -3.20652771    
   15.0000000       12.9889879      0.389175415    
   18.7500000       12.9889879     -0.835433960    
   22.5000000       12.9889879     -0.265121460    
   26.2500000       12.9889879      0.535659790    
   30.0000000       12.9889879      -2.10496521    
   33.7500000       12.9889879      -2.54246521    
   37.5000000       12.9889879      -3.26995850E-02
   41.2500000       12.9889879     -0.364730835    
   45.0000000       12.9889879      0.887222290    
   48.7500000       12.9889879      0.996597290    
   52.5000000       12.9889879       1.63722229    
   56.2500000       12.9889879      0.143081665    
   60.0000000       12.9889879       5.38526917    
   63.7500000       12.9889879       4.88136292    
   67.5000000       12.9889879       8.36964417    
   71.2500000       12.9889879       7.43995667    
   75.0000000       12.9889879       4.83644104    
   78.7500000       12.9889879       2.65870667    
   82.5000000       12.9889879      -2.14793396    
   86.2500000       12.9889879      -2.71238708    
   90.0000000       12.9889879      -5.70457458    
   93.7500000       12.9889879      -4.63621521    
   97.5000000       12.9889879      -7.84129333    
   101.250000       12.9889879      -6.26512146    
   105.000000       12.9889879      -5.37254333    
   108.750000       12.9889879      -7.64598083    
   112.500000       12.9889879      -3.29637146    
   116.250000       12.9889879      -3.67723083    
   120.000000       12.9889879      -2.36473083    
   123.750000       12.9889879      -1.78074646    
   127.500000       12.9889879      -2.66941833    
   131.250000       12.9889879      -4.87644958    
   135.000000       12.9889879      -3.87254333    
   138.750000       12.9889879     -0.999496460    
   142.500000       12.9889879      0.752456665    
   146.250000       12.9889879     -0.169418335    
   150.000000       12.9889879      -2.38816833    
   153.750000       12.9889879      -4.13621521    
   157.500000       12.9889879      -5.17527771    
   161.250000       12.9889879      -5.35887146    
   165.000000       12.9889879      -6.16746521    
   168.750000       12.9889879      -6.38230896    
   172.500000       12.9889879      -7.58543396    
   176.250000       12.9889879      -6.60105896    
   180.000000       12.9889879      -5.29441833    
   183.750000       12.9889879      -2.18113708    
   187.500000       12.9889879      -1.30027771    
   191.250000       12.9889879       4.56300354    
   195.000000       12.9889879      -2.83152771    
   198.750000       12.9889879      -7.30895996E-03
   202.500000       12.9889879     -0.669418335    
   206.250000       12.9889879      0.936050415    
   210.000000       12.9889879       4.29542542    
   213.750000       12.9889879       6.33448792    
   217.500000       12.9889879       9.45948792    
   221.250000       12.9889879       5.94386292    
   225.000000       12.9889879       5.36964417    
   228.750000       12.9889879       6.43409729    
   232.500000       12.9889879       2.21339417    
   236.250000       12.9889879      -1.58934021    
   240.000000       12.9889879      -3.93309021    
   243.750000       12.9889879      -2.51707458    
   247.500000       12.9889879      -3.25730896    
   251.250000       12.9889879      -5.34324646    
   255.000000       12.9889879      -5.65769958    
   258.750000       12.9889879      -1.38426208    
   262.500000       12.9889879      0.645034790    
   266.250000       12.9889879     -0.520980835    
   270.000000       12.9889879      -1.16551208    
   273.750000       12.9889879      -2.73973083    
   277.500000       12.9889879      -3.17723083    
   281.250000       12.9889879      -4.32371521    
   285.000000       12.9889879      -4.48973083    
   288.750000       12.9889879      -6.83348083    
   292.500000       12.9889879      -5.25926208    
   296.250000       12.9889879      -5.34910583    
   300.000000       12.9889879      -3.96824646    
   303.750000       12.9889879      -1.12059021    
   307.500000       12.9889879       2.92433167    
   311.250000       12.9889879       7.60401917    
   315.000000       12.9889879       10.0864410    
   318.750000       12.9889879       5.07667542    
   322.500000       12.9889879       3.09425354    
   326.250000       12.9889879       4.38331604    
   330.000000       12.9889879       3.14894104    
   333.750000       12.9889879       4.47120667    
   337.500000       12.9889879       5.38722229    
   341.250000       12.9889879       2.72120667    
   345.000000       12.9889879       1.30323792    
   348.750000       12.9889879       3.72706604    
   352.500000       12.9889879       3.63722229    
   356.250000       12.9889879     -0.712387085    
   360.000000       12.9889879      0.459487915    
   0.00000000       16.7001171       8.38136292    
   3.75000000       16.7001171       9.58253479    
   7.50000000       16.7001171       6.21339417    
   11.2500000       16.7001171       2.33644104    
   15.0000000       16.7001171      0.621597290    
   18.7500000       16.7001171      -1.65379333    
   22.5000000       16.7001171       1.79151917    
   26.2500000       16.7001171       1.49855042    
   30.0000000       16.7001171       5.03761292    
   33.7500000       16.7001171       11.7778473    
   37.5000000       16.7001171       5.98487854    
   41.2500000       16.7001171       1.88526917    
   45.0000000       16.7001171      -1.95066833    
   48.7500000       16.7001171      -2.20848083    
   52.5000000       16.7001171      -1.55027771    
   56.2500000       16.7001171      0.779800415    
   60.0000000       16.7001171      -9.32464600E-02
   63.7500000       16.7001171       5.04347229    
   67.5000000       16.7001171       4.76417542    
   71.2500000       16.7001171       7.95167542    
   75.0000000       16.7001171       2.77394104    
   78.7500000       16.7001171       1.82667542    
   82.5000000       16.7001171       3.46339417    
   86.2500000       16.7001171       2.24659729    
   90.0000000       16.7001171       2.88136292    
   93.7500000       16.7001171       1.93800354    
   97.5000000       16.7001171       1.22706604    
   101.250000       16.7001171       2.47511292    
   105.000000       16.7001171       3.89894104    
   108.750000       16.7001171       5.61964417    
   112.500000       16.7001171       4.97901917    
   116.250000       16.7001171       4.92237854    
   120.000000       16.7001171      0.416519165    
   123.750000       16.7001171      -3.76316833    
   127.500000       16.7001171       5.23487854    
   131.250000       16.7001171       3.48097229    
   135.000000       16.7001171       1.43214417    
   138.750000       16.7001171       1.62159729    
   142.500000       16.7001171       1.61573792    
   146.250000       16.7001171     -0.923324585    
   150.000000       16.7001171      -3.48387146    
   153.750000       16.7001171      -4.63426208    
   157.500000       16.7001171      -1.92527771    
   161.250000       16.7001171      -4.62644958    
   165.000000       16.7001171      -6.94480896    
   168.750000       16.7001171      -7.25340271    
   172.500000       16.7001171      -8.41160583    
   176.250000       16.7001171      -8.94676208    
   180.000000       16.7001171      -7.44285583    
   183.750000       16.7001171      -4.11277771    
   187.500000       16.7001171      -8.21043396    
   191.250000       16.7001171      -3.64988708    
   195.000000       16.7001171      -5.88230896    
   198.750000       16.7001171      -4.28855896    
   202.500000       16.7001171      -7.37059021    
   206.250000       16.7001171      -7.00730896    
   210.000000       16.7001171      -2.97410583    
   213.750000       16.7001171       3.15480042    
   217.500000       16.7001171       7.05323792    
   221.250000       16.7001171       9.38136292    
   225.000000       16.7001171       11.1821442    
   228.750000       16.7001171       10.6411285    
   232.500000       16.7001171       5.33448792    
   236.250000       16.7001171       4.43800354    
   240.000000       16.7001171       1.68800354    
   243.750000       16.7001171       1.66847229    
   247.500000       16.7001171      0.455581665    
   251.250000       16.7001171      -2.33738708    
   255.000000       16.7001171      -3.11277771    
   258.750000       16.7001171      -1.79637146    
   262.500000       16.7001171     -0.726058960    
   266.250000       16.7001171      0.727066040    
   270.000000       16.7001171      -1.72605896    
   273.750000       16.7001171      -5.88621521    
   277.500000       16.7001171      -4.57176208    
   281.250000       16.7001171      -9.09519958    
   285.000000       16.7001171      -7.86082458    
   288.750000       16.7001171      -6.75535583    
   292.500000       16.7001171      -6.60887146    
   296.250000       16.7001171      -5.29832458    
   300.000000       16.7001171      -3.94676208    
   303.750000       16.7001171      -1.72605896    
   307.500000       16.7001171     -0.604965210    
   311.250000       16.7001171       3.01808167    
   315.000000       16.7001171       1.97315979    
   318.750000       16.7001171       3.61769104    
   322.500000       16.7001171       3.17042542    
   326.250000       16.7001171       2.45362854    
   330.000000       16.7001171       2.64698792    
   333.750000       16.7001171       3.09815979    
   337.500000       16.7001171       5.38331604    
   341.250000       16.7001171       8.47706604    
   345.000000       16.7001171       11.3012848    
   348.750000       16.7001171       13.5298004    
   352.500000       16.7001171       11.7954254    
   356.250000       16.7001171       6.68019104    
   360.000000       16.7001171       8.38136292    
   0.00000000       20.4112377       20.4165192    
   3.75000000       20.4112377       18.8872223    
   7.50000000       20.4112377       12.7680817    
   11.2500000       20.4112377       6.89698792    
   15.0000000       20.4112377       5.64112854    
   18.7500000       20.4112377       1.70753479    
   22.5000000       20.4112377      -2.58934021    
   26.2500000       20.4112377      -1.56004333    
   30.0000000       20.4112377      -4.89598083    
   33.7500000       20.4112377      -7.25144958    
   37.5000000       20.4112377      -3.34715271    
   41.2500000       20.4112377      -3.59324646    
   45.0000000       20.4112377      -5.39988708    
   48.7500000       20.4112377      -4.63426208    
   52.5000000       20.4112377      -2.56199646    
   56.2500000       20.4112377     -0.815902710    
   60.0000000       20.4112377       2.31105042    
   63.7500000       20.4112377     -0.239730835    
   67.5000000       20.4112377       3.65089417    
   71.2500000       20.4112377       5.02980042    
   75.0000000       20.4112377      0.504409790    
   78.7500000       20.4112377     -0.315902710    
   82.5000000       20.4112377     -0.763168335    
   86.2500000       20.4112377       4.98292542    
   90.0000000       20.4112377       9.32081604    
   93.7500000       20.4112377       11.8344879    
   97.5000000       20.4112377       11.5610504    
   101.250000       20.4112377       11.7387848    
   105.000000       20.4112377       10.7680817    
   108.750000       20.4112377       12.9868317    
   112.500000       20.4112377       13.5258942    
   116.250000       20.4112377       9.28761292    
   120.000000       20.4112377       12.3208160    
   123.750000       20.4112377       15.2446442    
   127.500000       20.4112377       14.6450348    
   131.250000       20.4112377       11.7309723    
   135.000000       20.4112377       12.1840973    
   138.750000       20.4112377       12.4790192    
   142.500000       20.4112377       8.44190979    
   146.250000       20.4112377       7.41065979    
   150.000000       20.4112377       3.34034729    
   153.750000       20.4112377       1.89698792    
   157.500000       20.4112377       9.03472900E-02
   161.250000       20.4112377     -0.321762085    
   165.000000       20.4112377      -4.29246521    
   168.750000       20.4112377      -3.00144958    
   172.500000       20.4112377      -5.42137146    
   176.250000       20.4112377      -8.71434021    
   180.000000       20.4112377      -7.84324646    
   183.750000       20.4112377      -8.20848083    
   187.500000       20.4112377      -7.20848083    
   191.250000       20.4112377      -4.56199646    
   195.000000       20.4112377      -4.10887146    
   198.750000       20.4112377      -12.1655121    
   202.500000       20.4112377      -7.87449646    
   206.250000       20.4112377      -8.65574646    
   210.000000       20.4112377      -6.57762146    
   213.750000       20.4112377      -1.47605896    
   217.500000       20.4112377       4.45948792    
   221.250000       20.4112377       9.85987854    
   225.000000       20.4112377       11.5180817    
   228.750000       20.4112377       9.25440979    
   232.500000       20.4112377       5.76222229    
   236.250000       20.4112377       8.10987854    
   240.000000       20.4112377       7.19190979    
   243.750000       20.4112377       7.20753479    
   247.500000       20.4112377       5.56690979    
   251.250000       20.4112377       9.16456604    
   255.000000       20.4112377       5.35792542    
   258.750000       20.4112377       5.05323792    
   262.500000       20.4112377       5.94190979    
   266.250000       20.4112377       3.54933167    
   270.000000       20.4112377      -1.13230896    
   273.750000       20.4112377      -2.39012146    
   277.500000       20.4112377      -3.40379333    
   281.250000       20.4112377      -5.27098083    
   285.000000       20.4112377      -3.31590271    
   288.750000       20.4112377      0.109878540    
   292.500000       20.4112377       2.60011292    
   296.250000       20.4112377       2.59034729    
   300.000000       20.4112377       1.97315979    
   303.750000       20.4112377       2.74073792    
   307.500000       20.4112377       3.24659729    
   311.250000       20.4112377       2.90480042    
   315.000000       20.4112377       3.25050354    
   318.750000       20.4112377       3.40870667    
   322.500000       20.4112377     -0.333480835    
   326.250000       20.4112377      -3.02098083    
   330.000000       20.4112377      -3.09324646    
   333.750000       20.4112377     -0.272933960    
   337.500000       20.4112377      0.172378540    
   341.250000       20.4112377       1.33058167    
   345.000000       20.4112377       2.98487854    
   348.750000       20.4112377       9.59230042    
   352.500000       20.4112377       13.7583160    
   356.250000       20.4112377       19.5083160    
   360.000000       20.4112377       20.4165192    
   0.00000000       24.1223469       21.5180817    
   3.75000000       24.1223469       18.5512848    
   7.50000000       24.1223469       14.0747223    
   11.2500000       24.1223469       6.05323792    
   15.0000000       24.1223469       5.23292542    
   18.7500000       24.1223469       3.83058167    
   22.5000000       24.1223469       1.71144104    
   26.2500000       24.1223469      -1.05809021    
   30.0000000       24.1223469      -5.48582458    
   33.7500000       24.1223469      -4.57176208    
   37.5000000       24.1223469      -5.38035583    
   41.2500000       24.1223469      -4.89402771    
   45.0000000       24.1223469      -3.02293396    
   48.7500000       24.1223469      -4.51902771    
   52.5000000       24.1223469      -1.65574646    
   56.2500000       24.1223469       1.28956604    
   60.0000000       24.1223469       1.35206604    
   63.7500000       24.1223469       4.84815979    
   67.5000000       24.1223469       1.94190979    
   71.2500000       24.1223469       4.94581604    
   75.0000000       24.1223469       1.93019104    
   78.7500000       24.1223469     -0.722152710    
   82.5000000       24.1223469       3.19776917    
   86.2500000       24.1223469       3.81105042    
   90.0000000       24.1223469       5.83448792    
   93.7500000       24.1223469       8.58253479    
   97.5000000       24.1223469       11.9048004    
   101.250000       24.1223469       13.8891754    
   105.000000       24.1223469       12.3696442    
   108.750000       24.1223469       11.5161285    
   112.500000       24.1223469       14.8462067    
   116.250000       24.1223469       18.7368317    
   120.000000       24.1223469       18.4028473    
   123.750000       24.1223469       14.9712067    
   127.500000       24.1223469       23.3110504    
   131.250000       24.1223469       23.9673004    
   135.000000       24.1223469       28.2856598    
   138.750000       24.1223469       26.0434723    
   142.500000       24.1223469       28.5161285    
   146.250000       24.1223469       21.6626129    
   150.000000       24.1223469       18.9458160    
   153.750000       24.1223469       13.6215973    
   157.500000       24.1223469       9.29151917    
   161.250000       24.1223469       5.27394104    
   165.000000       24.1223469       1.51222229    
   168.750000       24.1223469     -0.280746460    
   172.500000       24.1223469     -0.292465210    
   176.250000       24.1223469      -3.59324646    
   180.000000       24.1223469      -3.20066833    
   183.750000       24.1223469      -7.15769958    
   187.500000       24.1223469      -9.05223083    
   191.250000       24.1223469      -10.2866058    
   195.000000       24.1223469      -12.8432465    
   198.750000       24.1223469      -12.2592621    
   202.500000       24.1223469      -12.6635590    
   206.250000       24.1223469      -4.09129333    
   210.000000       24.1223469       1.40480042    
   213.750000       24.1223469       8.55323792    
   217.500000       24.1223469       11.4223785    
   221.250000       24.1223469       5.20753479    
   225.000000       24.1223469       2.18995667    
   228.750000       24.1223469       5.30128479    
   232.500000       24.1223469       2.45753479    
   236.250000       24.1223469       3.77198792    
   240.000000       24.1223469       8.95167542    
   243.750000       24.1223469       13.6098785    
   247.500000       24.1223469       13.7173004    
   251.250000       24.1223469       17.2407379    
   255.000000       24.1223469       15.2016754    
   258.750000       24.1223469       10.8891754    
   262.500000       24.1223469       7.52198792    
   266.250000       24.1223469       6.56886292    
   270.000000       24.1223469       3.23878479    
   273.750000       24.1223469       4.47120667    
   277.500000       24.1223469       1.43995667    
   281.250000       24.1223469     -0.226058960    
   285.000000       24.1223469     -0.815902710    
   288.750000       24.1223469       1.51026917    
   292.500000       24.1223469       4.04737854    
   296.250000       24.1223469       6.58448792    
   300.000000       24.1223469       7.46144104    
   303.750000       24.1223469       8.91847229    
   307.500000       24.1223469       13.5903473    
   311.250000       24.1223469       12.2641754    
   315.000000       24.1223469       7.70753479    
   318.750000       24.1223469       6.64894104    
   322.500000       24.1223469       3.19972229    
   326.250000       24.1223469       3.37066650E-02
   330.000000       24.1223469      0.992691040    
   333.750000       24.1223469      -2.06590271    
   337.500000       24.1223469      -4.41746521    
   341.250000       24.1223469      0.439956665    
   345.000000       24.1223469       6.80519104    
   348.750000       24.1223469       10.7387848    
   352.500000       24.1223469       17.8403473    
   356.250000       24.1223469       22.9243317    
   360.000000       24.1223469       21.5180817    
   0.00000000       27.8334446       20.3696442    
   3.75000000       27.8334446       16.6079254    
   7.50000000       27.8334446       14.2915192    
   11.2500000       27.8334446       6.40284729    
   15.0000000       27.8334446       5.44581604    
   18.7500000       27.8334446       5.30128479    
   22.5000000       27.8334446       5.52394104    
   26.2500000       27.8334446       4.79737854    
   30.0000000       27.8334446       3.39503479    
   33.7500000       27.8334446       2.04347229    
   37.5000000       27.8334446      0.750503540    
   41.2500000       27.8334446       2.78761292    
   45.0000000       27.8334446       5.69776917    
   48.7500000       27.8334446       5.12355042    
   52.5000000       27.8334446       5.67237854    
   56.2500000       27.8334446       3.23878479    
   60.0000000       27.8334446       4.47706604    
   63.7500000       27.8334446       8.18800354    
   67.5000000       27.8334446       9.00245667    
   71.2500000       27.8334446       7.54737854    
   75.0000000       27.8334446       4.14308167    
   78.7500000       27.8334446       3.97511292    
   82.5000000       27.8334446       5.31300354    
   86.2500000       27.8334446       2.15480042    
   90.0000000       27.8334446     -0.444808960    
   93.7500000       27.8334446      -1.80613708    
   97.5000000       27.8334446       1.52980042    
   101.250000       27.8334446       1.71144104    
   105.000000       27.8334446       7.74659729    
   108.750000       27.8334446       10.3462067    
   112.500000       27.8334446       7.95948792    
   116.250000       27.8334446       4.70167542    
   120.000000       27.8334446       10.0258942    
   123.750000       27.8334446       14.1294098    
   127.500000       27.8334446       12.6899567    
   131.250000       27.8334446       11.8833160    
   135.000000       27.8334446       14.1606598    
   138.750000       27.8334446       17.4497223    
   142.500000       27.8334446       18.3989410    
   146.250000       27.8334446       23.9477692    
   150.000000       27.8334446       31.1997223    
   153.750000       27.8334446       29.4926910    
   157.500000       27.8334446       18.5493317    
   161.250000       27.8334446       14.4145660    
   165.000000       27.8334446       7.11183167    
   168.750000       27.8334446       2.65870667    
   172.500000       27.8334446       2.58448792    
   176.250000       27.8334446     -0.265121460    
   180.000000       27.8334446      -3.74168396    
   183.750000       27.8334446      -3.80418396    
   187.500000       27.8334446      -6.84129333    
   191.250000       27.8334446      -7.04637146    
   195.000000       27.8334446      -5.08738708    
   198.750000       27.8334446      -7.58738708    
   202.500000       27.8334446      -5.31590271    
   206.250000       27.8334446      -5.86863708    
   210.000000       27.8334446      -2.03074646    
   213.750000       27.8334446       2.29347229    
   217.500000       27.8334446       9.62940979    
   221.250000       27.8334446       5.75831604    
   225.000000       27.8334446       3.33058167    
   228.750000       27.8334446      -1.63230896    
   232.500000       27.8334446       1.20948792    
   236.250000       27.8334446       2.84230042    
   240.000000       27.8334446       4.64698792    
   243.750000       27.8334446       8.07472229    
   247.500000       27.8334446       10.8266754    
   251.250000       27.8334446       13.7426910    
   255.000000       27.8334446       17.1567535    
   258.750000       27.8334446       19.2290192    
   262.500000       27.8334446       17.6958160    
   266.250000       27.8334446       10.0962067    
   270.000000       27.8334446       13.4770660    
   273.750000       27.8334446       10.7426910    
   277.500000       27.8334446       11.6528473    
   281.250000       27.8334446       9.05519104    
   285.000000       27.8334446       7.29542542    
   288.750000       27.8334446       6.27784729    
   292.500000       27.8334446       7.36573792    
   296.250000       27.8334446       11.1860504    
   300.000000       27.8334446       12.7387848    
   303.750000       27.8334446       18.9282379    
   307.500000       27.8334446       14.3852692    
   311.250000       27.8334446       15.2290192    
   315.000000       27.8334446       15.2114410    
   318.750000       27.8334446       11.9048004    
   322.500000       27.8334446       5.17042542    
   326.250000       27.8334446       1.64308167    
   330.000000       27.8334446      0.238784790    
   333.750000       27.8334446       1.76222229    
   337.500000       27.8334446       6.04542542    
   341.250000       27.8334446       7.49073792    
   345.000000       27.8334446       7.05909729    
   348.750000       27.8334446       19.2544098    
   352.500000       27.8334446       24.2739410    
   356.250000       27.8334446       21.2817535    
   360.000000       27.8334446       20.3696442    
   0.00000000       31.5445251       12.1567535    
   3.75000000       31.5445251       7.31886292    
   7.50000000       31.5445251       7.42237854    
   11.2500000       31.5445251       8.08448792    
   15.0000000       31.5445251       5.32472229    
   18.7500000       31.5445251       2.89112854    
   22.5000000       31.5445251       9.69581604    
   26.2500000       31.5445251       12.2192535    
   30.0000000       31.5445251       9.47706604    
   33.7500000       31.5445251       7.82862854    
   37.5000000       31.5445251       9.03565979    
   41.2500000       31.5445251       7.83644104    
   45.0000000       31.5445251       9.01222229    
   48.7500000       31.5445251       9.32276917    
   52.5000000       31.5445251       7.08839417    
   56.2500000       31.5445251       7.86183167    
   60.0000000       31.5445251       12.9399567    
   63.7500000       31.5445251       9.56690979    
   67.5000000       31.5445251       7.02980042    
   71.2500000       31.5445251       3.41261292    
   75.0000000       31.5445251       3.60401917    
   78.7500000       31.5445251     -0.798324585    
   82.5000000       31.5445251      0.850112915    
   86.2500000       31.5445251      0.420425415    
   90.0000000       31.5445251      0.146987915    
   93.7500000       31.5445251       1.17042542    
   97.5000000       31.5445251      -7.56683350E-02
   101.250000       31.5445251     -0.690902710    
   105.000000       31.5445251       6.82081604    
   108.750000       31.5445251       8.44386292    
   112.500000       31.5445251       10.5376129    
   116.250000       31.5445251       15.2583160    
   120.000000       31.5445251       12.2212067    
   123.750000       31.5445251       11.8833160    
   127.500000       31.5445251       13.4575348    
   131.250000       31.5445251       15.7212067    
   135.000000       31.5445251       19.8579254    
   138.750000       31.5445251       24.9301910    
   142.500000       31.5445251       27.7680817    
   146.250000       31.5445251       26.3872223    
   150.000000       31.5445251       23.6020660    
   153.750000       31.5445251       18.7954254    
   157.500000       31.5445251       22.2485504    
   161.250000       31.5445251       22.8423004    
   165.000000       31.5445251       23.8012848    
   168.750000       31.5445251       15.5512848    
   172.500000       31.5445251       9.24269104    
   176.250000       31.5445251       4.71730042    
   180.000000       31.5445251       7.66754150E-02
   183.750000       31.5445251      -1.23777771    
   187.500000       31.5445251      -2.47996521    
   191.250000       31.5445251      -6.86863708    
   195.000000       31.5445251      -5.00340271    
   198.750000       31.5445251      -6.24949646    
   202.500000       31.5445251      -10.3159027    
   206.250000       31.5445251      -8.88816833    
   210.000000       31.5445251      -7.71824646    
   213.750000       31.5445251      -2.38230896    
   217.500000       31.5445251      -5.35583496E-03
   221.250000       31.5445251      -2.58543396    
   225.000000       31.5445251      -3.19090271    
   228.750000       31.5445251      -3.01707458    
   232.500000       31.5445251      -3.70066833    
   236.250000       31.5445251      -4.03660583    
   240.000000       31.5445251      -1.03074646    
   243.750000       31.5445251       1.45558167    
   247.500000       31.5445251     -0.495590210    
   251.250000       31.5445251     -0.438949585    
   255.000000       31.5445251       11.9243317    
   258.750000       31.5445251       28.1255035    
   262.500000       31.5445251       23.7465973    
   266.250000       31.5445251       22.5864410    
   270.000000       31.5445251       17.0727692    
   273.750000       31.5445251       22.0903473    
   277.500000       31.5445251       20.0298004    
   281.250000       31.5445251       19.8383942    
   285.000000       31.5445251       17.8520660    
   288.750000       31.5445251       18.4594879    
   292.500000       31.5445251       15.1801910    
   296.250000       31.5445251       14.5298004    
   300.000000       31.5445251       17.6880035    
   303.750000       31.5445251       15.7622223    
   307.500000       31.5445251       18.4106598    
   311.250000       31.5445251       26.6450348    
   315.000000       31.5445251       17.0161285    
   318.750000       31.5445251       15.3344879    
   322.500000       31.5445251       6.87355042    
   326.250000       31.5445251       3.50440979    
   330.000000       31.5445251       1.84815979    
   333.750000       31.5445251       1.83448792    
   337.500000       31.5445251       5.89503479    
   341.250000       31.5445251       7.89894104    
   345.000000       31.5445251       12.6294098    
   348.750000       31.5445251       14.8579254    
   352.500000       31.5445251       16.1958160    
   356.250000       31.5445251       12.5376129    
   360.000000       31.5445251       12.1567535    
   0.00000000       35.2555809       7.37550354    
   3.75000000       35.2555809       11.6782379    
   7.50000000       35.2555809       13.1196442    
   11.2500000       35.2555809       11.5923004    
   15.0000000       35.2555809       11.6821442    
   18.7500000       35.2555809       13.6430817    
   22.5000000       35.2555809       14.8169098    
   26.2500000       35.2555809       17.4145660    
   30.0000000       35.2555809       17.2485504    
   33.7500000       35.2555809       17.6001129    
   37.5000000       35.2555809       17.0532379    
   41.2500000       35.2555809       16.6001129    
   45.0000000       35.2555809       17.7270660    
   48.7500000       35.2555809       16.4282379    
   52.5000000       35.2555809       16.7837067    
   56.2500000       35.2555809       11.9106598    
   60.0000000       35.2555809       11.5903473    
   63.7500000       35.2555809       12.9848785    
   67.5000000       35.2555809       6.94386292    
   71.2500000       35.2555809     -0.108871460    
   75.0000000       35.2555809     -0.571762085    
   78.7500000       35.2555809      0.836441040    
   82.5000000       35.2555809       4.45948792    
   86.2500000       35.2555809       1.14503479    
   90.0000000       35.2555809       2.56105042    
   93.7500000       35.2555809       2.74855042    
   97.5000000       35.2555809       4.79737854    
   101.250000       35.2555809       4.09815979    
   105.000000       35.2555809       14.3755035    
   108.750000       35.2555809       4.54151917    
   112.500000       35.2555809       13.9516754    
   116.250000       35.2555809       15.2817535    
   120.000000       35.2555809       15.4477692    
   123.750000       35.2555809       13.5473785    
   127.500000       35.2555809       11.1176910    
   131.250000       35.2555809       5.88136292    
   135.000000       35.2555809       5.77784729    
   138.750000       35.2555809       4.90675354    
   142.500000       35.2555809       15.2407379    
   146.250000       35.2555809       19.9614410    
   150.000000       35.2555809       13.2407379    
   153.750000       35.2555809       28.6294098    
   157.500000       35.2555809       21.7661285    
   161.250000       35.2555809       18.8540192    
   165.000000       35.2555809       22.1548004    
   168.750000       35.2555809       25.1684723    
   172.500000       35.2555809       20.0864410    
   176.250000       35.2555809       16.0278473    
   180.000000       35.2555809       8.29737854    
   183.750000       35.2555809       3.33644104    
   187.500000       35.2555809       3.74659729    
   191.250000       35.2555809       5.02198792    
   195.000000       35.2555809       4.66065979    
   198.750000       35.2555809       5.11573792    
   202.500000       35.2555809      -1.95652771    
   206.250000       35.2555809      -6.05613708    
   210.000000       35.2555809      -7.46043396    
   213.750000       35.2555809      -7.67918396    
   217.500000       35.2555809      -9.41746521    
   221.250000       35.2555809      -12.4682465    
   225.000000       35.2555809      -10.9662933    
   228.750000       35.2555809      -4.37254333    
   232.500000       35.2555809     -0.382308960    
   236.250000       35.2555809     -0.870590210    
   240.000000       35.2555809      -1.71629333    
   243.750000       35.2555809      -2.29832458    
   247.500000       35.2555809      -3.01707458    
   251.250000       35.2555809       2.01222229    
   255.000000       35.2555809      0.783706665    
   258.750000       35.2555809       15.3403473    
   262.500000       35.2555809       21.4555817    
   266.250000       35.2555809       35.2231598    
   270.000000       35.2555809       22.2133942    
   273.750000       35.2555809       28.3891754    
   277.500000       35.2555809       31.5512848    
   281.250000       35.2555809       33.2114410    
   285.000000       35.2555809       29.6372223    
   288.750000       35.2555809       28.8090973    
   292.500000       35.2555809       20.6391754    
   296.250000       35.2555809       18.2036285    
   300.000000       35.2555809       19.7524567    
   303.750000       35.2555809       24.8344879    
   307.500000       35.2555809       25.1391754    
   311.250000       35.2555809       24.2465973    
   315.000000       35.2555809       22.3930817    
   318.750000       35.2555809       17.5415192    
   322.500000       35.2555809       8.84230042    
   326.250000       35.2555809       8.78761292    
   330.000000       35.2555809       4.37940979    
   333.750000       35.2555809       5.39698792    
   337.500000       35.2555809       9.15675354    
   341.250000       35.2555809       11.8403473    
   345.000000       35.2555809       16.7778473    
   348.750000       35.2555809       11.9633942    
   352.500000       35.2555809       12.3364410    
   356.250000       35.2555809       10.1020660    
   360.000000       35.2555809       7.37550354    
   0.00000000       38.9666100       9.87159729    
   3.75000000       38.9666100       8.34815979    
   7.50000000       38.9666100       5.33058167    
   11.2500000       38.9666100       5.56300354    
   15.0000000       38.9666100       7.58253479    
   18.7500000       38.9666100       7.14698792    
   22.5000000       38.9666100       5.17237854    
   26.2500000       38.9666100       9.73292542    
   30.0000000       38.9666100       14.4106598    
   33.7500000       38.9666100       14.3833160    
   37.5000000       38.9666100       14.3032379    
   41.2500000       38.9666100       16.0727692    
   45.0000000       38.9666100       21.8403473    
   48.7500000       38.9666100       18.5298004    
   52.5000000       38.9666100       17.1548004    
   56.2500000       38.9666100       17.5044098    
   60.0000000       38.9666100       13.1118317    
   63.7500000       38.9666100       8.65480042    
   67.5000000       38.9666100      0.668472290    
   71.2500000       38.9666100      -1.61473083    
   75.0000000       38.9666100      -7.76214600E-02
   78.7500000       38.9666100       3.46339417    
   82.5000000       38.9666100       3.92433167    
   86.2500000       38.9666100       2.68995667    
   90.0000000       38.9666100       4.31300354    
   93.7500000       38.9666100       9.25245667    
   97.5000000       38.9666100       2.86378479    
   101.250000       38.9666100       15.4809723    
   105.000000       38.9666100       23.9516754    
   108.750000       38.9666100       18.8598785    
   112.500000       38.9666100       10.6040192    
   116.250000       38.9666100       9.93605042    
   120.000000       38.9666100       10.2465973    
   123.750000       38.9666100       4.59230042    
   127.500000       38.9666100       3.09425354    
   131.250000       38.9666100       2.74269104    
   135.000000       38.9666100       4.70558167    
   138.750000       38.9666100       4.00440979    
   142.500000       38.9666100       7.75440979    
   146.250000       38.9666100       10.7583160    
   150.000000       38.9666100       13.4692535    
   153.750000       38.9666100       24.9809723    
   157.500000       38.9666100       40.9145660    
   161.250000       38.9666100       23.2329254    
   165.000000       38.9666100       20.0512848    
   168.750000       38.9666100       19.7661285    
   172.500000       38.9666100       14.3735504    
   176.250000       38.9666100       10.4985504    
   180.000000       38.9666100       11.5317535    
   183.750000       38.9666100       12.2173004    
   187.500000       38.9666100       7.92433167    
   191.250000       38.9666100       3.57862854    
   195.000000       38.9666100       5.38722229    
   198.750000       38.9666100       8.43800354    
   202.500000       38.9666100       11.1176910    
   206.250000       38.9666100       4.68019104    
   210.000000       38.9666100      -4.37254333    
   213.750000       38.9666100      -16.0619965    
   217.500000       38.9666100      -20.5326996    
   221.250000       38.9666100      -8.80027771    
   225.000000       38.9666100      -8.63426208    
   228.750000       38.9666100       1.90284729    
   232.500000       38.9666100       6.31690979    
   236.250000       38.9666100       5.00440979    
   240.000000       38.9666100       4.51026917    
   243.750000       38.9666100       5.01417542    
   247.500000       38.9666100       6.30128479    
   251.250000       38.9666100       4.63722229    
   255.000000       38.9666100       7.93409729    
   258.750000       38.9666100       9.68800354    
   262.500000       38.9666100       9.48487854    
   266.250000       38.9666100       19.1938629    
   270.000000       38.9666100       35.0141754    
   273.750000       38.9666100       34.4868317    
   277.500000       38.9666100       31.8618317    
   281.250000       38.9666100       27.1899567    
   285.000000       38.9666100       29.0883942    
   288.750000       38.9666100       16.1079254    
   292.500000       38.9666100       19.9087067    
   296.250000       38.9666100       20.4985504    
   300.000000       38.9666100       27.0766754    
   303.750000       38.9666100       31.6333160    
   307.500000       38.9666100       22.2465973    
   311.250000       38.9666100       27.0434723    
   315.000000       38.9666100       18.6548004    
   318.750000       38.9666100       11.3618317    
   322.500000       38.9666100       8.99073792    
   326.250000       38.9666100       5.26222229    
   330.000000       38.9666100       6.45362854    
   333.750000       38.9666100       7.87355042    
   337.500000       38.9666100       10.3286285    
   341.250000       38.9666100       11.2290192    
   345.000000       38.9666100       12.6372223    
   348.750000       38.9666100       11.3208160    
   352.500000       38.9666100       8.23878479    
   356.250000       38.9666100       8.44776917    
   360.000000       38.9666100       9.87159729    
   0.00000000       42.6776047       4.16261292    
   3.75000000       42.6776047      0.518081665    
   7.50000000       42.6776047      -1.90277100E-02
   11.2500000       42.6776047       2.90675354    
   15.0000000       42.6776047       5.22901917    
   18.7500000       42.6776047       8.23292542    
   22.5000000       42.6776047       11.3676910    
   26.2500000       42.6776047       10.6313629    
   30.0000000       42.6776047       9.39308167    
   33.7500000       42.6776047       16.0083160    
   37.5000000       42.6776047       17.7895660    
   41.2500000       42.6776047       19.7661285    
   45.0000000       42.6776047       18.1587067    
   48.7500000       42.6776047       20.4321442    
   52.5000000       42.6776047       16.9106598    
   56.2500000       42.6776047       19.4380035    
   60.0000000       42.6776047       16.4438629    
   63.7500000       42.6776047       17.0219879    
   67.5000000       42.6776047       17.1704254    
   71.2500000       42.6776047       12.7641754    
   75.0000000       42.6776047       4.74659729    
   78.7500000       42.6776047       4.48487854    
   82.5000000       42.6776047     -0.356918335    
   86.2500000       42.6776047       4.37745667    
   90.0000000       42.6776047       7.90675354    
   93.7500000       42.6776047       15.2641754    
   97.5000000       42.6776047       13.8598785    
   101.250000       42.6776047       13.3423004    
   105.000000       42.6776047       12.8969879    
   108.750000       42.6776047       6.92433167    
   112.500000       42.6776047       7.58253479    
   116.250000       42.6776047       4.31690979    
   120.000000       42.6776047       1.48878479    
   123.750000       42.6776047       3.16847229    
   127.500000       42.6776047      0.951675415    
   131.250000       42.6776047       4.60206604    
   135.000000       42.6776047       6.40675354    
   138.750000       42.6776047       5.79151917    
   142.500000       42.6776047       7.60011292    
   146.250000       42.6776047       9.21339417    
   150.000000       42.6776047       12.1704254    
   153.750000       42.6776047       6.21730042    
   157.500000       42.6776047       14.3676910    
   161.250000       42.6776047       18.0844879    
   165.000000       42.6776047       19.6040192    
   168.750000       42.6776047       17.4575348    
   172.500000       42.6776047       15.5083160    
   176.250000       42.6776047       14.6684723    
   180.000000       42.6776047       14.4848785    
   183.750000       42.6776047       14.7856598    
   187.500000       42.6776047       19.4887848    
   191.250000       42.6776047       17.2426910    
   195.000000       42.6776047       12.4262848    
   198.750000       42.6776047       15.0962067    
   202.500000       42.6776047       15.0766754    
   206.250000       42.6776047       19.6645660    
   210.000000       42.6776047       7.69776917    
   213.750000       42.6776047      -2.88621521    
   217.500000       42.6776047      -8.46629333    
   221.250000       42.6776047     -0.298324585    
   225.000000       42.6776047      0.711441040    
   228.750000       42.6776047       6.62745667    
   232.500000       42.6776047       9.09230042    
   236.250000       42.6776047       13.8911285    
   240.000000       42.6776047       11.8735504    
   243.750000       42.6776047       13.1704254    
   247.500000       42.6776047       8.71339417    
   251.250000       42.6776047       12.3208160    
   255.000000       42.6776047       13.4321442    
   258.750000       42.6776047       10.9419098    
   262.500000       42.6776047       13.8051910    
   266.250000       42.6776047       13.8540192    
   270.000000       42.6776047       19.5669098    
   273.750000       42.6776047       27.7661285    
   277.500000       42.6776047       29.4926910    
   281.250000       42.6776047       23.4204254    
   285.000000       42.6776047       20.3364410    
   288.750000       42.6776047       21.5766754    
   292.500000       42.6776047       18.1098785    
   296.250000       42.6776047       19.3071442    
   300.000000       42.6776047       25.9770660    
   303.750000       42.6776047       22.8618317    
   307.500000       42.6776047       23.7817535    
   311.250000       42.6776047       19.9380035    
   315.000000       42.6776047       13.4145660    
   318.750000       42.6776047       12.5786285    
   322.500000       42.6776047       3.54933167    
   326.250000       42.6776047       8.09620667    
   330.000000       42.6776047       7.98292542    
   333.750000       42.6776047       9.66261292    
   337.500000       42.6776047       10.4516754    
   341.250000       42.6776047       13.4458160    
   345.000000       42.6776047       6.57667542    
   348.750000       42.6776047       2.42628479    
   352.500000       42.6776047       4.61183167    
   356.250000       42.6776047       4.77589417    
   360.000000       42.6776047       4.16261292    
   0.00000000       46.3885536      -3.19676208    
   3.75000000       46.3885536       1.91065979    
   7.50000000       46.3885536      0.279800415    
   11.2500000       46.3885536       10.3950348    
   15.0000000       46.3885536       11.4399567    
   18.7500000       46.3885536       18.2290192    
   22.5000000       46.3885536       17.1684723    
   26.2500000       46.3885536       8.62745667    
   30.0000000       46.3885536       9.16651917    
   33.7500000       46.3885536       9.48683167    
   37.5000000       46.3885536       18.2094879    
   41.2500000       46.3885536       26.1430817    
   45.0000000       46.3885536       30.4067535    
   48.7500000       46.3885536       29.9633942    
   52.5000000       46.3885536       30.4770660    
   56.2500000       46.3885536       32.1919098    
   60.0000000       46.3885536       36.0454254    
   63.7500000       46.3885536       33.0493317    
   67.5000000       46.3885536       25.1450348    
   71.2500000       46.3885536       21.0532379    
   75.0000000       46.3885536       13.3423004    
   78.7500000       46.3885536       18.3852692    
   82.5000000       46.3885536       13.1801910    
   86.2500000       46.3885536       6.81690979    
   90.0000000       46.3885536       12.1958160    
   93.7500000       46.3885536       6.02003479    
   97.5000000       46.3885536       5.23878479    
   101.250000       46.3885536      -1.41551208    
   105.000000       46.3885536      -6.58152771    
   108.750000       46.3885536      -1.87449646    
   112.500000       46.3885536      -1.26316833    
   116.250000       46.3885536     -0.933090210    
   120.000000       46.3885536       1.45167542    
   123.750000       46.3885536       5.38526917    
   127.500000       46.3885536       13.0610504    
   131.250000       46.3885536       12.6723785    
   135.000000       46.3885536       9.83839417    
   138.750000       46.3885536       12.3442535    
   142.500000       46.3885536       13.0630035    
   146.250000       46.3885536       13.1059723    
   150.000000       46.3885536       15.6548004    
   153.750000       46.3885536       11.5102692    
   157.500000       46.3885536       7.28175354    
   161.250000       46.3885536       11.1528473    
   165.000000       46.3885536       7.91261292    
   168.750000       46.3885536       17.9458160    
   172.500000       46.3885536       18.3383942    
   176.250000       46.3885536       14.9887848    
   180.000000       46.3885536       15.1255035    
   183.750000       46.3885536       18.4751129    
   187.500000       46.3885536       19.8071442    
   191.250000       46.3885536       22.0356598    
   195.000000       46.3885536       30.9126129    
   198.750000       46.3885536       30.0610504    
   202.500000       46.3885536       21.1997223    
   206.250000       46.3885536       16.4380035    
   210.000000       46.3885536       15.4165192    
   213.750000       46.3885536       17.2387848    
   217.500000       46.3885536       11.1665192    
   221.250000       46.3885536       15.7798004    
   225.000000       46.3885536       17.6919098    
   228.750000       46.3885536       19.0122223    
   232.500000       46.3885536       19.5805817    
   236.250000       46.3885536       11.7583160    
   240.000000       46.3885536       12.9848785    
   243.750000       46.3885536       14.3286285    
   247.500000       46.3885536       9.90870667    
   251.250000       46.3885536       4.51612854    
   255.000000       46.3885536       9.29933167    
   258.750000       46.3885536       10.4653473    
   262.500000       46.3885536       10.0532379    
   266.250000       46.3885536       8.08644104    
   270.000000       46.3885536     -0.491683960    
   273.750000       46.3885536      -1.38426208    
   277.500000       46.3885536       10.9340973    
   281.250000       46.3885536       16.9243317    
   285.000000       46.3885536       13.6997223    
   288.750000       46.3885536       15.9946442    
   292.500000       46.3885536       16.8051910    
   296.250000       46.3885536       20.6274567    
   300.000000       46.3885536       16.6274567    
   303.750000       46.3885536       13.9848785    
   307.500000       46.3885536       15.8481598    
   311.250000       46.3885536       8.48097229    
   315.000000       46.3885536       8.38722229    
   318.750000       46.3885536       4.99464417    
   322.500000       46.3885536       1.07667542    
   326.250000       46.3885536       7.95167542    
   330.000000       46.3885536       4.60011292    
   333.750000       46.3885536       5.97315979    
   337.500000       46.3885536       12.1821442    
   341.250000       46.3885536       7.33644104    
   345.000000       46.3885536     -0.122543335    
   348.750000       46.3885536       1.46925354    
   352.500000       46.3885536       1.20948792    
   356.250000       46.3885536      -1.15379333    
   360.000000       46.3885536      -3.19676208    
   0.00000000       50.0994530     -0.786605835    
   3.75000000       50.0994530     -0.421371460    
   7.50000000       50.0994530      0.490737915    
   11.2500000       50.0994530       3.66651917    
   15.0000000       50.0994530      -4.47215271    
   18.7500000       50.0994530      -6.17527771    
   22.5000000       50.0994530      0.732925415    
   26.2500000       50.0994530       8.22120667    
   30.0000000       50.0994530       16.5317535    
   33.7500000       50.0994530       20.3559723    
   37.5000000       50.0994530       18.5278473    
   41.2500000       50.0994530       14.4633942    
   45.0000000       50.0994530       15.7465973    
   48.7500000       50.0994530       22.4673004    
   52.5000000       50.0994530       20.6508942    
   56.2500000       50.0994530       20.2524567    
   60.0000000       50.0994530       27.2505035    
   63.7500000       50.0994530       27.5083160    
   67.5000000       50.0994530       23.5395660    
   71.2500000       50.0994530       23.1411285    
   75.0000000       50.0994530       22.9458160    
   78.7500000       50.0994530       20.7309723    
   82.5000000       50.0994530       19.6626129    
   86.2500000       50.0994530       16.1606598    
   90.0000000       50.0994530       10.0317535    
   93.7500000       50.0994530       6.52198792    
   97.5000000       50.0994530       8.12550354    
   101.250000       50.0994530       6.91065979    
   105.000000       50.0994530       1.14308167    
   108.750000       50.0994530     -0.331527710    
   112.500000       50.0994530      0.477066040    
   116.250000       50.0994530       4.19386292    
   120.000000       50.0994530       8.70362854    
   123.750000       50.0994530       9.88917542    
   127.500000       50.0994530       12.9360504    
   131.250000       50.0994530       13.1157379    
   135.000000       50.0994530       12.5083160    
   138.750000       50.0994530       15.3442535    
   142.500000       50.0994530       16.7524567    
   146.250000       50.0994530       15.3930817    
   150.000000       50.0994530       10.9848785    
   153.750000       50.0994530       10.8169098    
   157.500000       50.0994530       7.34815979    
   161.250000       50.0994530       5.98487854    
   165.000000       50.0994530       9.23097229    
   168.750000       50.0994530       9.11769104    
   172.500000       50.0994530       7.33253479    
   176.250000       50.0994530       8.62550354    
   180.000000       50.0994530       15.3501129    
   183.750000       50.0994530       18.8598785    
   187.500000       50.0994530       22.6079254    
   191.250000       50.0994530       30.0747223    
   195.000000       50.0994530       29.2368317    
   198.750000       50.0994530       30.9067535    
   202.500000       50.0994530       28.7016754    
   206.250000       50.0994530       26.9165192    
   210.000000       50.0994530       23.7465973    
   213.750000       50.0994530       21.5903473    
   217.500000       50.0994530       24.6997223    
   221.250000       50.0994530       26.2602692    
   225.000000       50.0994530       31.0219879    
   228.750000       50.0994530       38.6899567    
   232.500000       50.0994530       28.1196442    
   236.250000       50.0994530       26.6704254    
   240.000000       50.0994530       33.2387848    
   243.750000       50.0994530       24.1157379    
   247.500000       50.0994530       17.7524567    
   251.250000       50.0994530       18.1508942    
   255.000000       50.0994530       17.0649567    
   258.750000       50.0994530       14.8286285    
   262.500000       50.0994530       11.5512848    
   266.250000       50.0994530       3.40675354    
   270.000000       50.0994530      0.111831665    
   273.750000       50.0994530       6.83058167    
   277.500000       50.0994530       3.57862854    
   281.250000       50.0994530       5.03565979    
   285.000000       50.0994530       8.94972229    
   288.750000       50.0994530       10.0923004    
   292.500000       50.0994530       12.3852692    
   296.250000       50.0994530       16.2993317    
   300.000000       50.0994530       15.2505035    
   303.750000       50.0994530       6.35011292    
   307.500000       50.0994530       3.21534729    
   311.250000       50.0994530      0.146987915    
   315.000000       50.0994530      -4.06590271    
   318.750000       50.0994530       1.83253479    
   322.500000       50.0994530     -0.485824585    
   326.250000       50.0994530       4.19386292    
   330.000000       50.0994530       4.35792542    
   333.750000       50.0994530       8.19776917    
   337.500000       50.0994530       8.78565979    
   341.250000       50.0994530      -1.31980896    
   345.000000       50.0994530     -0.919418335    
   348.750000       50.0994530      -4.01512146    
   352.500000       50.0994530      -5.14402771    
   356.250000       50.0994530      -1.11277771    
   360.000000       50.0994530     -0.786605835    
   0.00000000       53.8102722      -10.4721527    
   3.75000000       53.8102722      -9.28660583    
   7.50000000       53.8102722      -9.27684021    
   11.2500000       53.8102722      -10.8276215    
   15.0000000       53.8102722      -7.62254333    
   18.7500000       53.8102722      0.623550415    
   22.5000000       53.8102722       6.06690979    
   26.2500000       53.8102722       15.2583160    
   30.0000000       53.8102722       11.9712067    
   33.7500000       53.8102722       11.3969879    
   37.5000000       53.8102722       11.8501129    
   41.2500000       53.8102722       9.28175354    
   45.0000000       53.8102722       2.43800354    
   48.7500000       53.8102722       1.33644104    
   52.5000000       53.8102722       5.16651917    
   56.2500000       53.8102722       9.45167542    
   60.0000000       53.8102722       2.08644104    
   63.7500000       53.8102722       6.38136292    
   67.5000000       53.8102722       17.6450348    
   71.2500000       53.8102722       17.5708160    
   75.0000000       53.8102722       24.0590973    
   78.7500000       53.8102722       15.8598785    
   82.5000000       53.8102722       16.0024567    
   86.2500000       53.8102722       12.3090973    
   90.0000000       53.8102722       11.6528473    
   93.7500000       53.8102722       8.46339417    
   97.5000000       53.8102722       9.51612854    
   101.250000       53.8102722       12.7876129    
   105.000000       53.8102722       9.99073792    
   108.750000       53.8102722       13.4516754    
   112.500000       53.8102722       11.2798004    
   116.250000       53.8102722       11.4477692    
   120.000000       53.8102722       10.2329254    
   123.750000       53.8102722       8.71534729    
   127.500000       53.8102722       15.3794098    
   131.250000       53.8102722       17.9087067    
   135.000000       53.8102722       17.3930817    
   138.750000       53.8102722       17.7602692    
   142.500000       53.8102722       14.6333160    
   146.250000       53.8102722       14.0981598    
   150.000000       53.8102722       13.8051910    
   153.750000       53.8102722       8.72120667    
   157.500000       53.8102722       11.5258942    
   161.250000       53.8102722       11.0298004    
   165.000000       53.8102722       13.7465973    
   168.750000       53.8102722       17.7329254    
   172.500000       53.8102722       22.8911285    
   176.250000       53.8102722       28.9008942    
   180.000000       53.8102722       36.1919098    
   183.750000       53.8102722       40.7016754    
   187.500000       53.8102722       36.0883942    
   191.250000       53.8102722       39.2915192    
   195.000000       53.8102722       40.7524567    
   198.750000       53.8102722       28.9223785    
   202.500000       53.8102722       26.9399567    
   206.250000       53.8102722       22.6782379    
   210.000000       53.8102722       25.5434723    
   213.750000       53.8102722       27.0200348    
   217.500000       53.8102722       30.6137848    
   221.250000       53.8102722       29.0747223    
   225.000000       53.8102722       24.0962067    
   228.750000       53.8102722       20.7426910    
   232.500000       53.8102722       20.8520660    
   236.250000       53.8102722       24.6274567    
   240.000000       53.8102722       28.5083160    
   243.750000       53.8102722       25.2407379    
   247.500000       53.8102722       24.8325348    
   251.250000       53.8102722       16.6743317    
   255.000000       53.8102722       16.5102692    
   258.750000       53.8102722       15.0278473    
   262.500000       53.8102722       10.6919098    
   266.250000       53.8102722       3.21730042    
   270.000000       53.8102722      -1.75144958    
   273.750000       53.8102722      0.303237915    
   277.500000       53.8102722       1.22706604    
   281.250000       53.8102722       3.88331604    
   285.000000       53.8102722       5.12745667    
   288.750000       53.8102722       8.10792542    
   292.500000       53.8102722       8.55519104    
   296.250000       53.8102722       3.48487854    
   300.000000       53.8102722      -4.36863708    
   303.750000       53.8102722      -5.50340271    
   307.500000       53.8102722      -8.16355896    
   311.250000       53.8102722      -8.11473083    
   315.000000       53.8102722      -13.4467621    
   318.750000       53.8102722      -6.50340271    
   322.500000       53.8102722      -7.38230896    
   326.250000       53.8102722      -6.81785583    
   330.000000       53.8102722      0.393081665    
   333.750000       53.8102722       5.86378479    
   337.500000       53.8102722       4.74073792    
   341.250000       53.8102722      0.814956665    
   345.000000       53.8102722      -1.18113708    
   348.750000       53.8102722      -3.08934021    
   352.500000       53.8102722      -8.83348083    
   356.250000       53.8102722      -15.8744965    
   360.000000       53.8102722      -10.4721527    
   0.00000000       57.5209885      -7.85105896    
   3.75000000       57.5209885      -7.76121521    
   7.50000000       57.5209885      -7.10105896    
   11.2500000       57.5209885      -5.18309021    
   15.0000000       57.5209885      -2.98387146    
   18.7500000       57.5209885      -1.95066833    
   22.5000000       57.5209885      -3.46527100E-02
   26.2500000       57.5209885     -0.628402710    
   30.0000000       57.5209885       3.38917542    
   33.7500000       57.5209885       3.34620667    
   37.5000000       57.5209885      -1.64793396    
   41.2500000       57.5209885      -7.89207458    
   45.0000000       57.5209885      -8.30027771    
   48.7500000       57.5209885      -10.0209808    
   52.5000000       57.5209885      -11.6752777    
   56.2500000       57.5209885      -9.85496521    
   60.0000000       57.5209885      -5.97605896    
   63.7500000       57.5209885       1.35011292    
   67.5000000       57.5209885       4.37745667    
   71.2500000       57.5209885       7.13722229    
   75.0000000       57.5209885       7.29933167    
   78.7500000       57.5209885       3.36378479    
   82.5000000       57.5209885       3.15870667    
   86.2500000       57.5209885       10.2426910    
   90.0000000       57.5209885       10.0415192    
   93.7500000       57.5209885       13.2055817    
   97.5000000       57.5209885       13.2700348    
   101.250000       57.5209885       12.7622223    
   105.000000       57.5209885       12.3520660    
   108.750000       57.5209885       14.9126129    
   112.500000       57.5209885       15.3813629    
   116.250000       57.5209885       16.9399567    
   120.000000       57.5209885       20.5493317    
   123.750000       57.5209885       18.6489410    
   127.500000       57.5209885       15.8794098    
   131.250000       57.5209885       14.6743317    
   135.000000       57.5209885       10.8090973    
   138.750000       57.5209885       12.7329254    
   142.500000       57.5209885       11.1782379    
   146.250000       57.5209885       10.0669098    
   150.000000       57.5209885       6.74464417    
   153.750000       57.5209885       6.34034729    
   157.500000       57.5209885       10.4868317    
   161.250000       57.5209885       6.18995667    
   165.000000       57.5209885       4.46730042    
   168.750000       57.5209885       5.57276917    
   172.500000       57.5209885       8.37355042    
   176.250000       57.5209885       12.5083160    
   180.000000       57.5209885       15.0512848    
   183.750000       57.5209885       14.2700348    
   187.500000       57.5209885       11.5337067    
   191.250000       57.5209885       10.5981598    
   195.000000       57.5209885       10.3676910    
   198.750000       57.5209885       13.1645660    
   202.500000       57.5209885       19.7192535    
   206.250000       57.5209885       23.6997223    
   210.000000       57.5209885       26.4360504    
   213.750000       57.5209885       20.9048004    
   217.500000       57.5209885       25.7368317    
   221.250000       57.5209885       19.1587067    
   225.000000       57.5209885       17.9008942    
   228.750000       57.5209885       16.0219879    
   232.500000       57.5209885       17.0844879    
   236.250000       57.5209885       14.5044098    
   240.000000       57.5209885       11.9165192    
   243.750000       57.5209885       15.2622223    
   247.500000       57.5209885       7.13136292    
   251.250000       57.5209885       13.8247223    
   255.000000       57.5209885       11.4926910    
   258.750000       57.5209885       6.51222229    
   262.500000       57.5209885       4.52394104    
   266.250000       57.5209885       4.57081604    
   270.000000       57.5209885       1.28370667    
   273.750000       57.5209885      0.404800415    
   277.500000       57.5209885       1.85792542    
   281.250000       57.5209885       2.21144104    
   285.000000       57.5209885       5.89698792    
   288.750000       57.5209885       5.84425354    
   292.500000       57.5209885      -3.13035583    
   296.250000       57.5209885      -6.47215271    
   300.000000       57.5209885      -9.97801208    
   303.750000       57.5209885      -16.4545746    
   307.500000       57.5209885      -13.5522308    
   311.250000       57.5209885      -25.5600433    
   315.000000       57.5209885      -18.8080902    
   318.750000       57.5209885      -12.3549652    
   322.500000       57.5209885      -9.99559021    
   326.250000       57.5209885      -5.53855896    
   330.000000       57.5209885      -1.44480896    
   333.750000       57.5209885     -0.878402710    
   337.500000       57.5209885      -1.96824646    
   341.250000       57.5209885      -1.51512146    
   345.000000       57.5209885     -0.222152710    
   348.750000       57.5209885      -4.73777771    
   352.500000       57.5209885      -6.64598083    
   356.250000       57.5209885      -10.2690277    
   360.000000       57.5209885      -7.85105896    
   0.00000000       61.2315712       1.49659729    
   3.75000000       61.2315712       2.86964417    
   7.50000000       61.2315712       2.20558167    
   11.2500000       61.2315712       1.56886292    
   15.0000000       61.2315712     -0.153793335    
   18.7500000       61.2315712      -3.22019958    
   22.5000000       61.2315712      -9.82371521    
   26.2500000       61.2315712      -5.49559021    
   30.0000000       61.2315712      -9.72996521    
   33.7500000       61.2315712      -18.5424652    
   37.5000000       61.2315712      -14.9877777    
   41.2500000       61.2315712      -9.45066833    
   45.0000000       61.2315712      -8.89402771    
   48.7500000       61.2315712      -11.6362152    
   52.5000000       61.2315712      -13.4409027    
   56.2500000       61.2315712      -15.8256683    
   60.0000000       61.2315712      -19.8744965    
   63.7500000       61.2315712      -18.3080902    
   67.5000000       61.2315712      -15.3666840    
   71.2500000       61.2315712      -8.74363708    
   75.0000000       61.2315712      -11.3256683    
   78.7500000       61.2315712      -3.75340271    
   82.5000000       61.2315712       4.57667542    
   86.2500000       61.2315712       8.84620667    
   90.0000000       61.2315712       8.92237854    
   93.7500000       61.2315712       11.2661285    
   97.5000000       61.2315712       14.9946442    
   101.250000       61.2315712       18.4458160    
   105.000000       61.2315712       21.3813629    
   108.750000       61.2315712       23.4048004    
   112.500000       61.2315712       25.2876129    
   116.250000       61.2315712       20.4848785    
   120.000000       61.2315712       18.3364410    
   123.750000       61.2315712       17.3872223    
   127.500000       61.2315712       8.64112854    
   131.250000       61.2315712       8.88722229    
   135.000000       61.2315712       8.78370667    
   138.750000       61.2315712       5.51417542    
   142.500000       61.2315712      0.195816040    
   146.250000       61.2315712      -3.58738708    
   150.000000       61.2315712      -5.37449646    
   153.750000       61.2315712      -3.00730896    
   157.500000       61.2315712      -2.04637146    
   161.250000       61.2315712       3.30519104    
   165.000000       61.2315712      0.865737915    
   168.750000       61.2315712       7.47511292    
   172.500000       61.2315712       13.5630035    
   176.250000       61.2315712       19.5161285    
   180.000000       61.2315712       19.0219879    
   183.750000       61.2315712       13.3305817    
   187.500000       61.2315712       11.1548004    
   191.250000       61.2315712       13.8266754    
   195.000000       61.2315712       9.84425354    
   198.750000       61.2315712       10.7153473    
   202.500000       61.2315712       10.2290192    
   206.250000       61.2315712       10.0219879    
   210.000000       61.2315712       6.03956604    
   213.750000       61.2315712       5.21144104    
   217.500000       61.2315712       1.24464417    
   221.250000       61.2315712     -0.546371460    
   225.000000       61.2315712       1.95167542    
   228.750000       61.2315712       1.88136292    
   232.500000       61.2315712       2.38331604    
   236.250000       61.2315712       9.45167542    
   240.000000       61.2315712       11.8071442    
   243.750000       61.2315712       11.8012848    
   247.500000       61.2315712       9.27003479    
   251.250000       61.2315712       8.75831604    
   255.000000       61.2315712       2.54347229    
   258.750000       61.2315712       1.84230042    
   262.500000       61.2315712       4.63136292    
   266.250000       61.2315712       5.25831604    
   270.000000       61.2315712       3.04542542    
   273.750000       61.2315712       3.35011292    
   277.500000       61.2315712       4.89503479    
   281.250000       61.2315712       6.98878479    
   285.000000       61.2315712       2.93019104    
   288.750000       61.2315712      -5.43699646    
   292.500000       61.2315712      -11.9643402    
   296.250000       61.2315712      -16.5893402    
   300.000000       61.2315712      -18.6869965    
   303.750000       61.2315712      -17.2612152    
   307.500000       61.2315712      -17.4623871    
   311.250000       61.2315712      -18.7065277    
   315.000000       61.2315712      -12.0717621    
   318.750000       61.2315712      -15.2885590    
   322.500000       61.2315712      -6.30809021    
   326.250000       61.2315712      -3.18309021    
   330.000000       61.2315712      -1.79637146    
   333.750000       61.2315712      -4.24363708    
   337.500000       61.2315712      -4.06004333    
   341.250000       61.2315712      -4.63816833    
   345.000000       61.2315712      -7.74168396    
   348.750000       61.2315712      -6.09129333    
   352.500000       61.2315712      -2.97996521    
   356.250000       61.2315712      -2.13621521    
   360.000000       61.2315712       1.49659729    
   0.00000000       64.9419479       15.4087067    
   3.75000000       64.9419479       8.34815979    
   7.50000000       64.9419479       12.9243317    
   11.2500000       64.9419479       12.2973785    
   15.0000000       64.9419479       8.45167542    
   18.7500000       64.9419479       3.75245667    
   22.5000000       64.9419479      0.197769165    
   26.2500000       64.9419479      -4.40379333    
   30.0000000       64.9419479      -8.34129333    
   33.7500000       64.9419479      -5.18504333    
   37.5000000       64.9419479      -2.81590271    
   41.2500000       64.9419479     -0.827621460    
   45.0000000       64.9419479     -0.561996460    
   48.7500000       64.9419479     -0.142074585    
   52.5000000       64.9419479     -0.110824585    
   56.2500000       64.9419479     -0.169418335    
   60.0000000       64.9419479      -2.84910583    
   63.7500000       64.9419479      -4.81394958    
   67.5000000       64.9419479      -4.34519958    
   71.2500000       64.9419479      -3.77488708    
   75.0000000       64.9419479      -2.04051208    
   78.7500000       64.9419479       2.15284729    
   82.5000000       64.9419479       8.22511292    
   86.2500000       64.9419479       13.3364410    
   90.0000000       64.9419479       16.5590973    
   93.7500000       64.9419479       18.3618317    
   97.5000000       64.9419479       15.6626129    
   101.250000       64.9419479       14.0044098    
   105.000000       64.9419479       13.2270660    
   108.750000       64.9419479       12.4223785    
   112.500000       64.9419479       12.4633942    
   116.250000       64.9419479       4.69386292    
   120.000000       64.9419479       2.06495667    
   123.750000       64.9419479       1.53956604    
   127.500000       64.9419479       3.17237854    
   131.250000       64.9419479       2.27394104    
   135.000000       64.9419479       3.17535400E-02
   138.750000       64.9419479      -1.03855896    
   142.500000       64.9419479      -5.02777100E-02
   146.250000       64.9419479      0.719253540    
   150.000000       64.9419479      -1.96043396    
   153.750000       64.9419479       4.68605042    
   157.500000       64.9419479       9.43409729    
   161.250000       64.9419479       14.3676910    
   165.000000       64.9419479       15.1762848    
   168.750000       64.9419479       10.0630035    
   172.500000       64.9419479       5.92823792    
   176.250000       64.9419479       2.37159729    
   180.000000       64.9419479       1.57862854    
   183.750000       64.9419479       3.79737854    
   187.500000       64.9419479       10.2934723    
   191.250000       64.9419479       15.2758942    
   195.000000       64.9419479       10.9419098    
   198.750000       64.9419479       9.77784729    
   202.500000       64.9419479       10.8032379    
   206.250000       64.9419479       10.9380035    
   210.000000       64.9419479       12.0044098    
   213.750000       64.9419479       14.2075348    
   217.500000       64.9419479       12.9301910    
   221.250000       64.9419479       11.2387848    
   225.000000       64.9419479       11.3266754    
   228.750000       64.9419479       8.14308167    
   232.500000       64.9419479       8.79347229    
   236.250000       64.9419479       10.6372223    
   240.000000       64.9419479       12.2876129    
   243.750000       64.9419479       13.9497223    
   247.500000       64.9419479       13.4516754    
   251.250000       64.9419479       12.2934723    
   255.000000       64.9419479       12.0942535    
   258.750000       64.9419479       9.74659729    
   262.500000       64.9419479       6.95753479    
   266.250000       64.9419479       6.65675354    
   270.000000       64.9419479       4.49659729    
   273.750000       64.9419479       6.08058167    
   277.500000       64.9419479       4.58058167    
   281.250000       64.9419479       3.81886292    
   285.000000       64.9419479      0.533706665    
   288.750000       64.9419479      -6.08543396    
   292.500000       64.9419479      -5.52488708    
   296.250000       64.9419479      -10.5151215    
   300.000000       64.9419479      -14.7143402    
   303.750000       64.9419479      -13.8647308    
   307.500000       64.9419479      -10.2397308    
   311.250000       64.9419479       3.71534729    
   315.000000       64.9419479      -4.58738708    
   318.750000       64.9419479      -1.18113708    
   322.500000       64.9419479       3.38917542    
   326.250000       64.9419479       1.88136292    
   330.000000       64.9419479       1.73487854    
   333.750000       64.9419479      -2.31199646    
   337.500000       64.9419479      -3.29051208    
   341.250000       64.9419479     -0.522933960    
   345.000000       64.9419479       2.02003479    
   348.750000       64.9419479       3.84620667    
   352.500000       64.9419479       6.22901917    
   356.250000       64.9419479       11.3305817    
   360.000000       64.9419479       15.4087067    
   0.00000000       68.6520157       7.15480042    
   3.75000000       68.6520157       12.3872223    
   7.50000000       68.6520157       17.4848785    
   11.2500000       68.6520157       14.9087067    
   15.0000000       68.6520157       11.9887848    
   18.7500000       68.6520157       10.7563629    
   22.5000000       68.6520157       11.6684723    
   26.2500000       68.6520157       9.57276917    
   30.0000000       68.6520157       6.49269104    
   33.7500000       68.6520157       3.03761292    
   37.5000000       68.6520157      0.645034790    
   41.2500000       68.6520157       2.59425354    
   45.0000000       68.6520157       4.71534729    
   48.7500000       68.6520157       1.60011292    
   52.5000000       68.6520157      -2.48582458    
   56.2500000       68.6520157      -6.28269958    
   60.0000000       68.6520157      -5.78074646    
   63.7500000       68.6520157      -6.97410583    
   67.5000000       68.6520157      -4.00144958    
   71.2500000       68.6520157      -2.18504333    
   75.0000000       68.6520157      0.145034790    
   78.7500000       68.6520157       2.40089417    
   82.5000000       68.6520157       3.96925354    
   86.2500000       68.6520157       2.62940979    
   90.0000000       68.6520157       2.39112854    
   93.7500000       68.6520157     -0.513168335    
   97.5000000       68.6520157      -2.47215271    
   101.250000       68.6520157      -3.81199646    
   105.000000       68.6520157      -4.91941833    
   108.750000       68.6520157      -2.94285583    
   112.500000       68.6520157      -2.35301208    
   116.250000       68.6520157      -2.01121521    
   120.000000       68.6520157      -1.83738708    
   123.750000       68.6520157      -2.52488708    
   127.500000       68.6520157      -4.18504333    
   131.250000       68.6520157      -3.37254333    
   135.000000       68.6520157      -2.48777771    
   138.750000       68.6520157     -0.599105835    
   142.500000       68.6520157       1.09230042    
   146.250000       68.6520157       4.15480042    
   150.000000       68.6520157       3.26026917    
   153.750000       68.6520157       5.25636292    
   157.500000       68.6520157       1.98097229    
   161.250000       68.6520157       2.61378479    
   165.000000       68.6520157       2.79933167    
   168.750000       68.6520157       2.78565979    
   172.500000       68.6520157       4.25245667    
   176.250000       68.6520157       5.18019104    
   180.000000       68.6520157       3.66847229    
   183.750000       68.6520157       3.52003479    
   187.500000       68.6520157       5.47120667    
   191.250000       68.6520157       5.95948792    
   195.000000       68.6520157       3.20753479    
   198.750000       68.6520157       2.81300354    
   202.500000       68.6520157       1.91065979    
   206.250000       68.6520157      0.379409790    
   210.000000       68.6520157     -0.790512085    
   213.750000       68.6520157     -0.763168335    
   217.500000       68.6520157       1.38722229    
   221.250000       68.6520157       2.46144104    
   225.000000       68.6520157       2.35987854    
   228.750000       68.6520157       2.65089417    
   232.500000       68.6520157       2.77003479    
   236.250000       68.6520157       2.61573792    
   240.000000       68.6520157       3.89503479    
   243.750000       68.6520157       5.49855042    
   247.500000       68.6520157       8.13722229    
   251.250000       68.6520157       10.3930817    
   255.000000       68.6520157       11.1899567    
   258.750000       68.6520157       10.9692535    
   262.500000       68.6520157       5.50245667    
   266.250000       68.6520157       1.04151917    
   270.000000       68.6520157       2.62745667    
   273.750000       68.6520157      0.684097290    
   277.500000       68.6520157      -3.10496521    
   281.250000       68.6520157      -7.31785583    
   285.000000       68.6520157      -10.1127777    
   288.750000       68.6520157      -10.8705902    
   292.500000       68.6520157      -3.09129333    
   296.250000       68.6520157      0.467300415    
   300.000000       68.6520157      -5.09519958    
   303.750000       68.6520157      -5.92137146    
   307.500000       68.6520157      -4.94285583    
   311.250000       68.6520157      -2.96043396    
   315.000000       68.6520157      0.594253540    
   318.750000       68.6520157       2.93214417    
   322.500000       68.6520157       6.18605042    
   326.250000       68.6520157       5.33644104    
   330.000000       68.6520157       3.08448792    
   333.750000       68.6520157       3.68019104    
   337.500000       68.6520157       1.73097229    
   341.250000       68.6520157      0.664566040    
   345.000000       68.6520157       2.09230042    
   348.750000       68.6520157       3.75440979    
   352.500000       68.6520157       6.58448792    
   356.250000       68.6520157       5.59815979    
   360.000000       68.6520157       7.15480042    
   0.00000000       72.3615875       2.54933167    
   3.75000000       72.3615875       2.64112854    
   7.50000000       72.3615875       7.37745667    
   11.2500000       72.3615875       11.9067535    
   15.0000000       72.3615875       13.2153473    
   18.7500000       72.3615875       12.8032379    
   22.5000000       72.3615875       10.2094879    
   26.2500000       72.3615875       3.14308167    
   30.0000000       72.3615875       1.20948792    
   33.7500000       72.3615875      -2.30027771    
   37.5000000       72.3615875      -4.39012146    
   41.2500000       72.3615875      -3.60301208    
   45.0000000       72.3615875      -2.36277771    
   48.7500000       72.3615875     -0.265121460    
   52.5000000       72.3615875       1.24269104    
   56.2500000       72.3615875       2.43214417    
   60.0000000       72.3615875       2.74269104    
   63.7500000       72.3615875       2.71925354    
   67.5000000       72.3615875       2.26417542    
   71.2500000       72.3615875       1.43409729    
   75.0000000       72.3615875      0.393081665    
   78.7500000       72.3615875     -0.870590210    
   82.5000000       72.3615875      -1.10887146    
   86.2500000       72.3615875      -2.86668396    
   90.0000000       72.3615875      -4.39012146    
   93.7500000       72.3615875      -4.25730896    
   97.5000000       72.3615875      -2.67918396    
   101.250000       72.3615875      -1.47996521    
   105.000000       72.3615875     -0.372543335    
   108.750000       72.3615875      0.865737915    
   112.500000       72.3615875       1.73097229    
   116.250000       72.3615875       2.15870667    
   120.000000       72.3615875       3.67823792    
   123.750000       72.3615875       4.58058167    
   127.500000       72.3615875       4.00440979    
   131.250000       72.3615875       4.09620667    
   135.000000       72.3615875       3.17042542    
   138.750000       72.3615875       1.81495667    
   142.500000       72.3615875      0.164566040    
   146.250000       72.3615875     -0.638168335    
   150.000000       72.3615875      0.203628540    
   153.750000       72.3615875       4.16261292    
   157.500000       72.3615875       5.91651917    
   161.250000       72.3615875       7.64698792    
   165.000000       72.3615875       7.03565979    
   168.750000       72.3615875       6.27003479    
   172.500000       72.3615875       4.43800354    
   176.250000       72.3615875       1.84425354    
   180.000000       72.3615875       1.11378479    
   183.750000       72.3615875      0.469253540    
   187.500000       72.3615875      -5.02777100E-02
   191.250000       72.3615875       1.46144104    
   195.000000       72.3615875       3.79347229    
   198.750000       72.3615875       4.93995667    
   202.500000       72.3615875       5.66651917    
   206.250000       72.3615875       5.06495667    
   210.000000       72.3615875       4.12940979    
   213.750000       72.3615875       4.35597229    
   217.500000       72.3615875       3.97120667    
   221.250000       72.3615875       3.44972229    
   225.000000       72.3615875       2.47511292    
   228.750000       72.3615875      0.479019165    
   232.500000       72.3615875       1.87745667    
   236.250000       72.3615875       4.09034729    
   240.000000       72.3615875       4.40675354    
   243.750000       72.3615875       4.55519104    
   247.500000       72.3615875       3.92628479    
   251.250000       72.3615875      -1.37449646    
   255.000000       72.3615875      -10.3119965    
   258.750000       72.3615875      -11.6518402    
   262.500000       72.3615875      -9.53465271    
   266.250000       72.3615875      -6.53660583    
   270.000000       72.3615875      -5.34519958    
   273.750000       72.3615875      -5.73191833    
   277.500000       72.3615875      -3.84910583    
   281.250000       72.3615875      0.617691040    
   285.000000       72.3615875       1.10987854    
   288.750000       72.3615875     -0.954574585    
   292.500000       72.3615875      0.557144165    
   296.250000       72.3615875      0.715347290    
   300.000000       72.3615875       5.44776917    
   303.750000       72.3615875       7.47315979    
   307.500000       72.3615875       12.7212067    
   311.250000       72.3615875       10.2094879    
   315.000000       72.3615875       11.4770660    
   318.750000       72.3615875       9.36964417    
   322.500000       72.3615875       14.6313629    
   326.250000       72.3615875       15.8598785    
   330.000000       72.3615875       2.44972229    
   333.750000       72.3615875       6.40480042    
   337.500000       72.3615875       6.35597229    
   341.250000       72.3615875       5.86378479    
   345.000000       72.3615875       4.57276917    
   348.750000       72.3615875       3.05714417    
   352.500000       72.3615875       3.32862854    
   356.250000       72.3615875       1.55128479    
   360.000000       72.3615875       2.54933167    
   0.00000000       76.0702438       7.39308167    
   3.75000000       76.0702438       5.25440979    
   7.50000000       76.0702438       1.72511292    
   11.2500000       76.0702438      -2.51707458    
   15.0000000       76.0702438     -0.872543335    
   18.7500000       76.0702438       1.28761292    
   22.5000000       76.0702438       2.68019104    
   26.2500000       76.0702438       3.71144104    
   30.0000000       76.0702438       2.90675354    
   33.7500000       76.0702438       1.08448792    
   37.5000000       76.0702438      0.811050415    
   41.2500000       76.0702438     -0.630355835    
   45.0000000       76.0702438      -4.25340271    
   48.7500000       76.0702438      -5.64207458    
   52.5000000       76.0702438      -4.00340271    
   56.2500000       76.0702438      -2.28660583    
   60.0000000       76.0702438      -1.28855896    
   63.7500000       76.0702438      -7.30895996E-03
   67.5000000       76.0702438      0.771987915    
   71.2500000       76.0702438       2.00347900E-02
   75.0000000       76.0702438     -0.528793335    
   78.7500000       76.0702438      -2.10691833    
   82.5000000       76.0702438      -4.53269958    
   86.2500000       76.0702438      -6.38230896    
   90.0000000       76.0702438      -8.97019958    
   93.7500000       76.0702438      -10.8686371    
   97.5000000       76.0702438      -10.1811371    
   101.250000       76.0702438      -8.21824646    
   105.000000       76.0702438      -6.19285583    
   108.750000       76.0702438      -4.61668396    
   112.500000       76.0702438      -2.45457458    
   116.250000       76.0702438      0.564956665    
   120.000000       76.0702438       3.25245667    
   123.750000       76.0702438       3.95753479    
   127.500000       76.0702438       3.50050354    
   131.250000       76.0702438       2.31495667    
   135.000000       76.0702438       1.59815979    
   138.750000       76.0702438       1.55323792    
   142.500000       76.0702438       1.53956604    
   146.250000       76.0702438      0.732925415    
   150.000000       76.0702438     -0.579574585    
   153.750000       76.0702438      -1.60887146    
   157.500000       76.0702438     -0.325668335    
   161.250000       76.0702438       6.43605042    
   165.000000       76.0702438       8.41261292    
   168.750000       76.0702438       10.2544098    
   172.500000       76.0702438       11.9243317    
   176.250000       76.0702438       11.8227692    
   180.000000       76.0702438       11.0454254    
   183.750000       76.0702438       10.5688629    
   187.500000       76.0702438       10.1977692    
   191.250000       76.0702438       9.64112854    
   195.000000       76.0702438       9.42628479    
   198.750000       76.0702438       9.56495667    
   202.500000       76.0702438       9.78565979    
   206.250000       76.0702438       9.29933167    
   210.000000       76.0702438       8.50831604    
   213.750000       76.0702438       8.39894104    
   217.500000       76.0702438       7.88917542    
   221.250000       76.0702438       7.60987854    
   225.000000       76.0702438       7.83058167    
   228.750000       76.0702438       8.21534729    
   232.500000       76.0702438       7.18214417    
   236.250000       76.0702438       4.06886292    
   240.000000       76.0702438       2.13722229    
   243.750000       76.0702438     -0.411605835    
   247.500000       76.0702438      -7.56004333    
   251.250000       76.0702438      -8.52293396    
   255.000000       76.0702438      -7.56785583    
   258.750000       76.0702438      -7.01707458    
   262.500000       76.0702438      -7.15184021    
   266.250000       76.0702438      -6.74559021    
   270.000000       76.0702438      -6.35105896    
   273.750000       76.0702438      -8.82762146    
   277.500000       76.0702438      -6.44285583    
   281.250000       76.0702438      -7.19676208    
   285.000000       76.0702438      -4.84324646    
   288.750000       76.0702438      -4.42332458    
   292.500000       76.0702438      -5.31394958    
   296.250000       76.0702438      -4.95262146    
   300.000000       76.0702438       1.08448792    
   303.750000       76.0702438       7.69776917    
   307.500000       76.0702438       13.2485504    
   311.250000       76.0702438       17.7856598    
   315.000000       76.0702438       21.9829254    
   318.750000       76.0702438       25.5962067    
   322.500000       76.0702438       27.0571442    
   326.250000       76.0702438       21.8579254    
   330.000000       76.0702438       18.1801910    
   333.750000       76.0702438       10.7348785    
   337.500000       76.0702438       10.2973785    
   341.250000       76.0702438       8.21730042    
   345.000000       76.0702438       5.54151917    
   348.750000       76.0702438       4.60206604    
   352.500000       76.0702438       3.54151917    
   356.250000       76.0702438       3.35401917    
   360.000000       76.0702438       7.39308167    
   0.00000000       79.7770462       3.23292542    
   3.75000000       79.7770462       3.43409729    
   7.50000000       79.7770462       3.87355042    
   11.2500000       79.7770462       5.02980042    
   15.0000000       79.7770462       7.03370667    
   18.7500000       79.7770462       11.4809723    
   22.5000000       79.7770462       17.5434723    
   26.2500000       79.7770462       17.6176910    
   30.0000000       79.7770462       16.1840973    
   33.7500000       79.7770462       13.1606598    
   37.5000000       79.7770462       12.6059723    
   41.2500000       79.7770462       14.6919098    
   45.0000000       79.7770462       15.2661285    
   48.7500000       79.7770462       13.8735504    
   52.5000000       79.7770462       11.1919098    
   56.2500000       79.7770462       10.2954254    
   60.0000000       79.7770462       10.5532379    
   63.7500000       79.7770462       10.3735504    
   67.5000000       79.7770462       10.0434723    
   71.2500000       79.7770462       9.71144104    
   75.0000000       79.7770462       10.0512848    
   78.7500000       79.7770462       11.0219879    
   82.5000000       79.7770462       12.1567535    
   86.2500000       79.7770462       13.1352692    
   90.0000000       79.7770462       14.1001129    
   93.7500000       79.7770462       14.8051910    
   97.5000000       79.7770462       14.0102692    
   101.250000       79.7770462       13.7680817    
   105.000000       79.7770462       11.3657379    
   108.750000       79.7770462       8.23292542    
   112.500000       79.7770462       6.30323792    
   116.250000       79.7770462       4.00440979    
   120.000000       79.7770462       1.47120667    
   123.750000       79.7770462      0.479019165    
   127.500000       79.7770462      0.307144165    
   131.250000       79.7770462     -0.243637085    
   135.000000       79.7770462     -0.942855835    
   138.750000       79.7770462      -1.04441833    
   142.500000       79.7770462      -1.21043396    
   146.250000       79.7770462      -1.67527771    
   150.000000       79.7770462      -2.00144958    
   153.750000       79.7770462      -2.56199646    
   157.500000       79.7770462      -3.87840271    
   161.250000       79.7770462      -4.23777771    
   165.000000       79.7770462      -4.27293396    
   168.750000       79.7770462      -3.22019958    
   172.500000       79.7770462      0.506362915    
   176.250000       79.7770462       5.52980042    
   180.000000       79.7770462       8.93605042    
   183.750000       79.7770462       9.98878479    
   187.500000       79.7770462       9.93214417    
   191.250000       79.7770462       9.69386292    
   195.000000       79.7770462       9.45167542    
   198.750000       79.7770462       9.09230042    
   202.500000       79.7770462       8.66065979    
   206.250000       79.7770462       8.55909729    
   210.000000       79.7770462       8.16065979    
   213.750000       79.7770462       7.00050354    
   217.500000       79.7770462       5.35597229    
   221.250000       79.7770462       3.49269104    
   225.000000       79.7770462       2.41065979    
   228.750000       79.7770462      0.832534790    
   232.500000       79.7770462      0.273941040    
   236.250000       79.7770462     -0.647933960    
   240.000000       79.7770462      -2.65574646    
   243.750000       79.7770462      -6.33152771    
   247.500000       79.7770462      -6.34519958    
   251.250000       79.7770462      -4.29441833    
   255.000000       79.7770462      -3.02879333    
   258.750000       79.7770462      -3.30027771    
   262.500000       79.7770462      -3.08738708    
   266.250000       79.7770462      -2.04246521    
   270.000000       79.7770462      -2.30613708    
   273.750000       79.7770462      -1.49754333    
   277.500000       79.7770462     -0.364730835    
   281.250000       79.7770462      0.625503540    
   285.000000       79.7770462       1.91651917    
   288.750000       79.7770462       3.33058167    
   292.500000       79.7770462       5.06690979    
   296.250000       79.7770462       7.10206604    
   300.000000       79.7770462       8.43409729    
   303.750000       79.7770462       10.7016754    
   307.500000       79.7770462       13.3774567    
   311.250000       79.7770462       16.3481598    
   315.000000       79.7770462       17.5805817    
   318.750000       79.7770462       16.8618317    
   322.500000       79.7770462       15.2055817    
   326.250000       79.7770462       14.4048004    
   330.000000       79.7770462       11.7329254    
   333.750000       79.7770462       9.77589417    
   337.500000       79.7770462       8.42628479    
   341.250000       79.7770462       7.24269104    
   345.000000       79.7770462       5.85011292    
   348.750000       79.7770462       4.71339417    
   352.500000       79.7770462       4.26612854    
   356.250000       79.7770462       3.74855042    
   360.000000       79.7770462       3.23292542    
   0.00000000       83.4789200       6.43800354    
   3.75000000       83.4789200       5.29737854    
   7.50000000       83.4789200       4.24464417    
   11.2500000       83.4789200       3.40675354    
   15.0000000       83.4789200       2.93995667    
   18.7500000       83.4789200       2.96534729    
   22.5000000       83.4789200       3.47120667    
   26.2500000       83.4789200       4.39503479    
   30.0000000       83.4789200       5.81690979    
   33.7500000       83.4789200       7.67823792    
   37.5000000       83.4789200       9.54151917    
   41.2500000       83.4789200       11.0005035    
   45.0000000       83.4789200       12.0844879    
   48.7500000       83.4789200       12.8520660    
   52.5000000       83.4789200       13.1430817    
   56.2500000       83.4789200       12.7739410    
   60.0000000       83.4789200       11.5376129    
   63.7500000       83.4789200       10.0395660    
   67.5000000       83.4789200       9.09034729    
   71.2500000       83.4789200       8.53761292    
   75.0000000       83.4789200       7.49659729    
   78.7500000       83.4789200       5.97706604    
   82.5000000       83.4789200       4.58448792    
   86.2500000       83.4789200       3.61964417    
   90.0000000       83.4789200       3.13136292    
   93.7500000       83.4789200       2.85792542    
   97.5000000       83.4789200       2.37940979    
   101.250000       83.4789200       1.46534729    
   105.000000       83.4789200      0.541519165    
   108.750000       83.4789200      0.119644165    
   112.500000       83.4789200      -3.85589600E-02
   116.250000       83.4789200     -0.142074585    
   120.000000       83.4789200     -0.354965210    
   123.750000       83.4789200     -0.854965210    
   127.500000       83.4789200      -2.11473083    
   131.250000       83.4789200      -3.85887146    
   135.000000       83.4789200      -5.66941833    
   138.750000       83.4789200      -7.22801208    
   142.500000       83.4789200      -8.46434021    
   146.250000       83.4789200      -9.45066833    
   150.000000       83.4789200      -10.4994965    
   153.750000       83.4789200      -11.3940277    
   157.500000       83.4789200      -11.7241058    
   161.250000       83.4789200      -11.7690277    
   165.000000       83.4789200      -12.0209808    
   168.750000       83.4789200      -12.4858246    
   172.500000       83.4789200      -12.9330902    
   176.250000       83.4789200      -13.1928558    
   180.000000       83.4789200      -13.1225433    
   183.750000       83.4789200      -12.5034027    
   187.500000       83.4789200      -11.3139496    
   191.250000       83.4789200      -9.78465271    
   195.000000       83.4789200      -8.24559021    
   198.750000       83.4789200      -6.89402771    
   202.500000       83.4789200      -5.74754333    
   206.250000       83.4789200      -4.80809021    
   210.000000       83.4789200      -4.32371521    
   213.750000       83.4789200      -4.33934021    
   217.500000       83.4789200      -4.26121521    
   221.250000       83.4789200      -3.83738708    
   225.000000       83.4789200      -3.39793396    
   228.750000       83.4789200      -3.14793396    
   232.500000       83.4789200      -3.47605896    
   236.250000       83.4789200      -5.13621521    
   240.000000       83.4789200      -6.36668396    
   243.750000       83.4789200      -5.47605896    
   247.500000       83.4789200      -3.53660583    
   251.250000       83.4789200      -2.25340271    
   255.000000       83.4789200     -0.782699585    
   258.750000       83.4789200      0.418472290    
   262.500000       83.4789200      0.117691040    
   266.250000       83.4789200     -0.196762085    
   270.000000       83.4789200      -2.29339600E-02
   273.750000       83.4789200      0.330581665    
   277.500000       83.4789200      0.910659790    
   281.250000       83.4789200       1.86378479    
   285.000000       83.4789200       2.43800354    
   288.750000       83.4789200       2.90870667    
   292.500000       83.4789200       3.55128479    
   296.250000       83.4789200       4.42433167    
   300.000000       83.4789200       5.39503479    
   303.750000       83.4789200       6.25831604    
   307.500000       83.4789200       7.00050354    
   311.250000       83.4789200       7.81105042    
   315.000000       83.4789200       8.43409729    
   318.750000       83.4789200       8.34425354    
   322.500000       83.4789200       7.80323792    
   326.250000       83.4789200       7.16456604    
   330.000000       83.4789200       7.13722229    
   333.750000       83.4789200       7.08058167    
   337.500000       83.4789200       7.18019104    
   341.250000       83.4789200       7.68019104    
   345.000000       83.4789200       8.31690979    
   348.750000       83.4789200       8.45362854    
   352.500000       83.4789200       8.08253479    
   356.250000       83.4789200       7.42628479    
   360.000000       83.4789200       6.43800354    
   0.00000000       87.1590958       7.96534729    
   3.75000000       87.1590958       7.61964417    
   7.50000000       87.1590958       7.29737854    
   11.2500000       87.1590958       6.97901917    
   15.0000000       87.1590958       6.69190979    
   18.7500000       87.1590958       6.45558167    
   22.5000000       87.1590958       6.24073792    
   26.2500000       87.1590958       6.04737854    
   30.0000000       87.1590958       5.87355042    
   33.7500000       87.1590958       5.70753479    
   37.5000000       87.1590958       5.53565979    
   41.2500000       87.1590958       5.37355042    
   45.0000000       87.1590958       5.22901917    
   48.7500000       87.1590958       5.07276917    
   52.5000000       87.1590958       4.89503479    
   56.2500000       87.1590958       4.72511292    
   60.0000000       87.1590958       4.53565979    
   63.7500000       87.1590958       4.29347229    
   67.5000000       87.1590958       3.98487854    
   71.2500000       87.1590958       3.58644104    
   75.0000000       87.1590958       3.07667542    
   78.7500000       87.1590958       2.45167542    
   82.5000000       87.1590958       1.72315979    
   86.2500000       87.1590958      0.926284790    
   90.0000000       87.1590958       8.25347900E-02
   93.7500000       87.1590958     -0.769027710    
   97.5000000       87.1590958      -1.59910583    
   101.250000       87.1590958      -2.43699646    
   105.000000       87.1590958      -3.29246521    
   108.750000       87.1590958      -4.22605896    
   112.500000       87.1590958      -5.33738708    
   116.250000       87.1590958      -6.61863708    
   120.000000       87.1590958      -8.04441833    
   123.750000       87.1590958      -9.60691833    
   127.500000       87.1590958      -11.1674652    
   131.250000       87.1590958      -12.5932465    
   135.000000       87.1590958      -13.8588715    
   138.750000       87.1590958      -14.9330902    
   142.500000       87.1590958      -15.8295746    
   146.250000       87.1590958      -16.6557465    
   150.000000       87.1590958      -17.3784027    
   153.750000       87.1590958      -17.9682465    
   157.500000       87.1590958      -18.4877777    
   161.250000       87.1590958      -18.8784027    
   165.000000       87.1590958      -19.1264496    
   168.750000       87.1590958      -19.3256683    
   172.500000       87.1590958      -19.4604340    
   176.250000       87.1590958      -19.5600433    
   180.000000       87.1590958      -19.6967621    
   183.750000       87.1590958      -19.8491058    
   187.500000       87.1590958      -20.0287933    
   191.250000       87.1590958      -20.2963715    
   195.000000       87.1590958      -20.6323090    
   198.750000       87.1590958      -20.9955902    
   202.500000       87.1590958      -21.3315277    
   206.250000       87.1590958      -21.4819183    
   210.000000       87.1590958      -21.3178558    
   213.750000       87.1590958      -20.7299652    
   217.500000       87.1590958      -19.6069183    
   221.250000       87.1590958      -17.9643402    
   225.000000       87.1590958      -15.9252777    
   228.750000       87.1590958      -13.6127777    
   232.500000       87.1590958      -11.1733246    
   236.250000       87.1590958      -8.72996521    
   240.000000       87.1590958      -6.37840271    
   243.750000       87.1590958      -4.23582458    
   247.500000       87.1590958      -2.42723083    
   251.250000       87.1590958      -1.00926208    
   255.000000       87.1590958       8.44879150E-02
   258.750000       87.1590958      0.980972290    
   262.500000       87.1590958       1.75440979    
   266.250000       87.1590958       2.38331604    
   270.000000       87.1590958       2.85597229    
   273.750000       87.1590958       3.31690979    
   277.500000       87.1590958       3.93409729    
   281.250000       87.1590958       4.63722229    
   285.000000       87.1590958       5.24464417    
   288.750000       87.1590958       5.68409729    
   292.500000       87.1590958       5.98292542    
   296.250000       87.1590958       6.23878479    
   300.000000       87.1590958       6.54542542    
   303.750000       87.1590958       6.89112854    
   307.500000       87.1590958       7.24073792    
   311.250000       87.1590958       7.56690979    
   315.000000       87.1590958       7.87355042    
   318.750000       87.1590958       8.15480042    
   322.500000       87.1590958       8.39503479    
   326.250000       87.1590958       8.60597229    
   330.000000       87.1590958       8.78565979    
   333.750000       87.1590958       8.92628479    
   337.500000       87.1590958       9.01026917    
   341.250000       87.1590958       9.01026917    
   345.000000       87.1590958       8.94972229    
   348.750000       87.1590958       8.82081604    
   352.500000       87.1590958       8.59034729    
   356.250000       87.1590958       8.29933167    
   360.000000       87.1590958       7.96534729    
