   0.00000000      -87.1590958       6.66654669E-05
   3.75000000      -87.1590958       6.58608042E-05
   7.50000000      -87.1590958       6.55627809E-05
   11.2500000      -87.1590958       6.63972460E-05
   15.0000000      -87.1590958       6.70230947E-05
   18.7500000      -87.1590958       6.80661760E-05
   22.5000000      -87.1590958       7.09271990E-05
   26.2500000      -87.1590958       7.45332800E-05
   30.0000000      -87.1590958       7.76625238E-05
   33.7500000      -87.1590958       8.04639421E-05
   37.5000000      -87.1590958       8.25203024E-05
   41.2500000      -87.1590958       8.17752443E-05
   45.0000000      -87.1590958       7.63810240E-05
   48.7500000      -87.1590958       6.58608042E-05
   52.5000000      -87.1590958       5.17643057E-05
   56.2500000      -87.1590958       3.79658304E-05
   60.0000000      -87.1590958       2.88761221E-05
   63.7500000      -87.1590958       2.66707502E-05
   67.5000000      -87.1590958       3.03662382E-05
   71.2500000      -87.1590958       3.72803770E-05
   75.0000000      -87.1590958       4.47905622E-05
   78.7500000      -87.1590958       5.09894453E-05
   82.5000000      -87.1590958       5.49829565E-05
   86.2500000      -87.1590958       5.59068285E-05
   90.0000000      -87.1590958       5.26583754E-05
   93.7500000      -87.1590958       4.45819460E-05
   97.5000000      -87.1590958       3.19457613E-05
   101.250000      -87.1590958       1.70744024E-05
   105.000000      -87.1590958       4.88525257E-06
   108.750000      -87.1590958       3.85101885E-07
   112.500000      -87.1590958       3.78256664E-06
   116.250000      -87.1590958       9.92184505E-06
   120.000000      -87.1590958       1.57929026E-05
   123.750000      -87.1590958       2.01738440E-05
   127.500000      -87.1590958       1.82962976E-05
   131.250000      -87.1590958       1.00410543E-05
   135.000000      -87.1590958       5.04311174E-07
   138.750000      -87.1590958      -1.30259432E-05
   142.500000      -87.1590958      -3.16523947E-05
   146.250000      -87.1590958      -4.33349051E-05
   150.000000      -87.1590958      -4.02354635E-05
   153.750000      -87.1590958      -2.64071859E-05
   157.500000      -87.1590958      -5.96279278E-06
   161.250000      -87.1590958       1.34087168E-05
   165.000000      -87.1590958       2.22898088E-05
   168.750000      -87.1590958       2.12765299E-05
   172.500000      -87.1590958       1.51670538E-05
   176.250000      -87.1590958       9.89204273E-06
   180.000000      -87.1590958       9.26619396E-06
   183.750000      -87.1590958       4.76604328E-06
   187.500000      -87.1590958      -9.24104825E-06
   191.250000      -87.1590958      -2.67946161E-05
   195.000000      -87.1590958      -4.26792540E-05
   198.750000      -87.1590958      -4.58084978E-05
   202.500000      -87.1590958      -3.45134176E-05
   206.250000      -87.1590958      -3.58247198E-05
   210.000000      -87.1590958      -6.18421473E-05
   213.750000      -87.1590958      -8.26739706E-05
   217.500000      -87.1590958      -6.87860884E-05
   221.250000      -87.1590958      -3.27252783E-05
   225.000000      -87.1590958      -7.42310658E-06
   228.750000      -87.1590958       3.12691554E-06
   232.500000      -87.1590958       5.51110134E-06
   236.250000      -87.1590958      -5.99259511E-06
   240.000000      -87.1590958      -1.93142332E-05
   243.750000      -87.1590958      -2.45296396E-05
   247.500000      -87.1590958      -3.38577665E-05
   251.250000      -87.1590958      -4.05632891E-05
   255.000000      -87.1590958      -3.54372896E-05
   258.750000      -87.1590958      -3.62121500E-05
   262.500000      -87.1590958      -4.41991724E-05
   266.250000      -87.1590958      -4.33647074E-05
   270.000000      -87.1590958      -4.00566496E-05
   273.750000      -87.1590958      -4.28878702E-05
   277.500000      -87.1590958      -4.28580679E-05
   281.250000      -87.1590958      -3.42153944E-05
   285.000000      -87.1590958      -1.90162100E-05
   288.750000      -87.1590958      -9.56002623E-07
   292.500000      -87.1590958       1.22166239E-05
   296.250000      -87.1590958       1.61207281E-05
   300.000000      -87.1590958       1.63889490E-05
   303.750000      -87.1590958       2.02036463E-05
   307.500000      -87.1590958       2.80118547E-05
   311.250000      -87.1590958       3.55816446E-05
   315.000000      -87.1590958       4.00519930E-05
   318.750000      -87.1590958       4.22275625E-05
   322.500000      -87.1590958       4.37176786E-05
   326.250000      -87.1590958       4.53568064E-05
   330.000000      -87.1590958       4.83966433E-05
   333.750000      -87.1590958       5.33140264E-05
   337.500000      -87.1590958       5.75161539E-05
   341.250000      -87.1590958       5.97811304E-05
   345.000000      -87.1590958       6.21951185E-05
   348.750000      -87.1590958       6.42812811E-05
   352.500000      -87.1590958       6.50263391E-05
   356.250000      -87.1590958       6.60098158E-05
   360.000000      -87.1590958       6.66654669E-05
   0.00000000      -83.4789200       6.78873621E-05
   3.75000000      -83.4789200       7.31325708E-05
   7.50000000      -83.4789200       3.97241674E-05
   11.2500000      -83.4789200       9.68342647E-06
   15.0000000      -83.4789200       4.45521437E-05
   18.7500000      -83.4789200       6.72019087E-05
   22.5000000      -83.4789200       7.14338385E-05
   26.2500000      -83.4789200       8.02851282E-05
   30.0000000      -83.4789200       9.42326151E-05
   33.7500000      -83.4789200       1.05527695E-04
   37.5000000      -83.4789200       1.07017811E-04
   41.2500000      -83.4789200       1.01206359E-04
   45.0000000      -83.4789200       9.95374285E-05
   48.7500000      -83.4789200       8.57389532E-05
   52.5000000      -83.4789200       6.14500605E-05
   56.2500000      -83.4789200       4.56548296E-05
   60.0000000      -83.4789200       4.55356203E-05
   63.7500000      -83.4789200       5.53107820E-05
   67.5000000      -83.4789200       6.86324202E-05
   71.2500000      -83.4789200       7.05397688E-05
   75.0000000      -83.4789200       5.27179800E-05
   78.7500000      -83.4789200       2.44057737E-05
   82.5000000      -83.4789200       1.27828680E-05
   86.2500000      -83.4789200       8.61054286E-06
   90.0000000      -83.4789200       1.34683214E-05
   93.7500000      -83.4789200       3.22139822E-05
   97.5000000      -83.4789200       4.95291315E-05
   101.250000      -83.4789200       4.10056673E-05
   105.000000      -83.4789200       2.15149485E-05
   108.750000      -83.4789200       1.03688799E-05
   112.500000      -83.4789200       3.48454341E-06
   116.250000      -83.4789200      -9.00262967E-06
   120.000000      -83.4789200      -3.20696272E-05
   123.750000      -83.4789200      -2.77482904E-05
   127.500000      -83.4789200       7.41844997E-06
   131.250000      -83.4789200       2.28858553E-05
   135.000000      -83.4789200      -1.46054663E-05
   138.750000      -83.4789200      -5.62989153E-05
   142.500000      -83.4789200      -9.14358534E-05
   146.250000      -83.4789200      -1.16082374E-04
   150.000000      -83.4789200      -7.48061575E-05
   153.750000      -83.4789200       9.86224040E-06
   157.500000      -83.4789200       1.64485537E-05
   161.250000      -83.4789200      -1.87987462E-06
   165.000000      -83.4789200       4.79496084E-05
   168.750000      -83.4789200      -1.49630941E-05
   172.500000      -83.4789200      -1.32643618E-05
   176.250000      -83.4789200      -1.90758146E-05
   180.000000      -83.4789200      -2.58707441E-05
   183.750000      -83.4789200       3.00770625E-06
   187.500000      -83.4789200       1.62399374E-05
   191.250000      -83.4789200       2.41673551E-05
   195.000000      -83.4789200       3.70419584E-05
   198.750000      -83.4789200       1.91903673E-05
   202.500000      -83.4789200      -4.44375910E-05
   206.250000      -83.4789200      -8.43727030E-05
   210.000000      -83.4789200      -5.84446825E-05
   213.750000      -83.4789200      -2.36057676E-05
   217.500000      -83.4789200      -5.33694401E-06
   221.250000      -83.4789200      -7.89994374E-06
   225.000000      -83.4789200      -9.15164128E-06
   228.750000      -83.4789200      -7.60192052E-06
   232.500000      -83.4789200      -1.36815943E-05
   236.250000      -83.4789200      -1.97910704E-05
   240.000000      -83.4789200      -4.49363142E-07
   243.750000      -83.4789200       9.14698467E-06
   247.500000      -83.4789200       6.07734546E-06
   251.250000      -83.4789200      -3.72761860E-06
   255.000000      -83.4789200      -1.37113966E-05
   258.750000      -83.4789200      -2.64667906E-05
   262.500000      -83.4789200      -4.03248705E-05
   266.250000      -83.4789200      -4.42587771E-05
   270.000000      -83.4789200      -3.51690687E-05
   273.750000      -83.4789200      -2.71820463E-05
   277.500000      -83.4789200      -3.62419523E-05
   281.250000      -83.4789200      -6.35110773E-05
   285.000000      -83.4789200      -5.92791475E-05
   288.750000      -83.4789200      -4.58383001E-05
   292.500000      -83.4789200      -2.15494074E-05
   296.250000      -83.4789200       2.73562036E-05
   300.000000      -83.4789200       5.62942587E-05
   303.750000      -83.4789200       1.44517981E-05
   307.500000      -83.4789200       3.20351683E-05
   311.250000      -83.4789200       1.24252401E-05
   315.000000      -83.4789200      -2.89999880E-05
   318.750000      -83.4789200       7.15022907E-06
   322.500000      -83.4789200       5.80823980E-05
   326.250000      -83.4789200       3.14987265E-05
   330.000000      -83.4789200       2.97999941E-05
   333.750000      -83.4789200       1.74022280E-05
   337.500000      -83.4789200      -2.46786512E-05
   341.250000      -83.4789200      -5.04278578E-05
   345.000000      -83.4789200      -2.93874182E-05
   348.750000      -83.4789200       6.88200817E-06
   352.500000      -83.4789200       4.33004461E-05
   356.250000      -83.4789200       6.91092573E-05
   360.000000      -83.4789200       6.78873621E-05
   0.00000000      -79.7770462       2.29156576E-05
   3.75000000      -79.7770462       1.06072985E-05
   7.50000000      -79.7770462       2.61939131E-05
   11.2500000      -79.7770462       5.29862009E-05
   15.0000000      -79.7770462       6.20163046E-05
   18.7500000      -79.7770462       5.37610613E-05
   22.5000000      -79.7770462       4.33004461E-05
   26.2500000      -79.7770462       4.08566557E-05
   30.0000000      -79.7770462       4.18699346E-05
   33.7500000      -79.7770462       3.55518423E-05
   37.5000000      -79.7770462       3.22437845E-05
   41.2500000      -79.7770462       3.70717607E-05
   45.0000000      -79.7770462       4.18103300E-05
   48.7500000      -79.7770462       4.81880270E-05
   52.5000000      -79.7770462       4.98569570E-05
   56.2500000      -79.7770462       4.57740389E-05
   60.0000000      -79.7770462       4.48501669E-05
   63.7500000      -79.7770462       4.35388647E-05
   67.5000000      -79.7770462       4.53568064E-05
   71.2500000      -79.7770462       4.86946665E-05
   75.0000000      -79.7770462       5.40292822E-05
   78.7500000      -79.7770462       6.04963861E-05
   82.5000000      -79.7770462       6.32381998E-05
   86.2500000      -79.7770462       6.49369322E-05
   90.0000000      -79.7770462       6.06752001E-05
   93.7500000      -79.7770462       5.23007475E-05
   97.5000000      -79.7770462       3.34358774E-05
   101.250000      -79.7770462       7.83568248E-06
   105.000000      -79.7770462      -2.32183374E-05
   108.750000      -79.7770462      -2.62283720E-05
   112.500000      -79.7770462      -2.50572339E-06
   116.250000      -79.7770462      -3.25166620E-05
   120.000000      -79.7770462      -4.81032766E-05
   123.750000      -79.7770462      -4.43779863E-05
   127.500000      -79.7770462      -7.17584044E-07
   131.250000      -79.7770462       4.51183878E-05
   135.000000      -79.7770462       6.22635707E-06
   138.750000      -79.7770462      -3.68678011E-05
   142.500000      -79.7770462      -5.53154387E-05
   146.250000      -79.7770462      -9.17338766E-05
   150.000000      -79.7770462      -1.62445940E-05
   153.750000      -79.7770462      -2.93874182E-05
   157.500000      -79.7770462      -3.87663022E-06
   161.250000      -79.7770462      -1.30557455E-05
   165.000000      -79.7770462      -7.09020533E-05
   168.750000      -79.7770462      -9.97507013E-05
   172.500000      -79.7770462      -1.21774618E-04
   176.250000      -79.7770462      -1.36347953E-04
   180.000000      -79.7770462      -1.03028957E-04
   183.750000      -79.7770462      -2.58111395E-05
   187.500000      -79.7770462       3.18265520E-05
   191.250000      -79.7770462       1.79982744E-05
   195.000000      -79.7770462       7.21788965E-05
   198.750000      -79.7770462       1.12531241E-04
   202.500000      -79.7770462       8.97026621E-05
   206.250000      -79.7770462       2.63131224E-05
   210.000000      -79.7770462       6.05559908E-05
   213.750000      -79.7770462       7.79605471E-05
   217.500000      -79.7770462       7.04205595E-05
   221.250000      -79.7770462       4.56846319E-05
   225.000000      -79.7770462      -3.10176983E-06
   228.750000      -79.7770462      -5.12027182E-05
   232.500000      -79.7770462      -7.36350194E-06
   236.250000      -79.7770462      -1.55889429E-05
   240.000000      -79.7770462      -2.33673491E-05
   243.750000      -79.7770462       1.58525072E-05
   247.500000      -79.7770462      -2.56621279E-05
   251.250000      -79.7770462       1.57719478E-06
   255.000000      -79.7770462       3.09324823E-05
   258.750000      -79.7770462       6.46389090E-05
   262.500000      -79.7770462       4.52972017E-05
   266.250000      -79.7770462       3.60375270E-06
   270.000000      -79.7770462       1.18589960E-05
   273.750000      -79.7770462      -3.05199064E-05
   277.500000      -79.7770462      -1.23106875E-05
   281.250000      -79.7770462       1.53756700E-05
   285.000000      -79.7770462      -1.82115473E-05
   288.750000      -79.7770462      -5.61499037E-05
   292.500000      -79.7770462      -4.34541143E-05
   296.250000      -79.7770462      -3.87751497E-05
   300.000000      -79.7770462      -3.68976034E-05
   303.750000      -79.7770462      -5.41531481E-05
   307.500000      -79.7770462      -8.41640867E-05
   311.250000      -79.7770462      -9.43266787E-05
   315.000000      -79.7770462      -2.11211387E-04
   318.750000      -79.7770462      -7.16173090E-05
   322.500000      -79.7770462       4.22275625E-05
   326.250000      -79.7770462       1.30263623E-04
   330.000000      -79.7770462       6.98841177E-05
   333.750000      -79.7770462       2.30646692E-05
   337.500000      -79.7770462       6.76279888E-06
   341.250000      -79.7770462       2.12765299E-05
   345.000000      -79.7770462       4.41945158E-05
   348.750000      -79.7770462       5.11980616E-05
   352.500000      -79.7770462       3.01874243E-05
   356.250000      -79.7770462       2.58958898E-05
   360.000000      -79.7770462       2.29156576E-05
   0.00000000      -76.0702438       7.00121745E-06
   3.75000000      -76.0702438      -6.39879145E-05
   7.50000000      -76.0702438       5.45149669E-06
   11.2500000      -76.0702438       8.07917677E-05
   15.0000000      -76.0702438       6.97351061E-05
   18.7500000      -76.0702438       5.82314096E-05
   22.5000000      -76.0702438       9.35560092E-06
   26.2500000      -76.0702438      -5.46001829E-05
   30.0000000      -76.0702438      -3.60631384E-05
   33.7500000      -76.0702438      -1.29365362E-05
   37.5000000      -76.0702438      -7.98935071E-06
   41.2500000      -76.0702438       2.96807848E-05
   45.0000000      -76.0702438       3.72207724E-05
   48.7500000      -76.0702438       4.08268534E-05
   52.5000000      -76.0702438       4.63104807E-05
   56.2500000      -76.0702438       4.21381555E-05
   60.0000000      -76.0702438       1.85943209E-05
   63.7500000      -76.0702438      -4.60171141E-05
   67.5000000      -76.0702438      -3.40663828E-05
   71.2500000      -76.0702438      -5.32590784E-05
   75.0000000      -76.0702438      -8.52667727E-05
   78.7500000      -76.0702438      -6.20209612E-05
   82.5000000      -76.0702438      -3.13543715E-05
   86.2500000      -76.0702438      -1.98208727E-05
   90.0000000      -76.0702438      -1.21616758E-05
   93.7500000      -76.0702438       1.45412050E-05
   97.5000000      -76.0702438       5.17345034E-05
   101.250000      -76.0702438       5.31948172E-05
   105.000000      -76.0702438       6.15692697E-05
   108.750000      -76.0702438       4.17507254E-05
   112.500000      -76.0702438       1.55246817E-05
   116.250000      -76.0702438       1.95777975E-05
   120.000000      -76.0702438       1.37365423E-05
   123.750000      -76.0702438      -1.39200129E-05
   127.500000      -76.0702438       2.65813433E-05
   131.250000      -76.0702438       4.33302484E-05
   135.000000      -76.0702438      -3.01026739E-05
   138.750000      -76.0702438      -5.42425551E-05
   142.500000      -76.0702438       5.77932224E-06
   146.250000      -76.0702438      -2.54833139E-05
   150.000000      -76.0702438      -6.71767630E-05
   153.750000      -76.0702438       1.02198683E-05
   157.500000      -76.0702438      -7.14086927E-05
   161.250000      -76.0702438      -1.56187452E-05
   165.000000      -76.0702438      -4.30368818E-05
   168.750000      -76.0702438      -2.81357206E-05
   172.500000      -76.0702438      -5.22457995E-05
   176.250000      -76.0702438      -8.95583071E-05
   180.000000      -76.0702438      -1.00644771E-04
   183.750000      -76.0702438      -7.82334246E-05
   187.500000      -76.0702438      -5.46299852E-05
   191.250000      -76.0702438       2.70581804E-05
   195.000000      -76.0702438      -5.27524389E-05
   198.750000      -76.0702438      -5.68055548E-05
   202.500000      -76.0702438      -3.08775343E-05
   206.250000      -76.0702438       1.67465769E-05
   210.000000      -76.0702438       7.06291758E-05
   213.750000      -76.0702438       9.37557779E-05
   217.500000      -76.0702438       4.55952249E-05
   221.250000      -76.0702438       1.78790651E-05
   225.000000      -76.0702438      -4.03248705E-05
   228.750000      -76.0702438      -5.60516492E-06
   232.500000      -76.0702438      -3.81702557E-06
   236.250000      -76.0702438      -2.56621279E-05
   240.000000      -76.0702438      -1.45458616E-05
   243.750000      -76.0702438      -4.36031260E-05
   247.500000      -76.0702438      -3.04901041E-05
   251.250000      -76.0702438      -4.71109524E-06
   255.000000      -76.0702438      -1.56187452E-05
   258.750000      -76.0702438       1.26040541E-05
   262.500000      -76.0702438       8.53217207E-05
   266.250000      -76.0702438       5.39696775E-05
   270.000000      -76.0702438      -3.81702557E-06
   273.750000      -76.0702438      -7.27409497E-06
   277.500000      -76.0702438      -2.49766745E-05
   281.250000      -76.0702438      -3.36999074E-06
   285.000000      -76.0702438       2.47634016E-05
   288.750000      -76.0702438       1.63889490E-05
   292.500000      -76.0702438      -1.91652216E-05
   296.250000      -76.0702438      -2.46786512E-05
   300.000000      -76.0702438      -3.85963358E-05
   303.750000      -76.0702438      -3.46624292E-05
   307.500000      -76.0702438      -4.86397184E-05
   311.250000      -76.0702438      -8.91112722E-05
   315.000000      -76.0702438      -1.16380397E-04
   318.750000      -76.0702438      -3.39769758E-05
   322.500000      -76.0702438      -5.52260317E-05
   326.250000      -76.0702438      -2.15792097E-05
   330.000000      -76.0702438       1.01176556E-04
   333.750000      -76.0702438       7.88844191E-05
   337.500000      -76.0702438       3.28696333E-05
   341.250000      -76.0702438       2.50018202E-05
   345.000000      -76.0702438       5.63836657E-05
   348.750000      -76.0702438       6.71721064E-05
   352.500000      -76.0702438       5.49531542E-05
   356.250000      -76.0702438       7.60531984E-05
   360.000000      -76.0702438       7.00121745E-06
   0.00000000      -72.3615875       1.96672045E-05
   3.75000000      -72.3615875       4.84562479E-05
   7.50000000      -72.3615875       4.41349111E-05
   11.2500000      -72.3615875       1.35389622E-04
   15.0000000      -72.3615875       7.83181749E-05
   18.7500000      -72.3615875       2.80714594E-05
   22.5000000      -72.3615875       1.46604143E-05
   26.2500000      -72.3615875       4.72343527E-05
   30.0000000      -72.3615875       3.67737375E-05
   33.7500000      -72.3615875       4.11248766E-05
   37.5000000      -72.3615875       2.92337500E-05
   41.2500000      -72.3615875       2.68793665E-05
   45.0000000      -72.3615875       1.93095766E-05
   48.7500000      -72.3615875      -1.80029310E-05
   52.5000000      -72.3615875      -4.91971150E-06
   56.2500000      -72.3615875       2.98894010E-05
   60.0000000      -72.3615875       3.09026800E-05
   63.7500000      -72.3615875       3.98731790E-05
   67.5000000      -72.3615875       4.96185385E-05
   71.2500000      -72.3615875       1.29914843E-05
   75.0000000      -72.3615875       3.57395038E-06
   78.7500000      -72.3615875       7.20983371E-06
   82.5000000      -72.3615875       8.96817073E-06
   86.2500000      -72.3615875       5.05126081E-05
   90.0000000      -72.3615875       6.63078390E-05
   93.7500000      -72.3615875       3.17967497E-05
   97.5000000      -72.3615875       2.69389711E-05
   101.250000      -72.3615875      -2.07447447E-05
   105.000000      -72.3615875       2.56067142E-06
   108.750000      -72.3615875       2.72071920E-05
   112.500000      -72.3615875       5.88870607E-05
   116.250000      -72.3615875       6.56521879E-05
   120.000000      -72.3615875       7.31921755E-05
   123.750000      -72.3615875      -1.59763731E-05
   127.500000      -72.3615875       3.27592716E-06
   131.250000      -72.3615875      -1.32345594E-05
   135.000000      -72.3615875      -7.69132748E-06
   138.750000      -72.3615875      -3.13245691E-05
   142.500000      -72.3615875       1.16205774E-05
   146.250000      -72.3615875      -2.13705935E-05
   150.000000      -72.3615875      -3.94904055E-05
   153.750000      -72.3615875       2.36011110E-05
   157.500000      -72.3615875      -9.05715860E-05
   161.250000      -72.3615875      -2.99238600E-05
   165.000000      -72.3615875      -4.95635904E-05
   168.750000      -72.3615875       3.03960405E-05
   172.500000      -72.3615875       7.44825229E-06
   176.250000      -72.3615875       1.43623911E-05
   180.000000      -72.3615875       1.96672045E-05
   183.750000      -72.3615875       9.68342647E-06
   187.500000      -72.3615875      -4.35346738E-06
   191.250000      -72.3615875      -7.18468800E-06
   195.000000      -72.3615875       4.61703166E-06
   198.750000      -72.3615875      -5.97857870E-05
   202.500000      -72.3615875      -1.11224595E-04
   206.250000      -72.3615875      -9.89758410E-05
   210.000000      -72.3615875      -7.90678896E-05
   213.750000      -72.3615875      -1.62147917E-05
   217.500000      -72.3615875       1.91009603E-05
   221.250000      -72.3615875      -2.04467215E-05
   225.000000      -72.3615875      -9.45352949E-05
   228.750000      -72.3615875      -4.25004400E-05
   232.500000      -72.3615875       9.65273939E-05
   236.250000      -72.3615875       1.93691812E-05
   240.000000      -72.3615875      -1.43670477E-05
   243.750000      -72.3615875      -1.01947226E-05
   247.500000      -72.3615875       5.46551310E-05
   251.250000      -72.3615875       4.95291315E-05
   255.000000      -72.3615875       4.42243181E-05
   258.750000      -72.3615875       3.18861566E-05
   262.500000      -72.3615875       3.69227491E-05
   266.250000      -72.3615875       1.46902166E-05
   270.000000      -72.3615875      -8.40658322E-06
   273.750000      -72.3615875       1.37961470E-05
   277.500000      -72.3615875      -7.47386366E-07
   281.250000      -72.3615875      -5.60516492E-06
   285.000000      -72.3615875      -7.95149244E-05
   288.750000      -72.3615875      -1.17751304E-04
   292.500000      -72.3615875      -7.05742277E-05
   296.250000      -72.3615875      -4.13381495E-05
   300.000000      -72.3615875      -3.64207663E-05
   303.750000      -72.3615875      -5.91003336E-05
   307.500000      -72.3615875      -3.86559404E-05
   311.250000      -72.3615875      -1.24596991E-05
   315.000000      -72.3615875      -1.69300474E-05
   318.750000      -72.3615875      -4.78946604E-05
   322.500000      -72.3615875      -5.00911847E-06
   326.250000      -72.3615875      -4.16957773E-05
   330.000000      -72.3615875      -5.72823919E-05
   333.750000      -72.3615875       5.94235025E-05
   337.500000      -72.3615875       4.28534113E-05
   341.250000      -72.3615875      -7.92974606E-06
   345.000000      -72.3615875       5.12874685E-05
   348.750000      -72.3615875       4.19891439E-05
   352.500000      -72.3615875      -3.85963358E-05
   356.250000      -72.3615875       5.43571077E-05
   360.000000      -72.3615875       1.96672045E-05
   0.00000000      -68.6520157      -8.49091448E-05
   3.75000000      -68.6520157      -6.00838102E-05
   7.50000000      -68.6520157      -2.80761160E-05
   11.2500000      -68.6520157      -3.61823477E-05
   15.0000000      -68.6520157      -2.47680582E-05
   18.7500000      -68.6520157       2.09785067E-05
   22.5000000      -68.6520157      -4.38415445E-05
   26.2500000      -68.6520157      -8.89026560E-05
   30.0000000      -68.6520157      -6.10076822E-05
   33.7500000      -68.6520157       2.62535177E-05
   37.5000000      -68.6520157       1.99442729E-06
   41.2500000      -68.6520157      -7.25411810E-05
   45.0000000      -68.6520157      -3.42959538E-06
   48.7500000      -68.6520157       8.19331035E-06
   52.5000000      -68.6520157      -3.40961851E-05
   56.2500000      -68.6520157      -9.00262967E-06
   60.0000000      -68.6520157       4.22871672E-05
   63.7500000      -68.6520157       6.15990721E-05
   67.5000000      -68.6520157       1.38259493E-05
   71.2500000      -68.6520157       2.42269598E-05
   75.0000000      -68.6520157       4.04692255E-05
   78.7500000      -68.6520157      -2.61985697E-05
   82.5000000      -68.6520157       5.63915819E-07
   86.2500000      -68.6520157       3.40319239E-05
   90.0000000      -68.6520157      -9.62847844E-06
   93.7500000      -68.6520157       5.68307005E-05
   97.5000000      -68.6520157       7.51293264E-05
   101.250000      -68.6520157       7.23875128E-05
   105.000000      -68.6520157       1.26717146E-04
   108.750000      -68.6520157       8.25203024E-05
   112.500000      -68.6520157       1.69551931E-05
   116.250000      -68.6520157      -1.13272108E-05
   120.000000      -68.6520157       6.22845255E-05
   123.750000      -68.6520157       1.28594693E-04
   127.500000      -68.6520157       1.04484614E-04
   131.250000      -68.6520157      -4.77754511E-05
   135.000000      -68.6520157      -5.05172648E-05
   138.750000      -68.6520157      -6.05904497E-05
   142.500000      -68.6520157      -8.96775164E-05
   146.250000      -68.6520157      -9.09203663E-06
   150.000000      -68.6520157       1.78581104E-06
   153.750000      -68.6520157      -6.37196936E-05
   157.500000      -68.6520157      -3.90731730E-05
   161.250000      -68.6520157       7.71647319E-06
   165.000000      -68.6520157      -2.32830644E-09
   168.750000      -68.6520157      -1.54101290E-05
   172.500000      -68.6520157       3.57008539E-05
   176.250000      -68.6520157      -9.00262967E-06
   180.000000      -68.6520157      -2.41631642E-06
   183.750000      -68.6520157       8.43172893E-06
   187.500000      -68.6520157       3.57395038E-06
   191.250000      -68.6520157       2.56067142E-06
   195.000000      -68.6520157       5.63031062E-06
   198.750000      -68.6520157       1.07265078E-05
   202.500000      -68.6520157      -9.47141089E-05
   206.250000      -68.6520157       7.65300356E-05
   210.000000      -68.6520157       8.37212428E-06
   213.750000      -68.6520157      -1.53505243E-05
   217.500000      -68.6520157      -2.05957331E-05
   221.250000      -68.6520157       3.02470289E-05
   225.000000      -68.6520157       7.20298849E-05
   228.750000      -68.6520157      -1.64898578E-04
   232.500000      -68.6520157      -2.72714533E-05
   236.250000      -68.6520157      -1.02105085E-04
   240.000000      -68.6520157       1.42133795E-05
   243.750000      -68.6520157       2.02930532E-05
   247.500000      -68.6520157       3.17073427E-05
   251.250000      -68.6520157       4.49991785E-05
   255.000000      -68.6520157       5.23007475E-05
   258.750000      -68.6520157       3.82042490E-05
   262.500000      -68.6520157       5.57070598E-06
   266.250000      -68.6520157      -3.66801396E-06
   270.000000      -68.6520157      -4.74178232E-05
   273.750000      -68.6520157      -4.61363234E-05
   277.500000      -68.6520157      -2.24136747E-05
   281.250000      -68.6520157      -4.01460566E-05
   285.000000      -68.6520157       2.50614248E-05
   288.750000      -68.6520157       1.04425009E-04
   292.500000      -68.6520157      -3.98778357E-05
   296.250000      -68.6520157      -3.51392664E-05
   300.000000      -68.6520157       8.69994983E-06
   303.750000      -68.6520157       6.93774782E-05
   307.500000      -68.6520157       6.32978044E-05
   311.250000      -68.6520157      -4.90867533E-05
   315.000000      -68.6520157      -7.32266344E-05
   318.750000      -68.6520157       1.10841356E-05
   322.500000      -68.6520157      -4.51528467E-05
   326.250000      -68.6520157      -4.77069989E-06
   330.000000      -68.6520157      -2.77184881E-05
   333.750000      -68.6520157      -1.07311644E-05
   337.500000      -68.6520157      -1.41593162E-04
   341.250000      -68.6520157       5.45359217E-05
   345.000000      -68.6520157       3.26908194E-05
   348.750000      -68.6520157       6.34170137E-05
   352.500000      -68.6520157      -1.46650709E-05
   356.250000      -68.6520157      -5.74314035E-05
   360.000000      -68.6520157      -8.49091448E-05
   0.00000000      -64.9419479      -9.89460386E-05
   3.75000000      -64.9419479      -1.09347049E-04
   7.50000000      -64.9419479      -8.31210054E-05
   11.2500000      -64.9419479      -3.06987204E-05
   15.0000000      -64.9419479       1.85645185E-05
   18.7500000      -64.9419479       5.27775846E-05
   22.5000000      -64.9419479       2.83992849E-05
   26.2500000      -64.9419479      -3.74936499E-05
   30.0000000      -64.9419479      -1.10589899E-05
   33.7500000      -64.9419479       1.26934610E-05
   37.5000000      -64.9419479      -2.93576159E-05
   41.2500000      -64.9419479      -2.40230002E-05
   45.0000000      -64.9419479       8.46153125E-06
   48.7500000      -64.9419479      -9.89669934E-06
   52.5000000      -64.9419479      -3.82387079E-05
   56.2500000      -64.9419479      -5.90705313E-05
   60.0000000      -64.9419479      -6.23487867E-05
   63.7500000      -64.9419479      -5.45405783E-05
   67.5000000      -64.9419479       3.00980173E-05
   71.2500000      -64.9419479      -3.87663022E-06
   75.0000000      -64.9419479       7.38776289E-05
   78.7500000      -64.9419479       1.78492628E-05
   82.5000000      -64.9419479      -1.46352686E-05
   86.2500000      -64.9419479      -3.35299410E-05
   90.0000000      -64.9419479       3.66335735E-06
   93.7500000      -64.9419479       8.16560350E-05
   97.5000000      -64.9419479       4.54760157E-05
   101.250000      -64.9419479      -1.03833620E-04
   105.000000      -64.9419479       4.15123068E-05
   108.750000      -64.9419479       9.87625681E-05
   112.500000      -64.9419479      -5.27822413E-05
   116.250000      -64.9419479       7.52485357E-05
   120.000000      -64.9419479       4.23169695E-05
   123.750000      -64.9419479      -7.70115294E-05
   127.500000      -64.9419479       5.45657240E-05
   131.250000      -64.9419479       5.29563986E-05
   135.000000      -64.9419479       8.29375349E-05
   138.750000      -64.9419479       5.48041426E-05
   142.500000      -64.9419479      -2.47480813E-04
   146.250000      -64.9419479      -1.24278013E-04
   150.000000      -64.9419479      -6.84582628E-05
   153.750000      -64.9419479      -6.05308451E-05
   157.500000      -64.9419479      -8.81277956E-05
   161.250000      -64.9419479      -4.58084978E-05
   165.000000      -64.9419479      -6.02626242E-05
   168.750000      -64.9419479      -2.01785006E-05
   172.500000      -64.9419479       1.94883905E-05
   176.250000      -64.9419479      -2.60495581E-05
   180.000000      -64.9419479      -3.02814879E-05
   183.750000      -64.9419479      -4.86010686E-06
   187.500000      -64.9419479      -3.85367312E-05
   191.250000      -64.9419479       8.26395117E-05
   195.000000      -64.9419479       7.65896402E-05
   198.750000      -64.9419479      -1.14860479E-04
   202.500000      -64.9419479      -1.80991832E-04
   206.250000      -64.9419479      -1.32771675E-04
   210.000000      -64.9419479      -1.16618816E-04
   213.750000      -64.9419479      -5.45107760E-05
   217.500000      -64.9419479       3.50750051E-05
   221.250000      -64.9419479      -3.40663828E-05
   225.000000      -64.9419479      -1.90162100E-05
   228.750000      -64.9419479       4.94695269E-05
   232.500000      -64.9419479       1.44181307E-04
   236.250000      -64.9419479      -1.91810075E-04
   240.000000      -64.9419479      -8.30017962E-05
   243.750000      -64.9419479      -1.75895635E-04
   247.500000      -64.9419479       4.68171202E-05
   251.250000      -64.9419479       1.96672045E-05
   255.000000      -64.9419479      -3.42451967E-05
   258.750000      -64.9419479      -3.27252783E-05
   262.500000      -64.9419479      -9.74768773E-06
   266.250000      -64.9419479      -1.70194544E-05
   270.000000      -64.9419479      -8.66674818E-05
   273.750000      -64.9419479       1.75810419E-05
   277.500000      -64.9419479      -6.57462515E-05
   281.250000      -64.9419479       2.11275183E-05
   285.000000      -64.9419479      -1.75120775E-04
   288.750000      -64.9419479      -5.67161478E-05
   292.500000      -64.9419479      -9.64128412E-05
   296.250000      -64.9419479      -2.81655230E-05
   300.000000      -64.9419479       5.30458055E-05
   303.750000      -64.9419479      -9.12183896E-06
   307.500000      -64.9419479      -2.36653723E-05
   311.250000      -64.9419479       5.22709452E-05
   315.000000      -64.9419479       3.64459120E-05
   318.750000      -64.9419479       5.30160032E-05
   322.500000      -64.9419479      -3.76128592E-05
   326.250000      -64.9419479      -1.03565399E-04
   330.000000      -64.9419479      -2.94470228E-05
   333.750000      -64.9419479      -8.73440877E-06
   337.500000      -64.9419479      -9.49227251E-05
   341.250000      -64.9419479      -1.67512335E-05
   345.000000      -64.9419479      -9.39005986E-06
   348.750000      -64.9419479      -4.86993231E-05
   352.500000      -64.9419479       1.17099844E-05
   356.250000      -64.9419479      -1.52739231E-04
   360.000000      -64.9419479      -9.89460386E-05
   0.00000000      -61.2315712      -2.39633955E-05
   3.75000000      -61.2315712       1.14417635E-05
   7.50000000      -61.2315712      -4.13083471E-05
   11.2500000      -61.2315712      -1.82413496E-05
   15.0000000      -61.2315712      -3.04216519E-06
   18.7500000      -61.2315712       1.15749892E-04
   22.5000000      -61.2315712      -5.31398691E-05
   26.2500000      -61.2315712       1.43623911E-05
   30.0000000      -61.2315712       1.40941702E-05
   33.7500000      -61.2315712       4.53866087E-05
   37.5000000      -61.2315712       2.65892595E-07
   41.2500000      -61.2315712      -6.56866468E-05
   45.0000000      -61.2315712      -7.39120878E-05
   48.7500000      -61.2315712      -4.25898470E-05
   52.5000000      -61.2315712       2.31838785E-05
   56.2500000      -61.2315712       5.07212244E-05
   60.0000000      -61.2315712       7.67684542E-05
   63.7500000      -61.2315712      -6.90841116E-05
   67.5000000      -61.2315712      -7.48657621E-05
   71.2500000      -61.2315712      -1.78837217E-05
   75.0000000      -61.2315712      -2.77394429E-06
   78.7500000      -61.2315712      -1.08601991E-04
   82.5000000      -61.2315712      -7.49849714E-05
   86.2500000      -61.2315712      -5.00702299E-05
   90.0000000      -61.2315712      -8.89026560E-05
   93.7500000      -61.2315712      -1.15337316E-04
   97.5000000      -61.2315712      -6.47329725E-05
   101.250000      -61.2315712      -3.12649645E-05
   105.000000      -61.2315712      -5.47491945E-05
   108.750000      -61.2315712       1.26636587E-05
   112.500000      -61.2315712      -7.79950060E-05
   116.250000      -61.2315712       2.21705996E-05
   120.000000      -61.2315712       7.00121745E-06
   123.750000      -61.2315712      -3.04304995E-05
   127.500000      -61.2315712      -9.56002623E-07
   131.250000      -61.2315712       3.54326330E-05
   135.000000      -61.2315712       4.79584560E-06
   138.750000      -61.2315712      -4.03248705E-05
   142.500000      -61.2315712       1.19087752E-04
   146.250000      -61.2315712       1.18074473E-04
   150.000000      -61.2315712       4.55952249E-05
   153.750000      -61.2315712      -5.24544157E-05
   157.500000      -61.2315712      -1.53692905E-04
   161.250000      -61.2315712      -1.80067960E-04
   165.000000      -61.2315712      -1.81200448E-04
   168.750000      -61.2315712      -1.77892391E-04
   172.500000      -61.2315712      -1.37212221E-04
   176.250000      -61.2315712      -7.84420408E-05
   180.000000      -61.2315712      -6.78622164E-05
   183.750000      -61.2315712      -2.71820463E-05
   187.500000      -61.2315712      -1.60955824E-05
   191.250000      -61.2315712      -7.64750876E-05
   195.000000      -61.2315712      -2.91788019E-05
   198.750000      -61.2315712       2.60747038E-05
   202.500000      -61.2315712       8.07410106E-06
   206.250000      -61.2315712      -5.85936941E-05
   210.000000      -61.2315712       5.31054102E-05
   213.750000      -61.2315712       1.36769377E-05
   217.500000      -61.2315712       1.38259493E-05
   221.250000      -61.2315712      -4.80050221E-06
   225.000000      -61.2315712      -2.05868855E-06
   228.750000      -61.2315712       3.88897024E-05
   232.500000      -61.2315712       2.02632509E-05
   236.250000      -61.2315712       1.53458677E-05
   240.000000      -61.2315712       3.14391218E-05
   243.750000      -61.2315712       1.41537748E-05
   247.500000      -61.2315712      -1.81617681E-04
   251.250000      -61.2315712       3.54326330E-05
   255.000000      -61.2315712      -4.42885794E-05
   258.750000      -61.2315712       5.93937002E-05
   262.500000      -61.2315712       3.34358774E-05
   266.250000      -61.2315712      -3.04304995E-05
   270.000000      -61.2315712      -6.49713911E-05
   273.750000      -61.2315712      -3.72254290E-05
   277.500000      -61.2315712      -4.17255796E-05
   281.250000      -61.2315712       8.34441744E-05
   285.000000      -61.2315712       1.91903673E-05
   288.750000      -61.2315712      -1.25172082E-04
   292.500000      -61.2315712      -7.31670298E-05
   296.250000      -61.2315712       1.21570192E-05
   300.000000      -61.2315712      -6.47925772E-05
   303.750000      -61.2315712       9.97758470E-05
   307.500000      -61.2315712       7.17914663E-05
   311.250000      -61.2315712      -4.04440798E-05
   315.000000      -61.2315712       1.11735426E-05
   318.750000      -61.2315712       7.18510710E-05
   322.500000      -61.2315712       7.13146292E-05
   326.250000      -61.2315712      -1.52500812E-04
   330.000000      -61.2315712      -4.45269980E-05
   333.750000      -61.2315712      -1.21148769E-04
   337.500000      -61.2315712      -4.35733236E-05
   341.250000      -61.2315712      -2.59601511E-05
   345.000000      -61.2315712      -5.04874624E-05
   348.750000      -61.2315712      -3.80002894E-05
   352.500000      -61.2315712      -5.99259511E-06
   356.250000      -61.2315712      -9.53907147E-06
   360.000000      -61.2315712      -2.39633955E-05
   0.00000000      -57.5209885      -1.09138433E-04
   3.75000000      -57.5209885      -8.00215639E-05
   7.50000000      -57.5209885      -4.05036844E-05
   11.2500000      -57.5209885      -4.10401262E-05
   15.0000000      -57.5209885      -3.50200571E-05
   18.7500000      -57.5209885      -4.11504880E-06
   22.5000000      -57.5209885      -1.90758146E-05
   26.2500000      -57.5209885       2.82502733E-05
   30.0000000      -57.5209885      -2.44104303E-05
   33.7500000      -57.5209885       6.28209673E-05
   37.5000000      -57.5209885       2.30050646E-05
   41.2500000      -57.5209885       5.86188398E-05
   45.0000000      -57.5209885       1.73426233E-05
   48.7500000      -57.5209885      -8.45813192E-05
   52.5000000      -57.5209885      -2.26730481E-06
   56.2500000      -57.5209885       3.87197360E-06
   60.0000000      -57.5209885       3.02470289E-05
   63.7500000      -57.5209885       3.95751558E-05
   67.5000000      -57.5209885       3.51048075E-05
   71.2500000      -57.5209885       6.73299655E-06
   75.0000000      -57.5209885      -9.12868418E-05
   78.7500000      -57.5209885      -4.77158464E-05
   82.5000000      -57.5209885      -8.37766565E-05
   86.2500000      -57.5209885      -3.91625799E-05
   90.0000000      -57.5209885      -5.16795553E-05
   93.7500000      -57.5209885      -6.55972399E-05
   97.5000000      -57.5209885      -9.33730043E-05
   101.250000      -57.5209885      -4.11891378E-05
   105.000000      -57.5209885       4.54164110E-05
   108.750000      -57.5209885      -8.80681910E-05
   112.500000      -57.5209885       1.05476938E-05
   116.250000      -57.5209885      -8.82768072E-05
   120.000000      -57.5209885      -3.58545221E-05
   123.750000      -57.5209885       1.64187513E-05
   127.500000      -57.5209885       3.31378542E-05
   131.250000      -57.5209885       3.49855982E-05
   135.000000      -57.5209885      -5.93299046E-06
   138.750000      -57.5209885       1.08159147E-05
   142.500000      -57.5209885      -1.93947926E-06
   146.250000      -57.5209885      -5.24753705E-06
   150.000000      -57.5209885      -2.41631642E-06
   153.750000      -57.5209885      -4.56208363E-06
   157.500000      -57.5209885      -2.47084536E-05
   161.250000      -57.5209885      -1.27279200E-05
   165.000000      -57.5209885       2.60449015E-05
   168.750000      -57.5209885       4.73833643E-05
   172.500000      -57.5209885       6.07050024E-05
   176.250000      -57.5209885      -5.60516492E-06
   180.000000      -57.5209885      -8.28737393E-06
   183.750000      -57.5209885       1.30510889E-05
   187.500000      -57.5209885      -8.91112722E-05
   191.250000      -57.5209885       7.50785694E-06
   195.000000      -57.5209885       2.96807848E-05
   198.750000      -57.5209885      -6.70785084E-06
   202.500000      -57.5209885      -1.08801760E-05
   206.250000      -57.5209885       2.36011110E-05
   210.000000      -57.5209885      -1.15724746E-04
   213.750000      -57.5209885      -1.58273615E-05
   217.500000      -57.5209885      -5.28716482E-05
   221.250000      -57.5209885       4.72641550E-05
   225.000000      -57.5209885       3.98731790E-05
   228.750000      -57.5209885       6.05559908E-05
   232.500000      -57.5209885       6.37746416E-05
   236.250000      -57.5209885       6.25615939E-06
   240.000000      -57.5209885       6.64358959E-06
   243.750000      -57.5209885       1.96374021E-05
   247.500000      -57.5209885       3.93069349E-05
   251.250000      -57.5209885      -2.89999880E-05
   255.000000      -57.5209885      -1.33835711E-05
   258.750000      -57.5209885      -9.28961672E-05
   262.500000      -57.5209885       6.32083975E-05
   266.250000      -57.5209885       2.73562036E-05
   270.000000      -57.5209885      -1.14166178E-05
   273.750000      -57.5209885      -2.42912211E-05
   277.500000      -57.5209885       7.18212686E-05
   281.250000      -57.5209885       1.76108442E-05
   285.000000      -57.5209885      -4.54806723E-05
   288.750000      -57.5209885      -6.74449839E-05
   292.500000      -57.5209885       2.38185748E-06
   296.250000      -57.5209885      -1.52172986E-04
   300.000000      -57.5209885      -1.99400820E-05
   303.750000      -57.5209885       1.63679942E-06
   307.500000      -57.5209885       3.97837721E-05
   311.250000      -57.5209885       4.14228998E-05
   315.000000      -57.5209885      -9.02437605E-05
   318.750000      -57.5209885       2.44951807E-05
   322.500000      -57.5209885      -2.75396742E-05
   326.250000      -57.5209885       6.47581182E-05
   330.000000      -57.5209885      -1.83077995E-04
   333.750000      -57.5209885       3.99923883E-05
   337.500000      -57.5209885      -1.04727689E-04
   341.250000      -57.5209885      -8.11242498E-05
   345.000000      -57.5209885      -4.40501608E-05
   348.750000      -57.5209885      -3.78810801E-05
   352.500000      -57.5209885      -1.38008036E-05
   356.250000      -57.5209885       1.63293444E-05
   360.000000      -57.5209885      -1.09138433E-04
   0.00000000      -53.8102722      -1.90349761E-04
   3.75000000      -53.8102722      -4.98914160E-05
   7.50000000      -53.8102722      -5.52558340E-05
   11.2500000      -53.8102722      -2.97450460E-05
   15.0000000      -53.8102722      -6.20121136E-06
   18.7500000      -53.8102722      -1.88671984E-05
   22.5000000      -53.8102722      -5.83254732E-05
   26.2500000      -53.8102722       2.13957392E-05
   30.0000000      -53.8102722      -4.87589277E-05
   33.7500000      -53.8102722      -3.04216519E-06
   37.5000000      -53.8102722      -1.30476896E-04
   41.2500000      -53.8102722       6.87814318E-05
   45.0000000      -53.8102722       4.10652719E-05
   48.7500000      -53.8102722       8.25291499E-06
   52.5000000      -53.8102722      -1.25142280E-04
   56.2500000      -53.8102722      -4.42587771E-05
   60.0000000      -53.8102722       1.03441533E-04
   63.7500000      -53.8102722      -4.25898470E-05
   67.5000000      -53.8102722      -1.70106068E-06
   71.2500000      -53.8102722       1.64783560E-05
   75.0000000      -53.8102722       3.81148420E-05
   78.7500000      -53.8102722       3.98135744E-05
   82.5000000      -53.8102722       6.67548738E-05
   86.2500000      -53.8102722       5.53107820E-05
   90.0000000      -53.8102722      -1.68108381E-05
   93.7500000      -53.8102722      -1.06694642E-04
   97.5000000      -53.8102722      -7.16471113E-05
   101.250000      -53.8102722      -2.77780928E-05
   105.000000      -53.8102722       1.43921934E-05
   108.750000      -53.8102722      -9.63234343E-05
   112.500000      -53.8102722      -1.56783499E-05
   116.250000      -53.8102722      -3.54372896E-05
   120.000000      -53.8102722       9.74303111E-06
   123.750000      -53.8102722      -2.76588835E-05
   127.500000      -53.8102722       4.66383062E-05
   131.250000      -53.8102722      -1.84797682E-05
   135.000000      -53.8102722       3.68333422E-05
   138.750000      -53.8102722       3.15881334E-05
   142.500000      -53.8102722       1.85645185E-05
   146.250000      -53.8102722      -4.20445576E-06
   150.000000      -53.8102722       1.24848448E-05
   153.750000      -53.8102722       2.37501226E-05
   157.500000      -53.8102722       6.14798628E-05
   161.250000      -53.8102722       6.49369322E-05
   165.000000      -53.8102722       5.10788523E-05
   168.750000      -53.8102722       4.50587831E-05
   172.500000      -53.8102722       1.44517981E-05
   176.250000      -53.8102722       4.18997370E-05
   180.000000      -53.8102722       6.71721064E-05
   183.750000      -53.8102722       9.00304876E-05
   187.500000      -53.8102722      -3.35001387E-05
   191.250000      -53.8102722       2.50106677E-06
   195.000000      -53.8102722      -1.84448902E-04
   198.750000      -53.8102722      -1.39805023E-04
   202.500000      -53.8102722      -1.01389829E-04
   206.250000      -53.8102722      -8.89324583E-05
   210.000000      -53.8102722       1.46902166E-05
   213.750000      -53.8102722      -8.16816464E-06
   217.500000      -53.8102722       5.84102236E-05
   221.250000      -53.8102722       4.58634458E-05
   225.000000      -53.8102722       3.95453535E-05
   228.750000      -53.8102722       2.27070414E-05
   232.500000      -53.8102722       3.00384127E-05
   236.250000      -53.8102722       5.47743402E-05
   240.000000      -53.8102722      -1.55293383E-05
   243.750000      -53.8102722       1.67763792E-05
   247.500000      -53.8102722       1.39749609E-05
   251.250000      -53.8102722      -8.31717625E-06
   255.000000      -53.8102722      -5.65075316E-05
   258.750000      -53.8102722      -1.87777914E-05
   262.500000      -53.8102722      -1.64242927E-04
   266.250000      -53.8102722      -6.35706820E-05
   270.000000      -53.8102722       1.43027864E-05
   273.750000      -53.8102722      -2.58111395E-05
   277.500000      -53.8102722      -7.36736692E-05
   281.250000      -53.8102722      -1.24218408E-04
   285.000000      -53.8102722      -7.99619593E-05
   288.750000      -53.8102722      -2.04684678E-04
   292.500000      -53.8102722       1.34376343E-04
   296.250000      -53.8102722       1.67397317E-04
   300.000000      -53.8102722      -2.88509764E-05
   303.750000      -53.8102722       4.26447950E-05
   307.500000      -53.8102722       5.05424105E-05
   311.250000      -53.8102722      -1.64532103E-05
   315.000000      -53.8102722       3.82638536E-05
   318.750000      -53.8102722       5.27775846E-05
   322.500000      -53.8102722       6.32381998E-05
   326.250000      -53.8102722       5.77247702E-05
   330.000000      -53.8102722       4.75621782E-05
   333.750000      -53.8102722      -1.65554229E-04
   337.500000      -53.8102722      -6.85686246E-06
   341.250000      -53.8102722       9.41520557E-06
   345.000000      -53.8102722      -1.39200129E-05
   348.750000      -53.8102722      -4.08524647E-06
   352.500000      -53.8102722      -7.96043314E-05
   356.250000      -53.8102722       9.50461254E-06
   360.000000      -53.8102722      -1.90349761E-04
   0.00000000      -50.0994530      -3.34107317E-05
   3.75000000      -50.0994530      -9.45054926E-05
   7.50000000      -50.0994530      -2.34188978E-04
   11.2500000      -50.0994530       2.27666460E-05
   15.0000000      -50.0994530       6.22635707E-06
   18.7500000      -50.0994530       1.49286352E-05
   22.5000000      -50.0994530      -4.08524647E-06
   26.2500000      -50.0994530      -3.45939770E-06
   30.0000000      -50.0994530       4.25940380E-06
   33.7500000      -50.0994530      -1.30476896E-04
   37.5000000      -50.0994530      -1.90439168E-04
   41.2500000      -50.0994530      -8.97073187E-05
   45.0000000      -50.0994530      -7.33756460E-05
   48.7500000      -50.0994530       4.97675501E-05
   52.5000000      -50.0994530      -7.46571459E-05
   56.2500000      -50.0994530       5.95813617E-06
   60.0000000      -50.0994530      -3.19504179E-05
   63.7500000      -50.0994530       2.11275183E-05
   67.5000000      -50.0994530      -2.10129656E-05
   71.2500000      -50.0994530      -9.74559225E-05
   75.0000000      -50.0994530      -3.18610109E-05
   78.7500000      -50.0994530      -1.04927458E-05
   82.5000000      -50.0994530      -4.79840674E-05
   86.2500000      -50.0994530      -7.62664713E-05
   90.0000000      -50.0994530       1.54948793E-05
   93.7500000      -50.0994530       8.18646513E-05
   97.5000000      -50.0994530       2.23792158E-05
   101.250000      -50.0994530      -8.22567381E-05
   105.000000      -50.0994530       4.21381555E-05
   108.750000      -50.0994530      -8.32998194E-05
   112.500000      -50.0994530      -1.65426172E-05
   116.250000      -50.0994530       8.64244066E-05
   120.000000      -50.0994530      -6.73765317E-06
   123.750000      -50.0994530      -3.01324762E-05
   127.500000      -50.0994530       5.60260378E-05
   131.250000      -50.0994530      -1.16252340E-05
   135.000000      -50.0994530      -2.41631642E-06
   138.750000      -50.0994530       1.99950300E-05
   142.500000      -50.0994530       3.57395038E-06
   146.250000      -50.0994530       1.84155069E-05
   150.000000      -50.0994530      -2.23750249E-06
   153.750000      -50.0994530       5.06406650E-06
   157.500000      -50.0994530      -9.56002623E-07
   161.250000      -50.0994530       1.10035762E-06
   165.000000      -50.0994530      -1.00755133E-05
   168.750000      -50.0994530       1.79982744E-05
   172.500000      -50.0994530      -5.48595563E-06
   176.250000      -50.0994530       2.29156576E-05
   180.000000      -50.0994530      -6.73765317E-06
   183.750000      -50.0994530       5.13470732E-05
   187.500000      -50.0994530       2.22004019E-05
   191.250000      -50.0994530       6.25825487E-05
   195.000000      -50.0994530      -1.00457110E-05
   198.750000      -50.0994530      -5.67459501E-05
   202.500000      -50.0994530      -2.67648138E-05
   206.250000      -50.0994530       1.42431818E-05
   210.000000      -50.0994530      -1.03735365E-05
   213.750000      -50.0994530      -3.57860699E-06
   217.500000      -50.0994530       3.02172266E-05
   221.250000      -50.0994530       2.54786573E-05
   225.000000      -50.0994530       2.30050646E-05
   228.750000      -50.0994530       1.87731348E-05
   232.500000      -50.0994530       3.55220400E-05
   236.250000      -50.0994530       2.64025293E-05
   240.000000      -50.0994530       1.88625418E-05
   243.750000      -50.0994530       2.19917856E-05
   247.500000      -50.0994530       3.17967497E-05
   251.250000      -50.0994530      -4.32366505E-06
   255.000000      -50.0994530      -1.74962915E-05
   258.750000      -50.0994530      -4.93847765E-05
   262.500000      -50.0994530      -5.84744848E-05
   266.250000      -50.0994530      -2.19368376E-05
   270.000000      -50.0994530       1.16880983E-07
   273.750000      -50.0994530      -5.54556027E-06
   277.500000      -50.0994530      -2.15494074E-05
   281.250000      -50.0994530      -1.93151180E-04
   285.000000      -50.0994530      -1.02730934E-04
   288.750000      -50.0994530      -2.02381052E-05
   292.500000      -50.0994530       4.26745974E-05
   296.250000      -50.0994530       4.41051088E-05
   300.000000      -50.0994530       7.77221285E-05
   303.750000      -50.0994530       5.66816889E-05
   307.500000      -50.0994530       3.48663889E-05
   311.250000      -50.0994530      -2.40746886E-07
   315.000000      -50.0994530       2.34222971E-05
   318.750000      -50.0994530       3.77572142E-05
   322.500000      -50.0994530       3.73399816E-05
   326.250000      -50.0994530       7.29537569E-05
   330.000000      -50.0994530       4.78303991E-05
   333.750000      -50.0994530       5.15556894E-05
   337.500000      -50.0994530      -1.43074431E-05
   341.250000      -50.0994530      -6.56568445E-05
   345.000000      -50.0994530       1.72830187E-05
   348.750000      -50.0994530      -5.86532988E-05
   352.500000      -50.0994530      -8.55945982E-05
   356.250000      -50.0994530      -1.79731287E-05
   360.000000      -50.0994530      -3.34107317E-05
   0.00000000      -46.3885536       3.35550867E-05
   3.75000000      -46.3885536      -1.27288047E-04
   7.50000000      -46.3885536       2.95694917E-07
   11.2500000      -46.3885536       1.54352747E-05
   15.0000000      -46.3885536       4.88138758E-05
   18.7500000      -46.3885536       1.99652277E-05
   22.5000000      -46.3885536      -1.80923380E-05
   26.2500000      -46.3885536       1.63293444E-05
   30.0000000      -46.3885536      -6.43962994E-06
   33.7500000      -46.3885536      -9.04523768E-05
   37.5000000      -46.3885536       8.49044882E-05
   41.2500000      -46.3885536       8.45468603E-05
   45.0000000      -46.3885536       8.00467096E-05
   48.7500000      -46.3885536       4.67873178E-05
   52.5000000      -46.3885536      -2.86125578E-05
   56.2500000      -46.3885536      -1.97910704E-05
   60.0000000      -46.3885536      -4.22322191E-05
   63.7500000      -46.3885536      -9.82605852E-05
   67.5000000      -46.3885536      -5.05172648E-05
   71.2500000      -46.3885536      -9.23597254E-05
   75.0000000      -46.3885536      -1.82711519E-05
   78.7500000      -46.3885536      -2.08937563E-05
   82.5000000      -46.3885536      -1.42180361E-05
   86.2500000      -46.3885536      -1.26981176E-05
   90.0000000      -46.3885536      -3.06987204E-05
   93.7500000      -46.3885536      -1.92248262E-05
   97.5000000      -46.3885536       8.12388025E-05
   101.250000      -46.3885536       5.93718141E-07
   105.000000      -46.3885536      -6.52992167E-05
   108.750000      -46.3885536      -6.80410303E-05
   112.500000      -46.3885536      -3.21888365E-05
   116.250000      -46.3885536      -5.23650087E-05
   120.000000      -46.3885536       5.51110134E-06
   123.750000      -46.3885536      -6.74747862E-05
   127.500000      -46.3885536       5.76949678E-05
   131.250000      -46.3885536       4.91505489E-06
   135.000000      -46.3885536       1.14119612E-05
   138.750000      -46.3885536       1.85049139E-05
   142.500000      -46.3885536       9.17678699E-06
   146.250000      -46.3885536       1.23358332E-05
   150.000000      -46.3885536       5.31650148E-05
   153.750000      -46.3885536       3.87406908E-05
   157.500000      -46.3885536       1.56140886E-05
   161.250000      -46.3885536      -1.87987462E-06
   165.000000      -46.3885536       3.00384127E-05
   168.750000      -46.3885536       3.75485979E-05
   172.500000      -46.3885536       2.50912271E-05
   176.250000      -46.3885536       5.72479330E-05
   180.000000      -46.3885536       1.74022280E-05
   183.750000      -46.3885536       8.13370571E-06
   187.500000      -46.3885536       1.12033449E-05
   191.250000      -46.3885536       8.93836841E-06
   195.000000      -46.3885536       6.58906065E-05
   198.750000      -46.3885536       4.44925390E-05
   202.500000      -46.3885536      -2.19368376E-05
   206.250000      -46.3885536       3.98731790E-05
   210.000000      -46.3885536       4.35686670E-05
   213.750000      -46.3885536       5.49829565E-05
   217.500000      -46.3885536       3.24524008E-05
   221.250000      -46.3885536       2.44057737E-05
   225.000000      -46.3885536       2.47037970E-05
   228.750000      -46.3885536       3.54028307E-05
   232.500000      -46.3885536      -6.46943226E-06
   236.250000      -46.3885536       9.80263576E-06
   240.000000      -46.3885536       6.36256300E-05
   243.750000      -46.3885536      -1.82711519E-05
   247.500000      -46.3885536       1.18291937E-05
   251.250000      -46.3885536       1.49584375E-05
   255.000000      -46.3885536      -3.49902548E-05
   258.750000      -46.3885536      -7.12596811E-05
   262.500000      -46.3885536      -3.65101732E-05
   266.250000      -46.3885536      -2.70926394E-05
   270.000000      -46.3885536      -5.59114851E-05
   273.750000      -46.3885536      -3.74638475E-05
   277.500000      -46.3885536      -7.25709833E-05
   281.250000      -46.3885536       2.06804834E-05
   285.000000      -46.3885536       6.39236532E-05
   288.750000      -46.3885536       8.15368257E-05
   292.500000      -46.3885536       7.12042674E-06
   296.250000      -46.3885536       5.22113405E-05
   300.000000      -46.3885536       7.81393610E-05
   303.750000      -46.3885536      -1.03735365E-05
   307.500000      -46.3885536       2.98595987E-05
   311.250000      -46.3885536       4.28534113E-05
   315.000000      -46.3885536       3.29590403E-05
   318.750000      -46.3885536       2.10977159E-05
   322.500000      -46.3885536      -3.80300917E-05
   326.250000      -46.3885536       3.10218893E-05
   330.000000      -46.3885536       2.69985758E-05
   333.750000      -46.3885536       2.36905180E-05
   337.500000      -46.3885536       1.60015188E-05
   341.250000      -46.3885536       4.05078754E-06
   345.000000      -46.3885536      -3.13543715E-05
   348.750000      -46.3885536       2.78926454E-05
   352.500000      -46.3885536      -3.32915224E-05
   356.250000      -46.3885536      -5.29312529E-05
   360.000000      -46.3885536       3.35550867E-05
   0.00000000      -42.6776047      -2.90893950E-05
   3.75000000      -42.6776047      -2.30097212E-05
   7.50000000      -42.6776047       2.24984251E-05
   11.2500000      -42.6776047       5.74267469E-05
   15.0000000      -42.6776047       6.06155954E-05
   18.7500000      -42.6776047       2.76840292E-05
   22.5000000      -42.6776047      -7.73393549E-05
   26.2500000      -42.6776047       2.37501226E-05
   30.0000000      -42.6776047      -4.10699286E-05
   33.7500000      -42.6776047       3.90387140E-05
   37.5000000      -42.6776047       5.19729219E-05
   41.2500000      -42.6776047       5.20325266E-05
   45.0000000      -42.6776047       7.31921755E-05
   48.7500000      -42.6776047       4.85545024E-06
   52.5000000      -42.6776047       1.63591467E-05
   56.2500000      -42.6776047      -2.67052092E-05
   60.0000000      -42.6776047      -1.81200448E-04
   63.7500000      -42.6776047      -7.86506571E-05
   67.5000000      -42.6776047      -4.26792540E-05
   71.2500000      -42.6776047       2.00844370E-05
   75.0000000      -42.6776047       6.16675243E-06
   78.7500000      -42.6776047       1.46902166E-05
   82.5000000      -42.6776047       3.66335735E-06
   86.2500000      -42.6776047       2.95317732E-05
   90.0000000      -42.6776047      -3.18312086E-05
   93.7500000      -42.6776047      -8.55559483E-06
   97.5000000      -42.6776047       1.52564608E-05
   101.250000      -42.6776047      -5.78486361E-05
   105.000000      -42.6776047       4.98271547E-05
   108.750000      -42.6776047      -1.82711519E-05
   112.500000      -42.6776047      -4.86993231E-05
   116.250000      -42.6776047      -7.45975412E-05
   120.000000      -42.6776047      -1.13272108E-05
   123.750000      -42.6776047       1.46008097E-05
   127.500000      -42.6776047       1.35875307E-05
   131.250000      -42.6776047      -3.65995802E-05
   135.000000      -42.6776047      -1.22579280E-04
   138.750000      -42.6776047      -5.78784384E-05
   142.500000      -42.6776047       5.60856424E-05
   146.250000      -42.6776047      -3.41259874E-05
   150.000000      -42.6776047      -1.29067339E-05
   153.750000      -42.6776047       3.80850397E-05
   157.500000      -42.6776047       2.91443430E-05
   161.250000      -42.6776047       1.10543333E-05
   165.000000      -42.6776047      -1.15954317E-05
   168.750000      -42.6776047      -7.09528103E-06
   172.500000      -42.6776047       4.93503176E-05
   176.250000      -42.6776047       2.94721685E-05
   180.000000      -42.6776047       1.81472860E-05
   183.750000      -42.6776047       8.55093822E-06
   187.500000      -42.6776047       3.88300978E-05
   191.250000      -42.6776047       1.30510889E-05
   195.000000      -42.6776047       2.70968303E-06
   198.750000      -42.6776047       1.11437403E-05
   202.500000      -42.6776047       1.43623911E-05
   206.250000      -42.6776047       4.13632952E-05
   210.000000      -42.6776047       1.49584375E-05
   213.750000      -42.6776047       6.05261885E-05
   217.500000      -42.6776047      -2.13407911E-05
   221.250000      -42.6776047      -3.63821164E-06
   225.000000      -42.6776047       2.47037970E-05
   228.750000      -42.6776047       1.57034956E-05
   232.500000      -42.6776047       5.21307811E-06
   236.250000      -42.6776047       6.46477565E-06
   240.000000      -42.6776047      -3.59956175E-07
   243.750000      -42.6776047       1.66571699E-05
   247.500000      -42.6776047      -1.74366869E-05
   251.250000      -42.6776047      -4.38326970E-06
   255.000000      -42.6776047       3.59094702E-05
   258.750000      -42.6776047      -3.27848829E-05
   262.500000      -42.6776047      -4.39607538E-05
   266.250000      -42.6776047      -6.22593798E-05
   270.000000      -42.6776047      -4.82224859E-05
   273.750000      -42.6776047       1.62995420E-05
   277.500000      -42.6776047       6.54137693E-05
   281.250000      -42.6776047       6.33574091E-05
   285.000000      -42.6776047       7.73048960E-05
   288.750000      -42.6776047       7.79009424E-05
   292.500000      -42.6776047       8.60965811E-05
   296.250000      -42.6776047       5.55193983E-05
   300.000000      -42.6776047      -8.97282735E-06
   303.750000      -42.6776047      -4.19560820E-07
   307.500000      -42.6776047       8.22818838E-05
   311.250000      -42.6776047      -1.17742456E-05
   315.000000      -42.6776047      -1.26990024E-04
   318.750000      -42.6776047      -6.57760538E-05
   322.500000      -42.6776047      -2.26730481E-06
   326.250000      -42.6776047       4.90820967E-05
   330.000000      -42.6776047       7.02715479E-05
   333.750000      -42.6776047      -8.05878080E-05
   337.500000      -42.6776047       3.60882841E-05
   341.250000      -42.6776047       6.56819902E-05
   345.000000      -42.6776047       4.00221907E-05
   348.750000      -42.6776047       3.63863073E-05
   352.500000      -42.6776047       9.89204273E-06
   356.250000      -42.6776047      -5.80870546E-05
   360.000000      -42.6776047      -2.90893950E-05
   0.00000000      -38.9666100       1.29020773E-05
   3.75000000      -38.9666100       1.99652277E-05
   7.50000000      -38.9666100       5.09298407E-05
   11.2500000      -38.9666100      -5.28716482E-05
   15.0000000      -38.9666100       1.68359838E-05
   18.7500000      -38.9666100      -5.60902990E-05
   22.5000000      -38.9666100       3.49259935E-05
   26.2500000      -38.9666100       2.32434832E-05
   30.0000000      -38.9666100       4.52375971E-05
   33.7500000      -38.9666100       5.29563986E-05
   37.5000000      -38.9666100       6.56223856E-05
   41.2500000      -38.9666100       5.39398752E-05
   45.0000000      -38.9666100       7.85863958E-05
   48.7500000      -38.9666100       2.10083090E-05
   52.5000000      -38.9666100       3.89791094E-05
   56.2500000      -38.9666100      -1.51338521E-04
   60.0000000      -38.9666100      -1.49878208E-04
   63.7500000      -38.9666100      -5.21861948E-05
   67.5000000      -38.9666100      -3.89837660E-05
   71.2500000      -38.9666100       2.96807848E-05
   75.0000000      -38.9666100       8.86297785E-05
   78.7500000      -38.9666100       9.88221727E-05
   82.5000000      -38.9666100       7.07781874E-05
   86.2500000      -38.9666100       6.57415949E-05
   90.0000000      -38.9666100       4.28920612E-06
   93.7500000      -38.9666100       3.24524008E-05
   97.5000000      -38.9666100       2.86079012E-05
   101.250000      -38.9666100       2.54488550E-05
   105.000000      -38.9666100      -2.49468721E-05
   108.750000      -38.9666100      -2.52150930E-05
   112.500000      -38.9666100       5.45657240E-05
   116.250000      -38.9666100      -1.12080015E-05
   120.000000      -38.9666100      -8.66595656E-07
   123.750000      -38.9666100       3.75276431E-06
   127.500000      -38.9666100       3.33553180E-06
   131.250000      -38.9666100       3.05748545E-05
   135.000000      -38.9666100       5.77932224E-06
   138.750000      -38.9666100      -1.12357084E-04
   142.500000      -38.9666100      -2.64974777E-04
   146.250000      -38.9666100      -2.61091627E-05
   150.000000      -38.9666100       2.46143900E-05
   153.750000      -38.9666100      -2.02083029E-05
   157.500000      -38.9666100       3.24524008E-05
   161.250000      -38.9666100       2.95913778E-05
   165.000000      -38.9666100       4.64683399E-06
   168.750000      -38.9666100       6.37536868E-06
   172.500000      -38.9666100      -1.41882338E-05
   176.250000      -38.9666100       1.81561336E-06
   180.000000      -38.9666100       1.10035762E-06
   183.750000      -38.9666100       9.08738002E-06
   187.500000      -38.9666100      -1.82026997E-06
   191.250000      -38.9666100      -1.10589899E-05
   195.000000      -38.9666100       1.18887983E-05
   198.750000      -38.9666100       1.21272169E-05
   202.500000      -38.9666100      -1.21318735E-05
   206.250000      -38.9666100       8.46153125E-06
   210.000000      -38.9666100      -3.28058377E-06
   213.750000      -38.9666100       3.65353189E-05
   217.500000      -38.9666100       2.80118547E-05
   221.250000      -38.9666100       8.34232196E-06
   225.000000      -38.9666100      -3.84175219E-05
   228.750000      -38.9666100       1.78194605E-05
   232.500000      -38.9666100       3.61180864E-05
   236.250000      -38.9666100       1.43027864E-05
   240.000000      -38.9666100      -1.09397806E-05
   243.750000      -38.9666100      -1.99102797E-05
   247.500000      -38.9666100       1.79386698E-05
   251.250000      -38.9666100       1.37663446E-05
   255.000000      -38.9666100       1.53458677E-05
   258.750000      -38.9666100      -7.69132748E-06
   262.500000      -38.9666100      -1.72578730E-05
   266.250000      -38.9666100       1.42729841E-05
   270.000000      -38.9666100       3.64161097E-05
   273.750000      -38.9666100       4.28236090E-05
   277.500000      -38.9666100       3.14689241E-05
   281.250000      -38.9666100       3.46577726E-05
   285.000000      -38.9666100       4.82774340E-05
   288.750000      -38.9666100       4.74429689E-05
   292.500000      -38.9666100       5.13470732E-05
   296.250000      -38.9666100       2.50912271E-05
   300.000000      -38.9666100      -4.04738821E-05
   303.750000      -38.9666100      -1.91950239E-05
   307.500000      -38.9666100      -4.94951382E-06
   311.250000      -38.9666100      -1.72915403E-04
   315.000000      -38.9666100      -1.14800874E-04
   318.750000      -38.9666100      -3.24868597E-05
   322.500000      -38.9666100       4.30322252E-05
   326.250000      -38.9666100       1.05646905E-04
   330.000000      -38.9666100       5.05126081E-05
   333.750000      -38.9666100       6.49071299E-05
   337.500000      -38.9666100       2.17831694E-05
   341.250000      -38.9666100      -5.04874624E-05
   345.000000      -38.9666100      -3.07881273E-05
   348.750000      -38.9666100      -8.96179117E-05
   352.500000      -38.9666100      -9.83201899E-05
   356.250000      -38.9666100       1.98758207E-05
   360.000000      -38.9666100       1.29020773E-05
   0.00000000      -35.2555809      -4.21130098E-05
   3.75000000      -35.2555809      -2.91191973E-05
   7.50000000      -35.2555809      -3.83281149E-05
   11.2500000      -35.2555809       2.48528086E-05
   15.0000000      -35.2555809       3.90685163E-05
   18.7500000      -35.2555809       1.67465769E-05
   22.5000000      -35.2555809       1.46306120E-05
   26.2500000      -35.2555809       4.25553881E-05
   30.0000000      -35.2555809       1.91903673E-05
   33.7500000      -35.2555809       3.83234583E-05
   37.5000000      -35.2555809       3.73101793E-05
   41.2500000      -35.2555809       3.71611677E-05
   45.0000000      -35.2555809       6.62184320E-05
   48.7500000      -35.2555809       4.41051088E-05
   52.5000000      -35.2555809      -1.38604082E-05
   56.2500000      -35.2555809      -5.21265902E-05
   60.0000000      -35.2555809      -5.65075316E-05
   63.7500000      -35.2555809      -4.21428122E-05
   67.5000000      -35.2555809       6.35362230E-05
   71.2500000      -35.2555809       3.24612483E-06
   75.0000000      -35.2555809       3.54414806E-06
   78.7500000      -35.2555809       1.55246817E-05
   82.5000000      -35.2555809      -1.82026997E-06
   86.2500000      -35.2555809       1.79982744E-05
   90.0000000      -35.2555809       1.68061815E-05
   93.7500000      -35.2555809       1.62101351E-05
   97.5000000      -35.2555809       1.82068907E-05
   101.250000      -35.2555809       2.47634016E-05
   105.000000      -35.2555809      -1.43074431E-05
   108.750000      -35.2555809      -2.58409418E-05
   112.500000      -35.2555809       5.54001890E-05
   116.250000      -35.2555809      -2.53552571E-06
   120.000000      -35.2555809      -3.54074873E-05
   123.750000      -35.2555809       1.74320303E-05
   127.500000      -35.2555809       4.41349111E-05
   131.250000      -35.2555809      -8.70460644E-06
   135.000000      -35.2555809       6.52438030E-06
   138.750000      -35.2555809       4.49395739E-05
   142.500000      -35.2555809       6.79260120E-06
   146.250000      -35.2555809       1.65677629E-05
   150.000000      -35.2555809       1.10035762E-06
   153.750000      -35.2555809      -2.02381052E-05
   157.500000      -35.2555809      -2.62493268E-06
   161.250000      -35.2555809       2.07102858E-05
   165.000000      -35.2555809      -3.48920003E-06
   168.750000      -35.2555809       8.07410106E-06
   172.500000      -35.2555809       7.65686855E-06
   176.250000      -35.2555809      -5.08152880E-05
   180.000000      -35.2555809      -4.04440798E-05
   183.750000      -35.2555809       6.49457797E-06
   187.500000      -35.2555809       2.51508318E-05
   191.250000      -35.2555809      -9.59867612E-06
   195.000000      -35.2555809      -2.32690945E-06
   198.750000      -35.2555809       7.35884532E-06
   202.500000      -35.2555809       1.33877620E-06
   206.250000      -35.2555809      -2.29203142E-05
   210.000000      -35.2555809      -1.67125836E-06
   213.750000      -35.2555809       1.99950300E-05
   217.500000      -35.2555809       2.24388205E-05
   221.250000      -35.2555809      -7.66152516E-06
   225.000000      -35.2555809      -1.35623850E-05
   228.750000      -35.2555809      -1.69896521E-05
   232.500000      -35.2555809      -1.06119551E-05
   236.250000      -35.2555809      -3.60840932E-06
   240.000000      -35.2555809       1.83261000E-05
   243.750000      -35.2555809      -1.96718611E-05
   247.500000      -35.2555809       2.02334486E-05
   251.250000      -35.2555809      -5.57536259E-06
   255.000000      -35.2555809      -2.98642553E-05
   258.750000      -35.2555809      -2.19368376E-05
   262.500000      -35.2555809      -4.97722067E-05
   266.250000      -35.2555809       2.34520994E-05
   270.000000      -35.2555809       3.78764234E-05
   273.750000      -35.2555809       6.97649084E-05
   277.500000      -35.2555809       3.14093195E-05
   281.250000      -35.2555809       7.66790472E-05
   285.000000      -35.2555809       4.14825045E-05
   288.750000      -35.2555809      -4.48548235E-05
   292.500000      -35.2555809       4.10652719E-05
   296.250000      -35.2555809      -5.15813008E-06
   300.000000      -35.2555809       2.14255415E-05
   303.750000      -35.2555809       4.05078754E-06
   307.500000      -35.2555809      -4.60767187E-05
   311.250000      -35.2555809      -3.60333361E-05
   315.000000      -35.2555809      -3.72254290E-05
   318.750000      -35.2555809       3.92473303E-05
   322.500000      -35.2555809       4.03500162E-05
   326.250000      -35.2555809       2.84290873E-05
   330.000000      -35.2555809       1.45412050E-05
   333.750000      -35.2555809       5.42169437E-06
   337.500000      -35.2555809       2.83098780E-05
   341.250000      -35.2555809       3.65949236E-05
   345.000000      -35.2555809       1.47498213E-05
   348.750000      -35.2555809       2.94423662E-05
   352.500000      -35.2555809      -1.08801760E-05
   356.250000      -35.2555809      -3.76426615E-05
   360.000000      -35.2555809      -4.21130098E-05
   0.00000000      -31.5445251       3.99625860E-05
   3.75000000      -31.5445251       3.59392725E-05
   7.50000000      -31.5445251       3.08132730E-05
   11.2500000      -31.5445251       9.71322879E-06
   15.0000000      -31.5445251      -3.87663022E-06
   18.7500000      -31.5445251       8.02334398E-07
   22.5000000      -31.5445251       8.31251964E-06
   26.2500000      -31.5445251       3.28398310E-05
   30.0000000      -31.5445251       6.46477565E-06
   33.7500000      -31.5445251       3.23927961E-05
   37.5000000      -31.5445251       6.15990721E-05
   41.2500000      -31.5445251       5.37908636E-05
   45.0000000      -31.5445251       6.87814318E-05
   48.7500000      -31.5445251       5.30160032E-05
   52.5000000      -31.5445251      -2.26520933E-05
   56.2500000      -31.5445251       1.92201696E-05
   60.0000000      -31.5445251       2.19321810E-05
   63.7500000      -31.5445251       3.09324823E-05
   67.5000000      -31.5445251       1.96970068E-05
   71.2500000      -31.5445251       3.09920870E-05
   75.0000000      -31.5445251       3.63863073E-05
   78.7500000      -31.5445251       4.21381555E-05
   82.5000000      -31.5445251       4.38368879E-05
   86.2500000      -31.5445251       1.09947287E-05
   90.0000000      -31.5445251       1.53756700E-05
   93.7500000      -31.5445251       5.82016073E-05
   97.5000000      -31.5445251       5.33736311E-05
   101.250000      -31.5445251      -2.87913717E-05
   105.000000      -31.5445251       2.41165981E-06
   108.750000      -31.5445251       3.48663889E-05
   112.500000      -31.5445251       6.37746416E-05
   116.250000      -31.5445251       1.40047632E-05
   120.000000      -31.5445251      -4.91971150E-06
   123.750000      -31.5445251       3.14093195E-05
   127.500000      -31.5445251       2.37203203E-05
   131.250000      -31.5445251      -4.41307202E-06
   135.000000      -31.5445251       9.74303111E-06
   138.750000      -31.5445251       2.98894010E-05
   142.500000      -31.5445251       4.59528528E-05
   146.250000      -31.5445251      -3.41259874E-05
   150.000000      -31.5445251       2.20304355E-06
   153.750000      -31.5445251       1.99354254E-05
   157.500000      -31.5445251       2.12765299E-05
   161.250000      -31.5445251       7.62706622E-06
   165.000000      -31.5445251       4.44706529E-07
   168.750000      -31.5445251       1.05774961E-05
   172.500000      -31.5445251      -1.94036402E-05
   176.250000      -31.5445251      -5.43319620E-05
   180.000000      -31.5445251      -5.50472178E-05
   183.750000      -31.5445251       2.56872736E-05
   187.500000      -31.5445251       7.92508945E-06
   191.250000      -31.5445251       1.26636587E-05
   195.000000      -31.5445251      -1.03139319E-05
   198.750000      -31.5445251       2.16043554E-05
   202.500000      -31.5445251       3.21543775E-05
   206.250000      -31.5445251      -1.44564547E-05
   210.000000      -31.5445251      -1.26087107E-05
   213.750000      -31.5445251      -1.89268030E-05
   217.500000      -31.5445251      -4.22918238E-05
   221.250000      -31.5445251      -8.96397978E-07
   225.000000      -31.5445251       3.45683657E-05
   228.750000      -31.5445251       1.37067400E-05
   232.500000      -31.5445251      -1.07311644E-05
   236.250000      -31.5445251       4.33004461E-05
   240.000000      -31.5445251      -1.52313150E-05
   243.750000      -31.5445251      -4.26406041E-06
   247.500000      -31.5445251      -4.73582186E-05
   251.250000      -31.5445251      -2.77780928E-05
   255.000000      -31.5445251      -5.22159971E-05
   258.750000      -31.5445251       4.08566557E-05
   262.500000      -31.5445251       2.94125639E-05
   266.250000      -31.5445251       2.79224478E-05
   270.000000      -31.5445251       3.57306562E-05
   273.750000      -31.5445251       5.79929911E-05
   277.500000      -31.5445251       6.01685606E-05
   281.250000      -31.5445251       5.14364801E-05
   285.000000      -31.5445251      -5.36674634E-06
   288.750000      -31.5445251       3.35550867E-05
   292.500000      -31.5445251       1.92499720E-05
   296.250000      -31.5445251       4.11546789E-05
   300.000000      -31.5445251       3.96138057E-06
   303.750000      -31.5445251      -6.95907511E-05
   307.500000      -31.5445251       3.16179357E-05
   311.250000      -31.5445251       3.79658304E-05
   315.000000      -31.5445251       7.17318617E-05
   318.750000      -31.5445251      -9.32537951E-05
   322.500000      -31.5445251       2.47932039E-05
   326.250000      -31.5445251       2.50106677E-06
   330.000000      -31.5445251       2.58958898E-05
   333.750000      -31.5445251       1.79684721E-05
   337.500000      -31.5445251       2.99490057E-05
   341.250000      -31.5445251       6.70319423E-06
   345.000000      -31.5445251      -3.17418016E-05
   348.750000      -31.5445251       2.95694917E-07
   352.500000      -31.5445251       1.68955885E-05
   356.250000      -31.5445251       2.13659368E-05
   360.000000      -31.5445251       3.99625860E-05
   0.00000000      -27.8334446       3.06046568E-05
   3.75000000      -27.8334446       3.28994356E-05
   7.50000000      -27.8334446       6.19655475E-06
   11.2500000      -27.8334446       2.06287950E-07
   15.0000000      -27.8334446       7.89528713E-06
   18.7500000      -27.8334446       2.73562036E-05
   22.5000000      -27.8334446       2.45845877E-05
   26.2500000      -27.8334446       3.33553180E-06
   30.0000000      -27.8334446       4.22960147E-06
   33.7500000      -27.8334446       1.92499720E-05
   37.5000000      -27.8334446      -5.06872311E-06
   41.2500000      -27.8334446      -1.13787595E-04
   45.0000000      -27.8334446      -1.82899181E-04
   48.7500000      -27.8334446       7.62706622E-06
   52.5000000      -27.8334446      -1.86585821E-05
   56.2500000      -27.8334446       6.46985136E-05
   60.0000000      -27.8334446      -4.72688116E-05
   63.7500000      -27.8334446       8.13370571E-06
   67.5000000      -27.8334446       3.34358774E-05
   71.2500000      -27.8334446       3.92175280E-05
   75.0000000      -27.8334446       3.12305056E-05
   78.7500000      -27.8334446       5.56386076E-05
   82.5000000      -27.8334446       2.98595987E-05
   86.2500000      -27.8334446       2.50316225E-05
   90.0000000      -27.8334446       4.13632952E-05
   93.7500000      -27.8334446       2.78628431E-05
   97.5000000      -27.8334446       2.34222971E-05
   101.250000      -27.8334446       3.69315967E-06
   105.000000      -27.8334446       3.09711322E-06
   108.750000      -27.8334446       2.15447508E-05
   112.500000      -27.8334446       2.22600065E-05
   116.250000      -27.8334446      -1.20424666E-05
   120.000000      -27.8334446       4.18699346E-05
   123.750000      -27.8334446       6.49457797E-06
   127.500000      -27.8334446       4.70643863E-06
   131.250000      -27.8334446       5.16748987E-05
   135.000000      -27.8334446       8.40192661E-06
   138.750000      -27.8334446       5.83506189E-05
   142.500000      -27.8334446      -1.85393728E-05
   146.250000      -27.8334446      -7.26305880E-05
   150.000000      -27.8334446       1.57631002E-05
   153.750000      -27.8334446       1.61505304E-05
   157.500000      -27.8334446      -9.18144360E-06
   161.250000      -27.8334446       2.17533670E-05
   165.000000      -27.8334446       3.63863073E-05
   168.750000      -27.8334446      -7.15488568E-06
   172.500000      -27.8334446      -8.36793333E-07
   176.250000      -27.8334446      -1.57677568E-05
   180.000000      -27.8334446       1.63679942E-06
   183.750000      -27.8334446       1.82068907E-05
   187.500000      -27.8334446       3.55299562E-07
   191.250000      -27.8334446      -4.08524647E-06
   195.000000      -27.8334446      -2.38651410E-06
   198.750000      -27.8334446       1.91009603E-05
   202.500000      -27.8334446      -1.16252340E-05
   206.250000      -27.8334446      -9.53907147E-06
   210.000000      -27.8334446       9.77283344E-06
   213.750000      -27.8334446      -6.73765317E-06
   217.500000      -27.8334446       2.17831694E-05
   221.250000      -27.8334446      -1.10589899E-05
   225.000000      -27.8334446      -5.51962294E-05
   228.750000      -27.8334446      -3.48114409E-05
   232.500000      -27.8334446      -2.15494074E-05
   236.250000      -27.8334446       1.32001005E-05
   240.000000      -27.8334446      -1.84797682E-05
   243.750000      -27.8334446       1.24936923E-06
   247.500000      -27.8334446       1.63889490E-05
   251.250000      -27.8334446      -2.45594420E-05
   255.000000      -27.8334446       4.00221907E-05
   258.750000      -27.8334446       1.28424726E-05
   262.500000      -27.8334446       2.42865644E-05
   266.250000      -27.8334446       1.59717165E-05
   270.000000      -27.8334446       3.06046568E-05
   273.750000      -27.8334446       2.46739946E-05
   277.500000      -27.8334446       1.00708567E-05
   281.250000      -27.8334446      -2.09235586E-05
   285.000000      -27.8334446      -7.13490881E-05
   288.750000      -27.8334446      -5.37061132E-05
   292.500000      -27.8334446      -2.13029329E-04
   296.250000      -27.8334446       2.92635523E-05
   300.000000      -27.8334446       3.05748545E-05
   303.750000      -27.8334446       1.11139379E-05
   307.500000      -27.8334446       1.74320303E-05
   311.250000      -27.8334446      -3.04006971E-05
   315.000000      -27.8334446       2.46143900E-05
   318.750000      -27.8334446       9.02777538E-06
   322.500000      -27.8334446       6.11520372E-05
   326.250000      -27.8334446       4.31812368E-05
   330.000000      -27.8334446       1.84751116E-05
   333.750000      -27.8334446      -1.13868155E-05
   337.500000      -27.8334446       1.49882399E-05
   341.250000      -27.8334446       4.29130159E-05
   345.000000      -27.8334446       3.15671787E-06
   348.750000      -27.8334446      -1.05821528E-05
   352.500000      -27.8334446      -9.17352736E-08
   356.250000      -27.8334446       3.24225985E-05
   360.000000      -27.8334446       3.06046568E-05
   0.00000000      -24.1223469       3.36742960E-05
   3.75000000      -24.1223469       3.15671787E-06
   7.50000000      -24.1223469      -4.21726145E-05
   11.2500000      -24.1223469       1.66660175E-06
   15.0000000      -24.1223469       2.26176344E-05
   18.7500000      -24.1223469       4.64892946E-05
   22.5000000      -24.1223469      -3.88943590E-05
   26.2500000      -24.1223469       1.13225542E-05
   30.0000000      -24.1223469      -6.35022298E-06
   33.7500000      -24.1223469       5.39189205E-06
   37.5000000      -24.1223469      -5.05768694E-05
   41.2500000      -24.1223469       1.50478445E-05
   45.0000000      -24.1223469       9.50461254E-06
   48.7500000      -24.1223469       1.08755194E-05
   52.5000000      -24.1223469       3.87108885E-05
   56.2500000      -24.1223469      -4.64641489E-05
   60.0000000      -24.1223469       2.18725763E-05
   63.7500000      -24.1223469       2.84886919E-05
   67.5000000      -24.1223469       1.93989836E-05
   71.2500000      -24.1223469       2.41673551E-05
   75.0000000      -24.1223469       8.75955448E-06
   78.7500000      -24.1223469      -1.12676062E-05
   82.5000000      -24.1223469       7.35884532E-06
   86.2500000      -24.1223469       1.60909258E-05
   90.0000000      -24.1223469       2.60747038E-05
   93.7500000      -24.1223469       1.87433325E-05
   97.5000000      -24.1223469       1.09947287E-05
   101.250000      -24.1223469      -1.76155008E-05
   105.000000      -24.1223469       5.30248508E-06
   108.750000      -24.1223469       4.22960147E-06
   112.500000      -24.1223469       7.50785694E-06
   116.250000      -24.1223469      -3.83579172E-05
   120.000000      -24.1223469      -9.06013884E-05
   123.750000      -24.1223469      -1.82413496E-05
   127.500000      -24.1223469       1.35279261E-05
   131.250000      -24.1223469       1.37961470E-05
   135.000000      -24.1223469       6.04963861E-05
   138.750000      -24.1223469       4.26447950E-05
   142.500000      -24.1223469      -1.65426172E-05
   146.250000      -24.1223469      -1.81817450E-05
   150.000000      -24.1223469       1.32299028E-05
   153.750000      -24.1223469      -4.35346738E-06
   157.500000      -24.1223469       6.67339191E-06
   161.250000      -24.1223469      -6.40982762E-06
   165.000000      -24.1223469       7.29924068E-06
   168.750000      -24.1223469       4.58722934E-06
   172.500000      -24.1223469      -8.19796696E-06
   176.250000      -24.1223469       1.77896582E-05
   180.000000      -24.1223469      -1.55204907E-06
   183.750000      -24.1223469       1.63591467E-05
   187.500000      -24.1223469      -2.42018141E-05
   191.250000      -24.1223469      -3.51900235E-06
   195.000000      -24.1223469       6.55418262E-06
   198.750000      -24.1223469      -4.20445576E-06
   202.500000      -24.1223469       2.59047374E-06
   206.250000      -24.1223469       1.65081583E-05
   210.000000      -24.1223469      -6.20507635E-05
   213.750000      -24.1223469       5.55790029E-05
   217.500000      -24.1223469       1.83857046E-05
   221.250000      -24.1223469       1.64187513E-05
   225.000000      -24.1223469       2.65515409E-05
   228.750000      -24.1223469      -5.93983568E-05
   232.500000      -24.1223469       1.62101351E-05
   236.250000      -24.1223469       7.12550245E-05
   240.000000      -24.1223469       4.75025736E-05
   243.750000      -24.1223469       1.66273676E-05
   247.500000      -24.1223469       1.62101351E-05
   251.250000      -24.1223469       1.28126703E-05
   255.000000      -24.1223469       1.93989836E-05
   258.750000      -24.1223469       1.35577284E-05
   262.500000      -24.1223469       1.35279261E-05
   266.250000      -24.1223469       2.38991342E-05
   270.000000      -24.1223469      -5.39654866E-06
   273.750000      -24.1223469      -2.05659308E-05
   277.500000      -24.1223469      -3.09669413E-05
   281.250000      -24.1223469       2.20304355E-06
   285.000000      -24.1223469       1.15907751E-05
   288.750000      -24.1223469       6.32978044E-05
   292.500000      -24.1223469      -1.09913293E-04
   296.250000      -24.1223469       2.19321810E-05
   300.000000      -24.1223469       1.56736933E-05
   303.750000      -24.1223469      -3.95798124E-05
   307.500000      -24.1223469      -4.20236029E-05
   311.250000      -24.1223469      -1.96718611E-05
   315.000000      -24.1223469       1.18976459E-06
   318.750000      -24.1223469       2.08294950E-05
   322.500000      -24.1223469       2.91741453E-05
   326.250000      -24.1223469       2.56574713E-05
   330.000000      -24.1223469       1.44816004E-05
   333.750000      -24.1223469      -3.05497088E-05
   337.500000      -24.1223469      -5.73717989E-05
   341.250000      -24.1223469      -1.12974085E-05
   345.000000      -24.1223469       2.08294950E-05
   348.750000      -24.1223469       2.92635523E-05
   352.500000      -24.1223469       6.82240352E-06
   356.250000      -24.1223469       3.15671787E-06
   360.000000      -24.1223469       3.36742960E-05
   0.00000000      -20.4112377       9.81148332E-07
   3.75000000      -20.4112377       2.65892595E-07
   7.50000000      -20.4112377      -1.90162100E-05
   11.2500000      -20.4112377      -8.58539715E-06
   15.0000000      -20.4112377       2.57468782E-05
   18.7500000      -20.4112377       1.87521800E-06
   22.5000000      -20.4112377       2.22004019E-05
   26.2500000      -20.4112377       1.07563101E-05
   30.0000000      -20.4112377       1.95181929E-05
   33.7500000      -20.4112377       1.71638094E-05
   37.5000000      -20.4112377      -1.22212805E-05
   41.2500000      -20.4112377      -1.34917442E-04
   45.0000000      -20.4112377       2.02422962E-06
   48.7500000      -20.4112377       1.44816004E-05
   52.5000000      -20.4112377       4.22960147E-06
   56.2500000      -20.4112377      -4.91971150E-06
   60.0000000      -20.4112377      -2.11829320E-06
   63.7500000      -20.4112377       9.71322879E-06
   67.5000000      -20.4112377       3.90387140E-05
   71.2500000      -20.4112377       1.36471353E-05
   75.0000000      -20.4112377      -6.40982762E-06
   78.7500000      -20.4112377       1.37663446E-05
   82.5000000      -20.4112377      -8.97282735E-06
   86.2500000      -20.4112377      -1.03735365E-05
   90.0000000      -20.4112377      -3.21292318E-05
   93.7500000      -20.4112377      -3.28058377E-06
   97.5000000      -20.4112377      -2.03871168E-05
   101.250000      -20.4112377       5.30248508E-06
   105.000000      -20.4112377       2.27368437E-05
   108.750000      -20.4112377       1.99442729E-06
   112.500000      -20.4112377      -2.53045000E-05
   116.250000      -20.4112377      -2.06851400E-05
   120.000000      -20.4112377       2.75648199E-05
   123.750000      -20.4112377       1.68657862E-05
   127.500000      -20.4112377       1.20974146E-05
   131.250000      -20.4112377       3.30572948E-06
   135.000000      -20.4112377       1.50180422E-05
   138.750000      -20.4112377      -5.24246134E-05
   142.500000      -20.4112377      -1.63041987E-05
   146.250000      -20.4112377       1.25742517E-05
   150.000000      -20.4112377       1.28126703E-05
   153.750000      -20.4112377       1.66660175E-06
   157.500000      -20.4112377      -7.03567639E-06
   161.250000      -20.4112377      -4.71109524E-06
   165.000000      -20.4112377      -1.69300474E-05
   168.750000      -20.4112377      -4.50932421E-05
   172.500000      -20.4112377      -1.46264210E-06
   176.250000      -20.4112377      -6.46943226E-06
   180.000000      -20.4112377       7.38864765E-06
   183.750000      -20.4112377      -2.44611874E-06
   187.500000      -20.4112377      -9.12183896E-06
   191.250000      -20.4112377       7.53765926E-06
   195.000000      -20.4112377       1.07563101E-05
   198.750000      -20.4112377       6.19655475E-06
   202.500000      -20.4112377       1.21868216E-05
   206.250000      -20.4112377      -8.40658322E-06
   210.000000      -20.4112377       1.16205774E-05
   213.750000      -20.4112377       3.01874243E-05
   217.500000      -20.4112377       4.19891439E-05
   221.250000      -20.4112377       3.99923883E-05
   225.000000      -20.4112377       3.35550867E-05
   228.750000      -20.4112377       2.77436338E-05
   232.500000      -20.4112377       2.13659368E-05
   236.250000      -20.4112377       2.96509825E-05
   240.000000      -20.4112377       2.76840292E-05
   243.750000      -20.4112377       4.88525257E-06
   247.500000      -20.4112377      -1.81817450E-05
   251.250000      -20.4112377      -2.62283720E-05
   255.000000      -20.4112377      -5.18793240E-06
   258.750000      -20.4112377      -2.17789784E-06
   262.500000      -20.4112377       1.29020773E-05
   266.250000      -20.4112377       2.17831694E-05
   270.000000      -20.4112377       3.87704931E-05
   273.750000      -20.4112377       4.21381555E-05
   277.500000      -20.4112377      -2.34269537E-05
   281.250000      -20.4112377      -2.56532803E-06
   285.000000      -20.4112377       8.84896144E-06
   288.750000      -20.4112377      -2.62493268E-06
   292.500000      -20.4112377       1.82366930E-05
   296.250000      -20.4112377      -1.16461888E-06
   300.000000      -20.4112377       4.15421091E-05
   303.750000      -20.4112377      -6.14160672E-06
   307.500000      -20.4112377      -1.16461888E-06
   311.250000      -20.4112377       4.95887361E-05
   315.000000      -20.4112377       1.09053217E-05
   318.750000      -20.4112377       2.12169252E-05
   322.500000      -20.4112377       2.52700411E-05
   326.250000      -20.4112377       2.70968303E-06
   330.000000      -20.4112377      -1.38008036E-05
   333.750000      -20.4112377      -4.85205092E-05
   337.500000      -20.4112377      -3.55266966E-05
   341.250000      -20.4112377       2.11363658E-06
   345.000000      -20.4112377       1.08755194E-05
   348.750000      -20.4112377      -1.88970007E-05
   352.500000      -20.4112377       2.45547853E-05
   356.250000      -20.4112377       1.48778781E-06
   360.000000      -20.4112377       9.81148332E-07
   0.00000000      -16.7001171      -2.24732794E-05
   3.75000000      -16.7001171      -1.48438849E-05
   7.50000000      -16.7001171       3.12691554E-06
   11.2500000      -16.7001171      -1.87987462E-06
   15.0000000      -16.7001171       3.20947729E-05
   18.7500000      -16.7001171       1.80578791E-05
   22.5000000      -16.7001171       3.75276431E-06
   26.2500000      -16.7001171       5.86872920E-06
   30.0000000      -16.7001171       5.33228740E-06
   33.7500000      -16.7001171       1.07055530E-06
   37.5000000      -16.7001171       1.46306120E-05
   41.2500000      -16.7001171       2.58958898E-05
   45.0000000      -16.7001171       4.55952249E-05
   48.7500000      -16.7001171       2.78926454E-05
   52.5000000      -16.7001171       3.76380049E-05
   56.2500000      -16.7001171      -4.56594862E-05
   60.0000000      -16.7001171       2.38097273E-05
   63.7500000      -16.7001171       2.64025293E-05
   67.5000000      -16.7001171       1.10245310E-05
   71.2500000      -16.7001171       7.86548480E-06
   75.0000000      -16.7001171       2.75648199E-05
   78.7500000      -16.7001171       1.04880892E-05
   82.5000000      -16.7001171      -5.54556027E-06
   86.2500000      -16.7001171       2.58958898E-05
   90.0000000      -16.7001171       1.37365423E-05
   93.7500000      -16.7001171      -2.54535116E-05
   97.5000000      -16.7001171      -2.98256055E-06
   101.250000      -16.7001171       2.67988071E-06
   105.000000      -16.7001171      -2.48872675E-05
   108.750000      -16.7001171       2.97105871E-05
   112.500000      -16.7001171       3.27206217E-05
   116.250000      -16.7001171       1.88625418E-05
   120.000000      -16.7001171       2.83992849E-05
   123.750000      -16.7001171       2.62237154E-05
   127.500000      -16.7001171       3.17371450E-05
   131.250000      -16.7001171       2.18129717E-05
   135.000000      -16.7001171       3.31080519E-05
   138.750000      -16.7001171      -6.85686246E-06
   142.500000      -16.7001171       3.51644121E-05
   146.250000      -16.7001171       1.73128210E-05
   150.000000      -16.7001171       1.35875307E-05
   153.750000      -16.7001171       1.55842863E-05
   157.500000      -16.7001171      -9.03243199E-06
   161.250000      -16.7001171      -2.72416510E-05
   165.000000      -16.7001171      -1.50525011E-05
   168.750000      -16.7001171      -4.59188595E-06
   172.500000      -16.7001171       9.21543688E-07
   176.250000      -16.7001171       1.47498213E-05
   180.000000      -16.7001171       1.17993914E-05
   183.750000      -16.7001171       2.54488550E-05
   187.500000      -16.7001171       3.68631445E-05
   191.250000      -16.7001171       4.91118990E-05
   195.000000      -16.7001171       5.27268276E-06
   198.750000      -16.7001171       1.24252401E-05
   202.500000      -16.7001171       2.31242739E-05
   206.250000      -16.7001171      -6.17527403E-05
   210.000000      -16.7001171       2.92039476E-05
   213.750000      -16.7001171       3.18265520E-05
   217.500000      -16.7001171       2.28262506E-05
   221.250000      -16.7001171       6.58398494E-06
   225.000000      -16.7001171       6.22635707E-06
   228.750000      -16.7001171       5.89853153E-06
   232.500000      -16.7001171      -4.49363142E-07
   236.250000      -16.7001171       3.15671787E-06
   240.000000      -16.7001171       3.33553180E-06
   243.750000      -16.7001171       1.75214373E-05
   247.500000      -16.7001171      -2.05868855E-06
   251.250000      -16.7001171       1.01602636E-05
   255.000000      -16.7001171      -3.26954760E-05
   258.750000      -16.7001171       2.56276689E-05
   262.500000      -16.7001171      -1.12080015E-05
   266.250000      -16.7001171      -1.99908391E-06
   270.000000      -16.7001171      -6.19329512E-08
   273.750000      -16.7001171       2.89059244E-05
   277.500000      -16.7001171      -5.68572432E-07
   281.250000      -16.7001171      -9.86689702E-06
   285.000000      -16.7001171      -2.76290812E-05
   288.750000      -16.7001171       2.72965990E-05
   292.500000      -16.7001171      -4.80138697E-05
   296.250000      -16.7001171      -2.88211741E-05
   300.000000      -16.7001171       1.63679942E-06
   303.750000      -16.7001171      -5.41531481E-05
   307.500000      -16.7001171       2.02422962E-06
   311.250000      -16.7001171      -1.94632448E-05
   315.000000      -16.7001171      -2.04169191E-05
   318.750000      -16.7001171       1.84453093E-05
   322.500000      -16.7001171      -1.24895014E-05
   326.250000      -16.7001171      -5.12832776E-06
   330.000000      -16.7001171      -1.99908391E-06
   333.750000      -16.7001171       1.08457170E-05
   337.500000      -16.7001171       1.38855539E-05
   341.250000      -16.7001171       2.54488550E-05
   345.000000      -16.7001171       9.23639163E-06
   348.750000      -16.7001171       3.84217128E-06
   352.500000      -16.7001171       1.76704489E-05
   356.250000      -16.7001171      -1.35623850E-05
   360.000000      -16.7001171      -2.24732794E-05
   0.00000000      -12.9889879       3.00770625E-06
   3.75000000      -12.9889879      -1.29663385E-05
   7.50000000      -12.9889879      -4.49363142E-07
   11.2500000      -12.9889879       2.36090273E-07
   15.0000000      -12.9889879       4.78303991E-05
   18.7500000      -12.9889879       2.56574713E-05
   22.5000000      -12.9889879      -9.77749005E-06
   26.2500000      -12.9889879      -2.89701857E-05
   30.0000000      -12.9889879      -1.73958484E-04
   33.7500000      -12.9889879       7.47805461E-06
   37.5000000      -12.9889879       1.19484030E-05
   41.2500000      -12.9889879       4.42243181E-05
   45.0000000      -12.9889879       1.45798549E-06
   48.7500000      -12.9889879       1.39451586E-05
   52.5000000      -12.9889879      -4.71109524E-06
   56.2500000      -12.9889879       1.53458677E-05
   60.0000000      -12.9889879       2.61641107E-05
   63.7500000      -12.9889879       2.02334486E-05
   67.5000000      -12.9889879       2.13957392E-05
   71.2500000      -12.9889879       7.50785694E-06
   75.0000000      -12.9889879      -4.65535559E-05
   78.7500000      -12.9889879       5.33228740E-06
   82.5000000      -12.9889879       1.87433325E-05
   86.2500000      -12.9889879       2.74740160E-08
   90.0000000      -12.9889879       1.24936923E-06
   93.7500000      -12.9889879       1.96374021E-05
   97.5000000      -12.9889879       1.23358332E-05
   101.250000      -12.9889879       1.23358332E-05
   105.000000      -12.9889879       1.76108442E-05
   108.750000      -12.9889879       2.40779482E-05
   112.500000      -12.9889879       9.47481021E-06
   116.250000      -12.9889879       1.89221464E-05
   120.000000      -12.9889879       1.53756700E-05
   123.750000      -12.9889879       2.12467276E-05
   127.500000      -12.9889879       2.35713087E-05
   131.250000      -12.9889879      -2.38739885E-05
   135.000000      -12.9889879       5.70095144E-05
   138.750000      -12.9889879       1.94287859E-05
   142.500000      -12.9889879       1.99442729E-06
   146.250000      -12.9889879       5.04311174E-07
   150.000000      -12.9889879      -7.75093213E-06
   153.750000      -12.9889879      -1.85393728E-05
   157.500000      -12.9889879      -9.92650166E-06
   161.250000      -12.9889879      -9.50926915E-06
   165.000000      -12.9889879       3.18652019E-06
   168.750000      -12.9889879       1.81770884E-05
   172.500000      -12.9889879       1.52564608E-05
   176.250000      -12.9889879       2.67988071E-06
   180.000000      -12.9889879       3.19159590E-05
   183.750000      -12.9889879      -1.27279200E-05
   187.500000      -12.9889879       1.63889490E-05
   191.250000      -12.9889879       5.72763383E-08
   195.000000      -12.9889879       2.75052153E-05
   198.750000      -12.9889879       2.16937624E-05
   202.500000      -12.9889879      -1.22422352E-06
   206.250000      -12.9889879      -1.96928158E-06
   210.000000      -12.9889879       1.79684721E-05
   213.750000      -12.9889879       1.50478445E-05
   217.500000      -12.9889879      -1.43670477E-05
   221.250000      -12.9889879      -1.49034895E-05
   225.000000      -12.9889879      -5.38770109E-07
   228.750000      -12.9889879      -2.83354893E-06
   232.500000      -12.9889879      -1.36517920E-05
   236.250000      -12.9889879      -4.50247899E-06
   240.000000      -12.9889879      -3.16137448E-06
   243.750000      -12.9889879       3.63355502E-06
   247.500000      -12.9889879       7.41844997E-06
   251.250000      -12.9889879      -1.12080015E-05
   255.000000      -12.9889879       3.80254351E-05
   258.750000      -12.9889879       8.07410106E-06
   262.500000      -12.9889879      -1.16550364E-05
   266.250000      -12.9889879       1.68359838E-05
   270.000000      -12.9889879       1.19484030E-05
   273.750000      -12.9889879       1.10543333E-05
   277.500000      -12.9889879      -2.90595926E-05
   281.250000      -12.9889879      -2.89105810E-05
   285.000000      -12.9889879       7.51889311E-05
   288.750000      -12.9889879       3.47769819E-05
   292.500000      -12.9889879       1.34385191E-05
   296.250000      -12.9889879       1.38557516E-05
   300.000000      -12.9889879      -4.49363142E-07
   303.750000      -12.9889879       6.70319423E-06
   307.500000      -12.9889879       8.34232196E-06
   311.250000      -12.9889879       5.92833385E-06
   315.000000      -12.9889879      -1.94334425E-05
   318.750000      -12.9889879       1.01304613E-05
   322.500000      -12.9889879       9.11718234E-06
   326.250000      -12.9889879      -1.64145604E-06
   330.000000      -12.9889879       2.36090273E-07
   333.750000      -12.9889879       1.62399374E-05
   337.500000      -12.9889879       2.94810161E-06
   341.250000      -12.9889879      -1.36219896E-05
   345.000000      -12.9889879       1.01602636E-05
   348.750000      -12.9889879      -8.25757161E-06
   352.500000      -12.9889879      -3.42749991E-05
   356.250000      -12.9889879       1.32597052E-05
   360.000000      -12.9889879       3.00770625E-06
   0.00000000      -9.27785301      -2.02679075E-05
   3.75000000      -9.27785301      -1.15060247E-05
   7.50000000      -9.27785301      -1.14464201E-05
   11.2500000      -9.27785301       1.77300535E-05
   15.0000000      -9.27785301       1.60611235E-05
   18.7500000      -9.27785301       3.69315967E-06
   22.5000000      -9.27785301      -5.59114851E-05
   26.2500000      -9.27785301      -2.67946161E-05
   30.0000000      -9.27785301       1.83261000E-05
   33.7500000      -9.27785301       2.13957392E-05
   37.5000000      -9.27785301       7.23963603E-06
   41.2500000      -9.27785301       1.58227049E-05
   45.0000000      -9.27785301       1.24848448E-05
   48.7500000      -9.27785301      -1.55204907E-06
   52.5000000      -9.27785301      -2.02888623E-06
   56.2500000      -9.27785301       2.03824602E-05
   60.0000000      -9.27785301       6.31576404E-06
   63.7500000      -9.27785301      -1.27577223E-05
   67.5000000      -9.27785301      -1.21914782E-05
   71.2500000      -9.27785301       6.55418262E-06
   75.0000000      -9.27785301      -2.49468721E-05
   78.7500000      -9.27785301       2.07102858E-05
   82.5000000      -9.27785301       6.16675243E-06
   86.2500000      -9.27785301       8.07410106E-06
   90.0000000      -9.27785301       1.22464262E-05
   93.7500000      -9.27785301       1.04284845E-05
   97.5000000      -9.27785301      -8.28737393E-06
   101.250000      -9.27785301       1.07055530E-06
   105.000000      -9.27785301       4.74508852E-07
   108.750000      -9.27785301       4.52762470E-06
   112.500000      -9.27785301       8.22311267E-06
   116.250000      -9.27785301      -4.91971150E-06
   120.000000      -9.27785301       8.04429874E-06
   123.750000      -9.27785301      -7.06547871E-06
   127.500000      -9.27785301      -2.53045000E-05
   131.250000      -9.27785301      -1.43074431E-05
   135.000000      -9.27785301      -1.25491060E-05
   138.750000      -9.27785301      -2.31289305E-05
   142.500000      -9.27785301       2.56067142E-06
   146.250000      -9.27785301      -2.40746886E-07
   150.000000      -9.27785301      -1.34431757E-05
   153.750000      -9.27785301       2.44146213E-06
   157.500000      -9.27785301       6.22635707E-06
   161.250000      -9.27785301       2.70879827E-05
   165.000000      -9.27785301      -3.92519869E-05
   168.750000      -9.27785301       1.36769377E-05
   172.500000      -9.27785301      -3.96603718E-06
   176.250000      -9.27785301       3.15671787E-06
   180.000000      -9.27785301      -6.46137632E-05
   183.750000      -9.27785301       2.08383426E-06
   187.500000      -9.27785301      -1.81142241E-07
   191.250000      -9.27785301      -1.34343281E-06
   195.000000      -9.27785301      -8.70460644E-06
   198.750000      -9.27785301       5.09386882E-06
   202.500000      -9.27785301      -1.82026997E-06
   206.250000      -9.27785301      -1.93947926E-06
   210.000000      -9.27785301       2.18725763E-05
   213.750000      -9.27785301       6.43497333E-06
   217.500000      -9.27785301       2.91829929E-06
   221.250000      -9.27785301      -1.46650709E-05
   225.000000      -9.27785301      -2.05659308E-05
   228.750000      -9.27785301      -2.71820463E-05
   232.500000      -9.27785301      -2.54833139E-05
   236.250000      -9.27785301      -1.85989775E-05
   240.000000      -9.27785301      -1.43670477E-05
   243.750000      -9.27785301       4.31900844E-06
   247.500000      -9.27785301       1.88029371E-05
   251.250000      -9.27785301       1.60015188E-05
   255.000000      -9.27785301       1.29914843E-05
   258.750000      -9.27785301      -1.19442120E-06
   262.500000      -9.27785301      -2.65473500E-06
   266.250000      -9.27785301       3.12691554E-06
   270.000000      -9.27785301       1.79684721E-05
   273.750000      -9.27785301      -5.66476956E-06
   277.500000      -9.27785301       2.88849697E-06
   281.250000      -9.27785301       6.94161281E-06
   285.000000      -9.27785301      -1.64234079E-05
   288.750000      -9.27785301       1.99056230E-05
   292.500000      -9.27785301       1.52266584E-05
   296.250000      -9.27785301      -1.46264210E-06
   300.000000      -9.27785301      -4.44287434E-06
   303.750000      -9.27785301       7.74627551E-06
   307.500000      -9.27785301       1.20080076E-05
   311.250000      -9.27785301      -2.10944563E-07
   315.000000      -9.27785301      -4.49363142E-07
   318.750000      -9.27785301      -8.97282735E-06
   322.500000      -9.27785301      -1.40392222E-05
   326.250000      -9.27785301      -1.48140825E-05
   330.000000      -9.27785301      -3.93623486E-06
   333.750000      -9.27785301       3.06731090E-06
   337.500000      -9.27785301       3.12691554E-06
   341.250000      -9.27785301      -1.01560727E-06
   345.000000      -9.27785301       1.65081583E-05
   348.750000      -9.27785301       2.51806341E-05
   352.500000      -9.27785301       1.28722750E-05
   356.250000      -9.27785301      -1.49630941E-05
   360.000000      -9.27785301      -2.02679075E-05
   0.00000000      -5.56671333      -1.34133734E-05
   3.75000000      -5.56671333      -7.33369961E-06
   7.50000000      -5.56671333      -1.86287798E-05
   11.2500000      -5.56671333      -2.56532803E-06
   15.0000000      -5.56671333       3.57395038E-06
   18.7500000      -5.56671333       1.44219957E-05
   22.5000000      -5.56671333      -5.30714169E-06
   26.2500000      -5.56671333       3.33553180E-06
   30.0000000      -5.56671333      -2.46786512E-05
   33.7500000      -5.56671333      -1.52224675E-06
   37.5000000      -5.56671333       1.08457170E-05
   41.2500000      -5.56671333      -1.82026997E-06
   45.0000000      -5.56671333       1.32895075E-05
   48.7500000      -5.56671333       1.55246817E-05
   52.5000000      -5.56671333       7.62706622E-06
   56.2500000      -5.56671333      -3.30153853E-07
   60.0000000      -5.56671333       2.82889232E-06
   63.7500000      -5.56671333       1.26934610E-05
   67.5000000      -5.56671333       3.15671787E-06
   71.2500000      -5.56671333      -9.50926915E-06
   75.0000000      -5.56671333      -8.01915303E-06
   78.7500000      -5.56671333      -7.51251355E-06
   82.5000000      -5.56671333       1.40941702E-05
   86.2500000      -5.56671333      -8.36793333E-07
   90.0000000      -5.56671333      -9.44966450E-06
   93.7500000      -5.56671333      -1.46352686E-05
   97.5000000      -5.56671333       1.29318796E-05
   101.250000      -5.56671333      -1.46650709E-05
   105.000000      -5.56671333       1.30212866E-05
   108.750000      -5.56671333       1.46683306E-07
   112.500000      -5.56671333      -5.06872311E-06
   116.250000      -5.56671333       9.11718234E-06
   120.000000      -5.56671333      -4.35346738E-06
   123.750000      -5.56671333      -2.37547792E-05
   127.500000      -5.56671333       7.96294771E-05
   131.250000      -5.56671333      -3.42959538E-06
   135.000000      -5.56671333       4.52762470E-06
   138.750000      -5.56671333       2.64621340E-05
   142.500000      -5.56671333      -9.44966450E-06
   146.250000      -5.56671333      -2.70549208E-07
   150.000000      -5.56671333      -7.87014142E-06
   153.750000      -5.56671333       6.88200817E-06
   157.500000      -5.56671333       7.41844997E-06
   161.250000      -5.56671333      -2.02888623E-06
   165.000000      -5.56671333      -1.56783499E-05
   168.750000      -5.56671333      -3.63611616E-05
   172.500000      -5.56671333      -6.15441240E-05
   176.250000      -5.56671333      -9.33730043E-05
   180.000000      -5.56671333      -4.54508699E-05
   183.750000      -5.56671333       4.02010046E-05
   187.500000      -5.56671333       2.94810161E-06
   191.250000      -5.56671333       2.56067142E-06
   195.000000      -5.56671333      -3.30153853E-07
   198.750000      -5.56671333      -1.33239664E-05
   202.500000      -5.56671333      -1.10887922E-05
   206.250000      -5.56671333      -1.49332918E-05
   210.000000      -5.56671333       1.48988329E-05
   213.750000      -5.56671333       4.28920612E-06
   217.500000      -5.56671333      -6.46943226E-06
   221.250000      -5.56671333      -1.52224675E-06
   225.000000      -5.56671333       3.96138057E-06
   228.750000      -5.56671333       1.70744024E-05
   232.500000      -5.56671333       5.66011295E-06
   236.250000      -5.56671333       1.23656355E-05
   240.000000      -5.56671333       9.83243808E-06
   243.750000      -5.56671333       1.90115534E-05
   247.500000      -5.56671333       1.52266584E-05
   251.250000      -5.56671333       1.11735426E-05
   255.000000      -5.56671333       5.57070598E-06
   258.750000      -5.56671333       1.84541568E-06
   262.500000      -5.56671333      -6.28177077E-07
   266.250000      -5.56671333      -6.58864155E-06
   270.000000      -5.56671333       2.16043554E-05
   273.750000      -5.56671333      -1.09397806E-05
   277.500000      -5.56671333      -1.26385130E-05
   281.250000      -5.56671333       6.67339191E-06
   285.000000      -5.56671333      -5.54556027E-06
   288.750000      -5.56671333       3.39425169E-05
   292.500000      -5.56671333       1.35577284E-05
   296.250000      -5.56671333       3.99118289E-06
   300.000000      -5.56671333      -2.92295590E-06
   303.750000      -5.56671333      -6.67804852E-06
   307.500000      -5.56671333      -1.51121058E-05
   311.250000      -5.56671333      -5.98374754E-07
   315.000000      -5.56671333      -5.09852543E-06
   318.750000      -5.56671333      -1.95824541E-05
   322.500000      -5.56671333       4.11039218E-06
   326.250000      -5.56671333       8.78935680E-06
   330.000000      -5.56671333      -3.66801396E-06
   333.750000      -5.56671333       6.43497333E-06
   337.500000      -5.56671333       7.47805461E-06
   341.250000      -5.56671333       1.01006590E-05
   345.000000      -5.56671333       1.27232634E-05
   348.750000      -5.56671333       1.68061815E-05
   352.500000      -5.56671333       2.15745531E-05
   356.250000      -5.56671333       7.06082210E-06
   360.000000      -5.56671333      -1.34133734E-05
   0.00000000      -1.85557151       1.07265078E-05
   3.75000000      -1.85557151       3.00770625E-06
   7.50000000      -1.85557151      -2.20858492E-05
   11.2500000      -1.85557151      -4.79165465E-07
   15.0000000      -1.85557151       1.91009603E-05
   18.7500000      -1.85557151       9.38540325E-06
   22.5000000      -1.85557151       1.39451586E-05
   26.2500000      -1.85557151       2.09785067E-05
   30.0000000      -1.85557151       8.49133357E-06
   33.7500000      -1.85557151       9.92184505E-06
   37.5000000      -1.85557151       1.81472860E-05
   41.2500000      -1.85557151      -3.90643254E-06
   45.0000000      -1.85557151       5.74951991E-06
   48.7500000      -1.85557151       5.89853153E-06
   52.5000000      -1.85557151       4.94485721E-06
   56.2500000      -1.85557151       6.55418262E-06
   60.0000000      -1.85557151      -6.82706013E-06
   63.7500000      -1.85557151       2.50106677E-06
   67.5000000      -1.85557151       1.39838085E-06
   71.2500000      -1.85557151       1.57929026E-05
   75.0000000      -1.85557151       5.66011295E-06
   78.7500000      -1.85557151       1.60313211E-05
   82.5000000      -1.85557151       3.81236896E-06
   86.2500000      -1.85557151       1.04075298E-06
   90.0000000      -1.85557151      -2.02977099E-05
   93.7500000      -1.85557151      -1.21616758E-05
   97.5000000      -1.85557151       2.20304355E-06
   101.250000      -1.85557151       1.66869722E-05
   105.000000      -1.85557151      -2.65473500E-06
   108.750000      -1.85557151      -1.25491060E-05
   112.500000      -1.85557151       5.74951991E-06
   116.250000      -1.85557151       1.71638094E-05
   120.000000      -1.85557151       1.00410543E-05
   123.750000      -1.85557151       3.89791094E-05
   127.500000      -1.85557151       3.82936560E-05
   131.250000      -1.85557151      -2.65263952E-05
   135.000000      -1.85557151      -9.17352736E-08
   138.750000      -1.85557151      -9.06013884E-05
   142.500000      -1.85557151      -4.53228131E-06
   146.250000      -1.85557151      -4.02950682E-05
   150.000000      -1.85557151       1.55544840E-05
   153.750000      -1.85557151      -2.65473500E-06
   157.500000      -1.85557151       6.94161281E-06
   161.250000      -1.85557151      -9.92650166E-06
   165.000000      -1.85557151      -9.00262967E-06
   168.750000      -1.85557151      -1.19442120E-06
   172.500000      -1.85557151      -4.32366505E-06
   176.250000      -1.85557151       3.17967497E-05
   180.000000      -1.85557151       1.91307627E-05
   183.750000      -1.85557151       4.44706529E-07
   187.500000      -1.85557151      -2.10944563E-07
   191.250000      -1.85557151       9.89204273E-06
   195.000000      -1.85557151      -2.48276629E-05
   198.750000      -1.85557151      -8.88342038E-06
   202.500000      -1.85557151      -7.72112980E-06
   206.250000      -1.85557151      -2.02977099E-05
   210.000000      -1.85557151      -9.56887379E-06
   213.750000      -1.85557151      -3.39979306E-06
   217.500000      -1.85557151      -1.21318735E-05
   221.250000      -1.85557151      -4.14485112E-06
   225.000000      -1.85557151       1.20080076E-05
   228.750000      -1.85557151       1.15609728E-05
   232.500000      -1.85557151       2.33328901E-05
   236.250000      -1.85557151       1.07563101E-05
   240.000000      -1.85557151       2.74740160E-08
   243.750000      -1.85557151       6.22635707E-06
   247.500000      -1.85557151      -2.26730481E-06
   251.250000      -1.85557151       2.53086910E-06
   255.000000      -1.85557151      -3.54880467E-06
   258.750000      -1.85557151      -3.99583951E-06
   262.500000      -1.85557151       3.78256664E-06
   266.250000      -1.85557151      -4.65149060E-06
   270.000000      -1.85557151       7.65686855E-06
   273.750000      -1.85557151       1.34981237E-05
   277.500000      -1.85557151       1.29616819E-05
   281.250000      -1.85557151      -5.27733937E-06
   285.000000      -1.85557151      -1.04629435E-05
   288.750000      -1.85557151      -1.08801760E-05
   292.500000      -1.85557151      -1.19442120E-06
   296.250000      -1.85557151      -9.44966450E-06
   300.000000      -1.85557151      -1.98208727E-05
   303.750000      -1.85557151      -5.90318814E-06
   307.500000      -1.85557151      -1.62445940E-05
   311.250000      -1.85557151      -6.31236471E-05
   315.000000      -1.85557151      -1.00614969E-04
   318.750000      -1.85557151      -3.49008478E-05
   322.500000      -1.85557151      -1.30855478E-05
   326.250000      -1.85557151      -7.21449032E-06
   330.000000      -1.85557151      -3.57860699E-06
   333.750000      -1.85557151       6.94161281E-06
   337.500000      -1.85557151       3.57395038E-06
   341.250000      -1.85557151       8.01449642E-06
   345.000000      -1.85557151       1.45114027E-05
   348.750000      -1.85557151       2.18129717E-05
   352.500000      -1.85557151       1.93691812E-05
   356.250000      -1.85557151       3.01576219E-05
   360.000000      -1.85557151       1.07265078E-05
   0.00000000       1.85557151       1.40047632E-05
   3.75000000       1.85557151       5.00446185E-06
   7.50000000       1.85557151      -1.01947226E-05
   11.2500000       1.85557151       7.03101978E-06
   15.0000000       1.85557151       1.24550425E-05
   18.7500000       1.85557151       2.03824602E-05
   22.5000000       1.85557151       1.38855539E-05
   26.2500000       1.85557151       6.52438030E-06
   30.0000000       1.85557151      -1.96122564E-05
   33.7500000       1.85557151      -4.30368818E-05
   37.5000000       1.85557151       4.16999683E-06
   41.2500000       1.85557151      -1.30557455E-05
   45.0000000       1.85557151      -1.51419081E-05
   48.7500000       1.85557151      -2.13407911E-05
   52.5000000       1.85557151      -5.66476956E-06
   56.2500000       1.85557151       2.70968303E-06
   60.0000000       1.85557151      -7.47386366E-07
   63.7500000       1.85557151       1.24936923E-06
   67.5000000       1.85557151      -2.06255354E-05
   71.2500000       1.85557151      -7.27409497E-06
   75.0000000       1.85557151      -4.71109524E-06
   78.7500000       1.85557151      -1.79046765E-06
   82.5000000       1.85557151      -2.47592106E-06
   86.2500000       1.85557151      -1.27577223E-05
   90.0000000       1.85557151       1.46683306E-07
   93.7500000       1.85557151       1.49584375E-05
   97.5000000       1.85557151       2.11573206E-05
   101.250000       1.85557151      -2.98256055E-06
   105.000000       1.85557151       5.62644564E-05
   108.750000       1.85557151       1.80876814E-05
   112.500000       1.85557151       1.37067400E-05
   116.250000       1.85557151       8.19331035E-06
   120.000000       1.85557151      -4.26406041E-06
   123.750000       1.85557151      -9.03243199E-06
   127.500000       1.85557151       2.22004019E-05
   131.250000       1.85557151       8.43172893E-06
   135.000000       1.85557151      -8.40658322E-06
   138.750000       1.85557151      -1.18040480E-05
   142.500000       1.85557151       3.54414806E-06
   146.250000       1.85557151      -2.82847323E-05
   150.000000       1.85557151       6.88200817E-06
   153.750000       1.85557151      -3.63821164E-06
   157.500000       1.85557151      -3.22097912E-06
   161.250000       1.85557151       1.31702982E-05
   165.000000       1.85557151      -1.36219896E-05
   168.750000       1.85557151      -1.06715597E-05
   172.500000       1.85557151      -9.18144360E-06
   176.250000       1.85557151       1.23060308E-05
   180.000000       1.85557151      -5.72437420E-06
   183.750000       1.85557151      -5.06872311E-06
   187.500000       1.85557151      -3.22097912E-06
   191.250000       1.85557151      -1.69300474E-05
   195.000000       1.85557151       4.19979915E-06
   198.750000       1.85557151      -2.64369883E-05
   202.500000       1.85557151      -1.57975592E-05
   206.250000       1.85557151      -8.55559483E-06
   210.000000       1.85557151       4.58722934E-06
   213.750000       1.85557151       4.44706529E-07
   217.500000       1.85557151      -1.54399313E-05
   221.250000       1.85557151      -1.53505243E-05
   225.000000       1.85557151      -4.97931615E-06
   228.750000       1.85557151       1.49286352E-05
   232.500000       1.85557151       1.02794729E-05
   236.250000       1.85557151       1.31404959E-05
   240.000000       1.85557151       3.09711322E-06
   243.750000       1.85557151       4.22960147E-06
   247.500000       1.85557151      -9.68808308E-06
   251.250000       1.85557151      -2.16090120E-05
   255.000000       1.85557151      -2.43210234E-05
   258.750000       1.85557151      -9.68808308E-06
   262.500000       1.85557151      -2.06851400E-05
   266.250000       1.85557151       1.88625418E-05
   270.000000       1.85557151       6.16675243E-06
   273.750000       1.85557151       1.44816004E-05
   277.500000       1.85557151       4.81880270E-05
   281.250000       1.85557151      -1.76066533E-06
   285.000000       1.85557151       6.56521879E-05
   288.750000       1.85557151       1.32597052E-05
   292.500000       1.85557151       7.41844997E-06
   296.250000       1.85557151       8.67014751E-06
   300.000000       1.85557151      -3.60840932E-06
   303.750000       1.85557151      -5.06872311E-06
   307.500000       1.85557151       2.91829929E-06
   311.250000       1.85557151      -8.70460644E-06
   315.000000       1.85557151       1.93989836E-05
   318.750000       1.85557151      -1.82115473E-05
   322.500000       1.85557151       1.36471353E-05
   326.250000       1.85557151       1.27917156E-06
   330.000000       1.85557151      -5.90318814E-06
   333.750000       1.85557151       3.15671787E-06
   337.500000       1.85557151      -6.73765317E-06
   341.250000       1.85557151       1.86241232E-05
   345.000000       1.85557151       1.39153562E-05
   348.750000       1.85557151       2.89059244E-05
   352.500000       1.85557151       1.39749609E-05
   356.250000       1.85557151       1.07265078E-05
   360.000000       1.85557151       1.40047632E-05
   0.00000000       5.56671333       1.72234140E-05
   3.75000000       5.56671333       7.98469409E-06
   7.50000000       5.56671333       1.27530657E-05
   11.2500000       5.56671333       5.83892688E-06
   15.0000000       5.56671333       1.14417635E-05
   18.7500000       5.56671333       9.17678699E-06
   22.5000000       5.56671333      -7.36350194E-06
   26.2500000       5.56671333       2.76928768E-06
   30.0000000       5.56671333       1.20080076E-05
   33.7500000       5.56671333       1.64783560E-05
   37.5000000       5.56671333       4.65488993E-05
   41.2500000       5.56671333       1.58525072E-05
   45.0000000       5.56671333       3.99029814E-05
   48.7500000       5.56671333       1.84155069E-05
   52.5000000       5.56671333      -2.05957331E-05
   56.2500000       5.56671333      -1.71088614E-05
   60.0000000       5.56671333      -1.15060247E-05
   63.7500000       5.56671333      -1.44564547E-05
   67.5000000       5.56671333      -1.81221403E-05
   71.2500000       5.56671333      -9.53907147E-06
   75.0000000       5.56671333      -5.90318814E-06
   78.7500000       5.56671333      -5.69457188E-06
   82.5000000       5.56671333      -7.30389729E-06
   86.2500000       5.56671333       3.18652019E-06
   90.0000000       5.56671333      -5.39654866E-06
   93.7500000       5.56671333       6.46477565E-06
   97.5000000       5.56671333      -9.09203663E-06
   101.250000       5.56671333       1.73426233E-05
   105.000000       5.56671333      -3.31038609E-06
   108.750000       5.56671333      -2.86335126E-06
   112.500000       5.56671333      -1.40988268E-05
   116.250000       5.56671333      -1.36815943E-05
   120.000000       5.56671333      -9.56002623E-07
   123.750000       5.56671333       2.06287950E-07
   127.500000       5.56671333       5.95813617E-06
   131.250000       5.56671333       1.45798549E-06
   135.000000       5.56671333       1.65081583E-05
   138.750000       5.56671333       3.01874243E-05
   142.500000       5.56671333       4.33898531E-05
   146.250000       5.56671333       1.79684721E-05
   150.000000       5.56671333       5.70989214E-05
   153.750000       5.56671333       7.25067221E-05
   157.500000       5.56671333       3.56114469E-05
   161.250000       5.56671333       2.45547853E-05
   165.000000       5.56671333       2.35415064E-05
   168.750000       5.56671333       2.46441923E-05
   172.500000       5.56671333       7.41844997E-06
   176.250000       5.56671333       1.81472860E-05
   180.000000       5.56671333       6.20163046E-05
   183.750000       5.56671333       3.87108885E-05
   187.500000       5.56671333      -6.38002530E-06
   191.250000       5.56671333       3.02172266E-05
   195.000000       5.56671333      -5.18793240E-06
   198.750000       5.56671333      -3.99583951E-06
   202.500000       5.56671333      -2.32779421E-05
   206.250000       5.56671333      -5.81378117E-06
   210.000000       5.56671333       3.66843306E-05
   213.750000       5.56671333      -7.42310658E-06
   217.500000       5.56671333      -1.76751055E-05
   221.250000       5.56671333      -1.55204907E-06
   225.000000       5.56671333      -7.03567639E-06
   228.750000       5.56671333      -3.81702557E-06
   232.500000       5.56671333       1.57719478E-06
   236.250000       5.56671333       4.61703166E-06
   240.000000       5.56671333      -6.26081601E-06
   243.750000       5.56671333      -1.04540959E-06
   247.500000       5.56671333      -6.46943226E-06
   251.250000       5.56671333      -3.96692194E-05
   255.000000       5.56671333      -3.60631384E-05
   258.750000       5.56671333      -3.27848829E-05
   262.500000       5.56671333      -9.74768773E-06
   266.250000       5.56671333      -1.75260939E-05
   270.000000       5.56671333      -3.22097912E-06
   273.750000       5.56671333      -1.10887922E-05
   277.500000       5.56671333      -1.24000944E-05
   281.250000       5.56671333      -2.00592913E-05
   285.000000       5.56671333      -1.28382817E-06
   288.750000       5.56671333       2.34222971E-05
   292.500000       5.56671333       1.49882399E-05
   296.250000       5.56671333       5.83892688E-06
   300.000000       5.56671333      -1.00755133E-05
   303.750000       5.56671333       5.36208972E-06
   307.500000       5.56671333       2.14343891E-06
   311.250000       5.56671333       3.33553180E-06
   315.000000       5.56671333      -2.10129656E-05
   318.750000       5.56671333      -6.88666478E-06
   322.500000       5.56671333      -5.12832776E-06
   326.250000       5.56671333       9.89204273E-06
   330.000000       5.56671333      -2.65263952E-05
   333.750000       5.56671333       2.26264820E-06
   337.500000       5.56671333      -4.11504880E-06
   341.250000       5.56671333      -1.00755133E-05
   345.000000       5.56671333      -9.68808308E-06
   348.750000       5.56671333       4.70643863E-06
   352.500000       5.56671333       2.27070414E-05
   356.250000       5.56671333       1.06072985E-05
   360.000000       5.56671333       1.72234140E-05
   0.00000000       9.27785301      -1.64830126E-05
   3.75000000       9.27785301      -1.14464201E-05
   7.50000000       9.27785301      -1.44266523E-05
   11.2500000       9.27785301      -3.31038609E-06
   15.0000000       9.27785301      -9.98610631E-06
   18.7500000       9.27785301      -1.97016634E-05
   22.5000000       9.27785301       3.39513645E-06
   26.2500000       9.27785301       9.81148332E-07
   30.0000000       9.27785301      -1.06119551E-05
   33.7500000       9.27785301       1.95479952E-05
   37.5000000       9.27785301       4.55952249E-05
   41.2500000       9.27785301      -1.40988268E-05
   45.0000000       9.27785301       6.83125108E-07
   48.7500000       9.27785301       3.63267027E-05
   52.5000000       9.27785301       6.05857931E-05
   56.2500000       9.27785301       7.07185827E-05
   60.0000000       9.27785301       4.99463640E-05
   63.7500000       9.27785301      -5.01298346E-05
   67.5000000       9.27785301      -2.11023726E-05
   71.2500000       9.27785301      -1.28173269E-05
   75.0000000       9.27785301       4.70257364E-05
   78.7500000       9.27785301      -4.08524647E-06
   82.5000000       9.27785301      -1.30557455E-05
   86.2500000       9.27785301      -2.05868855E-06
   90.0000000       9.27785301      -1.03437342E-05
   93.7500000       9.27785301      -9.24104825E-06
   97.5000000       9.27785301       1.22762285E-05
   101.250000       9.27785301       4.11039218E-06
   105.000000       9.27785301      -2.08937563E-05
   108.750000       9.27785301       4.70643863E-06
   112.500000       9.27785301      -1.53505243E-05
   116.250000       9.27785301      -4.35346738E-06
   120.000000       9.27785301      -4.53228131E-06
   123.750000       9.27785301       4.34196554E-05
   127.500000       9.27785301       3.03750858E-06
   131.250000       9.27785301      -1.70790590E-05
   135.000000       9.27785301      -9.18144360E-06
   138.750000       9.27785301      -3.10176983E-06
   142.500000       9.27785301       2.16043554E-05
   146.250000       9.27785301      -5.24544157E-05
   150.000000       9.27785301       1.57929026E-05
   153.750000       9.27785301      -3.48920003E-06
   157.500000       9.27785301       3.09324823E-05
   161.250000       9.27785301       1.07861124E-05
   165.000000       9.27785301      -6.73765317E-06
   168.750000       9.27785301       1.55246817E-05
   172.500000       9.27785301       2.28560530E-05
   176.250000       9.27785301       2.57468782E-05
   180.000000       9.27785301       1.94883905E-05
   183.750000       9.27785301       8.25291499E-06
   187.500000       9.27785301       2.55382620E-05
   191.250000       9.27785301       1.31106935E-05
   195.000000       9.27785301      -5.00911847E-06
   198.750000       9.27785301      -1.48209278E-04
   202.500000       9.27785301       2.45249830E-05
   206.250000       9.27785301       2.01142393E-05
   210.000000       9.27785301       3.85916792E-05
   213.750000       9.27785301      -1.04540959E-06
   217.500000       9.27785301      -1.59465708E-05
   221.250000       9.27785301      -2.27713026E-05
   225.000000       9.27785301      -3.54880467E-06
   228.750000       9.27785301      -1.58869661E-05
   232.500000       9.27785301       6.76279888E-06
   236.250000       9.27785301      -8.31717625E-06
   240.000000       9.27785301       1.00410543E-05
   243.750000       9.27785301      -1.55591406E-05
   247.500000       9.27785301      -2.41422094E-05
   251.250000       9.27785301      -1.19232573E-05
   255.000000       9.27785301       4.17805277E-05
   258.750000       9.27785301       1.43325888E-05
   262.500000       9.27785301      -2.01486982E-05
   266.250000       9.27785301      -2.65859999E-05
   270.000000       9.27785301      -2.05957331E-05
   273.750000       9.27785301      -1.51717104E-05
   277.500000       9.27785301      -6.17140904E-06
   281.250000       9.27785301      -1.96928158E-06
   285.000000       9.27785301      -9.09203663E-06
   288.750000       9.27785301       6.27315603E-05
   292.500000       9.27785301       4.79584560E-06
   296.250000       9.27785301       3.18652019E-06
   300.000000       9.27785301       2.89059244E-05
   303.750000       9.27785301       2.10381113E-05
   307.500000       9.27785301       4.27043997E-05
   311.250000       9.27785301       5.74565493E-05
   315.000000       9.27785301       3.90983187E-05
   318.750000       9.27785301       3.52240168E-05
   322.500000       9.27785301       2.72369944E-05
   326.250000       9.27785301       3.45474109E-06
   330.000000       9.27785301      -8.34697857E-06
   333.750000       9.27785301      -2.84337439E-05
   337.500000       9.27785301      -1.55591406E-05
   341.250000       9.27785301      -2.42912211E-05
   345.000000       9.27785301      -2.31885351E-05
   348.750000       9.27785301      -1.90460123E-05
   352.500000       9.27785301      -1.58571638E-05
   356.250000       9.27785301      -1.88075937E-05
   360.000000       9.27785301      -1.64830126E-05
   0.00000000       12.9889879      -3.48114409E-05
   3.75000000       12.9889879      -1.35325827E-05
   7.50000000       12.9889879      -2.10725702E-05
   11.2500000       12.9889879      -2.59303488E-05
   15.0000000       12.9889879      -1.59167685E-05
   18.7500000       12.9889879      -1.16848387E-05
   22.5000000       12.9889879      -2.06553377E-05
   26.2500000       12.9889879      -1.64145604E-06
   30.0000000       12.9889879      -1.76066533E-06
   33.7500000       12.9889879       2.26264820E-06
   37.5000000       12.9889879      -3.50796618E-05
   41.2500000       12.9889879      -2.36057676E-05
   45.0000000       12.9889879      -4.20445576E-06
   48.7500000       12.9889879      -3.35895456E-05
   52.5000000       12.9889879      -2.50660814E-05
   56.2500000       12.9889879       5.83892688E-06
   60.0000000       12.9889879       3.78466211E-05
   63.7500000       12.9889879      -3.16137448E-06
   67.5000000       12.9889879       3.29292379E-05
   71.2500000       12.9889879      -4.12189402E-05
   75.0000000       12.9889879       3.32868658E-05
   78.7500000       12.9889879       2.79820524E-05
   82.5000000       12.9889879      -1.24596991E-05
   86.2500000       12.9889879      -1.93738379E-05
   90.0000000       12.9889879      -3.26954760E-05
   93.7500000       12.9889879      -1.66916288E-05
   97.5000000       12.9889879      -3.22782435E-05
   101.250000       12.9889879       2.01142393E-05
   105.000000       12.9889879       5.36208972E-06
   108.750000       12.9889879       1.53458677E-05
   112.500000       12.9889879      -2.92295590E-06
   116.250000       12.9889879       3.51434574E-06
   120.000000       12.9889879      -6.91646710E-06
   123.750000       12.9889879      -9.86689702E-06
   127.500000       12.9889879      -5.68572432E-07
   131.250000       12.9889879       4.64683399E-06
   135.000000       12.9889879      -2.49170698E-05
   138.750000       12.9889879      -7.45290890E-06
   142.500000       12.9889879       3.54414806E-06
   146.250000       12.9889879       1.03688799E-05
   150.000000       12.9889879       1.08457170E-05
   153.750000       12.9889879       2.04420649E-05
   157.500000       12.9889879      -2.67648138E-05
   161.250000       12.9889879      -1.84201635E-05
   165.000000       12.9889879      -1.74366869E-05
   168.750000       12.9889879      -1.75558962E-05
   172.500000       12.9889879      -1.40094198E-05
   176.250000       12.9889879      -3.27848829E-05
   180.000000       12.9889879      -1.19530596E-05
   183.750000       12.9889879       1.11139379E-05
   187.500000       12.9889879       1.30710658E-04
   191.250000       12.9889879       4.04990278E-05
   195.000000       12.9889879      -9.95630398E-06
   198.750000       12.9889879      -4.44077887E-05
   202.500000       12.9889879       5.51110134E-06
   206.250000       12.9889879      -1.58185139E-06
   210.000000       12.9889879      -1.62147917E-05
   213.750000       12.9889879       6.34556636E-06
   217.500000       12.9889879      -5.51664270E-05
   221.250000       12.9889879      -5.53452410E-05
   225.000000       12.9889879      -1.36815943E-05
   228.750000       12.9889879      -1.29365362E-05
   232.500000       12.9889879      -2.43210234E-05
   236.250000       12.9889879      -2.46786512E-05
   240.000000       12.9889879      -2.05063261E-05
   243.750000       12.9889879      -1.56187452E-05
   247.500000       12.9889879      -7.18468800E-06
   251.250000       12.9889879      -1.56783499E-05
   255.000000       12.9889879      -2.61687674E-05
   258.750000       12.9889879      -2.15196051E-05
   262.500000       12.9889879      -2.05868855E-06
   266.250000       12.9889879       2.02930532E-05
   270.000000       12.9889879      -4.08315100E-05
   273.750000       12.9889879       9.81148332E-07
   277.500000       12.9889879      -1.80327334E-05
   281.250000       12.9889879       1.42818317E-06
   285.000000       12.9889879      -8.49599019E-06
   288.750000       12.9889879       3.54414806E-06
   292.500000       12.9889879       5.04311174E-07
   296.250000       12.9889879      -1.18636526E-05
   300.000000       12.9889879      -1.41286291E-05
   303.750000       12.9889879      -1.63041987E-05
   307.500000       12.9889879      -4.50247899E-06
   311.250000       12.9889879       2.21705996E-05
   315.000000       12.9889879       3.70717607E-05
   318.750000       12.9889879       2.54786573E-05
   322.500000       12.9889879       6.49457797E-06
   326.250000       12.9889879       3.23629938E-05
   330.000000       12.9889879       3.46577726E-05
   333.750000       12.9889879      -7.77188689E-07
   337.500000       12.9889879      -5.45703806E-05
   341.250000       12.9889879      -6.05308451E-05
   345.000000       12.9889879      -5.20371832E-05
   348.750000       12.9889879      -3.28146853E-05
   352.500000       12.9889879      -2.51852907E-05
   356.250000       12.9889879      -2.66158022E-05
   360.000000       12.9889879      -3.48114409E-05
   0.00000000       16.7001171      -2.15494074E-05
   3.75000000       16.7001171      -2.60495581E-05
   7.50000000       16.7001171      -4.03546728E-05
   11.2500000       16.7001171      -2.54237093E-05
   15.0000000       16.7001171      -6.19329512E-08
   18.7500000       16.7001171       9.92184505E-06
   22.5000000       16.7001171      -1.18338503E-05
   26.2500000       16.7001171      -3.51900235E-06
   30.0000000       16.7001171      -3.79108824E-05
   33.7500000       16.7001171      -8.94302502E-06
   37.5000000       16.7001171      -3.74936499E-05
   41.2500000       16.7001171      -3.09371389E-05
   45.0000000       16.7001171      -1.82413496E-05
   48.7500000       16.7001171      -4.05334868E-05
   52.5000000       16.7001171       3.06731090E-06
   56.2500000       16.7001171      -1.73770823E-05
   60.0000000       16.7001171       5.99301420E-05
   63.7500000       16.7001171       1.72532164E-05
   67.5000000       16.7001171       4.88138758E-05
   71.2500000       16.7001171       8.31251964E-06
   75.0000000       16.7001171      -5.00106253E-05
   78.7500000       16.7001171      -5.24246134E-05
   82.5000000       16.7001171      -6.64317049E-05
   86.2500000       16.7001171      -3.58843245E-05
   90.0000000       16.7001171      -2.52448954E-05
   93.7500000       16.7001171      -2.64369883E-05
   97.5000000       16.7001171      -3.44836153E-05
   101.250000       16.7001171      -3.32021154E-05
   105.000000       16.7001171      -3.80300917E-05
   108.750000       16.7001171      -3.57949175E-05
   112.500000       16.7001171      -4.02652659E-05
   116.250000       16.7001171      -1.35623850E-05
   120.000000       16.7001171      -1.85691752E-05
   123.750000       16.7001171      -4.70005907E-05
   127.500000       16.7001171      -2.70926394E-05
   131.250000       16.7001171      -2.14003958E-05
   135.000000       16.7001171      -3.51900235E-06
   138.750000       16.7001171      -1.14762224E-05
   142.500000       16.7001171      -1.60359778E-05
   146.250000       16.7001171      -2.20262446E-05
   150.000000       16.7001171      -3.54670919E-05
   153.750000       16.7001171      -1.31153502E-05
   157.500000       16.7001171      -1.43670477E-05
   161.250000       16.7001171      -3.54074873E-05
   165.000000       16.7001171      -4.84311022E-05
   168.750000       16.7001171      -1.43074431E-05
   172.500000       16.7001171      -3.54968943E-05
   176.250000       16.7001171      -1.91056170E-05
   180.000000       16.7001171      -1.91056170E-05
   183.750000       16.7001171      -4.36031260E-05
   187.500000       16.7001171      -4.28282656E-05
   191.250000       16.7001171      -6.27064146E-05
   195.000000       16.7001171       1.11994799E-04
   198.750000       16.7001171       3.97539698E-05
   202.500000       16.7001171      -1.99379865E-04
   206.250000       16.7001171      -2.99834646E-05
   210.000000       16.7001171      -1.18338503E-05
   213.750000       16.7001171      -2.74204649E-05
   217.500000       16.7001171      -2.03275122E-05
   221.250000       16.7001171      -1.81817450E-05
   225.000000       16.7001171      -2.39037909E-05
   228.750000       16.7001171      -1.65426172E-05
   232.500000       16.7001171      -1.38008036E-05
   236.250000       16.7001171      -1.34431757E-05
   240.000000       16.7001171      -2.99536623E-05
   243.750000       16.7001171      -1.81817450E-05
   247.500000       16.7001171       1.32299028E-05
   251.250000       16.7001171       1.15996227E-06
   255.000000       16.7001171      -2.02977099E-05
   258.750000       16.7001171      -1.68406405E-05
   262.500000       16.7001171       1.75600871E-06
   266.250000       16.7001171      -2.41124071E-05
   270.000000       16.7001171       2.04718672E-05
   273.750000       16.7001171      -1.12080015E-05
   277.500000       16.7001171      -2.11619772E-05
   281.250000       16.7001171      -4.05544415E-06
   285.000000       16.7001171      -1.99400820E-05
   288.750000       16.7001171      -1.54101290E-05
   292.500000       16.7001171      -9.00262967E-06
   296.250000       16.7001171      -2.05063261E-05
   300.000000       16.7001171      -3.99076380E-05
   303.750000       16.7001171      -1.53505243E-05
   307.500000       16.7001171      -2.45296396E-05
   311.250000       16.7001171      -1.13868155E-05
   315.000000       16.7001171       2.65892595E-07
   318.750000       16.7001171      -5.48595563E-06
   322.500000       16.7001171      -1.52611174E-05
   326.250000       16.7001171      -2.92384066E-05
   330.000000       16.7001171       1.57929026E-05
   333.750000       16.7001171      -1.25193037E-05
   337.500000       16.7001171       1.06371008E-05
   341.250000       16.7001171       5.01549803E-05
   345.000000       16.7001171      -2.62879767E-05
   348.750000       16.7001171      -1.26981176E-05
   352.500000       16.7001171      -2.23540701E-05
   356.250000       16.7001171      -2.61985697E-05
   360.000000       16.7001171      -2.15494074E-05
   0.00000000       20.4112377      -3.57651152E-05
   3.75000000       20.4112377      -2.75098719E-05
   7.50000000       20.4112377      -4.45269980E-05
   11.2500000       20.4112377      -1.06417574E-05
   15.0000000       20.4112377       2.04420649E-05
   18.7500000       20.4112377       3.63355502E-06
   22.5000000       20.4112377       2.07102858E-05
   26.2500000       20.4112377       1.01602636E-05
   30.0000000       20.4112377       5.82612120E-05
   33.7500000       20.4112377      -4.71794046E-05
   37.5000000       20.4112377      -2.39633955E-05
   41.2500000       20.4112377      -4.73284163E-05
   45.0000000       20.4112377      -2.98344530E-05
   48.7500000       20.4112377      -3.73148359E-05
   52.5000000       20.4112377      -1.88671984E-05
   56.2500000       20.4112377      -2.58111395E-05
   60.0000000       20.4112377       4.77409922E-05
   63.7500000       20.4112377       3.39513645E-06
   67.5000000       20.4112377       2.61641107E-05
   71.2500000       20.4112377       4.33302484E-05
   75.0000000       20.4112377      -3.65995802E-05
   78.7500000       20.4112377       7.77607784E-06
   82.5000000       20.4112377      -2.60495581E-05
   86.2500000       20.4112377       2.44355761E-05
   90.0000000       20.4112377      -2.30395235E-05
   93.7500000       20.4112377      -1.93440355E-05
   97.5000000       20.4112377      -3.70466150E-05
   101.250000       20.4112377      -3.79406847E-05
   105.000000       20.4112377      -2.68244185E-05
   108.750000       20.4112377      -2.71522440E-05
   112.500000       20.4112377      -2.61091627E-05
   116.250000       20.4112377      -2.02977099E-05
   120.000000       20.4112377      -1.13272108E-05
   123.750000       20.4112377      -6.02328219E-05
   127.500000       20.4112377      -3.06987204E-05
   131.250000       20.4112377      -5.03682531E-05
   135.000000       20.4112377      -1.76155008E-05
   138.750000       20.4112377      -3.35001387E-05
   142.500000       20.4112377      -2.45296396E-05
   146.250000       20.4112377      -3.40067782E-05
   150.000000       20.4112377      -3.54372896E-05
   153.750000       20.4112377      -4.11504880E-06
   157.500000       20.4112377      -2.03573145E-05
   161.250000       20.4112377      -1.38008036E-05
   165.000000       20.4112377      -1.46352686E-05
   168.750000       20.4112377      -4.17553820E-05
   172.500000       20.4112377      -4.26494516E-05
   176.250000       20.4112377      -1.26683153E-05
   180.000000       20.4112377      -1.32047571E-05
   183.750000       20.4112377      -3.41259874E-05
   187.500000       20.4112377      -3.59737314E-05
   191.250000       20.4112377      -3.22782435E-05
   195.000000       20.4112377      -1.80327334E-05
   198.750000       20.4112377      -3.51690687E-05
   202.500000       20.4112377      -1.28769316E-05
   206.250000       20.4112377       1.88923441E-05
   210.000000       20.4112377       2.73948535E-06
   213.750000       20.4112377       3.82042490E-05
   217.500000       20.4112377       1.02070626E-04
   221.250000       20.4112377      -3.15033831E-05
   225.000000       20.4112377      -3.48412432E-05
   228.750000       20.4112377      -3.36193480E-05
   232.500000       20.4112377      -1.64830126E-05
   236.250000       20.4112377      -3.45432200E-05
   240.000000       20.4112377      -3.57055105E-05
   243.750000       20.4112377      -4.30368818E-05
   247.500000       20.4112377       2.72965990E-05
   251.250000       20.4112377       4.55356203E-05
   255.000000       20.4112377      -9.17352736E-08
   258.750000       20.4112377      -2.01785006E-05
   262.500000       20.4112377      -2.14898027E-05
   266.250000       20.4112377      -2.33971514E-05
   270.000000       20.4112377      -2.66158022E-05
   273.750000       20.4112377      -2.36653723E-05
   277.500000       20.4112377      -2.03573145E-05
   281.250000       20.4112377      -3.38577665E-05
   285.000000       20.4112377       6.04754314E-06
   288.750000       20.4112377      -4.46760096E-05
   292.500000       20.4112377      -1.08503737E-05
   296.250000       20.4112377      -1.09695829E-05
   300.000000       20.4112377      -1.42776407E-05
   303.750000       20.4112377      -7.12508336E-06
   307.500000       20.4112377       1.72234140E-05
   311.250000       20.4112377      -4.87887301E-05
   315.000000       20.4112377      -6.41965307E-05
   318.750000       20.4112377      -9.23895277E-05
   322.500000       20.4112377      -5.19775786E-05
   326.250000       20.4112377       1.46565493E-04
   330.000000       20.4112377       3.51942144E-05
   333.750000       20.4112377      -2.17282213E-05
   337.500000       20.4112377      -6.19329512E-08
   341.250000       20.4112377       6.85220584E-06
   345.000000       20.4112377       2.31838785E-05
   348.750000       20.4112377       5.32246195E-05
   352.500000       20.4112377       8.45170580E-05
   356.250000       20.4112377      -5.36167063E-05
   360.000000       20.4112377      -3.57651152E-05
   0.00000000       24.1223469       8.83019529E-05
   3.75000000       24.1223469      -1.04331411E-05
   7.50000000       24.1223469      -8.58539715E-06
   11.2500000       24.1223469       8.13878141E-05
   15.0000000       24.1223469      -3.19206156E-05
   18.7500000       24.1223469      -2.38143839E-05
   22.5000000       24.1223469      -5.43617643E-05
   26.2500000       24.1223469       7.36690126E-05
   30.0000000       24.1223469       1.94883905E-05
   33.7500000       24.1223469      -1.02543272E-05
   37.5000000       24.1223469       2.57766806E-05
   41.2500000       24.1223469      -5.55240549E-05
   45.0000000       24.1223469       1.16205774E-05
   48.7500000       24.1223469      -3.07881273E-05
   52.5000000       24.1223469      -3.12947668E-05
   56.2500000       24.1223469       4.08268534E-05
   60.0000000       24.1223469       2.66707502E-05
   63.7500000       24.1223469       4.51481901E-05
   67.5000000       24.1223469      -1.37113966E-05
   71.2500000       24.1223469      -3.71658243E-05
   75.0000000       24.1223469       1.45798549E-06
   78.7500000       24.1223469       1.03390776E-05
   82.5000000       24.1223469       3.51048075E-05
   86.2500000       24.1223469      -5.59710898E-05
   90.0000000       24.1223469      -5.90705313E-05
   93.7500000       24.1223469      -8.84556212E-05
   97.5000000       24.1223469      -6.24083914E-05
   101.250000       24.1223469      -4.53912653E-05
   105.000000       24.1223469       1.44816004E-05
   108.750000       24.1223469       3.14391218E-05
   112.500000       24.1223469       3.16775404E-05
   116.250000       24.1223469       5.72763383E-08
   120.000000       24.1223469       5.24288043E-06
   123.750000       24.1223469       2.17533670E-05
   127.500000       24.1223469      -2.42921058E-04
   131.250000       24.1223469      -2.59431545E-04
   135.000000       24.1223469      -5.56730665E-05
   138.750000       24.1223469       1.09849032E-04
   142.500000       24.1223469      -8.97073187E-05
   146.250000       24.1223469      -2.32481398E-05
   150.000000       24.1223469      -2.67946161E-05
   153.750000       24.1223469      -5.13219275E-05
   157.500000       24.1223469      -5.74016012E-05
   161.250000       24.1223469      -3.90135683E-05
   165.000000       24.1223469      -6.33620657E-05
   168.750000       24.1223469      -2.06553377E-05
   172.500000       24.1223469      -1.21616758E-05
   176.250000       24.1223469      -3.09371389E-05
   180.000000       24.1223469      -4.56594862E-05
   183.750000       24.1223469      -5.06872311E-06
   187.500000       24.1223469      -1.83307566E-05
   191.250000       24.1223469       6.40517101E-06
   195.000000       24.1223469      -1.31363049E-06
   198.750000       24.1223469      -6.35022298E-06
   202.500000       24.1223469      -4.42885794E-05
   206.250000       24.1223469      -2.04467215E-05
   210.000000       24.1223469       8.22311267E-06
   213.750000       24.1223469       2.07698904E-05
   217.500000       24.1223469      -1.89864077E-05
   221.250000       24.1223469      -1.23106875E-05
   225.000000       24.1223469       4.62210737E-05
   228.750000       24.1223469      -1.14762224E-05
   232.500000       24.1223469      -2.77394429E-06
   236.250000       24.1223469       3.59988771E-05
   240.000000       24.1223469       2.91741453E-05
   243.750000       24.1223469      -5.99259511E-06
   247.500000       24.1223469       2.58362852E-05
   251.250000       24.1223469       1.20378099E-05
   255.000000       24.1223469       1.40345655E-05
   258.750000       24.1223469      -7.48271123E-06
   262.500000       24.1223469      -1.30259432E-05
   266.250000       24.1223469       2.47126445E-06
   270.000000       24.1223469      -1.99698843E-05
   273.750000       24.1223469      -3.14735807E-05
   277.500000       24.1223469      -2.33673491E-05
   281.250000       24.1223469      -4.40203585E-05
   285.000000       24.1223469      -3.58247198E-05
   288.750000       24.1223469      -2.00592913E-05
   292.500000       24.1223469      -2.32779421E-05
   296.250000       24.1223469      -1.82115473E-05
   300.000000       24.1223469      -1.25491060E-05
   303.750000       24.1223469      -4.46760096E-05
   307.500000       24.1223469       1.48392282E-05
   311.250000       24.1223469      -3.94606031E-05
   315.000000       24.1223469      -2.09831633E-05
   318.750000       24.1223469      -3.85665335E-05
   322.500000       24.1223469      -2.39037909E-05
   326.250000       24.1223469      -4.19639982E-05
   330.000000       24.1223469      -3.48114409E-05
   333.750000       24.1223469      -1.87987462E-06
   337.500000       24.1223469       3.30572948E-06
   341.250000       24.1223469      -1.86287798E-05
   345.000000       24.1223469      -2.14600004E-05
   348.750000       24.1223469      -1.45458616E-05
   352.500000       24.1223469      -1.79135241E-05
   356.250000       24.1223469       7.72532076E-07
   360.000000       24.1223469       8.83019529E-05
   0.00000000       27.8334446       8.46153125E-06
   3.75000000       27.8334446       7.78413378E-05
   7.50000000       27.8334446       3.97241674E-05
   11.2500000       27.8334446      -7.25709833E-05
   15.0000000       27.8334446      -4.82224859E-05
   18.7500000       27.8334446      -3.30531038E-05
   22.5000000       27.8334446       2.80714594E-05
   26.2500000       27.8334446      -1.35921873E-05
   30.0000000       27.8334446       1.75512396E-05
   33.7500000       27.8334446      -7.18468800E-06
   37.5000000       27.8334446      -1.41584314E-05
   41.2500000       27.8334446      -1.57081522E-05
   45.0000000       27.8334446      -6.97607175E-06
   48.7500000       27.8334446       1.33877620E-06
   52.5000000       27.8334446      -1.08205713E-05
   56.2500000       27.8334446       4.59230505E-05
   60.0000000       27.8334446       1.04582869E-05
   63.7500000       27.8334446      -5.27733937E-06
   67.5000000       27.8334446      -3.44836153E-05
   71.2500000       27.8334446      -3.40663828E-05
   75.0000000       27.8334446      -2.01486982E-05
   78.7500000       27.8334446       4.92609106E-05
   82.5000000       27.8334446      -5.42635098E-06
   86.2500000       27.8334446       7.65686855E-06
   90.0000000       27.8334446       4.74271830E-04
   93.7500000       27.8334446       3.43022402E-04
   97.5000000       27.8334446       2.41575297E-04
   101.250000       27.8334446       2.41634902E-04
   105.000000       27.8334446       3.48067842E-05
   108.750000       27.8334446       6.23441301E-05
   112.500000       27.8334446      -3.18610109E-05
   116.250000       27.8334446       4.86350618E-05
   120.000000       27.8334446       8.28481279E-05
   123.750000       27.8334446      -3.51690687E-05
   127.500000       27.8334446      -2.84882728E-04
   131.250000       27.8334446      -1.00704376E-04
   135.000000       27.8334446       6.47581182E-05
   138.750000       27.8334446       4.76515852E-05
   142.500000       27.8334446       3.42405401E-05
   146.250000       27.8334446       9.81148332E-07
   150.000000       27.8334446       2.76840292E-05
   153.750000       27.8334446       2.75946222E-05
   157.500000       27.8334446       5.98793849E-06
   161.250000       27.8334446       2.35415064E-05
   165.000000       27.8334446      -3.66591848E-05
   168.750000       27.8334446      -3.69274057E-05
   172.500000       27.8334446      -4.95933928E-05
   176.250000       27.8334446      -3.04603018E-05
   180.000000       27.8334446      -2.46190466E-05
   183.750000       27.8334446      -3.72254290E-05
   187.500000       27.8334446      -3.56161036E-05
   191.250000       27.8334446       3.54414806E-06
   195.000000       27.8334446       3.69525515E-05
   198.750000       27.8334446       2.71177851E-05
   202.500000       27.8334446      -3.50498594E-05
   206.250000       27.8334446      -3.87751497E-05
   210.000000       27.8334446      -2.81059183E-05
   213.750000       27.8334446       2.98297964E-05
   217.500000       27.8334446       1.44816004E-05
   221.250000       27.8334446       4.40841541E-06
   225.000000       27.8334446      -5.46001829E-05
   228.750000       27.8334446       2.14851461E-05
   232.500000       27.8334446       3.20947729E-05
   236.250000       27.8334446       3.18265520E-05
   240.000000       27.8334446      -5.60516492E-06
   243.750000       27.8334446      -3.45939770E-06
   247.500000       27.8334446      -4.26406041E-06
   251.250000       27.8334446       1.66869722E-05
   255.000000       27.8334446       1.39451586E-05
   258.750000       27.8334446       2.34819017E-05
   262.500000       27.8334446      -1.71088614E-05
   266.250000       27.8334446      -4.49442305E-05
   270.000000       27.8334446       8.10390338E-06
   273.750000       27.8334446       3.99029814E-05
   277.500000       27.8334446       1.19484030E-05
   281.250000       27.8334446      -3.65697779E-05
   285.000000       27.8334446      -2.14301981E-05
   288.750000       27.8334446      -2.05868855E-06
   292.500000       27.8334446      -4.47058119E-05
   296.250000       27.8334446      -4.17255796E-05
   300.000000       27.8334446      -1.18040480E-05
   303.750000       27.8334446      -1.48140825E-05
   307.500000       27.8334446      -1.75558962E-05
   311.250000       27.8334446      -5.26928343E-05
   315.000000       27.8334446      -3.12351622E-05
   318.750000       27.8334446       2.06506811E-05
   322.500000       27.8334446      -2.48872675E-05
   326.250000       27.8334446      -6.16931356E-05
   330.000000       27.8334446      -2.42912211E-05
   333.750000       27.8334446      -2.74800695E-05
   337.500000       27.8334446      -7.66152516E-06
   341.250000       27.8334446      -6.97607175E-06
   345.000000       27.8334446      -1.93738379E-05
   348.750000       27.8334446      -8.31717625E-06
   352.500000       27.8334446      -1.49034895E-05
   356.250000       27.8334446       7.73645006E-05
   360.000000       27.8334446       8.46153125E-06
   0.00000000       31.5445251      -3.40365805E-05
   3.75000000       31.5445251      -2.08341517E-05
   7.50000000       31.5445251      -1.24596991E-05
   11.2500000       31.5445251      -5.30206598E-05
   15.0000000       31.5445251      -1.50525011E-05
   18.7500000       31.5445251      -2.22646631E-05
   22.5000000       31.5445251       2.85869464E-06
   26.2500000       31.5445251      -6.02239743E-06
   30.0000000       31.5445251      -2.16686167E-05
   33.7500000       31.5445251       5.95129095E-05
   37.5000000       31.5445251       7.00927339E-05
   41.2500000       31.5445251      -1.09993853E-05
   45.0000000       31.5445251      -2.79271044E-05
   48.7500000       31.5445251      -1.36517920E-05
   52.5000000       31.5445251       1.51372515E-05
   56.2500000       31.5445251       2.69985758E-05
   60.0000000       31.5445251      -5.17689623E-05
   63.7500000       31.5445251      -3.83877195E-05
   67.5000000       31.5445251       2.14343891E-06
   71.2500000       31.5445251       3.60375270E-06
   75.0000000       31.5445251       2.27964483E-05
   78.7500000       31.5445251      -2.49468721E-05
   82.5000000       31.5445251      -1.24596991E-05
   86.2500000       31.5445251      -1.05204526E-04
   90.0000000       31.5445251      -4.99808230E-05
   93.7500000       31.5445251       1.81472860E-05
   97.5000000       31.5445251      -1.94334425E-05
   101.250000       31.5445251      -3.12649645E-05
   105.000000       31.5445251       1.00708567E-05
   108.750000       31.5445251      -7.63260759E-05
   112.500000       31.5445251       8.10390338E-06
   116.250000       31.5445251      -1.29067339E-05
   120.000000       31.5445251      -1.34431757E-05
   123.750000       31.5445251       1.14417635E-05
   127.500000       31.5445251       6.31576404E-06
   131.250000       31.5445251       7.11358152E-05
   135.000000       31.5445251       1.01981219E-04
   138.750000       31.5445251       9.23639163E-06
   142.500000       31.5445251      -2.12513842E-05
   146.250000       31.5445251      -5.67459501E-05
   150.000000       31.5445251      -2.75396742E-05
   153.750000       31.5445251       9.89204273E-06
   157.500000       31.5445251       2.92337500E-05
   161.250000       31.5445251       5.62644564E-05
   165.000000       31.5445251       5.40292822E-05
   168.750000       31.5445251       1.21272169E-05
   172.500000       31.5445251       5.18327579E-06
   176.250000       31.5445251       2.79909000E-06
   180.000000       31.5445251      -5.40041365E-05
   183.750000       31.5445251      -5.22457995E-05
   187.500000       31.5445251      -5.63883223E-05
   191.250000       31.5445251       5.37014566E-05
   195.000000       31.5445251       6.67339191E-06
   198.750000       31.5445251      -1.15656294E-05
   202.500000       31.5445251      -7.09020533E-05
   206.250000       31.5445251       1.79735478E-04
   210.000000       31.5445251       1.09649263E-05
   213.750000       31.5445251      -1.65426172E-05
   217.500000       31.5445251       4.52972017E-05
   221.250000       31.5445251      -2.48276629E-05
   225.000000       31.5445251       8.07917677E-05
   228.750000       31.5445251       3.76082025E-05
   232.500000       31.5445251       3.25716101E-05
   236.250000       31.5445251       2.23494135E-05
   240.000000       31.5445251       1.20080076E-05
   243.750000       31.5445251      -5.51575795E-06
   247.500000       31.5445251       2.38991342E-05
   251.250000       31.5445251      -2.32690945E-06
   255.000000       31.5445251      -1.80923380E-05
   258.750000       31.5445251      -4.39309515E-05
   262.500000       31.5445251      -2.90297903E-05
   266.250000       31.5445251       1.39451586E-05
   270.000000       31.5445251       1.84751116E-05
   273.750000       31.5445251      -3.55863012E-05
   277.500000       31.5445251      -2.47084536E-05
   281.250000       31.5445251      -2.98642553E-05
   285.000000       31.5445251       4.46117483E-05
   288.750000       31.5445251       5.34332357E-05
   292.500000       31.5445251      -3.10265459E-05
   296.250000       31.5445251      -4.76562418E-05
   300.000000       31.5445251      -2.87913717E-05
   303.750000       31.5445251      -3.36193480E-05
   307.500000       31.5445251      -2.69734301E-05
   311.250000       31.5445251      -3.52286734E-05
   315.000000       31.5445251      -3.56161036E-05
   318.750000       31.5445251      -5.90318814E-06
   322.500000       31.5445251       1.10543333E-05
   326.250000       31.5445251      -1.12378038E-05
   330.000000       31.5445251       5.68991527E-06
   333.750000       31.5445251      -4.92655672E-05
   337.500000       31.5445251       1.72234140E-05
   341.250000       31.5445251      -1.79046765E-06
   345.000000       31.5445251      -1.32643618E-05
   348.750000       31.5445251      -3.37683596E-05
   352.500000       31.5445251      -2.28607096E-05
   356.250000       31.5445251      -1.20722689E-05
   360.000000       31.5445251      -3.40365805E-05
   0.00000000       35.2555809      -3.58247198E-05
   3.75000000       35.2555809      -2.96258368E-05
   7.50000000       35.2555809      -2.92086042E-05
   11.2500000       35.2555809       2.93529592E-05
   15.0000000       35.2555809      -3.74638475E-05
   18.7500000       35.2555809      -4.50634398E-05
   22.5000000       35.2555809      -1.04331411E-05
   26.2500000       35.2555809      -1.37113966E-05
   30.0000000       35.2555809       1.26636587E-05
   33.7500000       35.2555809       1.07077416E-04
   37.5000000       35.2555809      -4.45866026E-05
   41.2500000       35.2555809       6.39236532E-05
   45.0000000       35.2555809      -3.10176983E-06
   48.7500000       35.2555809      -2.21156515E-05
   52.5000000       35.2555809      -3.35597433E-05
   56.2500000       35.2555809      -8.02003779E-05
   60.0000000       35.2555809      -1.89566053E-05
   63.7500000       35.2555809      -2.31587328E-05
   67.5000000       35.2555809       5.71971759E-06
   71.2500000       35.2555809      -4.08315100E-05
   75.0000000       35.2555809       1.24936923E-06
   78.7500000       35.2555809      -5.07258810E-05
   82.5000000       35.2555809       1.25763472E-04
   86.2500000       35.2555809       8.20732675E-05
   90.0000000       35.2555809      -8.33296217E-05
   93.7500000       35.2555809       1.57264527E-04
   97.5000000       35.2555809      -8.64500180E-06
   101.250000       35.2555809       3.25418077E-05
   105.000000       35.2555809      -4.77456488E-05
   108.750000       35.2555809      -5.12832776E-06
   112.500000       35.2555809      -5.03980555E-05
   116.250000       35.2555809      -3.30233015E-05
   120.000000       35.2555809      -2.73608603E-05
   123.750000       35.2555809      -1.60657801E-05
   127.500000       35.2555809      -1.61165372E-06
   131.250000       35.2555809      -1.02841295E-05
   135.000000       35.2555809      -1.61849894E-05
   138.750000       35.2555809       1.46604143E-05
   142.500000       35.2555809       9.96566378E-05
   146.250000       35.2555809       1.35657843E-04
   150.000000       35.2555809       1.03381928E-04
   153.750000       35.2555809       5.97215258E-05
   157.500000       35.2555809       4.67873178E-05
   161.250000       35.2555809       5.74267469E-05
   165.000000       35.2555809       7.31027685E-05
   168.750000       35.2555809       4.31514345E-05
   172.500000       35.2555809       4.58722934E-06
   176.250000       35.2555809      -3.84682789E-06
   180.000000       35.2555809      -9.91546549E-05
   183.750000       35.2555809      -3.05795111E-05
   187.500000       35.2555809      -2.64667906E-05
   191.250000       35.2555809       3.93069349E-05
   195.000000       35.2555809      -2.45594420E-05
   198.750000       35.2555809      -4.95039858E-05
   202.500000       35.2555809       3.65850981E-04
   206.250000       35.2555809       3.07736453E-04
   210.000000       35.2555809      -2.68542208E-05
   213.750000       35.2555809       5.11384569E-05
   217.500000       35.2555809       3.21841799E-05
   221.250000       35.2555809       1.74916349E-05
   225.000000       35.2555809       6.31487928E-05
   228.750000       35.2555809       1.93482265E-06
   232.500000       35.2555809      -2.64071859E-05
   236.250000       35.2555809      -1.32643618E-05
   240.000000       35.2555809      -1.03735365E-05
   243.750000       35.2555809      -2.83443369E-05
   247.500000       35.2555809      -1.58273615E-05
   251.250000       35.2555809      -3.04603018E-05
   255.000000       35.2555809      -1.99996866E-05
   258.750000       35.2555809       2.12169252E-05
   262.500000       35.2555809      -8.58539715E-06
   266.250000       35.2555809      -3.06689180E-05
   270.000000       35.2555809      -1.66916288E-05
   273.750000       35.2555809      -3.99374403E-05
   277.500000       35.2555809      -5.77294268E-05
   281.250000       35.2555809      -6.38687052E-05
   285.000000       35.2555809      -4.49442305E-05
   288.750000       35.2555809      -8.99159350E-05
   292.500000       35.2555809      -6.47925772E-05
   296.250000       35.2555809      -6.89052977E-05
   300.000000       35.2555809      -1.94334425E-05
   303.750000       35.2555809      -4.85503115E-05
   307.500000       35.2555809      -1.30855478E-05
   311.250000       35.2555809      -3.54670919E-05
   315.000000       35.2555809       2.57468782E-05
   318.750000       35.2555809       1.89221464E-05
   322.500000       35.2555809      -1.25491060E-05
   326.250000       35.2555809      -3.30233015E-05
   330.000000       35.2555809       2.00686511E-04
   333.750000       35.2555809       2.19619833E-05
   337.500000       35.2555809       2.09785067E-05
   341.250000       35.2555809      -9.77749005E-06
   345.000000       35.2555809      -2.77482904E-05
   348.750000       35.2555809      -4.73880209E-05
   352.500000       35.2555809      -5.12921251E-05
   356.250000       35.2555809      -3.51690687E-05
   360.000000       35.2555809      -3.58247198E-05
   0.00000000       38.9666100      -3.48114409E-05
   3.75000000       38.9666100      -5.67757525E-05
   7.50000000       38.9666100       1.51372515E-05
   11.2500000       38.9666100      -6.37494959E-05
   15.0000000       38.9666100      -5.67459501E-05
   18.7500000       38.9666100      -8.49599019E-06
   22.5000000       38.9666100      -3.88943590E-05
   26.2500000       38.9666100       3.94559465E-05
   30.0000000       38.9666100       3.77572142E-05
   33.7500000       38.9666100       3.64757143E-05
   37.5000000       38.9666100      -3.59956175E-07
   41.2500000       38.9666100      -2.68244185E-05
   45.0000000       38.9666100      -6.82706013E-06
   48.7500000       38.9666100      -3.99970450E-05
   52.5000000       38.9666100       3.69525515E-05
   56.2500000       38.9666100      -4.82522883E-05
   60.0000000       38.9666100      -6.66999258E-05
   63.7500000       38.9666100      -2.95960344E-05
   67.5000000       38.9666100       3.37339006E-05
   71.2500000       38.9666100       6.85220584E-06
   75.0000000       38.9666100       2.50316225E-05
   78.7500000       38.9666100       1.28722750E-05
   82.5000000       38.9666100       3.13497148E-05
   86.2500000       38.9666100      -1.40988268E-05
   90.0000000       38.9666100      -4.06228937E-05
   93.7500000       38.9666100       1.44219957E-05
   97.5000000       38.9666100       2.29752623E-05
   101.250000       38.9666100      -1.57379545E-05
   105.000000       38.9666100       2.48230062E-05
   108.750000       38.9666100       2.75052153E-05
   112.500000       38.9666100       6.99437223E-05
   116.250000       38.9666100      -8.13836232E-06
   120.000000       38.9666100      -3.91029753E-05
   123.750000       38.9666100      -5.55836596E-05
   127.500000       38.9666100      -2.98256055E-06
   131.250000       38.9666100      -4.44971956E-05
   135.000000       38.9666100       1.70446001E-05
   138.750000       38.9666100      -8.71443190E-05
   142.500000       38.9666100      -7.85612501E-05
   146.250000       38.9666100       1.58823095E-05
   150.000000       38.9666100       9.74303111E-06
   153.750000       38.9666100      -1.73174776E-05
   157.500000       38.9666100      -2.95960344E-05
   161.250000       38.9666100       2.21458729E-04
   165.000000       38.9666100       6.85430132E-05
   168.750000       38.9666100       7.00033270E-05
   172.500000       38.9666100       5.08404337E-05
   176.250000       38.9666100       9.23550688E-05
   180.000000       38.9666100      -2.35671178E-06
   183.750000       38.9666100      -4.93251719E-05
   187.500000       38.9666100      -6.68489374E-05
   191.250000       38.9666100      -1.04906503E-04
   195.000000       38.9666100      -6.70785084E-06
   198.750000       38.9666100       1.09342393E-04
   202.500000       38.9666100       7.55465589E-05
   206.250000       38.9666100      -1.11781992E-05
   210.000000       38.9666100      -4.64343466E-05
   213.750000       38.9666100       3.06046568E-05
   217.500000       38.9666100      -5.93299046E-06
   221.250000       38.9666100       2.32434832E-05
   225.000000       38.9666100       4.34494577E-05
   228.750000       38.9666100      -1.29663385E-05
   232.500000       38.9666100      -4.47356142E-05
   236.250000       38.9666100      -6.12461008E-05
   240.000000       38.9666100      -3.94308008E-05
   243.750000       38.9666100      -1.24596991E-05
   247.500000       38.9666100      -3.55266966E-05
   251.250000       38.9666100      -2.39037909E-05
   255.000000       38.9666100      -1.66618265E-05
   258.750000       38.9666100      -1.21318735E-05
   262.500000       38.9666100      -4.82522883E-05
   266.250000       38.9666100      -2.93874182E-05
   270.000000       38.9666100       1.62995420E-05
   273.750000       38.9666100       5.13768755E-05
   277.500000       38.9666100       4.77409922E-05
   281.250000       38.9666100       1.84751116E-05
   285.000000       38.9666100       7.92420469E-05
   288.750000       38.9666100       8.34739767E-05
   292.500000       38.9666100       1.32439192E-04
   296.250000       38.9666100       4.81284223E-05
   300.000000       38.9666100      -4.40501608E-05
   303.750000       38.9666100       3.20053659E-05
   307.500000       38.9666100      -4.09805216E-05
   311.250000       38.9666100       5.28073870E-05
   315.000000       38.9666100       3.01278196E-05
   318.750000       38.9666100      -6.24381937E-05
   322.500000       38.9666100       6.77979551E-05
   326.250000       38.9666100       1.66115817E-04
   330.000000       38.9666100       1.42452773E-04
   333.750000       38.9666100       3.86810862E-05
   337.500000       38.9666100       2.71773897E-05
   341.250000       38.9666100       3.26908194E-05
   345.000000       38.9666100       6.32083975E-05
   348.750000       38.9666100      -3.46624292E-05
   352.500000       38.9666100       1.86539255E-05
   356.250000       38.9666100      -3.66591848E-05
   360.000000       38.9666100      -3.48114409E-05
   0.00000000       42.6776047      -4.23425809E-06
   3.75000000       42.6776047      -1.16648618E-04
   7.50000000       42.6776047       1.54641923E-04
   11.2500000       42.6776047      -5.45615330E-06
   15.0000000       42.6776047       3.45087610E-05
   18.7500000       42.6776047      -4.20445576E-06
   22.5000000       42.6776047      -5.01894392E-05
   26.2500000       42.6776047       5.20325266E-05
   30.0000000       42.6776047       2.70283781E-05
   33.7500000       42.6776047       1.86837278E-05
   37.5000000       42.6776047       4.25255857E-05
   41.2500000       42.6776047      -5.53154387E-05
   45.0000000       42.6776047       3.17073427E-05
   48.7500000       42.6776047       2.38991342E-05
   52.5000000       42.6776047       5.19431196E-05
   56.2500000       42.6776047       8.04429874E-06
   60.0000000       42.6776047      -2.93278135E-05
   63.7500000       42.6776047      -1.17742456E-05
   67.5000000       42.6776047      -3.04603018E-05
   71.2500000       42.6776047      -6.70873560E-05
   75.0000000       42.6776047      -3.66591848E-05
   78.7500000       42.6776047      -2.65473500E-06
   82.5000000       42.6776047      -4.64343466E-05
   86.2500000       42.6776047      -5.72823919E-05
   90.0000000       42.6776047       4.91505489E-06
   93.7500000       42.6776047      -2.66754068E-05
   97.5000000       42.6776047      -1.27279200E-05
   101.250000       42.6776047      -1.53505243E-05
   105.000000       42.6776047      -2.91788019E-05
   108.750000       42.6776047       5.30248508E-06
   112.500000       42.6776047       5.59068285E-05
   116.250000       42.6776047      -1.46054663E-05
   120.000000       42.6776047      -2.70330347E-05
   123.750000       42.6776047      -7.57896341E-05
   127.500000       42.6776047      -6.35408796E-05
   131.250000       42.6776047       2.11275183E-05
   135.000000       42.6776047      -9.40286554E-05
   138.750000       42.6776047      -6.44051470E-05
   142.500000       42.6776047      -8.69059004E-05
   146.250000       42.6776047      -1.56485476E-05
   150.000000       42.6776047      -2.09533609E-05
   153.750000       42.6776047       8.93836841E-06
   157.500000       42.6776047      -2.61389650E-05
   161.250000       42.6776047       4.61703166E-06
   165.000000       42.6776047       5.64432703E-05
   168.750000       42.6776047      -9.53907147E-06
   172.500000       42.6776047       4.58932482E-05
   176.250000       42.6776047       1.31723937E-04
   180.000000       42.6776047       5.02443872E-05
   183.750000       42.6776047       3.38531099E-05
   187.500000       42.6776047      -2.92980112E-05
   191.250000       42.6776047      -4.67919745E-05
   195.000000       42.6776047      -3.68678011E-05
   198.750000       42.6776047       9.04179178E-05
   202.500000       42.6776047       2.01142393E-05
   206.250000       42.6776047      -2.69138254E-05
   210.000000       42.6776047      -2.81655230E-05
   213.750000       42.6776047      -2.47084536E-05
   217.500000       42.6776047       5.87380491E-05
   221.250000       42.6776047      -7.84033909E-06
   225.000000       42.6776047      -5.00404276E-05
   228.750000       42.6776047      -4.37819399E-05
   232.500000       42.6776047      -5.11133112E-05
   236.250000       42.6776047       5.29563986E-05
   240.000000       42.6776047      -1.99698843E-05
   243.750000       42.6776047      -1.69598497E-05
   247.500000       42.6776047       4.52762470E-06
   251.250000       42.6776047       3.12305056E-05
   255.000000       42.6776047       4.83072363E-05
   258.750000       42.6776047       1.16077717E-04
   262.500000       42.6776047       1.69245061E-04
   266.250000       42.6776047       8.71992670E-05
   270.000000       42.6776047      -2.54833139E-05
   273.750000       42.6776047       8.07321630E-05
   277.500000       42.6776047       1.17836054E-04
   281.250000       42.6776047       6.60992227E-05
   285.000000       42.6776047       2.81906687E-05
   288.750000       42.6776047       1.68589409E-04
   292.500000       42.6776047       1.69751700E-04
   296.250000       42.6776047       1.50052365E-04
   300.000000       42.6776047       5.31650148E-05
   303.750000       42.6776047      -4.47356142E-05
   307.500000       42.6776047       4.41051088E-05
   311.250000       42.6776047       9.95164737E-06
   315.000000       42.6776047      -4.71198000E-05
   318.750000       42.6776047       1.28088053E-04
   322.500000       42.6776047       4.41945158E-05
   326.250000       42.6776047       3.45981680E-05
   330.000000       42.6776047       5.40590845E-05
   333.750000       42.6776047       8.31163488E-05
   337.500000       42.6776047       5.12367114E-06
   341.250000       42.6776047       8.50236975E-05
   345.000000       42.6776047      -4.73582186E-05
   348.750000       42.6776047       3.27592716E-06
   352.500000       42.6776047      -4.29474749E-05
   356.250000       42.6776047      -5.68055548E-05
   360.000000       42.6776047      -4.23425809E-06
   0.00000000       46.3885536      -2.44998373E-05
   3.75000000       46.3885536      -4.50038351E-05
   7.50000000       46.3885536       6.10328279E-05
   11.2500000       46.3885536      -4.29176725E-05
   15.0000000       46.3885536      -5.39445318E-05
   18.7500000       46.3885536       9.10735689E-05
   22.5000000       46.3885536      -4.29474749E-05
   26.2500000       46.3885536       7.26557337E-05
   30.0000000       46.3885536      -4.66429628E-05
   33.7500000       46.3885536       2.36011110E-05
   37.5000000       46.3885536       1.48778781E-06
   41.2500000       46.3885536       1.20974146E-05
   45.0000000       46.3885536      -1.04540959E-06
   48.7500000       46.3885536      -7.29286112E-05
   52.5000000       46.3885536       8.30865465E-05
   56.2500000       46.3885536       2.03070696E-04
   60.0000000       46.3885536       1.37744006E-04
   63.7500000       46.3885536      -3.75234522E-05
   67.5000000       46.3885536      -7.12508336E-06
   71.2500000       46.3885536      -2.32481398E-05
   75.0000000       46.3885536      -4.63151373E-05
   78.7500000       46.3885536      -5.60516492E-06
   82.5000000       46.3885536      -1.88671984E-05
   86.2500000       46.3885536      -9.98610631E-06
   90.0000000       46.3885536       1.71340071E-05
   93.7500000       46.3885536       1.07464846E-04
   97.5000000       46.3885536       9.11718234E-06
   101.250000       46.3885536       1.33184250E-04
   105.000000       46.3885536       1.50409993E-04
   108.750000       46.3885536       7.03907572E-05
   112.500000       46.3885536      -1.12080015E-05
   116.250000       46.3885536      -2.47084536E-05
   120.000000       46.3885536      -1.24596991E-05
   123.750000       46.3885536      -2.59005465E-05
   127.500000       46.3885536      -6.12162985E-05
   131.250000       46.3885536       2.77138315E-05
   135.000000       46.3885536      -4.73284163E-05
   138.750000       46.3885536       1.13991555E-04
   142.500000       46.3885536       1.95769127E-04
   146.250000       46.3885536       1.61109027E-04
   150.000000       46.3885536      -4.73582186E-05
   153.750000       46.3885536      -1.85691752E-05
   157.500000       46.3885536      -1.61551870E-05
   161.250000       46.3885536      -2.54535116E-05
   165.000000       46.3885536       1.02756079E-04
   168.750000       46.3885536       5.97513281E-05
   172.500000       46.3885536       1.01095065E-06
   176.250000       46.3885536       1.08835753E-04
   180.000000       46.3885536       1.07762869E-04
   183.750000       46.3885536      -1.58185139E-06
   187.500000       46.3885536      -4.18447889E-05
   191.250000       46.3885536      -3.83579172E-05
   195.000000       46.3885536       6.67250715E-05
   198.750000       46.3885536      -7.37034716E-05
   202.500000       46.3885536      -4.64939512E-05
   206.250000       46.3885536      -2.19070353E-05
   210.000000       46.3885536      -2.96854414E-05
   213.750000       46.3885536       2.71177851E-05
   217.500000       46.3885536       7.71647319E-06
   221.250000       46.3885536      -3.35299410E-05
   225.000000       46.3885536      -5.02788462E-05
   228.750000       46.3885536      -6.08884729E-05
   232.500000       46.3885536       1.42818317E-06
   236.250000       46.3885536      -2.80761160E-05
   240.000000       46.3885536      -6.88456930E-05
   243.750000       46.3885536      -3.94009985E-05
   247.500000       46.3885536       6.48475252E-05
   251.250000       46.3885536       6.87814318E-05
   255.000000       46.3885536       5.39398752E-05
   258.750000       46.3885536       8.69994983E-06
   262.500000       46.3885536      -2.95275822E-06
   266.250000       46.3885536       1.55842863E-05
   270.000000       46.3885536      -9.73069109E-05
   273.750000       46.3885536       1.65430363E-04
   277.500000       46.3885536       4.77409922E-05
   281.250000       46.3885536       2.24686228E-05
   285.000000       46.3885536       1.30263623E-04
   288.750000       46.3885536       1.72532164E-05
   292.500000       46.3885536      -5.26928343E-05
   296.250000       46.3885536       1.95181929E-05
   300.000000       46.3885536       8.61939043E-07
   303.750000       46.3885536       9.76002775E-05
   307.500000       46.3885536      -5.85936941E-05
   311.250000       46.3885536       1.15013681E-05
   315.000000       46.3885536       9.07755457E-05
   318.750000       46.3885536       7.85267912E-05
   322.500000       46.3885536       3.86512838E-05
   326.250000       46.3885536       1.56608876E-04
   330.000000       46.3885536       3.78168188E-05
   333.750000       46.3885536       2.03526579E-05
   337.500000       46.3885536      -6.79516234E-05
   341.250000       46.3885536      -8.98861326E-05
   345.000000       46.3885536      -9.42670740E-05
   348.750000       46.3885536       1.32299028E-05
   352.500000       46.3885536      -1.82115473E-05
   356.250000       46.3885536       1.39451586E-05
   360.000000       46.3885536      -2.44998373E-05
   0.00000000       50.0994530       6.73299655E-06
   3.75000000       50.0994530       2.39885412E-05
   7.50000000       50.0994530      -2.36057676E-05
   11.2500000       50.0994530       7.34007917E-05
   15.0000000       50.0994530      -2.54833139E-05
   18.7500000       50.0994530       9.70936380E-05
   22.5000000       50.0994530      -3.81791033E-05
   26.2500000       50.0994530      -1.06715597E-05
   30.0000000       50.0994530       4.75919805E-05
   33.7500000       50.0994530       2.66707502E-05
   37.5000000       50.0994530       1.54739246E-06
   41.2500000       50.0994530      -2.26520933E-05
   45.0000000       50.0994530      -1.80327334E-05
   48.7500000       50.0994530      -1.61849894E-05
   52.5000000       50.0994530      -5.00911847E-06
   56.2500000       50.0994530      -7.00587407E-06
   60.0000000       50.0994530      -2.91788019E-05
   63.7500000       50.0994530      -3.49902548E-05
   67.5000000       50.0994530      -2.97152437E-05
   71.2500000       50.0994530       1.13544520E-04
   75.0000000       50.0994530       4.49693762E-05
   78.7500000       50.0994530       8.87191854E-05
   82.5000000       50.0994530       7.35498033E-05
   86.2500000       50.0994530       8.48448835E-05
   90.0000000       50.0994530      -7.06547871E-06
   93.7500000       50.0994530       6.62482344E-05
   97.5000000       50.0994530       7.62320124E-05
   101.250000       50.0994530      -2.08043493E-05
   105.000000       50.0994530       6.29103743E-05
   108.750000       50.0994530      -9.05715860E-05
   112.500000       50.0994530       1.02338847E-04
   116.250000       50.0994530       6.91092573E-05
   120.000000       50.0994530       3.64161097E-05
   123.750000       50.0994530       2.72667967E-05
   127.500000       50.0994530       7.80201517E-05
   131.250000       50.0994530       8.84509645E-05
   135.000000       50.0994530       4.95291315E-05
   138.750000       50.0994530       9.86224040E-06
   142.500000       50.0994530       5.00655733E-05
   146.250000       50.0994530      -5.98453917E-05
   150.000000       50.0994530      -8.95285048E-05
   153.750000       50.0994530      -4.85205092E-05
   157.500000       50.0994530      -5.90109266E-05
   161.250000       50.0994530       1.20816287E-04
   165.000000       50.0994530       6.57713972E-05
   168.750000       50.0994530       8.67014751E-06
   172.500000       50.0994530       6.55627809E-05
   176.250000       50.0994530       8.13580118E-05
   180.000000       50.0994530       2.08890997E-05
   183.750000       50.0994530       3.69315967E-06
   187.500000       50.0994530      -3.76128592E-05
   191.250000       50.0994530      -8.96775164E-05
   195.000000       50.0994530       8.31251964E-06
   198.750000       50.0994530      -2.21156515E-05
   202.500000       50.0994530       4.73624095E-06
   206.250000       50.0994530      -2.46488489E-05
   210.000000       50.0994530      -6.07692637E-05
   213.750000       50.0994530      -4.96231951E-05
   217.500000       50.0994530      -3.35597433E-05
   221.250000       50.0994530      -3.37683596E-05
   225.000000       50.0994530      -1.23702921E-05
   228.750000       50.0994530      -1.67810358E-05
   232.500000       50.0994530      -3.96394171E-05
   236.250000       50.0994530      -6.37792982E-05
   240.000000       50.0994530      -7.79055990E-05
   243.750000       50.0994530       3.30484472E-05
   247.500000       50.0994530       9.19378363E-05
   251.250000       50.0994530       1.60960015E-04
   255.000000       50.0994530      -2.02679075E-05
   258.750000       50.0994530      -8.25757161E-06
   262.500000       50.0994530       4.02606092E-05
   266.250000       50.0994530       1.38855539E-05
   270.000000       50.0994530       1.25823077E-04
   273.750000       50.0994530       5.63240610E-05
   277.500000       50.0994530      -1.69300474E-05
   281.250000       50.0994530      -3.72254290E-05
   285.000000       50.0994530       1.49882399E-05
   288.750000       50.0994530       4.83966433E-05
   292.500000       50.0994530       1.08457170E-05
   296.250000       50.0994530      -1.18108932E-04
   300.000000       50.0994530      -3.88645567E-05
   303.750000       50.0994530       9.27723013E-05
   307.500000       50.0994530       3.89195047E-05
   311.250000       50.0994530       4.50885855E-05
   315.000000       50.0994530       1.08746346E-04
   318.750000       50.0994530       2.30646692E-05
   322.500000       50.0994530       6.86920248E-05
   326.250000       50.0994530      -1.01053156E-05
   330.000000       50.0994530      -3.63015570E-05
   333.750000       50.0994530       3.95751558E-05
   337.500000       50.0994530       6.88200817E-06
   341.250000       50.0994530      -3.65697779E-05
   345.000000       50.0994530       2.02444848E-04
   348.750000       50.0994530       8.81827436E-05
   352.500000       50.0994530       1.60313211E-05
   356.250000       50.0994530      -4.29386273E-06
   360.000000       50.0994530       6.73299655E-06
   0.00000000       53.8102722       3.30186449E-05
   3.75000000       53.8102722       5.87976538E-05
   7.50000000       53.8102722       7.45332800E-05
   11.2500000       53.8102722       6.38044439E-05
   15.0000000       53.8102722       6.16884790E-05
   18.7500000       53.8102722      -2.09235586E-05
   22.5000000       53.8102722       5.04311174E-07
   26.2500000       53.8102722      -2.81953253E-05
   30.0000000       53.8102722      -2.01785006E-05
   33.7500000       53.8102722      -2.56532803E-06
   37.5000000       53.8102722      -2.51554884E-05
   41.2500000       53.8102722      -4.46760096E-05
   45.0000000       53.8102722      -8.25757161E-06
   48.7500000       53.8102722       2.86377035E-05
   52.5000000       53.8102722      -1.00755133E-05
   56.2500000       53.8102722       2.86377035E-05
   60.0000000       53.8102722       5.31352125E-05
   63.7500000       53.8102722      -2.44104303E-05
   67.5000000       53.8102722      -4.44375910E-05
   71.2500000       53.8102722      -1.39498152E-05
   75.0000000       53.8102722      -5.87338582E-06
   78.7500000       53.8102722       5.89853153E-06
   82.5000000       53.8102722      -2.74414197E-06
   86.2500000       53.8102722      -2.71433964E-06
   90.0000000       53.8102722       5.70393167E-05
   93.7500000       53.8102722      -2.52448954E-05
   97.5000000       53.8102722      -4.11504880E-06
   101.250000       53.8102722       1.01900660E-05
   105.000000       53.8102722      -3.02516855E-05
   108.750000       53.8102722      -3.82983126E-05
   112.500000       53.8102722      -1.31153502E-05
   116.250000       53.8102722       4.24659811E-05
   120.000000       53.8102722       1.32895075E-05
   123.750000       53.8102722       1.11139379E-05
   127.500000       53.8102722       5.83506189E-05
   131.250000       53.8102722       9.70936380E-05
   135.000000       53.8102722       2.96211801E-05
   138.750000       53.8102722       1.36857852E-06
   142.500000       53.8102722      -1.83903612E-05
   146.250000       53.8102722      -3.19206156E-05
   150.000000       53.8102722      -2.26520933E-05
   153.750000       53.8102722       6.83045946E-05
   157.500000       53.8102722      -1.04101840E-04
   161.250000       53.8102722      -4.12785448E-05
   165.000000       53.8102722       4.97675501E-05
   168.750000       53.8102722       6.10626303E-05
   172.500000       53.8102722      -5.35272993E-05
   176.250000       53.8102722      -1.06417574E-05
   180.000000       53.8102722       1.73724256E-05
   183.750000       53.8102722      -2.26818956E-05
   187.500000       53.8102722      -2.29799189E-05
   191.250000       53.8102722      -3.52286734E-05
   195.000000       53.8102722      -8.65184702E-05
   198.750000       53.8102722      -4.66131605E-05
   202.500000       53.8102722      -3.85963358E-05
   206.250000       53.8102722      -2.74414197E-06
   210.000000       53.8102722       1.16801821E-05
   213.750000       53.8102722      -7.33458437E-05
   217.500000       53.8102722      -1.32861082E-04
   221.250000       53.8102722      -3.75234522E-05
   225.000000       53.8102722      -3.82685103E-05
   228.750000       53.8102722      -9.47737135E-05
   232.500000       53.8102722      -4.61661257E-05
   236.250000       53.8102722      -2.65263952E-05
   240.000000       53.8102722       3.62372957E-05
   243.750000       53.8102722       1.07971486E-04
   247.500000       53.8102722       1.25146471E-05
   251.250000       53.8102722       9.59909521E-05
   255.000000       53.8102722      -8.75615515E-05
   258.750000       53.8102722       2.38395296E-05
   262.500000       53.8102722      -2.02888623E-06
   266.250000       53.8102722       3.09622847E-05
   270.000000       53.8102722       2.40481459E-05
   273.750000       53.8102722       6.21951185E-05
   277.500000       53.8102722      -9.28961672E-05
   281.250000       53.8102722      -1.66618265E-05
   285.000000       53.8102722      -1.33537687E-05
   288.750000       53.8102722      -6.67804852E-06
   292.500000       53.8102722      -4.50336374E-05
   296.250000       53.8102722       2.55382620E-05
   300.000000       53.8102722      -2.02888623E-06
   303.750000       53.8102722      -9.83709469E-06
   307.500000       53.8102722      -7.65346922E-05
   311.250000       53.8102722       3.45474109E-06
   315.000000       53.8102722       2.28858553E-05
   318.750000       53.8102722      -1.01947226E-05
   322.500000       53.8102722       1.27402600E-04
   326.250000       53.8102722       1.16971787E-04
   330.000000       53.8102722       1.34981237E-05
   333.750000       53.8102722       4.47905622E-05
   337.500000       53.8102722       1.11160334E-04
   341.250000       53.8102722       1.73715409E-04
   345.000000       53.8102722       4.97079454E-05
   348.750000       53.8102722       5.86784445E-05
   352.500000       53.8102722       8.29673372E-05
   356.250000       53.8102722      -3.80896963E-05
   360.000000       53.8102722       3.30186449E-05
   0.00000000       57.5209885      -6.55972399E-05
   3.75000000       57.5209885      -3.11457552E-05
   7.50000000       57.5209885       6.41620718E-05
   11.2500000       57.5209885       2.64323317E-05
   15.0000000       57.5209885       3.97241674E-05
   18.7500000       57.5209885       6.87218271E-05
   22.5000000       57.5209885      -2.86125578E-05
   26.2500000       57.5209885      -3.00430693E-05
   30.0000000       57.5209885      -5.24753705E-06
   33.7500000       57.5209885      -2.65263952E-05
   37.5000000       57.5209885      -2.63475813E-05
   41.2500000       57.5209885       2.50912271E-05
   45.0000000       57.5209885      -7.03060068E-05
   48.7500000       57.5209885       1.09252986E-04
   52.5000000       57.5209885      -4.26792540E-05
   56.2500000       57.5209885      -3.63015570E-05
   60.0000000       57.5209885       1.41537748E-05
   63.7500000       57.5209885       1.66869722E-05
   67.5000000       57.5209885       2.50614248E-05
   71.2500000       57.5209885       1.03143509E-04
   75.0000000       57.5209885      -1.91950239E-05
   78.7500000       57.5209885       3.54922377E-05
   82.5000000       57.5209885       5.56386076E-05
   86.2500000       57.5209885       2.93529592E-05
   90.0000000       57.5209885       6.66058622E-05
   93.7500000       57.5209885      -3.71956266E-05
   97.5000000       57.5209885      -4.81330790E-05
   101.250000       57.5209885      -1.68108381E-05
   105.000000       57.5209885      -5.81378117E-06
   108.750000       57.5209885      -5.91897406E-05
   112.500000       57.5209885      -4.29386273E-06
   116.250000       57.5209885       1.12033449E-05
   120.000000       57.5209885       3.99923883E-05
   123.750000       57.5209885       2.62535177E-05
   127.500000       57.5209885      -1.55591406E-05
   131.250000       57.5209885       7.46524893E-05
   135.000000       57.5209885      -2.69138254E-05
   138.750000       57.5209885      -4.34839167E-05
   142.500000       57.5209885      -7.11404718E-05
   146.250000       57.5209885      -8.53263773E-05
   150.000000       57.5209885       9.16994177E-05
   153.750000       57.5209885       3.40319239E-05
   157.500000       57.5209885       6.19655475E-06
   161.250000       57.5209885      -5.89215197E-05
   165.000000       57.5209885      -2.97152437E-05
   168.750000       57.5209885      -7.24517740E-05
   172.500000       57.5209885       4.52972017E-05
   176.250000       57.5209885       1.87521800E-06
   180.000000       57.5209885      -1.96718611E-05
   183.750000       57.5209885      -4.10401262E-05
   187.500000       57.5209885      -8.05282034E-05
   191.250000       57.5209885      -7.40909018E-05
   195.000000       57.5209885      -5.74910082E-05
   198.750000       57.5209885      -3.60929407E-05
   202.500000       57.5209885      -2.04169191E-05
   206.250000       57.5209885      -2.10725702E-05
   210.000000       57.5209885      -4.19639982E-05
   213.750000       57.5209885       1.18938740E-04
   217.500000       57.5209885       5.85890375E-05
   221.250000       57.5209885       6.82240352E-06
   225.000000       57.5209885       3.57395038E-06
   228.750000       57.5209885      -4.24408354E-05
   232.500000       57.5209885      -3.45134176E-05
   236.250000       57.5209885       3.81744467E-05
   240.000000       57.5209885       1.06719788E-04
   243.750000       57.5209885      -7.71903433E-05
   247.500000       57.5209885      -2.48276629E-05
   251.250000       57.5209885       2.07102858E-05
   255.000000       57.5209885       5.08404337E-05
   258.750000       57.5209885       2.72667967E-05
   262.500000       57.5209885       9.26619396E-06
   266.250000       57.5209885      -1.73770823E-05
   270.000000       57.5209885      -2.38143839E-05
   273.750000       57.5209885      -3.57860699E-06
   277.500000       57.5209885       5.89853153E-06
   281.250000       57.5209885       4.85456549E-05
   285.000000       57.5209885       1.03986822E-05
   288.750000       57.5209885      -1.51121058E-05
   292.500000       57.5209885      -1.62445940E-05
   296.250000       57.5209885      -5.30714169E-06
   300.000000       57.5209885      -4.43481840E-05
   303.750000       57.5209885      -8.74423422E-05
   307.500000       57.5209885      -2.41422094E-05
   311.250000       57.5209885       4.14527021E-05
   315.000000       57.5209885       2.70581804E-05
   318.750000       57.5209885      -9.17636789E-05
   322.500000       57.5209885       1.31106935E-05
   326.250000       57.5209885       8.78935680E-06
   330.000000       57.5209885      -1.06715597E-05
   333.750000       57.5209885      -1.38604082E-05
   337.500000       57.5209885       1.33491121E-05
   341.250000       57.5209885       2.30944715E-05
   345.000000       57.5209885      -5.46001829E-05
   348.750000       57.5209885      -7.89994374E-06
   352.500000       57.5209885      -5.50174154E-05
   356.250000       57.5209885      -2.95662321E-05
   360.000000       57.5209885      -6.55972399E-05
   0.00000000       61.2315712       2.84588896E-05
   3.75000000       61.2315712      -1.43283978E-06
   7.50000000       61.2315712      -2.41720118E-05
   11.2500000       61.2315712       1.01602636E-05
   15.0000000       61.2315712      -1.10887922E-05
   18.7500000       61.2315712      -3.65995802E-05
   22.5000000       61.2315712       5.93718141E-07
   26.2500000       61.2315712       9.02777538E-06
   30.0000000       61.2315712       1.77300535E-05
   33.7500000       61.2315712       3.15881334E-05
   37.5000000       61.2315712       2.57766806E-05
   41.2500000       61.2315712      -6.21103682E-05
   45.0000000       61.2315712       4.86946665E-05
   48.7500000       61.2315712      -5.34974970E-05
   52.5000000       61.2315712      -4.75370325E-05
   56.2500000       61.2315712      -6.70785084E-06
   60.0000000       61.2315712      -2.45594420E-05
   63.7500000       61.2315712       1.78581104E-06
   67.5000000       61.2315712      -1.63936056E-05
   71.2500000       61.2315712      -4.59873118E-05
   75.0000000       61.2315712       2.55084597E-05
   78.7500000       61.2315712      -2.47084536E-05
   82.5000000       61.2315712      -2.53045000E-05
   86.2500000       61.2315712       2.51210295E-05
   90.0000000       61.2315712      -1.19828619E-05
   93.7500000       61.2315712      -2.30991282E-05
   97.5000000       61.2315712      -2.03871168E-05
   101.250000       61.2315712      -4.40799631E-05
   105.000000       61.2315712      -3.78722325E-06
   108.750000       61.2315712       9.89204273E-06
   112.500000       61.2315712      -4.84609045E-05
   116.250000       61.2315712      -4.08911146E-05
   120.000000       61.2315712      -1.22212805E-05
   123.750000       61.2315712       1.81770884E-05
   127.500000       61.2315712       4.67663631E-06
   131.250000       61.2315712      -3.81702557E-06
   135.000000       61.2315712      -2.86335126E-06
   138.750000       61.2315712       4.28236090E-05
   142.500000       61.2315712       4.03798185E-05
   146.250000       61.2315712       9.31001268E-05
   150.000000       61.2315712       1.08776148E-04
   153.750000       61.2315712       1.10035762E-06
   157.500000       61.2315712      -2.30395235E-05
   161.250000       61.2315712      -4.56594862E-05
   165.000000       61.2315712      -2.94172205E-05
   168.750000       61.2315712      -4.10103239E-05
   172.500000       61.2315712       2.81310640E-05
   176.250000       61.2315712       3.84217128E-06
   180.000000       61.2315712       2.32136808E-05
   183.750000       61.2315712      -1.85989775E-05
   187.500000       61.2315712      -1.60657801E-05
   191.250000       61.2315712      -6.05219975E-06
   195.000000       61.2315712      -3.22782435E-05
   198.750000       61.2315712       7.26943836E-06
   202.500000       61.2315712       8.42190348E-05
   206.250000       61.2315712       1.17746647E-04
   210.000000       61.2315712       1.04782637E-04
   213.750000       61.2315712      -1.37323514E-06
   217.500000       61.2315712      -3.43048014E-05
   221.250000       61.2315712      -2.52150930E-05
   225.000000       61.2315712       8.07917677E-05
   228.750000       61.2315712       1.56400260E-04
   232.500000       61.2315712       6.44600950E-05
   236.250000       61.2315712       5.72763383E-08
   240.000000       61.2315712      -4.63449396E-05
   243.750000       61.2315712       5.52511774E-05
   247.500000       61.2315712       4.49097715E-05
   251.250000       61.2315712       3.88599001E-05
   255.000000       61.2315712       4.78900038E-05
   258.750000       61.2315712       1.62995420E-05
   262.500000       61.2315712       5.05424105E-05
   266.250000       61.2315712      -2.65473500E-06
   270.000000       61.2315712       1.67763792E-05
   273.750000       61.2315712       3.51434574E-06
   277.500000       61.2315712       1.08457170E-05
   281.250000       61.2315712       3.86810862E-05
   285.000000       61.2315712      -1.87479891E-05
   288.750000       61.2315712      -4.66429628E-05
   292.500000       61.2315712      -2.39335932E-05
   296.250000       61.2315712      -7.03358091E-05
   300.000000       61.2315712      -5.72823919E-05
   303.750000       61.2315712       9.74303111E-06
   307.500000       61.2315712       7.42054544E-05
   311.250000       61.2315712      -3.58545221E-05
   315.000000       61.2315712      -2.66754068E-05
   318.750000       61.2315712       2.69985758E-05
   322.500000       61.2315712       1.18044671E-04
   326.250000       61.2315712       6.49457797E-06
   330.000000       61.2315712      -3.04304995E-05
   333.750000       61.2315712      -6.55674376E-05
   337.500000       61.2315712      -9.03033651E-05
   341.250000       61.2315712      -6.57462515E-05
   345.000000       61.2315712      -2.25924887E-05
   348.750000       61.2315712      -1.33239664E-05
   352.500000       61.2315712       1.56966504E-04
   356.250000       61.2315712       2.58264598E-04
   360.000000       61.2315712       2.84588896E-05
   0.00000000       64.9419479      -3.49902548E-05
   3.75000000       64.9419479      -8.16816464E-06
   7.50000000       64.9419479      -1.37323514E-06
   11.2500000       64.9419479      -4.08524647E-06
   15.0000000       64.9419479       2.49720179E-05
   18.7500000       64.9419479      -3.54372896E-05
   22.5000000       64.9419479      -3.71360220E-05
   26.2500000       64.9419479      -2.97748484E-05
   30.0000000       64.9419479      -2.84635462E-05
   33.7500000       64.9419479      -6.34514727E-05
   37.5000000       64.9419479      -6.22593798E-05
   41.2500000       64.9419479      -5.97857870E-05
   45.0000000       64.9419479      -5.74016012E-05
   48.7500000       64.9419479      -5.87129034E-05
   52.5000000       64.9419479      -2.95066275E-05
   56.2500000       64.9419479      -4.84311022E-05
   60.0000000       64.9419479       8.86595808E-05
   63.7500000       64.9419479      -1.43372454E-05
   67.5000000       64.9419479      -7.63172284E-06
   71.2500000       64.9419479       7.98469409E-06
   75.0000000       64.9419479       1.58227049E-05
   78.7500000       64.9419479      -1.81142241E-07
   82.5000000       64.9419479      -2.44611874E-06
   86.2500000       64.9419479      -9.62847844E-06
   90.0000000       64.9419479       5.56088053E-05
   93.7500000       64.9419479      -4.64939512E-05
   97.5000000       64.9419479      -8.29123892E-05
   101.250000       64.9419479      -2.23750249E-06
   105.000000       64.9419479       2.08294950E-05
   108.750000       64.9419479       6.76279888E-06
   112.500000       64.9419479      -1.07013620E-05
   116.250000       64.9419479      -2.37547792E-05
   120.000000       64.9419479      -2.77780928E-05
   123.750000       64.9419479       5.58770262E-05
   127.500000       64.9419479       6.80959783E-05
   131.250000       64.9419479       3.66247259E-05
   135.000000       64.9419479       1.55246817E-05
   138.750000       64.9419479      -2.06553377E-05
   142.500000       64.9419479       4.80390154E-05
   146.250000       64.9419479       8.52919184E-05
   150.000000       64.9419479       1.55357178E-04
   153.750000       64.9419479      -1.91354193E-05
   157.500000       64.9419479      -6.32042065E-06
   161.250000       64.9419479      -1.53803267E-05
   165.000000       64.9419479      -1.44266523E-05
   168.750000       64.9419479       1.58426818E-04
   172.500000       64.9419479       8.67014751E-06
   176.250000       64.9419479       2.93231569E-05
   180.000000       64.9419479       4.53866087E-05
   183.750000       64.9419479       3.30572948E-06
   187.500000       64.9419479       1.00818928E-04
   191.250000       64.9419479       1.06630381E-04
   195.000000       64.9419479       9.44412313E-05
   198.750000       64.9419479       4.42243181E-05
   202.500000       64.9419479       3.43001448E-05
   206.250000       64.9419479       5.20623289E-05
   210.000000       64.9419479      -1.04042236E-04
   213.750000       64.9419479      -5.50174154E-05
   217.500000       64.9419479      -1.20820943E-04
   221.250000       64.9419479      -1.69279519E-04
   225.000000       64.9419479       2.83992849E-05
   228.750000       64.9419479       6.05559908E-05
   232.500000       64.9419479      -2.39335932E-05
   236.250000       64.9419479      -9.24104825E-06
   240.000000       64.9419479       4.38666902E-05
   243.750000       64.9419479       3.67737375E-05
   247.500000       64.9419479       7.55465589E-05
   251.250000       64.9419479      -3.47816385E-05
   255.000000       64.9419479       5.45149669E-06
   258.750000       64.9419479       6.27315603E-05
   262.500000       64.9419479       3.18265520E-05
   266.250000       64.9419479       6.60694204E-05
   270.000000       64.9419479       1.13961753E-04
   273.750000       64.9419479       9.78386961E-05
   277.500000       64.9419479       1.93095766E-05
   281.250000       64.9419479      -5.81378117E-06
   285.000000       64.9419479      -3.80300917E-05
   288.750000       64.9419479      -1.97612680E-05
   292.500000       64.9419479      -1.82413496E-05
   296.250000       64.9419479      -1.76751055E-05
   300.000000       64.9419479       2.32434832E-05
   303.750000       64.9419479       1.52257737E-04
   307.500000       64.9419479      -2.28309073E-05
   311.250000       64.9419479       1.49098691E-04
   315.000000       64.9419479      -3.15927900E-05
   318.750000       64.9419479      -6.97993673E-05
   322.500000       64.9419479      -3.97586264E-05
   326.250000       64.9419479      -4.47356142E-05
   330.000000       64.9419479      -2.03275122E-05
   333.750000       64.9419479      -1.07907690E-05
   337.500000       64.9419479      -2.68542208E-05
   341.250000       64.9419479      -2.50362791E-05
   345.000000       64.9419479       3.04258429E-05
   348.750000       64.9419479       1.84453093E-05
   352.500000       64.9419479      -1.01053156E-05
   356.250000       64.9419479      -1.21616758E-05
   360.000000       64.9419479      -3.49902548E-05
   0.00000000       68.6520157       2.51210295E-05
   3.75000000       68.6520157      -1.27279200E-05
   7.50000000       68.6520157      -7.30389729E-06
   11.2500000       68.6520157       2.29454599E-05
   15.0000000       68.6520157      -2.00294890E-05
   18.7500000       68.6520157       3.87197360E-06
   22.5000000       68.6520157       9.38749872E-05
   26.2500000       68.6520157       2.30050646E-05
   30.0000000       68.6520157       5.42378984E-05
   33.7500000       68.6520157       4.69959341E-05
   37.5000000       68.6520157       5.41484915E-05
   41.2500000       68.6520157       8.04937445E-05
   45.0000000       68.6520157       6.04963861E-05
   48.7500000       68.6520157       3.30572948E-06
   52.5000000       68.6520157      -3.90643254E-06
   56.2500000       68.6520157      -1.55204907E-06
   60.0000000       68.6520157      -1.54399313E-05
   63.7500000       68.6520157       8.70786607E-08
   67.5000000       68.6520157      -8.76421109E-06
   71.2500000       68.6520157      -1.57677568E-05
   75.0000000       68.6520157       2.30050646E-05
   78.7500000       68.6520157       6.83125108E-07
   82.5000000       68.6520157      -2.59303488E-05
   86.2500000       68.6520157      -4.66727652E-05
   90.0000000       68.6520157       9.83751379E-05
   93.7500000       68.6520157       8.81827436E-05
   97.5000000       68.6520157       9.10437666E-05
   101.250000       68.6520157       9.02689062E-05
   105.000000       68.6520157       9.36067663E-05
   108.750000       68.6520157       1.11070927E-04
   112.500000       68.6520157       6.24931417E-05
   116.250000       68.6520157       2.54488550E-05
   120.000000       68.6520157       5.69499098E-05
   123.750000       68.6520157       5.66816889E-05
   127.500000       68.6520157       4.41945158E-05
   131.250000       68.6520157       1.05476938E-05
   135.000000       68.6520157      -2.83443369E-05
   138.750000       68.6520157       1.37961470E-05
   142.500000       68.6520157       6.94668852E-05
   146.250000       68.6520157       4.19979915E-06
   150.000000       68.6520157       1.81561336E-06
   153.750000       68.6520157      -2.11917795E-05
   157.500000       68.6520157      -5.65671362E-05
   161.250000       68.6520157       1.51512679E-04
   165.000000       68.6520157      -3.60840932E-06
   168.750000       68.6520157       1.77896582E-05
   172.500000       68.6520157       5.68991527E-06
   176.250000       68.6520157      -8.22776929E-06
   180.000000       68.6520157       3.10516916E-05
   183.750000       68.6520157       3.31080519E-05
   187.500000       68.6520157       2.10381113E-05
   191.250000       68.6520157       1.59419142E-05
   195.000000       68.6520157       3.98433767E-05
   198.750000       68.6520157       3.76082025E-05
   202.500000       68.6520157       5.97513281E-05
   206.250000       68.6520157      -2.09235586E-05
   210.000000       68.6520157      -3.09371389E-05
   213.750000       68.6520157      -7.73691572E-05
   217.500000       68.6520157       9.70936380E-05
   221.250000       68.6520157       9.13417898E-05
   225.000000       68.6520157       5.17643057E-05
   228.750000       68.6520157      -6.42561354E-05
   232.500000       68.6520157       2.52402388E-05
   236.250000       68.6520157       5.82612120E-05
   240.000000       68.6520157       2.74456106E-05
   243.750000       68.6520157       1.30212866E-05
   247.500000       68.6520157      -1.57379545E-05
   251.250000       68.6520157       6.81853853E-05
   255.000000       68.6520157      -1.81221403E-05
   258.750000       68.6520157      -3.76724638E-05
   262.500000       68.6520157      -4.00566496E-05
   266.250000       68.6520157      -4.65535559E-05
   270.000000       68.6520157      -3.36491503E-05
   273.750000       68.6520157      -5.93299046E-06
   277.500000       68.6520157      -2.77184881E-05
   281.250000       68.6520157      -2.76886858E-05
   285.000000       68.6520157      -2.37845816E-05
   288.750000       68.6520157       1.11139379E-05
   292.500000       68.6520157      -1.42180361E-05
   296.250000       68.6520157       3.39127146E-05
   300.000000       68.6520157       5.69797121E-05
   303.750000       68.6520157       8.07410106E-06
   307.500000       68.6520157       2.06506811E-05
   311.250000       68.6520157      -6.60144724E-05
   315.000000       68.6520157      -5.78784384E-05
   318.750000       68.6520157      -5.32888807E-05
   322.500000       68.6520157      -3.47518362E-05
   326.250000       68.6520157      -6.75641932E-05
   330.000000       68.6520157      -1.45258848E-04
   333.750000       68.6520157      -1.17751304E-04
   337.500000       68.6520157      -8.82172026E-05
   341.250000       68.6520157      -9.25087370E-05
   345.000000       68.6520157      -7.64154829E-05
   348.750000       68.6520157      -1.09397806E-05
   352.500000       68.6520157      -2.13109888E-05
   356.250000       68.6520157       4.04692255E-05
   360.000000       68.6520157       2.51210295E-05
   0.00000000       72.3615875       3.27206217E-05
   3.75000000       72.3615875       1.99652277E-05
   7.50000000       72.3615875      -5.68949617E-05
   11.2500000       72.3615875       4.10652719E-05
   15.0000000       72.3615875       1.64783560E-05
   18.7500000       72.3615875      -1.84201635E-05
   22.5000000       72.3615875       7.60233961E-05
   26.2500000       72.3615875       8.24905001E-05
   30.0000000       72.3615875       6.66356646E-05
   33.7500000       72.3615875       2.93231569E-05
   37.5000000       72.3615875       9.19080339E-05
   41.2500000       72.3615875       1.10981520E-04
   45.0000000       72.3615875       1.20786484E-04
   48.7500000       72.3615875       7.92420469E-05
   52.5000000       72.3615875       6.98543154E-05
   56.2500000       72.3615875       5.53405844E-05
   60.0000000       72.3615875       2.45249830E-05
   63.7500000       72.3615875       5.03426418E-06
   67.5000000       72.3615875       1.54739246E-06
   71.2500000       72.3615875      -4.19560820E-07
   75.0000000       72.3615875      -6.01434149E-05
   78.7500000       72.3615875       3.62372957E-05
   82.5000000       72.3615875       1.05080660E-04
   86.2500000       72.3615875       6.29997812E-05
   90.0000000       72.3615875       9.59611498E-05
   93.7500000       72.3615875       1.12322625E-04
   97.5000000       72.3615875       9.04477201E-05
   101.250000       72.3615875       5.43571077E-05
   105.000000       72.3615875       2.34520994E-05
   108.750000       72.3615875       4.17805277E-05
   112.500000       72.3615875       2.91145407E-05
   116.250000       72.3615875       4.83966433E-05
   120.000000       72.3615875       5.08702360E-05
   123.750000       72.3615875       3.25120054E-05
   127.500000       72.3615875      -1.25402585E-06
   131.250000       72.3615875      -1.41286291E-05
   135.000000       72.3615875       3.93157825E-06
   138.750000       72.3615875       7.66194426E-05
   142.500000       72.3615875      -6.28177077E-07
   146.250000       72.3615875      -1.59465708E-05
   150.000000       72.3615875      -5.56730665E-05
   153.750000       72.3615875       2.11236533E-04
   157.500000       72.3615875      -6.88158907E-05
   161.250000       72.3615875      -1.42725650E-04
   165.000000       72.3615875      -1.43649522E-04
   168.750000       72.3615875      -1.47613231E-04
   172.500000       72.3615875      -3.67187895E-05
   176.250000       72.3615875      -5.84358349E-06
   180.000000       72.3615875       5.63240610E-05
   183.750000       72.3615875       3.28696333E-05
   187.500000       72.3615875       3.34358774E-05
   191.250000       72.3615875       2.33626924E-05
   195.000000       72.3615875       3.71909700E-05
   198.750000       72.3615875       3.95751558E-05
   202.500000       72.3615875      -1.87987462E-06
   206.250000       72.3615875      -5.90318814E-06
   210.000000       72.3615875       9.95164737E-06
   213.750000       72.3615875      -3.09967436E-05
   217.500000       72.3615875      -3.09371389E-05
   221.250000       72.3615875      -4.53614630E-05
   225.000000       72.3615875      -1.80625357E-05
   228.750000       72.3615875       3.54414806E-06
   232.500000       72.3615875       4.15123068E-05
   236.250000       72.3615875       2.25878321E-05
   240.000000       72.3615875       8.78549181E-05
   243.750000       72.3615875      -5.21861948E-05
   247.500000       72.3615875       6.67548738E-05
   251.250000       72.3615875      -3.44240107E-05
   255.000000       72.3615875      -6.09480776E-05
   258.750000       72.3615875      -5.55538572E-05
   262.500000       72.3615875      -4.75966372E-05
   266.250000       72.3615875      -4.49442305E-05
   270.000000       72.3615875       1.42431818E-05
   273.750000       72.3615875       7.92508945E-06
   277.500000       72.3615875       7.83181749E-05
   281.250000       72.3615875       1.21293124E-04
   285.000000       72.3615875       9.30405222E-05
   288.750000       72.3615875      -3.81791033E-05
   292.500000       72.3615875      -4.17465344E-06
   296.250000       72.3615875      -3.47816385E-05
   300.000000       72.3615875      -7.55512156E-05
   303.750000       72.3615875      -1.11433212E-04
   307.500000       72.3615875      -9.27769579E-05
   311.250000       72.3615875      -1.13370363E-04
   315.000000       72.3615875      -9.24193300E-05
   318.750000       72.3615875      -6.80708326E-05
   322.500000       72.3615875      -5.46299852E-05
   326.250000       72.3615875      -6.51204027E-05
   330.000000       72.3615875      -6.64615072E-05
   333.750000       72.3615875      -7.96043314E-05
   337.500000       72.3615875      -8.82768072E-05
   341.250000       72.3615875      -8.27335753E-05
   345.000000       72.3615875      -5.44511713E-05
   348.750000       72.3615875      -1.97612680E-05
   352.500000       72.3615875      -2.45594420E-05
   356.250000       72.3615875      -5.40935434E-05
   360.000000       72.3615875       3.27206217E-05
   0.00000000       76.0702438       2.21407972E-05
   3.75000000       76.0702438      -3.62717547E-05
   7.50000000       76.0702438       5.10490499E-05
   11.2500000       76.0702438      -4.11593355E-05
   15.0000000       76.0702438       1.95181929E-05
   18.7500000       76.0702438       5.02145849E-05
   22.5000000       76.0702438       1.14080962E-04
   26.2500000       76.0702438       1.08507928E-04
   30.0000000       76.0702438       4.55356203E-05
   33.7500000       76.0702438       2.56872736E-05
   37.5000000       76.0702438       9.29599628E-06
   41.2500000       76.0702438      -9.26200300E-07
   45.0000000       76.0702438       3.60375270E-06
   48.7500000       76.0702438       2.06287950E-07
   52.5000000       76.0702438      -2.12811865E-05
   56.2500000       76.0702438      -3.79704870E-05
   60.0000000       76.0702438      -9.44966450E-06
   63.7500000       76.0702438      -5.37955202E-05
   67.5000000       76.0702438       1.75214373E-05
   71.2500000       76.0702438       4.04394232E-05
   75.0000000       76.0702438       6.52349554E-05
   78.7500000       76.0702438       8.70502554E-05
   82.5000000       76.0702438       5.30458055E-05
   86.2500000       76.0702438       8.61859880E-05
   90.0000000       76.0702438       9.56631266E-05
   93.7500000       76.0702438       8.91066156E-05
   97.5000000       76.0702438       6.60396181E-05
   101.250000       76.0702438       3.26312147E-05
   105.000000       76.0702438       4.81880270E-05
   108.750000       76.0702438       6.09732233E-05
   112.500000       76.0702438       8.19331035E-06
   116.250000       76.0702438      -2.22348608E-05
   120.000000       76.0702438      -4.86010686E-06
   123.750000       76.0702438       2.60747038E-05
   127.500000       76.0702438       1.85943209E-05
   131.250000       76.0702438       1.29616819E-05
   135.000000       76.0702438      -2.95275822E-06
   138.750000       76.0702438      -2.96556391E-05
   142.500000       76.0702438      -4.12487425E-05
   146.250000       76.0702438      -4.08524647E-06
   150.000000       76.0702438       1.07941683E-04
   153.750000       76.0702438       4.21083532E-05
   157.500000       76.0702438      -9.45650972E-05
   161.250000       76.0702438      -9.93334688E-05
   165.000000       76.0702438      -1.05502550E-04
   168.750000       76.0702438      -1.06098596E-04
   172.500000       76.0702438      -4.56208363E-06
   176.250000       76.0702438      -7.12508336E-06
   180.000000       76.0702438       1.08001288E-04
   183.750000       76.0702438      -1.43968500E-05
   187.500000       76.0702438       7.68667087E-06
   191.250000       76.0702438       8.93836841E-06
   195.000000       76.0702438       5.03426418E-06
   198.750000       76.0702438       6.31576404E-06
   202.500000       76.0702438       8.28271732E-06
   206.250000       76.0702438      -4.74089757E-06
   210.000000       76.0702438       1.56140886E-05
   213.750000       76.0702438       6.59204088E-05
   217.500000       76.0702438       5.96023165E-05
   221.250000       76.0702438       4.14904207E-07
   225.000000       76.0702438      -2.36355700E-05
   228.750000       76.0702438       4.16999683E-06
   232.500000       76.0702438       2.52402388E-05
   236.250000       76.0702438       3.96645628E-05
   240.000000       76.0702438       4.29726206E-05
   243.750000       76.0702438       4.94099222E-05
   247.500000       76.0702438      -4.22024168E-05
   251.250000       76.0702438      -3.54880467E-06
   255.000000       76.0702438       1.54739246E-06
   258.750000       76.0702438      -5.69545664E-05
   262.500000       76.0702438      -6.53290190E-05
   266.250000       76.0702438      -2.44700350E-05
   270.000000       76.0702438      -5.68651594E-05
   273.750000       76.0702438      -2.83354893E-06
   277.500000       76.0702438       1.57332979E-05
   281.250000       76.0702438      -2.53045000E-05
   285.000000       76.0702438      -1.77943148E-05
   288.750000       76.0702438      -5.87338582E-06
   292.500000       76.0702438      -1.60359778E-05
   296.250000       76.0702438      -1.56783499E-05
   300.000000       76.0702438      -5.81466593E-05
   303.750000       76.0702438      -1.12923328E-04
   307.500000       76.0702438      -1.21178571E-04
   311.250000       76.0702438      -9.42968763E-05
   315.000000       76.0702438      -7.36140646E-05
   318.750000       76.0702438      -7.69817270E-05
   322.500000       76.0702438      -8.72635283E-05
   326.250000       76.0702438      -9.53399576E-05
   330.000000       76.0702438      -9.83499922E-05
   333.750000       76.0702438      -9.99593176E-05
   337.500000       76.0702438      -3.27550806E-05
   341.250000       76.0702438       2.50106677E-06
   345.000000       76.0702438       1.62995420E-05
   348.750000       76.0702438       1.13015994E-06
   352.500000       76.0702438      -3.96096148E-05
   356.250000       76.0702438      -2.09831633E-05
   360.000000       76.0702438       2.21407972E-05
   0.00000000       79.7770462       2.82889232E-06
   3.75000000       79.7770462       8.35633837E-05
   7.50000000       79.7770462       1.62697397E-05
   11.2500000       79.7770462      -7.73691572E-05
   15.0000000       79.7770462      -7.12508336E-06
   18.7500000       79.7770462       1.31404959E-05
   22.5000000       79.7770462      -3.27252783E-05
   26.2500000       79.7770462      -2.14600004E-05
   30.0000000       79.7770462       4.79584560E-06
   33.7500000       79.7770462       2.47335993E-05
   37.5000000       79.7770462       2.69091688E-05
   41.2500000       79.7770462       9.53441486E-06
   45.0000000       79.7770462      -1.16550364E-05
   48.7500000       79.7770462      -2.96854414E-05
   52.5000000       79.7770462      -3.46326269E-05
   56.2500000       79.7770462      -1.37411989E-05
   60.0000000       79.7770462       4.25553881E-05
   63.7500000       79.7770462       3.95155512E-05
   67.5000000       79.7770462       1.36173330E-05
   71.2500000       79.7770462       1.22762285E-05
   75.0000000       79.7770462       1.76406465E-05
   78.7500000       79.7770462       1.30510889E-05
   82.5000000       79.7770462       1.27232634E-05
   86.2500000       79.7770462       7.09062442E-06
   90.0000000       79.7770462      -6.58864155E-06
   93.7500000       79.7770462      -1.90758146E-05
   97.5000000       79.7770462      -2.31885351E-05
   101.250000       79.7770462      -2.80463137E-05
   105.000000       79.7770462      -2.22944655E-05
   108.750000       79.7770462      -1.53803267E-05
   112.500000       79.7770462      -1.77049078E-05
   116.250000       79.7770462      -3.26656736E-05
   120.000000       79.7770462      -4.77754511E-05
   123.750000       79.7770462      -4.95039858E-05
   127.500000       79.7770462      -3.12649645E-05
   131.250000       79.7770462       6.83125108E-07
   135.000000       79.7770462       2.61343084E-05
   138.750000       79.7770462       3.69315967E-06
   142.500000       79.7770462      -1.15060247E-05
   146.250000       79.7770462       9.02777538E-06
   150.000000       79.7770462       1.72234140E-05
   153.750000       79.7770462       1.43623911E-05
   157.500000       79.7770462       1.40941702E-05
   161.250000       79.7770462       1.03688799E-05
   165.000000       79.7770462      -2.33673491E-05
   168.750000       79.7770462      -2.89315358E-06
   172.500000       79.7770462      -2.96258368E-05
   176.250000       79.7770462      -1.92546286E-05
   180.000000       79.7770462       7.22981058E-05
   183.750000       79.7770462       5.66816889E-05
   187.500000       79.7770462      -6.58952631E-05
   191.250000       79.7770462      -7.48061575E-05
   195.000000       79.7770462      -3.86261381E-05
   198.750000       79.7770462       7.80588016E-06
   202.500000       79.7770462       1.97268091E-05
   206.250000       79.7770462       2.47335993E-05
   210.000000       79.7770462       3.09920870E-05
   213.750000       79.7770462       9.77283344E-06
   217.500000       79.7770462       3.85101885E-07
   221.250000       79.7770462       7.18003139E-06
   225.000000       79.7770462       1.75512396E-05
   228.750000       79.7770462      -6.76745549E-06
   232.500000       79.7770462      -2.15792097E-05
   236.250000       79.7770462      -9.92650166E-06
   240.000000       79.7770462      -6.02239743E-06
   243.750000       79.7770462      -9.56887379E-06
   247.500000       79.7770462      -4.56208363E-06
   251.250000       79.7770462       3.40915285E-05
   255.000000       79.7770462       1.05557498E-04
   258.750000       79.7770462       1.07971486E-04
   262.500000       79.7770462       2.07400881E-05
   266.250000       79.7770462      -2.47084536E-05
   270.000000       79.7770462      -1.70106068E-06
   273.750000       79.7770462      -4.44375910E-05
   277.500000       79.7770462      -8.31806101E-05
   281.250000       79.7770462      -7.74287619E-05
   285.000000       79.7770462      -4.50336374E-05
   288.750000       79.7770462      -3.52882780E-05
   292.500000       79.7770462      -5.15901484E-05
   296.250000       79.7770462      -5.71631826E-05
   300.000000       79.7770462      -5.08450903E-05
   303.750000       79.7770462      -3.44240107E-05
   307.500000       79.7770462      -2.35759653E-05
   311.250000       79.7770462      -1.60359778E-05
   315.000000       79.7770462      -1.46650709E-05
   318.750000       79.7770462      -1.33239664E-05
   322.500000       79.7770462      -1.67512335E-05
   326.250000       79.7770462      -3.37385572E-05
   330.000000       79.7770462      -3.34703363E-05
   333.750000       79.7770462      -2.34567560E-05
   337.500000       79.7770462      -2.22646631E-05
   341.250000       79.7770462      -1.97910704E-05
   345.000000       79.7770462      -2.48276629E-05
   348.750000       79.7770462      -1.36219896E-05
   352.500000       79.7770462       1.68955885E-05
   356.250000       79.7770462       2.74740160E-08
   360.000000       79.7770462       2.82889232E-06
   0.00000000       83.4789200      -1.09397806E-05
   3.75000000       83.4789200      -3.14437784E-05
   7.50000000       83.4789200      -4.36925329E-05
   11.2500000       83.4789200      -3.22484411E-05
   15.0000000       83.4789200      -2.11829320E-06
   18.7500000       83.4789200       1.85645185E-05
   22.5000000       83.4789200       2.35713087E-05
   26.2500000       83.4789200       1.65677629E-05
   30.0000000       83.4789200       1.74916349E-05
   33.7500000       83.4789200       4.65488993E-05
   37.5000000       83.4789200       8.59475695E-05
   41.2500000       83.4789200       7.62320124E-05
   45.0000000       83.4789200       4.85754572E-05
   48.7500000       83.4789200       5.62346540E-05
   52.5000000       83.4789200       6.07348047E-05
   56.2500000       83.4789200       4.71151434E-05
   60.0000000       83.4789200       3.76678072E-05
   63.7500000       83.4789200       2.17831694E-05
   67.5000000       83.4789200      -2.80374661E-06
   71.2500000       83.4789200      -1.55591406E-05
   75.0000000       83.4789200      -1.40392222E-05
   78.7500000       83.4789200      -7.92974606E-06
   82.5000000       83.4789200      -3.81702557E-06
   86.2500000       83.4789200      -1.28382817E-06
   90.0000000       83.4789200      -1.21537596E-07
   93.7500000       83.4789200      -6.28177077E-07
   97.5000000       83.4789200      -1.31363049E-06
   101.250000       83.4789200      -3.96603718E-06
   105.000000       83.4789200      -5.96279278E-06
   108.750000       83.4789200      -8.55559483E-06
   112.500000       83.4789200      -1.23702921E-05
   116.250000       83.4789200      -1.00457110E-05
   120.000000       83.4789200       2.62027606E-06
   123.750000       83.4789200       8.07410106E-06
   127.500000       83.4789200      -1.01947226E-05
   131.250000       83.4789200      -1.98208727E-05
   135.000000       83.4789200      -1.06715597E-05
   138.750000       83.4789200      -3.25078145E-06
   142.500000       83.4789200      -9.98610631E-06
   146.250000       83.4789200      -1.46650709E-05
   150.000000       83.4789200      -1.92248262E-05
   153.750000       83.4789200      -2.66158022E-05
   157.500000       83.4789200      -3.51690687E-05
   161.250000       83.4789200      -3.32915224E-05
   165.000000       83.4789200      -2.00890936E-05
   168.750000       83.4789200      -2.50958838E-05
   172.500000       83.4789200      -3.51392664E-05
   176.250000       83.4789200      -1.94334425E-05
   180.000000       83.4789200      -1.22422352E-06
   183.750000       83.4789200       1.76406465E-05
   187.500000       83.4789200       3.23629938E-05
   191.250000       83.4789200       5.27179800E-05
   195.000000       83.4789200       7.10464083E-05
   198.750000       83.4789200       2.88165174E-05
   202.500000       83.4789200      -3.75532545E-05
   206.250000       83.4789200      -6.69085421E-05
   210.000000       83.4789200      -4.84311022E-05
   213.750000       83.4789200      -2.82549299E-05
   217.500000       83.4789200      -2.39037909E-05
   221.250000       83.4789200      -2.08937563E-05
   225.000000       83.4789200      -1.02543272E-05
   228.750000       83.4789200      -1.04629435E-05
   232.500000       83.4789200      -1.38902105E-05
   236.250000       83.4789200      -1.89566053E-05
   240.000000       83.4789200      -2.59601511E-05
   243.750000       83.4789200      -3.63909639E-05
   247.500000       83.4789200      -4.33945097E-05
   251.250000       83.4789200      -4.69409861E-05
   255.000000       83.4789200      -5.38551249E-05
   258.750000       83.4789200      -6.77728094E-05
   262.500000       83.4789200      -6.21401705E-05
   266.250000       83.4789200      -5.15813008E-06
   270.000000       83.4789200       8.09407793E-05
   273.750000       83.4789200       1.26866158E-04
   277.500000       83.4789200       1.25078019E-04
   281.250000       83.4789200       1.21829566E-04
   285.000000       83.4789200       1.15898903E-04
   288.750000       83.4789200       9.20272432E-05
   292.500000       83.4789200       9.34279524E-05
   296.250000       83.4789200       7.75731169E-05
   300.000000       83.4789200       6.32083975E-05
   303.750000       83.4789200       5.15854917E-05
   307.500000       83.4789200       4.24063765E-05
   311.250000       83.4789200       4.39560972E-05
   315.000000       83.4789200       3.61776911E-05
   318.750000       83.4789200       4.74429689E-05
   322.500000       83.4789200       5.54299913E-05
   326.250000       83.4789200       7.12848268E-05
   330.000000       83.4789200       5.58770262E-05
   333.750000       83.4789200       5.58472238E-05
   337.500000       83.4789200       7.96890818E-05
   341.250000       83.4789200       9.42624174E-05
   345.000000       83.4789200       1.09729823E-04
   348.750000       83.4789200       1.11160334E-04
   352.500000       83.4789200       7.27451406E-05
   356.250000       83.4789200       1.91903673E-05
   360.000000       83.4789200      -1.09397806E-05
   0.00000000       87.1590958       6.37536868E-06
   3.75000000       87.1590958       2.39289366E-05
   7.50000000       87.1590958       4.55654226E-05
   11.2500000       87.1590958       6.80065714E-05
   15.0000000       87.1590958       8.65436159E-05
   18.7500000       87.1590958       9.76598822E-05
   22.5000000       87.1590958       9.70042311E-05
   26.2500000       87.1590958       8.60667787E-05
   30.0000000       87.1590958       7.36094080E-05
   33.7500000       87.1590958       6.32381998E-05
   37.5000000       87.1590958       5.39696775E-05
   41.2500000       87.1590958       4.50885855E-05
   45.0000000       87.1590958       3.43597494E-05
   48.7500000       87.1590958       2.14553438E-05
   52.5000000       87.1590958       1.01602636E-05
   56.2500000       87.1590958       4.44706529E-07
   60.0000000       87.1590958      -9.53907147E-06
   63.7500000       87.1590958      -1.69300474E-05
   67.5000000       87.1590958      -2.11023726E-05
   71.2500000       87.1590958      -2.30097212E-05
   75.0000000       87.1590958      -2.10129656E-05
   78.7500000       87.1590958      -1.72280706E-05
   82.5000000       87.1590958      -1.38902105E-05
   86.2500000       87.1590958      -9.83709469E-06
   90.0000000       87.1590958      -6.79725781E-06
   93.7500000       87.1590958      -5.96279278E-06
   97.5000000       87.1590958      -5.24753705E-06
   101.250000       87.1590958      -4.97931615E-06
   105.000000       87.1590958      -6.02239743E-06
   108.750000       87.1590958      -7.75093213E-06
   112.500000       87.1590958      -9.77749005E-06
   116.250000       87.1590958      -1.16252340E-05
   120.000000       87.1590958      -1.34729780E-05
   123.750000       87.1590958      -1.52313150E-05
   127.500000       87.1590958      -1.66618265E-05
   131.250000       87.1590958      -1.91652216E-05
   135.000000       87.1590958      -2.24434771E-05
   138.750000       87.1590958      -2.54535116E-05
   142.500000       87.1590958      -2.91489996E-05
   146.250000       87.1590958      -3.41259874E-05
   150.000000       87.1590958      -3.85069288E-05
   153.750000       87.1590958      -4.05632891E-05
   157.500000       87.1590958      -4.10401262E-05
   161.250000       87.1590958      -3.95798124E-05
   165.000000       87.1590958      -3.70168127E-05
   168.750000       87.1590958      -3.61823477E-05
   172.500000       87.1590958      -3.32319178E-05
   176.250000       87.1590958      -2.33077444E-05
   180.000000       87.1590958      -7.98935071E-06
   183.750000       87.1590958       1.00708567E-05
   187.500000       87.1590958       2.83694826E-05
   191.250000       87.1590958       4.36282717E-05
   195.000000       87.1590958       5.12278639E-05
   198.750000       87.1590958       5.07212244E-05
   202.500000       87.1590958       4.94099222E-05
   206.250000       87.1590958       5.14662825E-05
   210.000000       87.1590958       5.67710958E-05
   213.750000       87.1590958       6.63674437E-05
   217.500000       87.1590958       7.27153383E-05
   221.250000       87.1590958       6.73211180E-05
   225.000000       87.1590958       5.43869101E-05
   228.750000       87.1590958       3.51644121E-05
   232.500000       87.1590958       9.68342647E-06
   236.250000       87.1590958      -1.31749548E-05
   240.000000       87.1590958      -3.06093134E-05
   243.750000       87.1590958      -4.28580679E-05
   247.500000       87.1590958      -4.52720560E-05
   251.250000       87.1590958      -4.11295332E-05
   255.000000       87.1590958      -3.54372896E-05
   258.750000       87.1590958      -2.73608603E-05
   262.500000       87.1590958      -1.94632448E-05
   266.250000       87.1590958      -1.40094198E-05
   270.000000       87.1590958      -9.68808308E-06
   273.750000       87.1590958      -7.36350194E-06
   277.500000       87.1590958      -6.02239743E-06
   281.250000       87.1590958      -3.45939770E-06
   285.000000       87.1590958      -2.05868855E-06
   288.750000       87.1590958      -1.93947926E-06
   292.500000       87.1590958      -8.96397978E-07
   296.250000       87.1590958      -8.06991011E-07
   300.000000       87.1590958      -1.04540959E-06
   303.750000       87.1590958      -5.38770109E-07
   307.500000       87.1590958      -1.22422352E-06
   311.250000       87.1590958      -1.58185139E-06
   315.000000       87.1590958      -1.52224675E-06
   318.750000       87.1590958      -2.71433964E-06
   322.500000       87.1590958      -3.25078145E-06
   326.250000       87.1590958      -2.80374661E-06
   330.000000       87.1590958      -3.72761860E-06
   333.750000       87.1590958      -6.08200207E-06
   337.500000       87.1590958      -7.54231587E-06
   341.250000       87.1590958      -8.10856000E-06
   345.000000       87.1590958      -9.71788540E-06
   348.750000       87.1590958      -1.13570131E-05
   352.500000       87.1590958      -1.07311644E-05
   356.250000       87.1590958      -5.45615330E-06
   360.000000       87.1590958       6.37536868E-06
