   0.00000000      -87.1590958      -6.20400533E-06
   3.75000000      -87.1590958       5.44823706E-08
   7.50000000      -87.1590958       2.34926119E-06
   11.2500000      -87.1590958       5.61121851E-07
   15.0000000      -87.1590958       2.05123797E-06
   18.7500000      -87.1590958       3.24333087E-06
   22.5000000      -87.1590958      -2.47871503E-06
   26.2500000      -87.1590958      -6.77024946E-06
   30.0000000      -87.1590958      -5.54835424E-06
   33.7500000      -87.1590958      -7.72392377E-06
   37.5000000      -87.1590958      -1.10617839E-05
   41.2500000      -87.1590958      -8.70740041E-06
   45.0000000      -87.1590958      -5.19072637E-06
   48.7500000      -87.1590958      -3.22377309E-06
   52.5000000      -87.1590958      -1.88266858E-06
   56.2500000      -87.1590958      -2.65752897E-06
   60.0000000      -87.1590958      -4.41586599E-06
   63.7500000      -87.1590958      -5.72716817E-06
   67.5000000      -87.1590958      -7.39609823E-06
   71.2500000      -87.1590958      -9.09483060E-06
   75.0000000      -87.1590958      -9.72067937E-06
   78.7500000      -87.1590958      -6.97886571E-06
   82.5000000      -87.1590958      -1.91247091E-06
   86.2500000      -87.1590958       3.22703272E-07
   90.0000000      -87.1590958       3.00491229E-06
   93.7500000      -87.1590958       1.08131208E-05
   97.5000000      -87.1590958       1.59391202E-05
   101.250000      -87.1590958       1.58199109E-05
   105.000000      -87.1590958       1.73100270E-05
   108.750000      -87.1590958       1.65947713E-05
   112.500000      -87.1590958       1.23032369E-05
   116.250000      -87.1590958       1.57901086E-05
   120.000000      -87.1590958       2.41645612E-05
   123.750000      -87.1590958       2.32406892E-05
   127.500000      -87.1590958       1.65947713E-05
   131.250000      -87.1590958       1.28992833E-05
   135.000000      -87.1590958       8.72695819E-06
   138.750000      -87.1590958       5.50830737E-06
   142.500000      -87.1590958       8.78656283E-06
   146.250000      -87.1590958       1.02766789E-05
   150.000000      -87.1590958       4.58443537E-06
   153.750000      -87.1590958       3.57115641E-06
   157.500000      -87.1590958       1.13197602E-05
   161.250000      -87.1590958       1.67139806E-05
   165.000000      -87.1590958       1.90683641E-05
   168.750000      -87.1590958       2.61315145E-05
   172.500000      -87.1590958       3.20025720E-05
   176.250000      -87.1590958       3.28966416E-05
   180.000000      -87.1590958       4.05558385E-05
   183.750000      -87.1590958       4.74699773E-05
   187.500000      -87.1590958       3.66815366E-05
   191.250000      -87.1590958       2.66083516E-05
   195.000000      -87.1590958       2.99462117E-05
   198.750000      -87.1590958       2.49394216E-05
   202.500000      -87.1590958       6.90901652E-06
   206.250000      -87.1590958      -1.51447020E-05
   210.000000      -87.1590958      -3.33539210E-05
   213.750000      -87.1590958      -2.18204223E-05
   217.500000      -87.1590958       1.74292363E-05
   221.250000      -87.1590958       4.12710942E-05
   225.000000      -87.1590958       4.15691175E-05
   228.750000      -87.1590958       4.56520356E-05
   232.500000      -87.1590958       5.28045930E-05
   236.250000      -87.1590958       5.00925817E-05
   240.000000      -87.1590958       4.81852330E-05
   243.750000      -87.1590958       5.00627793E-05
   247.500000      -87.1590958       4.30592336E-05
   251.250000      -87.1590958       3.37013043E-05
   255.000000      -87.1590958       3.10488977E-05
   258.750000      -87.1590958       2.33598985E-05
   262.500000      -87.1590958       8.81636515E-06
   266.250000      -87.1590958       2.31945887E-06
   270.000000      -87.1590958       5.65731898E-06
   273.750000      -87.1590958       1.14389695E-05
   277.500000      -87.1590958       1.79656781E-05
   281.250000      -87.1590958       2.31810845E-05
   285.000000      -87.1590958       2.66679563E-05
   288.750000      -87.1590958       2.91713513E-05
   292.500000      -87.1590958       2.83070840E-05
   296.250000      -87.1590958       2.65189447E-05
   300.000000      -87.1590958       2.47010030E-05
   303.750000      -87.1590958       1.54324807E-05
   307.500000      -87.1590958       1.84262171E-06
   311.250000      -87.1590958      -4.62448224E-06
   315.000000      -87.1590958      -9.57166776E-06
   318.750000      -87.1590958      -1.95554458E-05
   322.500000      -87.1590958      -2.31317244E-05
   326.250000      -87.1590958      -1.96150504E-05
   330.000000      -87.1590958      -1.86613761E-05
   333.750000      -87.1590958      -1.49658881E-05
   337.500000      -87.1590958      -8.46898183E-06
   341.250000      -87.1590958      -8.73720273E-06
   345.000000      -87.1590958      -9.86969098E-06
   348.750000      -87.1590958      -5.72716817E-06
   352.500000      -87.1590958      -4.65428457E-06
   356.250000      -87.1590958      -7.84313306E-06
   360.000000      -87.1590958      -6.20400533E-06
   0.00000000      -83.4789200      -2.27009878E-06
   3.75000000      -83.4789200      -6.02519140E-06
   7.50000000      -83.4789200      -8.46898183E-06
   11.2500000      -83.4789200      -1.37737952E-05
   15.0000000      -83.4789200      -1.51148997E-05
   18.7500000      -83.4789200      -1.27009116E-05
   22.5000000      -83.4789200      -7.66431913E-06
   26.2500000      -83.4789200      -7.57491216E-06
   30.0000000      -83.4789200       1.30617991E-06
   33.7500000      -83.4789200      -3.62750143E-07
   37.5000000      -83.4789200       6.04474917E-06
   41.2500000      -83.4789200       1.71610154E-05
   45.0000000      -83.4789200       1.05747022E-05
   48.7500000      -83.4789200       1.09919347E-05
   52.5000000      -83.4789200       1.02766789E-05
   56.2500000      -83.4789200       1.07237138E-05
   60.0000000      -83.4789200       1.71610154E-05
   63.7500000      -83.4789200       2.12141313E-05
   67.5000000      -83.4789200       2.46115960E-05
   71.2500000      -83.4789200       1.96048059E-05
   75.0000000      -83.4789200       1.79656781E-05
   78.7500000      -83.4789200       1.69822015E-05
   82.5000000      -83.4789200       1.58497132E-05
   86.2500000      -83.4789200       1.69225968E-05
   90.0000000      -83.4789200       1.64159574E-05
   93.7500000      -83.4789200       1.25714578E-05
   97.5000000      -83.4789200       9.68063250E-06
   101.250000      -83.4789200       1.12303533E-05
   105.000000      -83.4789200       8.16071406E-06
   108.750000      -83.4789200       1.46278180E-05
   112.500000      -83.4789200       3.45194712E-06
   116.250000      -83.4789200       1.06045045E-05
   120.000000      -83.4789200       8.01170245E-06
   123.750000      -83.4789200      -1.73365697E-06
   127.500000      -83.4789200      -7.00866804E-06
   131.250000      -83.4789200      -3.61120328E-06
   135.000000      -83.4789200      -1.56513415E-05
   138.750000      -83.4789200      -4.09535132E-05
   142.500000      -83.4789200      -4.47086059E-05
   146.250000      -83.4789200      -2.47410499E-05
   150.000000      -83.4789200       1.20350160E-05
   153.750000      -83.4789200      -6.44242391E-06
   157.500000      -83.4789200      -4.02084552E-05
   161.250000      -83.4789200      -1.34757720E-05
   165.000000      -83.4789200       3.83937731E-06
   168.750000      -83.4789200       3.67709436E-05
   172.500000      -83.4789200       1.07164029E-04
   176.250000      -83.4789200       6.91362657E-05
   180.000000      -83.4789200       2.15419568E-05
   183.750000      -83.4789200       1.95452012E-05
   187.500000      -83.4789200       1.11409463E-05
   191.250000      -83.4789200       4.13740054E-06
   195.000000      -83.4789200       2.70688906E-06
   198.750000      -83.4789200       2.91550532E-06
   202.500000      -83.4789200       1.06939115E-05
   206.250000      -83.4789200       3.00491229E-06
   210.000000      -83.4789200       1.19456090E-05
   213.750000      -83.4789200       8.29342753E-07
   217.500000      -83.4789200      -2.25654803E-05
   221.250000      -83.4789200      -2.50390731E-05
   225.000000      -83.4789200      -4.08343039E-05
   228.750000      -83.4789200      -5.85368834E-05
   232.500000      -83.4789200      -3.47546302E-05
   236.250000      -83.4789200      -6.68084249E-06
   240.000000      -83.4789200       5.44870272E-06
   243.750000      -83.4789200      -4.59467992E-06
   247.500000      -83.4789200      -1.72904693E-05
   251.250000      -83.4789200      -5.33973798E-06
   255.000000      -83.4789200       2.69659795E-05
   258.750000      -83.4789200       9.47201625E-06
   262.500000      -83.4789200       1.13793649E-05
   266.250000      -83.4789200       2.95885839E-05
   270.000000      -83.4789200      -2.74693593E-06
   273.750000      -83.4789200       4.37581912E-06
   277.500000      -83.4789200       3.73669900E-05
   281.250000      -83.4789200       7.41565600E-06
   285.000000      -83.4789200      -1.93468295E-05
   288.750000      -83.4789200       7.65407458E-06
   292.500000      -83.4789200       5.15067950E-06
   296.250000      -83.4789200      -5.83580695E-05
   300.000000      -83.4789200      -8.53291713E-05
   303.750000      -83.4789200       6.34142198E-05
   307.500000      -83.4789200       3.25092115E-05
   311.250000      -83.4789200      -4.15495597E-05
   315.000000      -83.4789200      -1.12091657E-04
   318.750000      -83.4789200      -5.42914495E-06
   322.500000      -83.4789200       1.09756365E-06
   326.250000      -83.4789200      -7.09807500E-06
   330.000000      -83.4789200      -3.55159864E-06
   333.750000      -83.4789200      -7.50180334E-07
   337.500000      -83.4789200      -6.91926107E-06
   341.250000      -83.4789200      -3.90922651E-06
   345.000000      -83.4789200      -2.95555219E-06
   348.750000      -83.4789200      -3.62750143E-07
   352.500000      -83.4789200      -1.55484304E-06
   356.250000      -83.4789200      -3.13436612E-06
   360.000000      -83.4789200      -2.27009878E-06
   0.00000000      -79.7770462       1.06939115E-05
   3.75000000      -79.7770462       1.50450505E-05
   7.50000000      -79.7770462       1.45086087E-05
   11.2500000      -79.7770462       6.04474917E-06
   15.0000000      -79.7770462       1.73691660E-07
   18.7500000      -79.7770462      -9.88598913E-07
   22.5000000      -79.7770462       6.10435382E-06
   26.2500000      -79.7770462       8.36933032E-06
   30.0000000      -79.7770462       2.70688906E-06
   33.7500000      -79.7770462       2.52807513E-06
   37.5000000      -79.7770462       5.44870272E-06
   41.2500000      -79.7770462       1.20648183E-05
   45.0000000      -79.7770462       1.90981664E-05
   48.7500000      -79.7770462       2.78302468E-05
   52.5000000      -79.7770462       1.38827600E-05
   56.2500000      -79.7770462       6.61099330E-06
   60.0000000      -79.7770462       3.51155177E-06
   63.7500000      -79.7770462       8.33952799E-06
   67.5000000      -79.7770462       1.53132714E-05
   71.2500000      -79.7770462       1.97538175E-05
   75.0000000      -79.7770462       2.59825028E-05
   78.7500000      -79.7770462       4.24333848E-05
   82.5000000      -79.7770462       4.16287221E-05
   86.2500000      -79.7770462       2.26744451E-05
   90.0000000      -79.7770462       2.01114453E-05
   93.7500000      -79.7770462       1.12303533E-05
   97.5000000      -79.7770462       1.59093179E-05
   101.250000      -79.7770462       1.79656781E-05
   105.000000      -79.7770462       1.34953298E-05
   108.750000      -79.7770462      -1.04955398E-05
   112.500000      -79.7770462      -5.01191244E-06
   116.250000      -79.7770462       1.48499385E-06
   120.000000      -79.7770462      -4.32645902E-06
   123.750000      -79.7770462      -9.89949331E-06
   127.500000      -79.7770462      -7.50180334E-07
   131.250000      -79.7770462       8.60774890E-06
   135.000000      -79.7770462      -1.03465281E-05
   138.750000      -79.7770462      -1.55917369E-05
   142.500000      -79.7770462      -2.32211314E-05
   146.250000      -79.7770462      -1.29691325E-05
   150.000000      -79.7770462      -1.09723769E-05
   153.750000      -79.7770462       8.87596980E-06
   157.500000      -79.7770462      -5.25033101E-06
   161.250000      -79.7770462       1.46324281E-04
   165.000000      -79.7770462      -1.73365697E-06
   168.750000      -79.7770462      -2.95690261E-05
   172.500000      -79.7770462      -3.88971530E-05
   176.250000      -79.7770462      -4.48278151E-05
   180.000000      -79.7770462      -3.53506766E-05
   183.750000      -79.7770462      -4.26224433E-05
   187.500000      -79.7770462      -1.58464536E-06
   191.250000      -79.7770462       9.41241160E-06
   195.000000      -79.7770462      -2.60523520E-05
   198.750000      -79.7770462      -1.23730861E-05
   202.500000      -79.7770462      -2.17608176E-05
   206.250000      -79.7770462      -6.11459836E-06
   210.000000      -79.7770462      -1.63665973E-05
   213.750000      -79.7770462      -1.01081096E-05
   217.500000      -79.7770462      -2.02110969E-05
   221.250000      -79.7770462      -1.17472373E-05
   225.000000      -79.7770462       8.99517909E-06
   228.750000      -79.7770462      -6.56163320E-06
   232.500000      -79.7770462      -1.11809932E-05
   236.250000      -79.7770462      -7.24708661E-06
   240.000000      -79.7770462       1.30780973E-05
   243.750000      -79.7770462       1.43893994E-05
   247.500000      -79.7770462       6.13415614E-06
   251.250000      -79.7770462       2.06776895E-05
   255.000000      -79.7770462       3.30456533E-05
   258.750000      -79.7770462       2.69063748E-05
   262.500000      -79.7770462       1.81146897E-05
   266.250000      -79.7770462       4.92879190E-05
   270.000000      -79.7770462       4.78872098E-05
   273.750000      -79.7770462       1.63400546E-06
   277.500000      -79.7770462       5.16423024E-05
   281.250000      -79.7770462       4.46522608E-06
   285.000000      -79.7770462      -1.82306394E-06
   288.750000      -79.7770462      -1.44294463E-05
   292.500000      -79.7770462      -2.23568641E-05
   296.250000      -79.7770462      -3.65427695E-05
   300.000000      -79.7770462      -2.46516429E-05
   303.750000      -79.7770462      -2.56812200E-06
   307.500000      -79.7770462      -1.35218259E-04
   311.250000      -79.7770462       2.77110375E-05
   315.000000      -79.7770462       5.48907556E-05
   318.750000      -79.7770462       7.50506297E-06
   322.500000      -79.7770462      -6.05634414E-05
   326.250000      -79.7770462      -4.27714549E-05
   330.000000      -79.7770462      -8.55838880E-06
   333.750000      -79.7770462      -2.34595500E-05
   337.500000      -79.7770462      -9.52831469E-05
   341.250000      -79.7770462      -1.21346675E-05
   345.000000      -79.7770462      -2.95555219E-06
   348.750000      -79.7770462      -9.81008634E-06
   352.500000      -79.7770462      -1.33565627E-05
   356.250000      -79.7770462       1.28992833E-05
   360.000000      -79.7770462       1.06939115E-05
   0.00000000      -76.0702438      -6.47269189E-08
   3.75000000      -76.0702438       1.42538920E-06
   7.50000000      -76.0702438       4.52483073E-06
   11.2500000      -76.0702438       2.05123797E-06
   15.0000000      -76.0702438       7.95209780E-06
   18.7500000      -76.0702438       9.71043482E-06
   22.5000000      -76.0702438       1.73994340E-05
   26.2500000      -76.0702438       3.04826535E-05
   30.0000000      -76.0702438       3.65921296E-05
   33.7500000      -76.0702438       1.46874227E-05
   37.5000000      -76.0702438       1.77868642E-05
   41.2500000      -76.0702438       2.66679563E-05
   45.0000000      -76.0702438       2.38069333E-05
   48.7500000      -76.0702438       2.60421075E-05
   52.5000000      -76.0702438       9.68063250E-06
   56.2500000      -76.0702438       4.41912562E-07
   60.0000000      -76.0702438       2.23466195E-05
   63.7500000      -76.0702438      -1.58897601E-05
   67.5000000      -76.0702438      -1.77375041E-05
   71.2500000      -76.0702438      -5.72553836E-05
   75.0000000      -76.0702438      -4.13409434E-05
   78.7500000      -76.0702438      -1.70222484E-05
   82.5000000      -76.0702438      -3.40258703E-06
   86.2500000      -76.0702438       5.31319529E-07
   90.0000000      -76.0702438      -1.24922954E-05
   93.7500000      -76.0702438      -1.61877833E-05
   97.5000000      -76.0702438       1.59391202E-05
   101.250000      -76.0702438      -1.43102370E-05
   105.000000      -76.0702438       2.22870149E-05
   108.750000      -76.0702438       1.33165158E-05
   112.500000      -76.0702438       1.20648183E-05
   116.250000      -76.0702438       9.91905108E-06
   120.000000      -76.0702438       6.20726496E-07
   123.750000      -76.0702438      -1.01081096E-05
   127.500000      -76.0702438       7.92229548E-06
   131.250000      -76.0702438       1.15716830E-06
   135.000000      -76.0702438      -3.55159864E-06
   138.750000      -76.0702438      -3.22377309E-06
   142.500000      -76.0702438       3.22703272E-07
   146.250000      -76.0702438      -2.23866664E-05
   150.000000      -76.0702438      -1.90488063E-05
   153.750000      -76.0702438       3.99597920E-05
   157.500000      -76.0702438       3.00491229E-06
   161.250000      -76.0702438      -3.29962932E-05
   165.000000      -76.0702438      -1.12181064E-04
   168.750000      -76.0702438       6.04041852E-05
   172.500000      -76.0702438       1.17369927E-05
   176.250000      -76.0702438      -2.53668986E-05
   180.000000      -76.0702438      -1.08531676E-05
   183.750000      -76.0702438       3.00491229E-06
   187.500000      -76.0702438      -7.30804168E-05
   191.250000      -76.0702438      -3.32645141E-05
   195.000000      -76.0702438      -4.00892459E-05
   198.750000      -76.0702438      -6.07720576E-05
   202.500000      -76.0702438       1.97836198E-05
   206.250000      -76.0702438       4.05856408E-05
   210.000000      -76.0702438       7.98190013E-06
   213.750000      -76.0702438      -2.54563056E-05
   217.500000      -76.0702438      -4.40529548E-05
   221.250000      -76.0702438       2.36877240E-05
   225.000000      -76.0702438      -5.91031276E-05
   228.750000      -76.0702438      -3.24002467E-05
   232.500000      -76.0702438       8.92528333E-05
   236.250000      -76.0702438       3.04826535E-05
   240.000000      -76.0702438       1.72341242E-06
   243.750000      -76.0702438      -6.80005178E-06
   247.500000      -76.0702438       1.18161086E-04
   251.250000      -76.0702438       5.01521863E-05
   255.000000      -76.0702438       2.49827281E-06
   258.750000      -76.0702438       5.79305924E-05
   262.500000      -76.0702438       4.19267453E-05
   266.250000      -76.0702438       2.41347589E-05
   270.000000      -76.0702438       1.80252828E-05
   273.750000      -76.0702438       5.56791201E-06
   277.500000      -76.0702438      -6.13084994E-05
   281.250000      -76.0702438      -8.87862407E-05
   285.000000      -76.0702438       1.24657527E-06
   288.750000      -76.0702438       6.07320108E-05
   292.500000      -76.0702438       4.81852330E-05
   296.250000      -76.0702438       4.85265628E-06
   300.000000      -76.0702438      -4.92250547E-06
   303.750000      -76.0702438       8.42893496E-06
   307.500000      -76.0702438       1.53430738E-05
   311.250000      -76.0702438      -2.95555219E-06
   315.000000      -76.0702438      -9.66107473E-06
   318.750000      -76.0702438       4.37581912E-06
   322.500000      -76.0702438      -3.46354209E-05
   326.250000      -76.0702438       2.30916776E-05
   330.000000      -76.0702438      -4.95067798E-05
   333.750000      -76.0702438      -1.54129229E-05
   337.500000      -76.0702438       4.31784429E-05
   341.250000      -76.0702438       3.77842225E-05
   345.000000      -76.0702438       1.78762712E-05
   348.750000      -76.0702438      -4.09833156E-05
   352.500000      -76.0702438      -1.61877833E-05
   356.250000      -76.0702438      -2.53831968E-06
   360.000000      -76.0702438      -6.47269189E-08
   0.00000000      -72.3615875      -8.73720273E-06
   3.75000000      -72.3615875      -5.74341975E-05
   7.50000000      -72.3615875      -1.05849467E-05
   11.2500000      -72.3615875       1.72802247E-05
   15.0000000      -72.3615875       1.70716085E-05
   18.7500000      -72.3615875      -6.41397201E-05
   22.5000000      -72.3615875      -1.08396169E-04
   26.2500000      -72.3615875      -2.47708522E-05
   30.0000000      -72.3615875      -2.05389224E-05
   33.7500000      -72.3615875      -1.98236667E-05
   37.5000000      -72.3615875       2.34195031E-05
   41.2500000      -72.3615875       1.27637759E-06
   45.0000000      -72.3615875       8.59145075E-07
   48.7500000      -72.3615875       7.56466761E-06
   52.5000000      -72.3615875       5.77219762E-05
   56.2500000      -72.3615875       1.84425153E-05
   60.0000000      -72.3615875       2.12737359E-05
   63.7500000      -72.3615875       9.14419070E-06
   67.5000000      -72.3615875      -1.01839658E-04
   71.2500000      -72.3615875      -6.14440069E-06
   75.0000000      -72.3615875       1.60881318E-05
   78.7500000      -72.3615875       3.29264440E-05
   82.5000000      -72.3615875       2.53268518E-05
   86.2500000      -72.3615875       5.73345460E-05
   90.0000000      -72.3615875       2.62209214E-05
   93.7500000      -72.3615875       2.90223397E-05
   97.5000000      -72.3615875       1.83531083E-05
   101.250000      -72.3615875      -1.39228068E-05
   105.000000      -72.3615875       1.87703408E-05
   108.750000      -72.3615875      -1.37141906E-05
   112.500000      -72.3615875      -1.24331564E-07
   116.250000      -72.3615875       5.03147021E-06
   120.000000      -72.3615875       7.74348155E-06
   123.750000      -72.3615875       1.69225968E-05
   127.500000      -72.3615875       2.15717591E-05
   131.250000      -72.3615875       3.71285714E-05
   135.000000      -72.3615875       8.60774890E-06
   138.750000      -72.3615875      -1.07339583E-05
   142.500000      -72.3615875      -3.61120328E-06
   146.250000      -72.3615875      -1.16741285E-06
   150.000000      -72.3615875      -1.87209807E-05
   153.750000      -72.3615875       1.11111440E-05
   157.500000      -72.3615875       2.57738866E-05
   161.250000      -72.3615875      -1.22701749E-06
   165.000000      -72.3615875       2.94991769E-05
   168.750000      -72.3615875       4.10759822E-06
   172.500000      -72.3615875       1.68033876E-05
   176.250000      -72.3615875      -4.94173728E-05
   180.000000      -72.3615875      -1.48466788E-05
   183.750000      -72.3615875      -9.57166776E-06
   187.500000      -72.3615875       1.43889338E-07
   191.250000      -72.3615875       4.40562144E-06
   195.000000      -72.3615875       1.03362836E-05
   198.750000      -72.3615875       2.43866816E-06
   202.500000      -72.3615875       1.24224462E-05
   206.250000      -72.3615875      -2.60821544E-05
   210.000000      -72.3615875      -2.98670493E-05
   213.750000      -72.3615875       6.61099330E-06
   217.500000      -72.3615875       4.29698266E-05
   221.250000      -72.3615875       2.31512822E-05
   225.000000      -72.3615875       2.31810845E-05
   228.750000      -72.3615875      -3.40989791E-05
   232.500000      -72.3615875      -7.09048472E-05
   236.250000      -72.3615875      -6.15767203E-05
   240.000000      -72.3615875       1.24657527E-06
   243.750000      -72.3615875       2.92309560E-05
   247.500000      -72.3615875      -8.85180198E-05
   251.250000      -72.3615875      -1.15684234E-05
   255.000000      -72.3615875       6.20135106E-05
   258.750000      -72.3615875      -4.97153960E-05
   262.500000      -72.3615875      -3.09101306E-05
   266.250000      -72.3615875       9.35280696E-06
   270.000000      -72.3615875       1.00680627E-05
   273.750000      -72.3615875       2.46115960E-05
   277.500000      -72.3615875       2.21678056E-05
   281.250000      -72.3615875       2.13333406E-05
   285.000000      -72.3615875      -4.30694781E-05
   288.750000      -72.3615875      -1.78865157E-05
   292.500000      -72.3615875      -7.11432658E-05
   296.250000      -72.3615875       8.78819264E-05
   300.000000      -72.3615875      -3.97912227E-05
   303.750000      -72.3615875       2.53566541E-05
   307.500000      -72.3615875      -1.22701749E-06
   311.250000      -72.3615875      -1.26413070E-05
   315.000000      -72.3615875       1.84425153E-05
   318.750000      -72.3615875       2.65189447E-05
   322.500000      -72.3615875      -1.97640620E-05
   326.250000      -72.3615875       2.54460610E-05
   330.000000      -72.3615875       8.30972567E-06
   333.750000      -72.3615875       2.80388631E-05
   337.500000      -72.3615875       2.31512822E-05
   341.250000      -72.3615875       8.42893496E-06
   345.000000      -72.3615875       1.06045045E-05
   348.750000      -72.3615875      -6.08912669E-05
   352.500000      -72.3615875       5.13144769E-05
   356.250000      -72.3615875       6.84210099E-05
   360.000000      -72.3615875      -8.73720273E-06
   0.00000000      -68.6520157       1.68033876E-05
   3.75000000      -68.6520157       4.76324931E-06
   7.50000000      -68.6520157       3.06451693E-06
   11.2500000      -68.6520157       3.06451693E-06
   15.0000000      -68.6520157       1.69822015E-05
   18.7500000      -68.6520157       3.11681069E-05
   22.5000000      -68.6520157       1.33761205E-05
   26.2500000      -68.6520157      -2.76020728E-05
   30.0000000      -68.6520157      -3.13869677E-05
   33.7500000      -68.6520157       3.50126065E-05
   37.5000000      -68.6520157       3.90359201E-05
   41.2500000      -68.6520157      -5.71366400E-07
   45.0000000      -68.6520157       8.60774890E-06
   48.7500000      -68.6520157      -6.88186847E-05
   52.5000000      -68.6520157       3.14363278E-05
   56.2500000      -68.6520157       1.31675042E-05
   60.0000000      -68.6520157       1.31078996E-05
   63.7500000      -68.6520157       4.63374890E-05
   67.5000000      -68.6520157       5.55762090E-05
   71.2500000      -68.6520157      -1.56884547E-04
   75.0000000      -68.6520157       3.44761647E-05
   78.7500000      -68.6520157      -7.28419982E-05
   82.5000000      -68.6520157       1.14389695E-05
   86.2500000      -68.6520157       2.68169679E-05
   90.0000000      -68.6520157       1.51642598E-05
   93.7500000      -68.6520157       2.90223397E-05
   97.5000000      -68.6520157       4.02578153E-05
   101.250000      -68.6520157      -1.16741285E-06
   105.000000      -68.6520157       3.76054086E-05
   108.750000      -68.6520157       3.11383046E-05
   112.500000      -68.6520157       1.67735852E-05
   116.250000      -68.6520157       5.26988879E-06
   120.000000      -68.6520157      -2.74693593E-06
   123.750000      -68.6520157       1.82935037E-05
   127.500000      -68.6520157       1.27800740E-05
   131.250000      -68.6520157      -1.56811439E-05
   135.000000      -68.6520157       4.34168614E-05
   138.750000      -68.6520157       1.67437829E-05
   142.500000      -68.6520157       5.59636392E-05
   146.250000      -68.6520157      -6.56000338E-05
   150.000000      -68.6520157      -9.86969098E-06
   153.750000      -68.6520157      -5.60795888E-06
   157.500000      -68.6520157       2.67275609E-05
   161.250000      -68.6520157      -8.77133571E-05
   165.000000      -68.6520157       5.77652827E-06
   168.750000      -68.6520157       2.62805261E-05
   172.500000      -68.6520157      -3.42777930E-05
   176.250000      -68.6520157       1.88299455E-05
   180.000000      -68.6520157       4.77381982E-05
   183.750000      -68.6520157       3.63835134E-05
   187.500000      -68.6520157       3.12575139E-05
   191.250000      -68.6520157      -1.20644923E-04
   195.000000      -68.6520157      -4.31588851E-05
   198.750000      -68.6520157      -1.01975165E-05
   202.500000      -68.6520157      -7.50180334E-07
   206.250000      -68.6520157       6.04339875E-05
   210.000000      -68.6520157       7.61994161E-05
   213.750000      -68.6520157       1.55814923E-05
   217.500000      -68.6520157      -1.87507831E-05
   221.250000      -68.6520157       2.82772817E-05
   225.000000      -68.6520157       1.54622830E-05
   228.750000      -68.6520157       8.27992335E-06
   232.500000      -68.6520157       1.15716830E-06
   236.250000      -68.6520157      -4.05660830E-05
   240.000000      -68.6520157      -6.09210692E-05
   243.750000      -68.6520157      -5.38579188E-05
   247.500000      -68.6520157       1.30780973E-05
   251.250000      -68.6520157       4.48175706E-05
   255.000000      -68.6520157      -6.90575689E-07
   258.750000      -68.6520157       6.93881884E-06
   262.500000      -68.6520157      -2.32970342E-06
   266.250000      -68.6520157       3.11085023E-05
   270.000000      -68.6520157      -5.57815656E-06
   273.750000      -68.6520157       2.53864564E-05
   277.500000      -68.6520157       5.20893373E-05
   281.250000      -68.6520157       1.36145391E-05
   285.000000      -68.6520157      -4.89270315E-06
   288.750000      -68.6520157      -1.88117381E-04
   292.500000      -68.6520157       2.23168172E-05
   296.250000      -68.6520157      -3.17743979E-05
   300.000000      -68.6520157       2.86945142E-05
   303.750000      -68.6520157       2.16313638E-05
   307.500000      -68.6520157       1.63400546E-06
   311.250000      -68.6520157       8.69715586E-06
   315.000000      -68.6520157       1.90385617E-05
   318.750000      -68.6520157      -3.47546302E-05
   322.500000      -68.6520157      -4.27416526E-05
   326.250000      -68.6520157       2.17505731E-05
   330.000000      -68.6520157      -2.25952826E-05
   333.750000      -68.6520157      -3.19532119E-05
   337.500000      -68.6520157      -5.26062213E-05
   341.250000      -68.6520157      -1.55321322E-05
   345.000000      -68.6520157      -3.01650725E-05
   348.750000      -68.6520157      -2.43536197E-05
   352.500000      -68.6520157       1.40913762E-05
   356.250000      -68.6520157       3.65623273E-05
   360.000000      -68.6520157       1.68033876E-05
   0.00000000      -64.9419479       3.77842225E-05
   3.75000000      -64.9419479       2.42837705E-05
   7.50000000      -64.9419479       1.69361010E-06
   11.2500000      -64.9419479      -1.15386210E-05
   15.0000000      -64.9419479      -3.73041257E-06
   18.7500000      -64.9419479       5.71692362E-06
   22.5000000      -64.9419479      -9.18423757E-06
   26.2500000      -64.9419479      -4.08343039E-05
   30.0000000      -64.9419479      -6.52424060E-05
   33.7500000      -64.9419479       9.18749720E-07
   37.5000000      -64.9419479       3.14363278E-05
   41.2500000      -64.9419479      -5.99375926E-05
   45.0000000      -64.9419479      -4.61093150E-05
   48.7500000      -64.9419479      -3.80030833E-05
   52.5000000      -64.9419479      -2.76616774E-05
   56.2500000      -64.9419479       3.22111882E-05
   60.0000000      -64.9419479       8.39913264E-06
   63.7500000      -64.9419479      -8.71769153E-05
   67.5000000      -64.9419479      -2.38930807E-06
   71.2500000      -64.9419479      -1.97207555E-06
   75.0000000      -64.9419479      -9.27364454E-06
   78.7500000      -64.9419479      -6.90575689E-07
   82.5000000      -64.9419479      -1.26711093E-05
   86.2500000      -64.9419479      -4.08804044E-06
   90.0000000      -64.9419479      -1.04955398E-05
   93.7500000      -64.9419479      -1.01081096E-05
   97.5000000      -64.9419479      -4.81959432E-07
   101.250000      -64.9419479      -2.23866664E-05
   105.000000      -64.9419479      -6.97886571E-06
   108.750000      -64.9419479       3.11383046E-05
   112.500000      -64.9419479       2.85157003E-05
   116.250000      -64.9419479      -1.46543607E-06
   120.000000      -64.9419479      -4.86290082E-06
   123.750000      -64.9419479      -1.20154582E-05
   127.500000      -64.9419479      -4.75696288E-05
   131.250000      -64.9419479      -1.66944228E-05
   135.000000      -64.9419479      -5.17717563E-05
   138.750000      -64.9419479      -1.54129229E-05
   142.500000      -64.9419479       2.76649371E-06
   146.250000      -64.9419479      -2.74530612E-05
   150.000000      -64.9419479      -4.98942100E-05
   153.750000      -64.9419479      -7.14710914E-05
   157.500000      -64.9419479      -9.50149260E-05
   161.250000      -64.9419479      -4.15495597E-05
   165.000000      -64.9419479      -2.50851735E-06
   168.750000      -64.9419479      -2.50986777E-05
   172.500000      -64.9419479       3.15257348E-05
   176.250000      -64.9419479       1.65649690E-05
   180.000000      -64.9419479       4.39831056E-05
   183.750000      -64.9419479       2.12141313E-05
   187.500000      -64.9419479       8.19051638E-06
   191.250000      -64.9419479      -5.42751513E-05
   195.000000      -64.9419479       3.11979093E-05
   198.750000      -64.9419479       2.08104029E-06
   202.500000      -64.9419479      -1.45142432E-04
   206.250000      -64.9419479      -2.92710029E-05
   210.000000      -64.9419479      -6.16363250E-05
   213.750000      -64.9419479      -5.31128608E-05
   217.500000      -64.9419479       1.14091672E-05
   221.250000      -64.9419479       3.26880254E-05
   225.000000      -64.9419479       2.35089101E-05
   228.750000      -64.9419479       1.57603063E-05
   232.500000      -64.9419479       2.39857472E-05
   236.250000      -64.9419479       2.04988755E-05
   240.000000      -64.9419479      -3.18042003E-05
   243.750000      -64.9419479      -4.98048030E-05
   247.500000      -64.9419479       1.03362836E-05
   251.250000      -64.9419479       3.39397229E-05
   255.000000      -64.9419479       2.80388631E-05
   258.750000      -64.9419479      -1.31850597E-04
   262.500000      -64.9419479      -6.22025691E-05
   266.250000      -64.9419479      -2.19396316E-05
   270.000000      -64.9419479      -1.43563375E-06
   273.750000      -64.9419479       1.38231553E-05
   277.500000      -64.9419479       1.71610154E-05
   281.250000      -64.9419479       1.27637759E-06
   285.000000      -64.9419479       3.24794091E-05
   288.750000      -64.9419479       2.04094686E-05
   292.500000      -64.9419479      -2.30721198E-05
   296.250000      -64.9419479      -5.34406863E-05
   300.000000      -64.9419479      -3.02544795E-05
   303.750000      -64.9419479       7.54245557E-05
   307.500000      -64.9419479       2.56546773E-05
   311.250000      -64.9419479       5.44823706E-08
   315.000000      -64.9419479      -4.38606367E-06
   318.750000      -64.9419479       2.46800482E-08
   322.500000      -64.9419479       4.70364466E-06
   326.250000      -64.9419479      -8.08155164E-06
   330.000000      -64.9419479       3.15392390E-06
   333.750000      -64.9419479       7.68387690E-06
   337.500000      -64.9419479      -1.50850974E-05
   341.250000      -64.9419479       3.85888852E-05
   345.000000      -64.9419479       3.97809781E-05
   348.750000      -64.9419479       2.33598985E-05
   352.500000      -64.9419479       1.12736598E-06
   356.250000      -64.9419479       3.56086530E-05
   360.000000      -64.9419479       3.77842225E-05
   0.00000000      -61.2315712      -2.31913291E-05
   3.75000000      -61.2315712      -7.90273771E-06
   7.50000000      -61.2315712      -2.20588408E-05
   11.2500000      -61.2315712      -3.39797698E-05
   15.0000000      -61.2315712      -1.41016208E-05
   18.7500000      -61.2315712       1.06045045E-05
   22.5000000      -61.2315712       6.84941188E-06
   26.2500000      -61.2315712      -1.25519000E-05
   30.0000000      -61.2315712       3.83937731E-06
   33.7500000      -61.2315712       8.57794657E-06
   37.5000000      -61.2315712      -2.50851735E-06
   41.2500000      -61.2315712       9.47201625E-06
   45.0000000      -61.2315712       1.87242404E-06
   48.7500000      -61.2315712       9.50181857E-06
   52.5000000      -61.2315712       7.68387690E-06
   56.2500000      -61.2315712      -8.34977254E-06
   60.0000000      -61.2315712       1.66841783E-05
   63.7500000      -61.2315712      -2.00620852E-05
   67.5000000      -61.2315712       1.78166665E-05
   71.2500000      -61.2315712       1.18263997E-05
   75.0000000      -61.2315712      -2.32807361E-05
   78.7500000      -61.2315712      -2.22972594E-05
   82.5000000      -61.2315712      -4.94769774E-05
   86.2500000      -61.2315712      -6.76563941E-05
   90.0000000      -61.2315712       3.22111882E-05
   93.7500000      -61.2315712      -3.19234096E-05
   97.5000000      -61.2315712      -4.14005481E-05
   101.250000      -61.2315712      -2.07773410E-05
   105.000000      -61.2315712      -6.82985410E-06
   108.750000      -61.2315712       3.43569554E-05
   112.500000      -61.2315712       3.86782922E-05
   116.250000      -61.2315712      -3.89269553E-05
   120.000000      -61.2315712       6.08512200E-05
   123.750000      -61.2315712       3.24333087E-06
   127.500000      -61.2315712       1.56112947E-05
   131.250000      -61.2315712       2.22274102E-05
   135.000000      -61.2315712       9.79984179E-06
   138.750000      -61.2315712      -5.69736585E-06
   142.500000      -61.2315712      -1.58464536E-06
   146.250000      -61.2315712      -1.30883418E-05
   150.000000      -61.2315712      -1.34353992E-04
   153.750000      -61.2315712      -9.83988866E-06
   157.500000      -61.2315712      -1.69626437E-05
   161.250000      -61.2315712      -1.67838298E-05
   165.000000      -61.2315712      -3.00160609E-05
   168.750000      -61.2315712      -8.46898183E-06
   172.500000      -61.2315712      -1.67405233E-06
   176.250000      -61.2315712      -5.66295348E-05
   180.000000      -61.2315712      -2.36979686E-05
   183.750000      -61.2315712       2.83070840E-05
   187.500000      -61.2315712       1.97240151E-05
   191.250000      -61.2315712      -2.09128484E-06
   195.000000      -61.2315712       4.71714884E-07
   198.750000      -61.2315712      -9.15443525E-06
   202.500000      -61.2315712      -1.85719691E-05
   206.250000      -61.2315712      -8.55838880E-06
   210.000000      -61.2315712      -8.76700506E-06
   213.750000      -61.2315712      -1.17472373E-05
   217.500000      -61.2315712      -4.77782451E-05
   221.250000      -61.2315712      -1.04955398E-05
   225.000000      -61.2315712       4.09134664E-05
   228.750000      -61.2315712       3.49530019E-05
   232.500000      -61.2315712       1.20052136E-05
   236.250000      -61.2315712       3.83937731E-06
   240.000000      -61.2315712      -1.13896094E-05
   243.750000      -61.2315712      -1.91680156E-05
   247.500000      -61.2315712      -1.23134814E-05
   251.250000      -61.2315712      -3.97316180E-05
   255.000000      -61.2315712      -2.14329921E-05
   258.750000      -61.2315712      -4.01190482E-05
   262.500000      -61.2315712       2.76812352E-05
   266.250000      -61.2315712      -5.67487441E-05
   270.000000      -61.2315712      -1.57480594E-04
   273.750000      -61.2315712       2.25985423E-06
   277.500000      -61.2315712       3.24333087E-06
   281.250000      -61.2315712       1.78301707E-06
   285.000000      -61.2315712       1.81742944E-05
   288.750000      -61.2315712      -6.89378940E-05
   292.500000      -61.2315712       2.37771310E-05
   296.250000      -61.2315712       6.57089986E-05
   300.000000      -61.2315712       7.13416375E-05
   303.750000      -61.2315712       2.49827281E-06
   307.500000      -61.2315712      -6.29341230E-06
   311.250000      -61.2315712       1.09025277E-05
   315.000000      -61.2315712       2.89925374E-05
   318.750000      -61.2315712       2.85455026E-05
   322.500000      -61.2315712       1.24224462E-05
   326.250000      -61.2315712       5.71692362E-06
   330.000000      -61.2315712      -2.44891271E-06
   333.750000      -61.2315712       1.87242404E-06
   337.500000      -61.2315712      -4.44566831E-06
   341.250000      -61.2315712       1.06343068E-05
   345.000000      -61.2315712      -2.27740966E-05
   348.750000      -61.2315712      -7.92196952E-05
   352.500000      -61.2315712      -6.41397201E-05
   356.250000      -61.2315712      -3.33837233E-05
   360.000000      -61.2315712      -2.31913291E-05
   0.00000000      -57.5209885       4.01819125E-06
   3.75000000      -57.5209885       6.10435382E-06
   7.50000000      -57.5209885      -1.73365697E-06
   11.2500000      -57.5209885       1.93202868E-06
   15.0000000      -57.5209885       4.58443537E-06
   18.7500000      -57.5209885      -1.49523839E-06
   22.5000000      -57.5209885      -5.12227416E-09
   26.2500000      -57.5209885       1.30482949E-05
   30.0000000      -57.5209885      -6.44242391E-06
   33.7500000      -57.5209885       9.17399302E-06
   37.5000000      -57.5209885       2.01710500E-05
   41.2500000      -57.5209885       1.95750035E-05
   45.0000000      -57.5209885      -2.80654058E-06
   48.7500000      -57.5209885       7.17723742E-06
   52.5000000      -57.5209885      -2.08667479E-05
   56.2500000      -57.5209885       4.70364466E-06
   60.0000000      -57.5209885      -2.68733129E-06
   63.7500000      -57.5209885       1.86213292E-05
   67.5000000      -57.5209885      -3.73041257E-06
   71.2500000      -57.5209885      -6.09508716E-05
   75.0000000      -57.5209885      -1.35949813E-05
   78.7500000      -57.5209885      -7.07260333E-05
   82.5000000      -57.5209885      -9.72202979E-05
   86.2500000      -57.5209885      -3.32943164E-05
   90.0000000      -57.5209885      -1.97640620E-05
   93.7500000      -57.5209885       3.51155177E-06
   97.5000000      -57.5209885       8.29342753E-07
   101.250000      -57.5209885      -2.15088949E-06
   105.000000      -57.5209885      -2.11051665E-05
   108.750000      -57.5209885       1.49258412E-05
   112.500000      -57.5209885       8.42846930E-08
   116.250000      -57.5209885       2.15717591E-05
   120.000000      -57.5209885       2.67708674E-06
   123.750000      -57.5209885      -2.14031897E-05
   127.500000      -57.5209885       3.16151418E-05
   131.250000      -57.5209885      -2.95690261E-05
   135.000000      -57.5209885       1.43595971E-05
   138.750000      -57.5209885      -5.04171476E-06
   142.500000      -57.5209885      -1.27307139E-05
   146.250000      -57.5209885      -6.11594878E-05
   150.000000      -57.5209885      -4.17744741E-06
   153.750000      -57.5209885      -5.49010001E-05
   157.500000      -57.5209885      -1.43563375E-06
   161.250000      -57.5209885      -1.47870742E-05
   165.000000      -57.5209885      -4.98211011E-06
   168.750000      -57.5209885      -9.09483060E-06
   172.500000      -57.5209885       1.59093179E-05
   176.250000      -57.5209885       8.27992335E-06
   180.000000      -57.5209885       1.60285272E-05
   183.750000      -57.5209885       4.84534539E-05
   187.500000      -57.5209885       3.39099206E-05
   191.250000      -57.5209885       1.45980157E-05
   195.000000      -57.5209885      -3.32049094E-05
   198.750000      -57.5209885      -2.61119567E-05
   202.500000      -57.5209885      -1.05253421E-05
   206.250000      -57.5209885       3.42214480E-06
   210.000000      -57.5209885       2.92900950E-07
   213.750000      -57.5209885      -3.96883115E-06
   217.500000      -57.5209885      -1.71712600E-05
   221.250000      -57.5209885      -4.14005481E-05
   225.000000      -57.5209885       1.94855966E-05
   228.750000      -57.5209885       4.10922803E-05
   232.500000      -57.5209885       1.28098764E-05
   236.250000      -57.5209885       1.87242404E-06
   240.000000      -57.5209885      -5.81657514E-06
   243.750000      -57.5209885      -3.43238935E-06
   247.500000      -57.5209885      -7.78352842E-06
   251.250000      -57.5209885      -1.59195624E-05
   255.000000      -57.5209885      -1.72010623E-05
   258.750000      -57.5209885       1.62669457E-05
   262.500000      -57.5209885       1.65351667E-05
   266.250000      -57.5209885      -6.00269996E-05
   270.000000      -57.5209885       2.01412477E-05
   273.750000      -57.5209885      -1.56811439E-05
   277.500000      -57.5209885       2.30022706E-05
   281.250000      -57.5209885      -6.94906339E-06
   285.000000      -57.5209885       2.94395722E-05
   288.750000      -57.5209885       1.57305039E-05
   292.500000      -57.5209885       2.30916776E-05
   296.250000      -57.5209885       2.44327821E-05
   300.000000      -57.5209885       7.41565600E-06
   303.750000      -57.5209885      -3.90922651E-06
   307.500000      -57.5209885      -1.90859195E-04
   311.250000      -57.5209885      -7.20373355E-05
   315.000000      -57.5209885      -5.35896979E-05
   318.750000      -57.5209885       1.38529576E-05
   322.500000      -57.5209885      -2.46814452E-05
   326.250000      -57.5209885       3.16449441E-05
   330.000000      -57.5209885       7.10133463E-07
   333.750000      -57.5209885      -1.18068419E-05
   337.500000      -57.5209885      -1.95256434E-05
   341.250000      -57.5209885      -7.68951140E-05
   345.000000      -57.5209885      -1.14267226E-04
   348.750000      -57.5209885      -6.91167079E-05
   352.500000      -57.5209885      -2.42046081E-05
   356.250000      -57.5209885      -2.93902121E-05
   360.000000      -57.5209885       4.01819125E-06
   0.00000000      -53.8102722      -4.56487760E-06
   3.75000000      -53.8102722       6.67059794E-06
   7.50000000      -53.8102722       1.53728761E-05
   11.2500000      -53.8102722      -2.92574987E-06
   15.0000000      -53.8102722       1.53430738E-05
   18.7500000      -53.8102722       1.23628415E-05
   22.5000000      -53.8102722       6.34277239E-06
   26.2500000      -53.8102722       7.47526065E-06
   30.0000000      -53.8102722       4.94071282E-05
   33.7500000      -53.8102722       3.48933972E-05
   37.5000000      -53.8102722       5.02117909E-05
   41.2500000      -53.8102722       5.29834069E-05
   45.0000000      -53.8102722       4.60692681E-05
   48.7500000      -53.8102722       3.56384553E-05
   52.5000000      -53.8102722       2.21380033E-05
   56.2500000      -53.8102722       1.90385617E-05
   60.0000000      -53.8102722       1.34059228E-05
   63.7500000      -53.8102722      -1.40583143E-06
   67.5000000      -53.8102722      -1.51447020E-05
   71.2500000      -53.8102722      -5.07151708E-06
   75.0000000      -53.8102722      -7.06827268E-06
   78.7500000      -53.8102722      -2.43834220E-05
   82.5000000      -53.8102722      -9.58796591E-07
   86.2500000      -53.8102722       2.28965655E-06
   90.0000000      -53.8102722      -3.08207236E-05
   93.7500000      -53.8102722      -1.13002025E-05
   97.5000000      -53.8102722       1.59987248E-05
   101.250000      -53.8102722      -1.28662214E-06
   105.000000      -53.8102722       3.33273783E-06
   108.750000      -53.8102722       2.03200616E-05
   112.500000      -53.8102722       2.81878747E-05
   116.250000      -53.8102722       4.04664315E-05
   120.000000      -53.8102722       1.26310624E-05
   123.750000      -53.8102722       1.53132714E-05
   127.500000      -53.8102722      -7.27688894E-06
   131.250000      -53.8102722      -2.35191546E-05
   135.000000      -53.8102722       1.90222636E-06
   138.750000      -53.8102722      -1.43996440E-05
   142.500000      -53.8102722      -2.65752897E-06
   146.250000      -53.8102722      -3.67080793E-06
   150.000000      -53.8102722      -4.98346053E-05
   153.750000      -53.8102722      -2.32509337E-05
   157.500000      -53.8102722      -4.45297919E-05
   161.250000      -53.8102722      -1.11213885E-05
   165.000000      -53.8102722       1.35549344E-05
   168.750000      -53.8102722       2.00518407E-05
   172.500000      -53.8102722       1.37337483E-05
   176.250000      -53.8102722       2.25552358E-05
   180.000000      -53.8102722       3.00654210E-05
   183.750000      -53.8102722      -5.70169650E-05
   187.500000      -53.8102722      -9.15443525E-06
   191.250000      -53.8102722      -2.26846896E-05
   195.000000      -53.8102722      -5.48874959E-06
   198.750000      -53.8102722       2.08104029E-06
   202.500000      -53.8102722      -3.37278470E-06
   206.250000      -53.8102722       2.82772817E-05
   210.000000      -53.8102722       1.33165158E-05
   213.750000      -53.8102722       1.13197602E-05
   217.500000      -53.8102722       2.97510996E-06
   221.250000      -53.8102722       3.24333087E-06
   225.000000      -53.8102722      -1.00783072E-05
   228.750000      -53.8102722       6.49341382E-05
   232.500000      -53.8102722       1.70716085E-05
   236.250000      -53.8102722       1.21677294E-06
   240.000000      -53.8102722      -1.30585395E-05
   243.750000      -53.8102722      -2.52774917E-05
   247.500000      -53.8102722      -2.19396316E-05
   251.250000      -53.8102722      -1.45486556E-05
   255.000000      -53.8102722       6.10435382E-06
   258.750000      -53.8102722      -5.11757098E-05
   262.500000      -53.8102722      -5.38281165E-05
   266.250000      -53.8102722      -1.41612254E-05
   270.000000      -53.8102722      -2.86614522E-06
   273.750000      -53.8102722      -2.27009878E-06
   277.500000      -53.8102722      -1.41314231E-05
   281.250000      -53.8102722      -6.89676963E-05
   285.000000      -53.8102722       2.65189447E-05
   288.750000      -53.8102722       6.26095571E-05
   292.500000      -53.8102722      -3.17147933E-05
   296.250000      -53.8102722       1.59689225E-05
   300.000000      -53.8102722      -1.40718184E-05
   303.750000      -53.8102722       3.83937731E-06
   307.500000      -53.8102722       3.42214480E-06
   311.250000      -53.8102722      -2.55159102E-05
   315.000000      -53.8102722      -4.20860015E-05
   318.750000      -53.8102722       1.35251321E-05
   322.500000      -53.8102722       3.52212228E-05
   326.250000      -53.8102722       4.07779589E-06
   330.000000      -53.8102722      -1.53235160E-05
   333.750000      -53.8102722       2.91713513E-05
   337.500000      -53.8102722       8.99517909E-06
   341.250000      -53.8102722       2.97510996E-06
   345.000000      -53.8102722      -1.06147490E-05
   348.750000      -53.8102722      -9.06502828E-06
   352.500000      -53.8102722      -4.02843580E-06
   356.250000      -53.8102722      -5.32022677E-05
   360.000000      -53.8102722      -4.56487760E-06
   0.00000000      -50.0994530      -4.74369153E-06
   3.75000000      -50.0994530      -1.72308646E-05
   7.50000000      -50.0994530       1.09621324E-05
   11.2500000      -50.0994530       4.19700518E-06
   15.0000000      -50.0994530       2.54460610E-05
   18.7500000      -50.0994530      -3.52179632E-06
   22.5000000      -50.0994530       5.11356629E-05
   26.2500000      -50.0994530       8.57794657E-06
   30.0000000      -50.0994530      -1.27605163E-05
   33.7500000      -50.0994530      -2.09157821E-04
   37.5000000      -50.0994530      -4.25032340E-05
   41.2500000      -50.0994530      -6.38118945E-05
   45.0000000      -50.0994530      -8.42264853E-05
   48.7500000      -50.0994530       5.87650575E-05
   52.5000000      -50.0994530       3.25390138E-05
   56.2500000      -50.0994530       1.84723176E-05
   60.0000000      -50.0994530       4.16720286E-06
   63.7500000      -50.0994530      -1.40420161E-05
   67.5000000      -50.0994530      -2.26250850E-05
   71.2500000      -50.0994530      -3.44566070E-05
   75.0000000      -50.0994530      -4.68245707E-05
   78.7500000      -50.0994530      -2.47112475E-05
   82.5000000      -50.0994530       1.66543759E-05
   86.2500000      -50.0994530      -6.02519140E-06
   90.0000000      -50.0994530      -3.84962186E-06
   93.7500000      -50.0994530      -8.99191946E-07
   97.5000000      -50.0994530      -4.22052108E-05
   101.250000      -50.0994530      -1.37141906E-05
   105.000000      -50.0994530       2.33897008E-05
   108.750000      -50.0994530       2.37175263E-05
   112.500000      -50.0994530       3.77842225E-05
   116.250000      -50.0994530      -1.81249343E-05
   120.000000      -50.0994530       2.56844796E-05
   123.750000      -50.0994530       2.33300962E-05
   127.500000      -50.0994530       1.57305039E-05
   131.250000      -50.0994530       1.53728761E-05
   135.000000      -50.0994530       7.23684207E-06
   138.750000      -50.0994530      -3.07476148E-06
   142.500000      -50.0994530      -5.72716817E-06
   146.250000      -50.0994530      -4.50527295E-06
   150.000000      -50.0994530       6.01494685E-06
   153.750000      -50.0994530      -6.50202855E-06
   157.500000      -50.0994530       6.20726496E-07
   161.250000      -50.0994530      -1.04909297E-04
   165.000000      -50.0994530       3.23005952E-05
   168.750000      -50.0994530       1.35847367E-05
   172.500000      -50.0994530       9.71043482E-06
   176.250000      -50.0994530      -1.34622678E-06
   180.000000      -50.0994530      -3.71388160E-05
   183.750000      -50.0994530      -1.37602910E-06
   187.500000      -50.0994530      -1.85286626E-06
   191.250000      -50.0994530       1.64755620E-05
   195.000000      -50.0994530       2.20024958E-06
   198.750000      -50.0994530       3.72477807E-05
   202.500000      -50.0994530       3.03336419E-05
   206.250000      -50.0994530       2.49990262E-05
   210.000000      -50.0994530       2.10651197E-05
   213.750000      -50.0994530      -5.13112172E-06
   217.500000      -50.0994530       1.37635507E-05
   221.250000      -50.0994530       1.99028291E-05
   225.000000      -50.0994530      -2.44891271E-06
   228.750000      -50.0994530      -9.92929563E-06
   232.500000      -50.0994530      -5.18015586E-05
   236.250000      -50.0994530      -1.13641378E-04
   240.000000      -50.0994530       3.06614675E-05
   243.750000      -50.0994530      -1.95554458E-05
   247.500000      -50.0994530      -7.36629590E-06
   251.250000      -50.0994530       1.60881318E-05
   255.000000      -50.0994530       3.24496068E-05
   258.750000      -50.0994530      -4.09535132E-05
   262.500000      -50.0994530      -3.99863347E-06
   266.250000      -50.0994530      -2.19992362E-05
   270.000000      -50.0994530       2.66977586E-05
   273.750000      -50.0994530      -2.81385146E-05
   277.500000      -50.0994530       4.41912562E-07
   281.250000      -50.0994530       4.31621447E-06
   285.000000      -50.0994530       1.26177911E-04
   288.750000      -50.0994530       7.09840097E-05
   292.500000      -50.0994530       4.41619195E-05
   296.250000      -50.0994530      -1.30287372E-05
   300.000000      -50.0994530      -7.09807500E-06
   303.750000      -50.0994530      -6.41262159E-06
   307.500000      -50.0994530      -1.14790164E-05
   311.250000      -50.0994530      -4.83444892E-05
   315.000000      -50.0994530       1.22138299E-05
   318.750000      -50.0994530       1.59689225E-05
   322.500000      -50.0994530       2.05584802E-05
   326.250000      -50.0994530       1.82637013E-05
   330.000000      -50.0994530       2.69361772E-05
   333.750000      -50.0994530       2.78600492E-05
   337.500000      -50.0994530       1.61775388E-05
   341.250000      -50.0994530       2.16313638E-05
   345.000000      -50.0994530      -3.40258703E-06
   348.750000      -50.0994530       1.06776133E-06
   352.500000      -50.0994530      -9.72067937E-06
   356.250000      -50.0994530      -1.13300048E-05
   360.000000      -50.0994530      -4.74369153E-06
   0.00000000      -46.3885536       3.24794091E-05
   3.75000000      -46.3885536      -9.69087705E-06
   7.50000000      -46.3885536       1.72504224E-05
   11.2500000      -46.3885536       1.03660859E-05
   15.0000000      -46.3885536       2.27936544E-05
   18.7500000      -46.3885536       2.12439336E-05
   22.5000000      -46.3885536      -3.84799205E-05
   26.2500000      -46.3885536      -1.99726783E-05
   30.0000000      -46.3885536      -1.42072793E-04
   33.7500000      -46.3885536      -2.40853988E-05
   37.5000000      -46.3885536       1.54459849E-06
   41.2500000      -46.3885536       2.58767977E-06
   45.0000000      -46.3885536       5.83613291E-06
   48.7500000      -46.3885536       1.37039460E-05
   52.5000000      -46.3885536       2.36877240E-05
   56.2500000      -46.3885536       3.24333087E-06
   60.0000000      -46.3885536      -2.03899108E-05
   63.7500000      -46.3885536      -1.70520507E-05
   67.5000000      -46.3885536      -3.27578746E-05
   71.2500000      -46.3885536      -2.13137828E-05
   75.0000000      -46.3885536      -2.36681662E-05
   78.7500000      -46.3885536       3.45194712E-06
   82.5000000      -46.3885536       4.37581912E-06
   86.2500000      -46.3885536       1.26608647E-05
   90.0000000      -46.3885536       1.45682134E-05
   93.7500000      -46.3885536       2.50586309E-05
   97.5000000      -46.3885536      -2.16638204E-04
   101.250000      -46.3885536       2.40751542E-05
   105.000000      -46.3885536       2.23764218E-05
   108.750000      -46.3885536       6.22356310E-06
   112.500000      -46.3885536       2.43135728E-05
   116.250000      -46.3885536       4.43109311E-05
   120.000000      -46.3885536      -5.11161052E-05
   123.750000      -46.3885536       1.69822015E-05
   127.500000      -46.3885536      -8.41966830E-05
   131.250000      -46.3885536      -7.44811259E-05
   135.000000      -46.3885536       1.08727254E-05
   138.750000      -46.3885536       3.02144326E-05
   142.500000      -46.3885536      -7.42590055E-06
   146.250000      -46.3885536       1.09621324E-05
   150.000000      -46.3885536       1.28694810E-05
   153.750000      -46.3885536       1.60420313E-06
   157.500000      -46.3885536      -1.51745044E-05
   161.250000      -46.3885536       4.05260362E-05
   165.000000      -46.3885536      -4.50527295E-06
   168.750000      -46.3885536      -9.09916125E-05
   172.500000      -46.3885536      -4.98211011E-06
   176.250000      -46.3885536      -2.35787593E-05
   180.000000      -46.3885536       1.98730268E-05
   183.750000      -46.3885536       1.48499385E-06
   187.500000      -46.3885536       2.28532590E-05
   191.250000      -46.3885536       1.11111440E-05
   195.000000      -46.3885536      -2.02110969E-05
   198.750000      -46.3885536       2.60719098E-05
   202.500000      -46.3885536       5.48013486E-05
   206.250000      -46.3885536       2.13035382E-05
   210.000000      -46.3885536       1.03660859E-05
   213.750000      -46.3885536       9.44221392E-06
   217.500000      -46.3885536       2.44923867E-05
   221.250000      -46.3885536       1.80848874E-05
   225.000000      -46.3885536       3.82610597E-05
   228.750000      -46.3885536       3.01846303E-05
   232.500000      -46.3885536       3.23303975E-05
   236.250000      -46.3885536       3.18833627E-05
   240.000000      -46.3885536       2.72043981E-05
   243.750000      -46.3885536       1.19754113E-05
   247.500000      -46.3885536      -4.01190482E-05
   251.250000      -46.3885536      -3.97614203E-05
   255.000000      -46.3885536      -3.28337774E-06
   258.750000      -46.3885536       1.67139806E-05
   262.500000      -46.3885536       9.77003947E-06
   266.250000      -46.3885536       1.60420313E-06
   270.000000      -46.3885536       4.52483073E-06
   273.750000      -46.3885536       2.12141313E-05
   277.500000      -46.3885536       4.83938493E-05
   281.250000      -46.3885536       7.98190013E-06
   285.000000      -46.3885536      -5.50500117E-05
   288.750000      -46.3885536      -3.23704444E-05
   292.500000      -46.3885536      -7.56732188E-05
   296.250000      -46.3885536       5.22979535E-05
   300.000000      -46.3885536       6.10896386E-05
   303.750000      -46.3885536       4.19863500E-05
   307.500000      -46.3885536      -9.00379382E-05
   311.250000      -46.3885536       1.45682134E-05
   315.000000      -46.3885536      -2.30423175E-05
   318.750000      -46.3885536      -6.89676963E-05
   322.500000      -46.3885536      -5.33973798E-06
   326.250000      -46.3885536      -3.49199399E-06
   330.000000      -46.3885536      -5.13112172E-06
   333.750000      -46.3885536      -1.76778995E-05
   337.500000      -46.3885536      -3.64831649E-05
   341.250000      -46.3885536      -2.16118060E-05
   345.000000      -46.3885536      -1.46976672E-05
   348.750000      -46.3885536      -9.18423757E-06
   352.500000      -46.3885536      -1.48168765E-05
   356.250000      -46.3885536       1.00382604E-05
   360.000000      -46.3885536       3.24794091E-05
   0.00000000      -42.6776047       9.62102786E-06
   3.75000000      -42.6776047      -2.14283820E-04
   7.50000000      -42.6776047       3.10190953E-05
   11.2500000      -42.6776047       1.66543759E-05
   15.0000000      -42.6776047       8.81636515E-06
   18.7500000      -42.6776047       4.52483073E-06
   22.5000000      -42.6776047       9.94885340E-06
   26.2500000      -42.6776047      -5.91627322E-05
   30.0000000      -42.6776047      -2.68868171E-05
   33.7500000      -42.6776047      -9.80249606E-05
   37.5000000      -42.6776047       1.27204694E-05
   41.2500000      -42.6776047       1.86511315E-05
   45.0000000      -42.6776047       4.09432687E-05
   48.7500000      -42.6776047       3.20025720E-05
   52.5000000      -42.6776047       2.29426660E-05
   56.2500000      -42.6776047       3.04826535E-05
   60.0000000      -42.6776047       6.33248128E-05
   63.7500000      -42.6776047      -5.93578443E-06
   67.5000000      -42.6776047      -4.59467992E-06
   71.2500000      -42.6776047       1.73696317E-05
   75.0000000      -42.6776047      -5.36954030E-06
   78.7500000      -42.6776047       1.41211785E-05
   82.5000000      -42.6776047       2.11545266E-05
   86.2500000      -42.6776047      -9.36305150E-06
   90.0000000      -42.6776047       2.72342004E-05
   93.7500000      -42.6776047      -3.49199399E-06
   97.5000000      -42.6776047      -5.51855192E-06
   101.250000      -42.6776047       3.22703272E-07
   105.000000      -42.6776047       2.79629603E-06
   108.750000      -42.6776047       8.48853961E-06
   112.500000      -42.6776047       2.53864564E-05
   116.250000      -42.6776047       1.64159574E-05
   120.000000      -42.6776047       2.30916776E-05
   123.750000      -42.6776047       4.95859422E-05
   127.500000      -42.6776047       2.10055150E-05
   131.250000      -42.6776047       2.39559449E-05
   135.000000      -42.6776047      -7.15767965E-06
   138.750000      -42.6776047      -9.24384221E-06
   142.500000      -42.6776047       2.19889916E-05
   146.250000      -42.6776047       2.04392709E-05
   150.000000      -42.6776047       5.30132093E-05
   153.750000      -42.6776047       1.32271089E-05
   157.500000      -42.6776047      -5.23678027E-05
   161.250000      -42.6776047       2.78898515E-05
   165.000000      -42.6776047      -8.31997022E-06
   168.750000      -42.6776047       1.52536668E-05
   172.500000      -42.6776047      -8.56271945E-05
   176.250000      -42.6776047       1.84262171E-06
   180.000000      -42.6776047      -4.56487760E-06
   183.750000      -42.6776047       5.42649068E-05
   187.500000      -42.6776047       5.95534220E-06
   191.250000      -42.6776047       1.87405385E-05
   195.000000      -42.6776047      -4.31588851E-05
   198.750000      -42.6776047       3.05124559E-05
   202.500000      -42.6776047       3.99895944E-05
   206.250000      -42.6776047       4.77680005E-05
   210.000000      -42.6776047       2.64295377E-05
   213.750000      -42.6776047       2.07968988E-05
   217.500000      -42.6776047       2.51480378E-05
   221.250000      -42.6776047       1.86511315E-05
   225.000000      -42.6776047       1.37337483E-05
   228.750000      -42.6776047       1.65649690E-05
   232.500000      -42.6776047       2.17505731E-05
   236.250000      -42.6776047       8.45873728E-06
   240.000000      -42.6776047       3.12412158E-06
   243.750000      -42.6776047       1.03362836E-05
   247.500000      -42.6776047      -1.68732367E-05
   251.250000      -42.6776047      -5.77918254E-05
   255.000000      -42.6776047      -3.61120328E-06
   258.750000      -42.6776047      -6.82985410E-06
   262.500000      -42.6776047       2.10353173E-05
   266.250000      -42.6776047       3.39695252E-05
   270.000000      -42.6776047       3.94829549E-05
   273.750000      -42.6776047       5.68712130E-06
   277.500000      -42.6776047       1.17965974E-05
   281.250000      -42.6776047       1.33761205E-05
   285.000000      -42.6776047       8.60774890E-06
   288.750000      -42.6776047       9.08458605E-06
   292.500000      -42.6776047       2.35685147E-05
   296.250000      -42.6776047       2.74726190E-05
   300.000000      -42.6776047      -3.25357541E-06
   303.750000      -42.6776047      -4.27416526E-05
   307.500000      -42.6776047      -1.17174350E-05
   311.250000      -42.6776047      -2.09859572E-05
   315.000000      -42.6776047      -2.00918876E-05
   318.750000      -42.6776047       2.71745957E-05
   322.500000      -42.6776047       3.85292806E-05
   326.250000      -42.6776047       4.69931401E-05
   330.000000      -42.6776047       8.84616747E-06
   333.750000      -42.6776047       3.22111882E-05
   337.500000      -42.6776047       4.52483073E-06
   341.250000      -42.6776047       2.95289792E-05
   345.000000      -42.6776047       1.84127130E-05
   348.750000      -42.6776047       6.58119097E-06
   352.500000      -42.6776047       4.30294313E-05
   356.250000      -42.6776047       2.43135728E-05
   360.000000      -42.6776047       9.62102786E-06
   0.00000000      -38.9666100       1.07535161E-05
   3.75000000      -38.9666100       9.05478373E-06
   7.50000000      -38.9666100       1.18562020E-05
   11.2500000      -38.9666100      -1.23432837E-05
   15.0000000      -38.9666100       1.06045045E-05
   18.7500000      -38.9666100       1.86511315E-05
   22.5000000      -38.9666100       3.36254016E-06
   26.2500000      -38.9666100       7.39935786E-07
   30.0000000      -38.9666100       3.92878428E-06
   33.7500000      -38.9666100       4.40562144E-06
   37.5000000      -38.9666100       8.25012103E-06
   41.2500000      -38.9666100       6.10435382E-06
   45.0000000      -38.9666100       6.90901652E-06
   48.7500000      -38.9666100       2.11545266E-05
   52.5000000      -38.9666100       2.42539681E-05
   56.2500000      -38.9666100       4.31621447E-06
   60.0000000      -38.9666100       1.40317716E-05
   63.7500000      -38.9666100       1.55218877E-05
   67.5000000      -38.9666100       1.91875733E-05
   71.2500000      -38.9666100       1.51046552E-05
   75.0000000      -38.9666100       1.51642598E-05
   78.7500000      -38.9666100       3.91551293E-05
   82.5000000      -38.9666100       3.73371877E-05
   86.2500000      -38.9666100       3.71881761E-05
   90.0000000      -38.9666100      -1.14194117E-05
   93.7500000      -38.9666100      -3.69600020E-05
   97.5000000      -38.9666100       3.33138742E-05
   101.250000      -38.9666100       2.52807513E-06
   105.000000      -38.9666100      -1.97640620E-05
   108.750000      -38.9666100      -4.77349386E-06
   112.500000      -38.9666100       8.88947397E-07
   116.250000      -38.9666100       3.06316651E-05
   120.000000      -38.9666100       4.35360707E-05
   123.750000      -38.9666100       1.18263997E-05
   127.500000      -38.9666100       2.39261426E-05
   131.250000      -38.9666100       2.09161080E-05
   135.000000      -38.9666100       2.73832120E-05
   138.750000      -38.9666100       3.84696759E-05
   142.500000      -38.9666100       4.15691175E-05
   146.250000      -38.9666100       6.53215684E-05
   150.000000      -38.9666100       1.03362836E-05
   153.750000      -38.9666100       2.43135728E-05
   157.500000      -38.9666100       1.60881318E-05
   161.250000      -38.9666100       2.49990262E-05
   165.000000      -38.9666100       3.03471461E-06
   168.750000      -38.9666100      -3.46056186E-05
   172.500000      -38.9666100      -3.55592929E-05
   176.250000      -38.9666100      -2.27009878E-06
   180.000000      -38.9666100      -4.32482921E-05
   183.750000      -38.9666100       2.09459104E-05
   187.500000      -38.9666100       1.09025277E-05
   191.250000      -38.9666100       3.79034318E-05
   195.000000      -38.9666100      -7.82660209E-05
   198.750000      -38.9666100       1.85021199E-05
   202.500000      -38.9666100       2.54162587E-05
   206.250000      -38.9666100       1.38529576E-05
   210.000000      -38.9666100       1.24224462E-05
   213.750000      -38.9666100       1.27800740E-05
   217.500000      -38.9666100       8.78656283E-06
   221.250000      -38.9666100      -2.97478400E-05
   225.000000      -38.9666100      -2.60225497E-05
   228.750000      -38.9666100      -6.44973479E-05
   232.500000      -38.9666100       2.54460610E-05
   236.250000      -38.9666100       3.56086530E-05
   240.000000      -38.9666100       2.05882825E-05
   243.750000      -38.9666100      -5.05200587E-05
   247.500000      -38.9666100       2.23466195E-05
   251.250000      -38.9666100       2.98866071E-05
   255.000000      -38.9666100       3.20025720E-05
   258.750000      -38.9666100       3.40589322E-05
   262.500000      -38.9666100       2.97375955E-05
   266.250000      -38.9666100       3.23900022E-05
   270.000000      -38.9666100       2.41049565E-05
   273.750000      -38.9666100       4.08538617E-05
   277.500000      -38.9666100       2.60421075E-05
   281.250000      -38.9666100       1.99326314E-05
   285.000000      -38.9666100       1.39125623E-05
   288.750000      -38.9666100       1.71908177E-05
   292.500000      -38.9666100       6.31297007E-06
   296.250000      -38.9666100      -1.69626437E-05
   300.000000      -38.9666100      -5.45433722E-05
   303.750000      -38.9666100      -4.38741408E-05
   307.500000      -38.9666100       2.22870149E-05
   311.250000      -38.9666100       2.27936544E-05
   315.000000      -38.9666100       2.43135728E-05
   318.750000      -38.9666100      -6.29341230E-06
   322.500000      -38.9666100       5.28641976E-05
   326.250000      -38.9666100       1.67735852E-05
   330.000000      -38.9666100       1.71610154E-05
   333.750000      -38.9666100       7.80308619E-06
   337.500000      -38.9666100       1.70418061E-05
   341.250000      -38.9666100       4.88706864E-05
   345.000000      -38.9666100       2.97375955E-05
   348.750000      -38.9666100       1.33761205E-05
   352.500000      -38.9666100      -1.33267604E-05
   356.250000      -38.9666100       5.77652827E-06
   360.000000      -38.9666100       1.07535161E-05
   0.00000000      -35.2555809      -3.46219167E-06
   3.75000000      -35.2555809      -1.25817023E-05
   7.50000000      -35.2555809       5.59771433E-06
   11.2500000      -35.2555809       1.20648183E-05
   15.0000000      -35.2555809       4.28641215E-06
   18.7500000      -35.2555809      -2.39363872E-05
   22.5000000      -35.2555809       4.25660983E-06
   26.2500000      -35.2555809      -6.65835105E-05
   30.0000000      -35.2555809       2.19889916E-05
   33.7500000      -35.2555809       2.51182355E-05
   37.5000000      -35.2555809      -5.90598211E-06
   41.2500000      -35.2555809      -7.03847036E-06
   45.0000000      -35.2555809       1.28098764E-05
   48.7500000      -35.2555809      -1.42506324E-05
   52.5000000      -35.2555809       5.41890040E-06
   56.2500000      -35.2555809       5.15067950E-06
   60.0000000      -35.2555809       3.34926881E-05
   63.7500000      -35.2555809       2.49827281E-06
   67.5000000      -35.2555809      -2.21049413E-06
   71.2500000      -35.2555809       5.01517206E-07
   75.0000000      -35.2555809       5.62751666E-06
   78.7500000      -35.2555809      -7.42590055E-06
   82.5000000      -35.2555809      -5.63776121E-06
   86.2500000      -35.2555809      -3.63341533E-05
   90.0000000      -35.2555809       2.75620259E-05
   93.7500000      -35.2555809       7.32624903E-06
   97.5000000      -35.2555809       5.59771433E-06
   101.250000      -35.2555809      -7.45570287E-06
   105.000000      -35.2555809      -3.06121074E-05
   108.750000      -35.2555809      -3.09697352E-05
   112.500000      -35.2555809       5.47850505E-06
   116.250000      -35.2555809      -1.39122363E-04
   120.000000      -35.2555809       1.61179341E-05
   123.750000      -35.2555809       4.91226092E-06
   127.500000      -35.2555809       2.73669139E-06
   131.250000      -35.2555809       1.84262171E-06
   135.000000      -35.2555809      -6.08479604E-06
   138.750000      -35.2555809      -1.01064797E-04
   142.500000      -35.2555809       2.27042474E-05
   146.250000      -35.2555809      -2.90623866E-05
   150.000000      -35.2555809      -4.76590358E-05
   153.750000      -35.2555809       2.33300962E-05
   157.500000      -35.2555809       1.06939115E-05
   161.250000      -35.2555809       1.05448999E-05
   165.000000      -35.2555809      -1.20750628E-05
   168.750000      -35.2555809       1.12899579E-05
   172.500000      -35.2555809      -6.05499372E-06
   176.250000      -35.2555809      -2.09263526E-05
   180.000000      -35.2555809       1.58497132E-05
   183.750000      -35.2555809      -6.23515807E-05
   187.500000      -35.2555809       8.96537676E-06
   191.250000      -35.2555809       1.42403878E-05
   195.000000      -35.2555809      -2.02988740E-04
   198.750000      -35.2555809       2.18995847E-05
   202.500000      -35.2555809       1.80550851E-05
   206.250000      -35.2555809       2.08267011E-05
   210.000000      -35.2555809      -6.08479604E-06
   213.750000      -35.2555809      -5.11761755E-07
   217.500000      -35.2555809      -4.67053615E-05
   221.250000      -35.2555809      -1.64560042E-05
   225.000000      -35.2555809      -4.02680598E-05
   228.750000      -35.2555809      -9.42265615E-06
   232.500000      -35.2555809       3.87975015E-05
   236.250000      -35.2555809       1.31675042E-05
   240.000000      -35.2555809      -4.49768268E-05
   243.750000      -35.2555809      -1.97342597E-05
   247.500000      -35.2555809       7.95209780E-06
   251.250000      -35.2555809       2.92309560E-05
   255.000000      -35.2555809       2.50288285E-05
   258.750000      -35.2555809       1.52238645E-05
   262.500000      -35.2555809       6.31297007E-06
   266.250000      -35.2555809      -9.92929563E-06
   270.000000      -35.2555809       3.67411412E-05
   273.750000      -35.2555809      -2.32970342E-06
   277.500000      -35.2555809       8.13091174E-06
   281.250000      -35.2555809       2.39559449E-05
   285.000000      -35.2555809      -4.11784276E-06
   288.750000      -35.2555809      -5.12055121E-05
   292.500000      -35.2555809       2.92607583E-05
   296.250000      -35.2555809       7.80308619E-06
   300.000000      -35.2555809       1.68331899E-05
   303.750000      -35.2555809       3.83504666E-05
   307.500000      -35.2555809       1.86809339E-05
   311.250000      -35.2555809       2.21380033E-05
   315.000000      -35.2555809      -2.71848403E-05
   318.750000      -35.2555809      -1.40718184E-05
   322.500000      -35.2555809      -1.70520507E-05
   326.250000      -35.2555809      -4.45595942E-05
   330.000000      -35.2555809      -1.31999608E-04
   333.750000      -35.2555809      -3.00531741E-04
   337.500000      -35.2555809       7.05802813E-06
   341.250000      -35.2555809       3.44761647E-05
   345.000000      -35.2555809       2.16611661E-05
   348.750000      -35.2555809       3.45357694E-05
   352.500000      -35.2555809      -1.14790164E-05
   356.250000      -35.2555809       8.90577212E-06
   360.000000      -35.2555809      -3.46219167E-06
   0.00000000      -31.5445251       1.22734345E-05
   3.75000000      -31.5445251      -4.26685438E-06
   7.50000000      -31.5445251      -5.63776121E-06
   11.2500000      -31.5445251       3.01548280E-05
   15.0000000      -31.5445251       2.38665380E-05
   18.7500000      -31.5445251      -3.72282229E-05
   22.5000000      -31.5445251       5.31622209E-05
   26.2500000      -31.5445251      -4.16985713E-05
   30.0000000      -31.5445251       3.21352854E-06
   33.7500000      -31.5445251       2.27936544E-05
   37.5000000      -31.5445251       1.25118531E-05
   41.2500000      -31.5445251       6.31297007E-06
   45.0000000      -31.5445251      -3.38009559E-05
   48.7500000      -31.5445251       1.01872720E-05
   52.5000000      -31.5445251       2.36281194E-05
   56.2500000      -31.5445251       1.46874227E-05
   60.0000000      -31.5445251       1.76080503E-05
   63.7500000      -31.5445251       1.87703408E-05
   67.5000000      -31.5445251       1.36741437E-05
   71.2500000      -31.5445251       3.65623273E-05
   75.0000000      -31.5445251       3.80226411E-05
   78.7500000      -31.5445251       1.43595971E-05
   82.5000000      -31.5445251      -2.29990110E-06
   86.2500000      -31.5445251       1.90087594E-05
   90.0000000      -31.5445251      -1.42804347E-05
   93.7500000      -31.5445251       2.20783986E-05
   97.5000000      -31.5445251       1.35251321E-05
   101.250000      -31.5445251       1.45980157E-05
   105.000000      -31.5445251      -2.02110969E-05
   108.750000      -31.5445251       1.53132714E-05
   112.500000      -31.5445251      -3.32947820E-07
   116.250000      -31.5445251       5.41890040E-06
   120.000000      -31.5445251      -1.91247091E-06
   123.750000      -31.5445251       2.46800482E-08
   127.500000      -31.5445251       1.87405385E-05
   131.250000      -31.5445251      -9.73991118E-05
   135.000000      -31.5445251      -1.16876327E-05
   138.750000      -31.5445251       5.09107485E-06
   142.500000      -31.5445251       6.46198168E-06
   146.250000      -31.5445251       1.31973065E-05
   150.000000      -31.5445251      -8.29016790E-06
   153.750000      -31.5445251       3.09594907E-05
   157.500000      -31.5445251       1.19158067E-05
   161.250000      -31.5445251       1.76676549E-05
   165.000000      -31.5445251       9.44221392E-06
   168.750000      -31.5445251       2.14227475E-05
   172.500000      -31.5445251       2.09459104E-05
   176.250000      -31.5445251       1.94259919E-05
   180.000000      -31.5445251       3.47443856E-05
   183.750000      -31.5445251       2.25850381E-05
   187.500000      -31.5445251      -1.57689210E-04
   191.250000      -31.5445251       2.47010030E-05
   195.000000      -31.5445251       1.68927945E-05
   198.750000      -31.5445251       1.51344575E-05
   202.500000      -31.5445251       4.13740054E-06
   206.250000      -31.5445251       6.64079562E-06
   210.000000      -31.5445251      -3.64100561E-06
   213.750000      -31.5445251      -6.44242391E-06
   217.500000      -31.5445251       7.35605136E-06
   221.250000      -31.5445251       1.24224462E-05
   225.000000      -31.5445251      -1.64425001E-06
   228.750000      -31.5445251      -3.59169208E-05
   232.500000      -31.5445251      -1.01780053E-04
   236.250000      -31.5445251       6.10435382E-06
   240.000000      -31.5445251       1.48364343E-05
   243.750000      -31.5445251       3.52510251E-05
   247.500000      -31.5445251      -3.27280723E-05
   251.250000      -31.5445251      -1.01213809E-04
   255.000000      -31.5445251      -1.52937137E-05
   258.750000      -31.5445251       4.10759822E-06
   262.500000      -31.5445251       1.81742944E-05
   266.250000      -31.5445251       1.25118531E-05
   270.000000      -31.5445251      -8.85641202E-06
   273.750000      -31.5445251       1.69361010E-06
   277.500000      -31.5445251       2.75322236E-05
   281.250000      -31.5445251       1.78464688E-05
   285.000000      -31.5445251       5.06127253E-06
   288.750000      -31.5445251      -3.65725718E-05
   292.500000      -31.5445251      -5.73745929E-05
   296.250000      -31.5445251      -1.27903186E-05
   300.000000      -31.5445251       9.26339999E-06
   303.750000      -31.5445251       1.36145391E-05
   307.500000      -31.5445251      -5.46327792E-05
   311.250000      -31.5445251       1.79656781E-05
   315.000000      -31.5445251      -9.54186544E-06
   318.750000      -31.5445251      -6.59143552E-06
   322.500000      -31.5445251      -1.33251306E-04
   326.250000      -31.5445251       5.12087718E-06
   330.000000      -31.5445251      -1.04955398E-05
   333.750000      -31.5445251       4.28641215E-06
   337.500000      -31.5445251      -1.78567134E-05
   341.250000      -31.5445251       1.68033876E-05
   345.000000      -31.5445251       3.08402814E-05
   348.750000      -31.5445251       1.58199109E-05
   352.500000      -31.5445251       7.71367922E-06
   356.250000      -31.5445251      -2.73343176E-07
   360.000000      -31.5445251       1.22734345E-05
   0.00000000      -27.8334446       9.71043482E-06
   3.75000000      -27.8334446       1.61775388E-05
   7.50000000      -27.8334446       2.33300962E-05
   11.2500000      -27.8334446       1.48662366E-05
   15.0000000      -27.8334446       4.15393151E-05
   18.7500000      -27.8334446       2.83368863E-05
   22.5000000      -27.8334446      -5.00730239E-05
   26.2500000      -27.8334446       2.02306546E-05
   30.0000000      -27.8334446       6.70040026E-06
   33.7500000      -27.8334446       3.63076106E-06
   37.5000000      -27.8334446      -8.17095861E-06
   41.2500000      -27.8334446      -5.54835424E-06
   45.0000000      -27.8334446      -3.25357541E-06
   48.7500000      -27.8334446       7.20703974E-06
   52.5000000      -27.8334446       1.39423646E-05
   56.2500000      -27.8334446       1.10217370E-05
   60.0000000      -27.8334446      -3.43672000E-05
   63.7500000      -27.8334446      -1.12405978E-05
   67.5000000      -27.8334446       2.76649371E-06
   71.2500000      -27.8334446       3.95858660E-06
   75.0000000      -27.8334446       1.20052136E-05
   78.7500000      -27.8334446       1.37337483E-05
   82.5000000      -27.8334446       3.51155177E-06
   86.2500000      -27.8334446      -1.40122138E-05
   90.0000000      -27.8334446      -1.05849467E-05
   93.7500000      -27.8334446      -2.34297477E-05
   97.5000000      -27.8334446      -9.75048169E-06
   101.250000      -27.8334446      -1.88266858E-06
   105.000000      -27.8334446       1.68927945E-05
   108.750000      -27.8334446      -1.66944228E-05
   112.500000      -27.8334446       2.46847048E-06
   116.250000      -27.8334446       5.74672595E-06
   120.000000      -27.8334446      -3.81981954E-06
   123.750000      -27.8334446      -3.96883115E-06
   127.500000      -27.8334446      -3.43373977E-05
   131.250000      -27.8334446       8.59145075E-07
   135.000000      -27.8334446       3.48039903E-05
   138.750000      -27.8334446       1.19158067E-05
   142.500000      -27.8334446      -3.81981954E-06
   146.250000      -27.8334446      -2.25356780E-05
   150.000000      -27.8334446       4.42811288E-05
   153.750000      -27.8334446       5.79603948E-05
   157.500000      -27.8334446       3.30754556E-05
   161.250000      -27.8334446       2.59527005E-05
   165.000000      -27.8334446       1.50450505E-05
   168.750000      -27.8334446      -1.48480292E-04
   172.500000      -27.8334446       1.53132714E-05
   176.250000      -27.8334446      -2.80654058E-06
   180.000000      -27.8334446       5.56791201E-06
   183.750000      -27.8334446       2.14525498E-05
   187.500000      -27.8334446       4.34601679E-06
   191.250000      -27.8334446       1.89789571E-05
   195.000000      -27.8334446       3.27313319E-06
   198.750000      -27.8334446       1.76676549E-05
   202.500000      -27.8334446       1.58199109E-05
   206.250000      -27.8334446       1.73994340E-05
   210.000000      -27.8334446       5.12087718E-06
   213.750000      -27.8334446       2.35387124E-05
   217.500000      -27.8334446       1.52238645E-05
   221.250000      -27.8334446       6.22356310E-06
   225.000000      -27.8334446      -3.87779437E-05
   228.750000      -27.8334446      -8.09784979E-07
   232.500000      -27.8334446       7.50506297E-06
   236.250000      -27.8334446       1.87703408E-05
   240.000000      -27.8334446       2.90819444E-05
   243.750000      -27.8334446       2.49990262E-05
   247.500000      -27.8334446      -4.05064784E-05
   251.250000      -27.8334446       3.26284207E-05
   255.000000      -27.8334446       1.30184926E-05
   258.750000      -27.8334446       1.66380778E-06
   262.500000      -27.8334446       3.45194712E-06
   266.250000      -27.8334446       6.19376078E-06
   270.000000      -27.8334446       6.52158633E-06
   273.750000      -27.8334446       1.94855966E-05
   277.500000      -27.8334446      -1.88103877E-05
   281.250000      -27.8334446       7.44545832E-06
   285.000000      -27.8334446      -1.46082602E-05
   288.750000      -27.8334446      -1.25562306E-04
   292.500000      -27.8334446      -3.09995376E-05
   296.250000      -27.8334446      -2.38930807E-06
   300.000000      -27.8334446       1.58497132E-05
   303.750000      -27.8334446      -1.14194117E-05
   307.500000      -27.8334446      -1.34622678E-06
   311.250000      -27.8334446       9.85944644E-06
   315.000000      -27.8334446       1.53728761E-05
   318.750000      -27.8334446      -3.69898044E-05
   322.500000      -27.8334446       2.08104029E-06
   326.250000      -27.8334446      -1.34622678E-06
   330.000000      -27.8334446       2.83964910E-05
   333.750000      -27.8334446       3.74861993E-05
   337.500000      -27.8334446      -3.33539210E-05
   341.250000      -27.8334446       8.66735354E-06
   345.000000      -27.8334446       1.36145391E-05
   348.750000      -27.8334446       2.02604569E-05
   352.500000      -27.8334446       1.58199109E-05
   356.250000      -27.8334446       1.00978650E-05
   360.000000      -27.8334446       9.71043482E-06
   0.00000000      -24.1223469       5.09107485E-06
   3.75000000      -24.1223469       1.12601556E-05
   7.50000000      -24.1223469       1.77570619E-05
   11.2500000      -24.1223469       1.22436322E-05
   15.0000000      -24.1223469      -1.73202716E-05
   18.7500000      -24.1223469       1.57440081E-06
   22.5000000      -24.1223469       2.04690732E-05
   26.2500000      -24.1223469      -5.96558675E-06
   30.0000000      -24.1223469      -1.43400393E-05
   33.7500000      -24.1223469       1.85319223E-05
   37.5000000      -24.1223469       2.74130143E-05
   41.2500000      -24.1223469       3.86186875E-05
   45.0000000      -24.1223469       2.18101777E-05
   48.7500000      -24.1223469       1.99922360E-05
   52.5000000      -24.1223469       2.11084262E-06
   56.2500000      -24.1223469       1.64457597E-05
   60.0000000      -24.1223469       3.98838893E-06
   63.7500000      -24.1223469       1.47470273E-05
   67.5000000      -24.1223469      -3.00756656E-05
   71.2500000      -24.1223469       1.18697062E-06
   75.0000000      -24.1223469       4.41912562E-07
   78.7500000      -24.1223469      -2.18069181E-06
   82.5000000      -24.1223469       3.24333087E-06
   86.2500000      -24.1223469       1.41807832E-05
   90.0000000      -24.1223469       6.43217936E-06
   93.7500000      -24.1223469       9.38260928E-06
   97.5000000      -24.1223469       5.44870272E-06
   101.250000      -24.1223469       1.08727254E-05
   105.000000      -24.1223469       1.36443414E-05
   108.750000      -24.1223469       3.15555371E-05
   112.500000      -24.1223469       2.07670964E-05
   116.250000      -24.1223469       3.30293551E-06
   120.000000      -24.1223469       8.30972567E-06
   123.750000      -24.1223469      -6.48251735E-05
   127.500000      -24.1223469      -7.51530752E-06
   131.250000      -24.1223469      -1.71414576E-05
   135.000000      -24.1223469      -1.16280280E-05
   138.750000      -24.1223469       3.33273783E-06
   142.500000      -24.1223469      -2.44891271E-06
   146.250000      -24.1223469       1.86511315E-05
   150.000000      -24.1223469       9.38260928E-06
   153.750000      -24.1223469      -2.00187787E-06
   157.500000      -24.1223469       5.83613291E-06
   161.250000      -24.1223469      -4.35761176E-05
   165.000000      -24.1223469      -6.68084249E-06
   168.750000      -24.1223469       6.52158633E-06
   172.500000      -24.1223469      -5.84637746E-06
   176.250000      -24.1223469       1.86511315E-05
   180.000000      -24.1223469       8.90577212E-06
   183.750000      -24.1223469       1.71610154E-05
   187.500000      -24.1223469       2.24360265E-05
   191.250000      -24.1223469       1.28992833E-05
   195.000000      -24.1223469       6.87921420E-06
   198.750000      -24.1223469       2.63098627E-07
   202.500000      -24.1223469      -1.07935630E-05
   206.250000      -24.1223469       1.62371434E-05
   210.000000      -24.1223469       2.92905606E-05
   213.750000      -24.1223469       1.55814923E-05
   217.500000      -24.1223469       6.76000491E-06
   221.250000      -24.1223469      -3.01054679E-05
   225.000000      -24.1223469      -7.20378011E-07
   228.750000      -24.1223469       9.71043482E-06
   232.500000      -24.1223469       1.38231553E-05
   236.250000      -24.1223469       1.89491548E-05
   240.000000      -24.1223469       2.51182355E-05
   243.750000      -24.1223469       1.88299455E-05
   247.500000      -24.1223469      -9.88598913E-07
   251.250000      -24.1223469       1.99326314E-05
   255.000000      -24.1223469      -1.10780820E-06
   258.750000      -24.1223469       1.01872720E-05
   262.500000      -24.1223469       2.47308053E-05
   266.250000      -24.1223469       7.68387690E-06
   270.000000      -24.1223469      -4.81959432E-07
   273.750000      -24.1223469      -3.75560485E-05
   277.500000      -24.1223469       1.45086087E-05
   281.250000      -24.1223469      -8.08155164E-06
   285.000000      -24.1223469      -1.44890510E-05
   288.750000      -24.1223469       4.67249192E-05
   292.500000      -24.1223469       5.33112325E-05
   296.250000      -24.1223469       4.43542376E-06
   300.000000      -24.1223469      -3.81981954E-06
   303.750000      -24.1223469      -1.12704001E-05
   307.500000      -24.1223469       1.42403878E-05
   311.250000      -24.1223469       2.13035382E-05
   315.000000      -24.1223469       1.75484456E-05
   318.750000      -24.1223469       1.68629922E-05
   322.500000      -24.1223469       2.66679563E-05
   326.250000      -24.1223469       1.43297948E-05
   330.000000      -24.1223469       2.53268518E-05
   333.750000      -24.1223469       8.60774890E-06
   337.500000      -24.1223469      -2.77510844E-05
   341.250000      -24.1223469       6.64079562E-06
   345.000000      -24.1223469       2.03493983E-07
   348.750000      -24.1223469      -9.78028402E-06
   352.500000      -24.1223469      -5.96558675E-06
   356.250000      -24.1223469       4.28641215E-06
   360.000000      -24.1223469       5.09107485E-06
   0.00000000      -20.4112377      -2.78702937E-05
   3.75000000      -20.4112377       1.16177835E-05
   7.50000000      -20.4112377      -1.43563375E-06
   11.2500000      -20.4112377      -2.08071433E-05
   15.0000000      -20.4112377       2.41943635E-05
   18.7500000      -20.4112377      -1.24922954E-05
   22.5000000      -20.4112377       1.12601556E-05
   26.2500000      -20.4112377       1.28098764E-05
   30.0000000      -20.4112377       1.25118531E-05
   33.7500000      -20.4112377      -5.19072637E-06
   37.5000000      -20.4112377      -3.31453048E-05
   41.2500000      -20.4112377       2.80388631E-05
   45.0000000      -20.4112377      -1.36843883E-05
   48.7500000      -20.4112377      -8.12462531E-05
   52.5000000      -20.4112377       1.03660859E-05
   56.2500000      -20.4112377      -1.78865157E-05
   60.0000000      -20.4112377      -5.16092405E-06
   63.7500000      -20.4112377       1.17071904E-05
   67.5000000      -20.4112377       2.67708674E-06
   71.2500000      -20.4112377       4.55463305E-06
   75.0000000      -20.4112377      -2.98535451E-06
   78.7500000      -20.4112377       7.44545832E-06
   82.5000000      -20.4112377      -3.31453048E-05
   86.2500000      -20.4112377      -1.61579810E-05
   90.0000000      -20.4112377      -1.07935630E-05
   93.7500000      -20.4112377       4.79305163E-06
   97.5000000      -20.4112377       1.39721669E-05
   101.250000      -20.4112377       2.80984677E-05
   105.000000      -20.4112377       1.69523992E-05
   108.750000      -20.4112377       5.95534220E-06
   112.500000      -20.4112377       9.62102786E-06
   116.250000      -20.4112377      -2.31019221E-05
   120.000000      -20.4112377      -2.70358287E-05
   123.750000      -20.4112377       2.34926119E-06
   127.500000      -20.4112377      -6.56163320E-06
   131.250000      -20.4112377       1.21677294E-06
   135.000000      -20.4112377       8.99517909E-06
   138.750000      -20.4112377      -2.58139335E-05
   142.500000      -20.4112377      -8.94581899E-06
   146.250000      -20.4112377      -1.15088187E-05
   150.000000      -20.4112377       1.51046552E-05
   153.750000      -20.4112377       1.50152482E-05
   157.500000      -20.4112377       1.69523992E-05
   161.250000      -20.4112377       8.75676051E-06
   165.000000      -20.4112377       6.12982549E-05
   168.750000      -20.4112377      -1.00485049E-05
   172.500000      -20.4112377      -5.78677282E-06
   176.250000      -20.4112377       1.65351667E-05
   180.000000      -20.4112377      -1.28662214E-06
   183.750000      -20.4112377       3.18372622E-06
   187.500000      -20.4112377       1.18860044E-05
   191.250000      -20.4112377       5.98514453E-06
   195.000000      -20.4112377      -3.79001722E-06
   198.750000      -20.4112377       3.82307917E-07
   202.500000      -20.4112377      -1.87805854E-05
   206.250000      -20.4112377      -6.35436736E-05
   210.000000      -20.4112377       6.01494685E-06
   213.750000      -20.4112377      -2.90325843E-05
   217.500000      -20.4112377      -1.88401900E-05
   221.250000      -20.4112377       1.83531083E-05
   225.000000      -20.4112377       1.42999925E-05
   228.750000      -20.4112377       8.51834193E-06
   232.500000      -20.4112377       1.16773881E-05
   236.250000      -20.4112377       4.43542376E-06
   240.000000      -20.4112377       1.41509809E-05
   243.750000      -20.4112377       2.49990262E-05
   247.500000      -20.4112377       4.82285395E-06
   251.250000      -20.4112377       1.78166665E-05
   255.000000      -20.4112377      -2.86153518E-05
   258.750000      -20.4112377       9.08458605E-06
   262.500000      -20.4112377       5.32949343E-06
   266.250000      -20.4112377      -1.88266858E-06
   270.000000      -20.4112377      -1.58464536E-06
   273.750000      -20.4112377      -2.15522014E-05
   277.500000      -20.4112377      -8.99191946E-07
   281.250000      -20.4112377       1.18697062E-06
   285.000000      -20.4112377       5.12087718E-06
   288.750000      -20.4112377       3.37609090E-05
   292.500000      -20.4112377      -6.02356158E-05
   296.250000      -20.4112377      -1.35055743E-05
   300.000000      -20.4112377      -8.11135396E-06
   303.750000      -20.4112377      -5.96558675E-06
   307.500000      -20.4112377       7.56466761E-06
   311.250000      -20.4112377      -1.71712600E-05
   315.000000      -20.4112377       5.21028414E-06
   318.750000      -20.4112377      -1.64858066E-05
   322.500000      -20.4112377      -5.54835424E-06
   326.250000      -20.4112377       2.14823522E-05
   330.000000      -20.4112377       1.19158067E-05
   333.750000      -20.4112377       1.10515393E-05
   337.500000      -20.4112377       3.41185369E-05
   341.250000      -20.4112377      -2.24029645E-06
   345.000000      -20.4112377      -7.51530752E-06
   348.750000      -20.4112377      -8.69384967E-05
   352.500000      -20.4112377      -1.80653296E-05
   356.250000      -20.4112377       2.79629603E-06
   360.000000      -20.4112377      -2.78702937E-05
   0.00000000      -16.7001171       1.44192018E-05
   3.75000000      -16.7001171      -6.91926107E-06
   7.50000000      -16.7001171      -9.03522596E-06
   11.2500000      -16.7001171       2.66977586E-05
   15.0000000      -16.7001171      -2.55755149E-05
   18.7500000      -16.7001171      -1.01379119E-05
   22.5000000      -16.7001171       4.52483073E-06
   26.2500000      -16.7001171       1.51479617E-06
   30.0000000      -16.7001171       9.68063250E-06
   33.7500000      -16.7001171      -1.53235160E-05
   37.5000000      -16.7001171      -2.48304568E-05
   41.2500000      -16.7001171       1.59093179E-05
   45.0000000      -16.7001171       6.73020259E-06
   48.7500000      -16.7001171      -1.49956904E-05
   52.5000000      -16.7001171       5.56791201E-06
   56.2500000      -16.7001171       6.78980723E-06
   60.0000000      -16.7001171       4.01819125E-06
   63.7500000      -16.7001171       1.06045045E-05
   67.5000000      -16.7001171       8.16071406E-06
   71.2500000      -16.7001171      -1.43563375E-06
   75.0000000      -16.7001171       1.81281939E-06
   78.7500000      -16.7001171       1.81444921E-05
   82.5000000      -16.7001171       1.09323300E-05
   86.2500000      -16.7001171       3.00491229E-06
   90.0000000      -16.7001171       1.61477365E-05
   93.7500000      -16.7001171       6.78980723E-06
   97.5000000      -16.7001171       8.48853961E-06
   101.250000      -16.7001171      -1.67405233E-06
   105.000000      -16.7001171       2.65189447E-05
   108.750000      -16.7001171       9.91905108E-06
   112.500000      -16.7001171       5.62751666E-06
   116.250000      -16.7001171       4.12110239E-07
   120.000000      -16.7001171       1.19456090E-05
   123.750000      -16.7001171       3.74997035E-06
   127.500000      -16.7001171      -2.16118060E-05
   131.250000      -16.7001171       2.79792584E-05
   135.000000      -16.7001171       7.05802813E-06
   138.750000      -16.7001171      -6.86696731E-05
   142.500000      -16.7001171      -2.80654058E-06
   146.250000      -16.7001171       8.42846930E-08
   150.000000      -16.7001171       1.74590386E-05
   153.750000      -16.7001171      -7.99214467E-06
   157.500000      -16.7001171      -1.17770396E-05
   161.250000      -16.7001171       3.06451693E-06
   165.000000      -16.7001171      -1.09127723E-05
   168.750000      -16.7001171      -1.18962489E-05
   172.500000      -16.7001171      -2.98535451E-06
   176.250000      -16.7001171       6.67059794E-06
   180.000000      -16.7001171       1.42701901E-05
   183.750000      -16.7001171       4.70364466E-06
   187.500000      -16.7001171       4.70364466E-06
   191.250000      -16.7001171      -1.89593993E-05
   195.000000      -16.7001171      -9.57166776E-06
   198.750000      -16.7001171      -2.83471309E-05
   202.500000      -16.7001171      -4.23840247E-05
   206.250000      -16.7001171      -2.01216899E-05
   210.000000      -16.7001171      -1.15684234E-05
   213.750000      -16.7001171       1.33165158E-05
   217.500000      -16.7001171       2.43866816E-06
   221.250000      -16.7001171      -3.92552465E-07
   225.000000      -16.7001171       5.53810969E-06
   228.750000      -16.7001171       1.09756365E-06
   232.500000      -16.7001171       5.98514453E-06
   236.250000      -16.7001171       1.15283765E-05
   240.000000      -16.7001171       3.12412158E-06
   243.750000      -16.7001171      -3.01515684E-06
   247.500000      -16.7001171       1.77868642E-05
   251.250000      -16.7001171       9.82964411E-06
   255.000000      -16.7001171       9.14419070E-06
   258.750000      -16.7001171       6.49178401E-06
   262.500000      -16.7001171      -1.46543607E-06
   266.250000      -16.7001171      -4.80329618E-06
   270.000000      -16.7001171       3.72016802E-06
   273.750000      -16.7001171       2.91550532E-06
   277.500000      -16.7001171       6.93881884E-06
   281.250000      -16.7001171       1.34655274E-05
   285.000000      -16.7001171       2.27042474E-05
   288.750000      -16.7001171       3.03471461E-06
   292.500000      -16.7001171      -1.07637607E-05
   296.250000      -16.7001171      -2.06148252E-06
   300.000000      -16.7001171      -2.03899108E-05
   303.750000      -16.7001171       3.63076106E-06
   307.500000      -16.7001171      -6.14440069E-06
   311.250000      -16.7001171      -1.28662214E-06
   315.000000      -16.7001171       7.10133463E-07
   318.750000      -16.7001171       2.52807513E-06
   322.500000      -16.7001171      -3.16416845E-06
   326.250000      -16.7001171       3.69036570E-06
   330.000000      -16.7001171       1.28992833E-05
   333.750000      -16.7001171       5.24008647E-06
   337.500000      -16.7001171      -1.36843883E-05
   341.250000      -16.7001171      -1.34757720E-05
   345.000000      -16.7001171       1.50152482E-05
   348.750000      -16.7001171      -1.45486556E-05
   352.500000      -16.7001171       1.97538175E-05
   356.250000      -16.7001171       2.23466195E-05
   360.000000      -16.7001171       1.44192018E-05
   0.00000000      -12.9889879      -3.58140096E-06
   3.75000000      -12.9889879       2.20024958E-06
   7.50000000      -12.9889879       2.73669139E-06
   11.2500000      -12.9889879      -1.02273189E-05
   15.0000000      -12.9889879      -4.38606367E-06
   18.7500000      -12.9889879       6.37257472E-06
   22.5000000      -12.9889879      -9.60147008E-06
   26.2500000      -12.9889879       6.55138865E-06
   30.0000000      -12.9889879       1.54459849E-06
   33.7500000      -12.9889879       1.31675042E-05
   37.5000000      -12.9889879      -1.38930045E-05
   41.2500000      -12.9889879       1.45519152E-06
   45.0000000      -12.9889879       1.62073411E-05
   48.7500000      -12.9889879       9.05478373E-06
   52.5000000      -12.9889879      -2.24029645E-06
   56.2500000      -12.9889879      -3.13869677E-05
   60.0000000      -12.9889879      -1.58003531E-05
   63.7500000      -12.9889879       1.64457597E-05
   67.5000000      -12.9889879      -3.73176299E-05
   71.2500000      -12.9889879       1.10515393E-05
   75.0000000      -12.9889879       6.10435382E-06
   78.7500000      -12.9889879      -1.55484304E-06
   82.5000000      -12.9889879      -5.16092405E-06
   86.2500000      -12.9889879      -8.73720273E-06
   90.0000000      -12.9889879       1.48662366E-05
   93.7500000      -12.9889879      -1.93468295E-05
   97.5000000      -12.9889879      -4.56026755E-05
   101.250000      -12.9889879       1.21677294E-06
   105.000000      -12.9889879       2.25850381E-05
   108.750000      -12.9889879       1.12899579E-05
   112.500000      -12.9889879       7.74348155E-06
   116.250000      -12.9889879       9.77003947E-06
   120.000000      -12.9889879       1.18562020E-05
   123.750000      -12.9889879       1.11707486E-05
   127.500000      -12.9889879       8.96537676E-06
   131.250000      -12.9889879      -1.38632022E-05
   135.000000      -12.9889879      -8.88621435E-06
   138.750000      -12.9889879       2.07670964E-05
   142.500000      -12.9889879      -1.67540275E-05
   146.250000      -12.9889879       2.10353173E-05
   150.000000      -12.9889879      -3.07476148E-06
   153.750000      -12.9889879      -3.52179632E-06
   157.500000      -12.9889879      -1.43563375E-06
   161.250000      -12.9889879       7.08783045E-06
   165.000000      -12.9889879      -7.27688894E-06
   168.750000      -12.9889879      -2.12839805E-05
   172.500000      -12.9889879      -2.21049413E-06
   176.250000      -12.9889879      -1.31642446E-06
   180.000000      -12.9889879      -8.94581899E-06
   183.750000      -12.9889879      -5.93578443E-06
   187.500000      -12.9889879       5.16721047E-05
   191.250000      -12.9889879      -1.34161673E-05
   195.000000      -12.9889879      -1.42208301E-05
   198.750000      -12.9889879      -7.78352842E-06
   202.500000      -12.9889879      -3.19397077E-06
   206.250000      -12.9889879      -6.77024946E-06
   210.000000      -12.9889879       6.78980723E-06
   213.750000      -12.9889879       5.15067950E-06
   217.500000      -12.9889879      -1.61444768E-06
   221.250000      -12.9889879      -1.31642446E-06
   225.000000      -12.9889879      -1.34622678E-06
   228.750000      -12.9889879      -1.34622678E-06
   232.500000      -12.9889879       3.21352854E-06
   236.250000      -12.9889879       1.00382604E-05
   240.000000      -12.9889879      -7.93254003E-06
   243.750000      -12.9889879       2.05123797E-06
   247.500000      -12.9889879      -9.75048169E-06
   251.250000      -12.9889879      -1.90488063E-05
   255.000000      -12.9889879      -2.53967009E-05
   258.750000      -12.9889879      -3.18042003E-05
   262.500000      -12.9889879       2.52807513E-06
   266.250000      -12.9889879       8.30972567E-06
   270.000000      -12.9889879       3.33273783E-06
   273.750000      -12.9889879      -1.70385465E-06
   277.500000      -12.9889879       8.88947397E-07
   281.250000      -12.9889879       2.17044726E-06
   285.000000      -12.9889879      -2.45026313E-05
   288.750000      -12.9889879       1.56112947E-05
   292.500000      -12.9889879       9.18749720E-07
   296.250000      -12.9889879       7.32624903E-06
   300.000000      -12.9889879      -1.21346675E-05
   303.750000      -12.9889879       6.37257472E-06
   307.500000      -12.9889879       6.96862116E-06
   311.250000      -12.9889879       7.59446993E-06
   315.000000      -12.9889879      -5.36954030E-06
   318.750000      -12.9889879       1.24657527E-06
   322.500000      -12.9889879       1.38529576E-05
   326.250000      -12.9889879      -8.76700506E-06
   330.000000      -12.9889879      -1.29691325E-05
   333.750000      -12.9889879       4.46522608E-06
   337.500000      -12.9889879       2.37906352E-06
   341.250000      -12.9889879      -5.41564077E-07
   345.000000      -12.9889879       8.45873728E-06
   348.750000      -12.9889879       9.11438838E-06
   352.500000      -12.9889879      -1.45188533E-05
   356.250000      -12.9889879      -7.66431913E-06
   360.000000      -12.9889879      -3.58140096E-06
   0.00000000      -9.27785301       1.33598223E-06
   3.75000000      -9.27785301       2.92900950E-07
   7.50000000      -9.27785301       4.88245860E-06
   11.2500000      -9.27785301       1.96183100E-06
   15.0000000      -9.27785301      -2.38930807E-06
   18.7500000      -9.27785301       3.82307917E-07
   22.5000000      -9.27785301       8.99517909E-06
   26.2500000      -9.27785301      -2.00187787E-06
   30.0000000      -9.27785301      -9.27364454E-06
   33.7500000      -9.27785301       2.87541188E-05
   37.5000000      -9.27785301       1.77868642E-05
   41.2500000      -9.27785301       1.51046552E-05
   45.0000000      -9.27785301       3.52505594E-07
   48.7500000      -9.27785301      -5.11761755E-07
   52.5000000      -9.27785301      -9.92929563E-06
   56.2500000      -9.27785301      -2.15223990E-05
   60.0000000      -9.27785301      -2.71848403E-05
   63.7500000      -9.27785301      -4.16389666E-05
   67.5000000      -9.27785301      -1.50254928E-05
   71.2500000      -9.27785301      -2.83634290E-06
   75.0000000      -9.27785301      -8.64779577E-06
   78.7500000      -9.27785301       4.88245860E-06
   82.5000000      -9.27785301      -7.51530752E-06
   86.2500000      -9.27785301       4.37581912E-06
   90.0000000      -9.27785301      -2.04806682E-04
   93.7500000      -9.27785301      -2.36383639E-05
   97.5000000      -9.27785301       7.10133463E-07
   101.250000      -9.27785301       1.10217370E-05
   105.000000      -9.27785301      -3.90759669E-05
   108.750000      -9.27785301      -1.35651790E-05
   112.500000      -9.27785301       1.07237138E-05
   116.250000      -9.27785301      -7.33649358E-06
   120.000000      -9.27785301       6.67059794E-06
   123.750000      -9.27785301       1.33598223E-06
   127.500000      -9.27785301       8.84616747E-06
   131.250000      -9.27785301       1.33598223E-06
   135.000000      -9.27785301       1.30482949E-05
   138.750000      -9.27785301       9.53162089E-06
   142.500000      -9.27785301       4.07779589E-06
   146.250000      -9.27785301      -3.53208743E-05
   150.000000      -9.27785301       4.67845239E-05
   153.750000      -9.27785301      -7.57491216E-06
   157.500000      -9.27785301      -1.22701749E-06
   161.250000      -9.27785301      -1.50850974E-05
   165.000000      -9.27785301      -1.10915862E-05
   168.750000      -9.27785301      -1.71116553E-05
   172.500000      -9.27785301      -3.04034911E-05
   176.250000      -9.27785301       8.93557444E-06
   180.000000      -9.27785301      -1.46976672E-05
   183.750000      -9.27785301      -2.24029645E-06
   187.500000      -9.27785301      -3.73041257E-06
   191.250000      -9.27785301      -4.11784276E-06
   195.000000      -9.27785301      -4.11784276E-06
   198.750000      -9.27785301      -8.94581899E-06
   202.500000      -9.27785301       1.30617991E-06
   206.250000      -9.27785301       5.86593524E-06
   210.000000      -9.27785301       1.34655274E-05
   213.750000      -9.27785301      -3.25357541E-06
   217.500000      -9.27785301       8.84616747E-06
   221.250000      -9.27785301       4.73344699E-06
   225.000000      -9.27785301       6.25336543E-06
   228.750000      -9.27785301       6.46198168E-06
   232.500000      -9.27785301       1.22138299E-05
   236.250000      -9.27785301       5.09107485E-06
   240.000000      -9.27785301       4.46522608E-06
   243.750000      -9.27785301      -1.66646205E-05
   247.500000      -9.27785301      -1.46543607E-06
   251.250000      -9.27785301       1.39558688E-06
   255.000000      -9.27785301       7.14743510E-06
   258.750000      -9.27785301      -8.39587301E-07
   262.500000      -9.27785301      -5.01191244E-06
   266.250000      -9.27785301       2.43866816E-06
   270.000000      -9.27785301      -2.44891271E-06
   273.750000      -9.27785301      -4.62448224E-06
   277.500000      -9.27785301       2.33296305E-07
   281.250000      -9.27785301       4.78872098E-05
   285.000000      -9.27785301       1.16475858E-05
   288.750000      -9.27785301       3.72016802E-06
   292.500000      -9.27785301       1.51479617E-06
   296.250000      -9.27785301       7.08783045E-06
   300.000000      -9.27785301       4.82285395E-06
   303.750000      -9.27785301      -1.97207555E-06
   307.500000      -9.27785301      -5.51855192E-06
   311.250000      -9.27785301       4.79305163E-06
   315.000000      -9.27785301       5.86593524E-06
   318.750000      -9.27785301      -1.89892016E-05
   322.500000      -9.27785301       6.13415614E-06
   326.250000      -9.27785301       5.77652827E-06
   330.000000      -9.27785301       8.99517909E-06
   333.750000      -9.27785301       5.26988879E-06
   337.500000      -9.27785301      -1.49523839E-06
   341.250000      -9.27785301      -1.13761052E-06
   345.000000      -9.27785301       1.09756365E-06
   348.750000      -9.27785301       3.54135409E-06
   352.500000      -9.27785301       3.89898196E-06
   356.250000      -9.27785301      -5.22052869E-06
   360.000000      -9.27785301       1.33598223E-06
   0.00000000      -5.56671333       3.66056338E-06
   3.75000000      -5.56671333      -2.65752897E-06
   7.50000000      -5.56671333      -5.33973798E-06
   11.2500000      -5.56671333       5.38909808E-06
   15.0000000      -5.56671333      -6.02519140E-06
   18.7500000      -5.56671333       1.28694810E-05
   22.5000000      -5.56671333      -1.25681981E-06
   26.2500000      -5.56671333      -8.14115629E-06
   30.0000000      -5.56671333      -3.04332934E-05
   33.7500000      -5.56671333       7.89249316E-06
   37.5000000      -5.56671333      -1.35651790E-05
   41.2500000      -5.56671333       1.23926438E-05
   45.0000000      -5.56671333       9.11438838E-06
   48.7500000      -5.56671333       1.24657527E-06
   52.5000000      -5.56671333      -1.97640620E-05
   56.2500000      -5.56671333      -3.33539210E-05
   60.0000000      -5.56671333      -1.18962489E-05
   63.7500000      -5.56671333      -2.15088949E-06
   67.5000000      -5.56671333       1.91577710E-05
   71.2500000      -5.56671333       1.09919347E-05
   75.0000000      -5.56671333       1.75321475E-06
   78.7500000      -5.56671333      -2.67378055E-05
   82.5000000      -5.56671333      -2.86451541E-05
   86.2500000      -5.56671333      -1.48764811E-05
   90.0000000      -5.56671333      -3.79434787E-05
   93.7500000      -5.56671333      -5.63776121E-06
   97.5000000      -5.56671333       2.39857472E-05
   101.250000      -5.56671333      -1.82143413E-05
   105.000000      -5.56671333       6.29969873E-05
   108.750000      -5.56671333       7.41565600E-06
   112.500000      -5.56671333      -9.28994268E-07
   116.250000      -5.56671333       4.70364466E-06
   120.000000      -5.56671333       1.04124192E-04
   123.750000      -5.56671333      -3.43238935E-06
   127.500000      -5.56671333      -2.83634290E-06
   131.250000      -5.56671333       3.80957499E-06
   135.000000      -5.56671333       1.93961896E-05
   138.750000      -5.56671333       5.24008647E-06
   142.500000      -5.56671333       1.72341242E-06
   146.250000      -5.56671333       6.21625222E-05
   150.000000      -5.56671333       2.02008523E-05
   153.750000      -5.56671333       3.52505594E-07
   157.500000      -5.56671333       9.78354365E-07
   161.250000      -5.56671333       1.39558688E-06
   165.000000      -5.56671333      -3.04495916E-06
   168.750000      -5.56671333      -7.21728429E-06
   172.500000      -5.56671333       3.03471461E-06
   176.250000      -5.56671333      -1.70385465E-06
   180.000000      -5.56671333      -1.85719691E-05
   183.750000      -5.56671333       3.95858660E-06
   187.500000      -5.56671333      -1.92872249E-05
   191.250000      -5.56671333      -1.73202716E-05
   195.000000      -5.56671333      -6.90575689E-07
   198.750000      -5.56671333       6.78980723E-06
   202.500000      -5.56671333       7.59446993E-06
   206.250000      -5.56671333       9.74023715E-06
   210.000000      -5.56671333       1.24657527E-06
   213.750000      -5.56671333       3.82307917E-07
   217.500000      -5.56671333       1.77868642E-05
   221.250000      -5.56671333       9.18749720E-07
   225.000000      -5.56671333      -2.00620852E-05
   228.750000      -5.56671333      -3.40258703E-06
   232.500000      -5.56671333      -2.12108716E-06
   236.250000      -5.56671333       5.21028414E-06
   240.000000      -5.56671333       2.11084262E-06
   243.750000      -5.56671333      -5.72716817E-06
   247.500000      -5.56671333      -2.53831968E-06
   251.250000      -5.56671333       8.16071406E-06
   255.000000      -5.56671333       2.91550532E-06
   258.750000      -5.56671333      -3.49245965E-08
   262.500000      -5.56671333       1.54459849E-06
   266.250000      -5.56671333      -7.78352842E-06
   270.000000      -5.56671333      -1.03465281E-05
   273.750000      -5.56671333      -6.71064481E-06
   277.500000      -5.56671333       5.41890040E-06
   281.250000      -5.56671333       1.21677294E-06
   285.000000      -5.56671333       8.88947397E-07
   288.750000      -5.56671333       2.04690732E-05
   292.500000      -5.56671333       3.77977267E-06
   296.250000      -5.56671333      -1.22701749E-06
   300.000000      -5.56671333       7.17723742E-06
   303.750000      -5.56671333       2.67708674E-06
   307.500000      -5.56671333      -2.73343176E-07
   311.250000      -5.56671333      -2.74693593E-06
   315.000000      -5.56671333       1.69361010E-06
   318.750000      -5.56671333      -6.29178248E-05
   322.500000      -5.56671333       9.05641355E-05
   326.250000      -5.56671333      -1.13761052E-06
   330.000000      -5.56671333       5.65731898E-06
   333.750000      -5.56671333      -2.38930807E-06
   337.500000      -5.56671333       1.96183100E-06
   341.250000      -5.56671333      -6.01168722E-07
   345.000000      -5.56671333      -1.16741285E-06
   348.750000      -5.56671333      -3.81981954E-06
   352.500000      -5.56671333      -7.63451681E-06
   356.250000      -5.56671333       7.10133463E-07
   360.000000      -5.56671333       3.66056338E-06
   0.00000000      -1.85557151       1.43889338E-07
   3.75000000      -1.85557151      -7.20378011E-07
   7.50000000      -1.85557151      -2.27009878E-06
   11.2500000      -1.85557151      -2.18069181E-06
   15.0000000      -1.85557151      -4.98211011E-06
   18.7500000      -1.85557151       4.43542376E-06
   22.5000000      -1.85557151      -2.62772664E-06
   26.2500000      -1.85557151       1.58795156E-05
   30.0000000      -1.85557151       2.17505731E-05
   33.7500000      -1.85557151      -2.57245265E-05
   37.5000000      -1.85557151      -2.59629451E-05
   41.2500000      -1.85557151      -8.78623687E-05
   45.0000000      -1.85557151       6.61099330E-06
   48.7500000      -1.85557151       4.67384234E-06
   52.5000000      -1.85557151       1.43297948E-05
   56.2500000      -1.85557151       5.00166789E-06
   60.0000000      -1.85557151       1.46278180E-05
   63.7500000      -1.85557151       2.02008523E-05
   67.5000000      -1.85557151       1.20052136E-05
   71.2500000      -1.85557151       8.07130709E-06
   75.0000000      -1.85557151       1.86213292E-05
   78.7500000      -1.85557151       5.12087718E-06
   82.5000000      -1.85557151       8.36933032E-06
   86.2500000      -1.85557151       5.47850505E-06
   90.0000000      -1.85557151       7.69738108E-07
   93.7500000      -1.85557151       8.63755122E-06
   97.5000000      -1.85557151       1.82935037E-05
   101.250000      -1.85557151      -5.16092405E-06
   105.000000      -1.85557151      -3.62149440E-05
   108.750000      -1.85557151       1.74590386E-05
   112.500000      -1.85557151       8.25012103E-06
   116.250000      -1.85557151      -5.98183833E-05
   120.000000      -1.85557151       2.08104029E-06
   123.750000      -1.85557151      -1.63665973E-05
   127.500000      -1.85557151       4.97186556E-06
   131.250000      -1.85557151       4.37581912E-06
   135.000000      -1.85557151       1.53728761E-05
   138.750000      -1.85557151       2.29426660E-05
   142.500000      -1.85557151      -4.74369153E-06
   146.250000      -1.85557151       1.60583295E-05
   150.000000      -1.85557151       9.26339999E-06
   153.750000      -1.85557151      -2.13738531E-07
   157.500000      -1.85557151       1.05448999E-05
   161.250000      -1.85557151      -3.92552465E-07
   165.000000      -1.85557151       1.63400546E-06
   168.750000      -1.85557151       9.79984179E-06
   172.500000      -1.85557151       1.09621324E-05
   176.250000      -1.85557151       7.56466761E-06
   180.000000      -1.85557151       1.40913762E-05
   183.750000      -1.85557151       2.40886584E-06
   187.500000      -1.85557151      -9.58796591E-07
   191.250000      -1.85557151       3.85590829E-05
   195.000000      -1.85557151       7.29644671E-06
   198.750000      -1.85557151       1.49556436E-05
   202.500000      -1.85557151       1.21677294E-06
   206.250000      -1.85557151      -6.85965642E-06
   210.000000      -1.85557151      -2.62772664E-06
   213.750000      -1.85557151      -5.13112172E-06
   217.500000      -1.85557151      -4.20724973E-06
   221.250000      -1.85557151       9.47201625E-06
   225.000000      -1.85557151      -2.12243758E-05
   228.750000      -1.85557151       7.53486529E-06
   232.500000      -1.85557151      -1.04061328E-05
   236.250000      -1.85557151      -2.95555219E-06
   240.000000      -1.85557151      -4.38606367E-06
   243.750000      -1.85557151       1.22734345E-05
   247.500000      -1.85557151       2.20024958E-06
   251.250000      -1.85557151       6.50528818E-07
   255.000000      -1.85557151      -7.57491216E-06
   258.750000      -1.85557151      -8.02194700E-06
   262.500000      -1.85557151      -3.19397077E-06
   266.250000      -1.85557151      -1.10319816E-05
   270.000000      -1.85557151      -1.08531676E-05
   273.750000      -1.85557151       3.82307917E-07
   277.500000      -1.85557151      -4.62448224E-06
   281.250000      -1.85557151       1.41211785E-05
   285.000000      -1.85557151       1.69361010E-06
   288.750000      -1.85557151       1.90222636E-06
   292.500000      -1.85557151       4.71714884E-07
   296.250000      -1.85557151       1.00815669E-06
   300.000000      -1.85557151      -6.56163320E-06
   303.750000      -1.85557151      -2.12243758E-05
   307.500000      -1.85557151       1.05150975E-05
   311.250000      -1.85557151       3.65623273E-05
   315.000000      -1.85557151       2.35387124E-05
   318.750000      -1.85557151       1.12899579E-05
   322.500000      -1.85557151      -8.09784979E-07
   326.250000      -1.85557151      -1.24331564E-07
   330.000000      -1.85557151      -5.12227416E-09
   333.750000      -1.85557151      -1.28662214E-06
   337.500000      -1.85557151      -1.79326162E-06
   341.250000      -1.85557151      -5.48874959E-06
   345.000000      -1.85557151      -5.78677282E-06
   348.750000      -1.85557151      -3.96883115E-06
   352.500000      -1.85557151      -5.87617978E-06
   356.250000      -1.85557151       3.22703272E-07
   360.000000      -1.85557151       1.43889338E-07
   0.00000000       1.85557151      -8.91601667E-06
   3.75000000       1.85557151      -1.04657374E-05
   7.50000000       1.85557151      -8.20076093E-06
   11.2500000       1.85557151       2.91550532E-06
   15.0000000       1.85557151       5.38909808E-06
   18.7500000       1.85557151       1.39558688E-06
   22.5000000       1.85557151      -4.29665670E-06
   26.2500000       1.85557151       3.21352854E-06
   30.0000000       1.85557151      -8.11135396E-06
   33.7500000       1.85557151       6.22356310E-06
   37.5000000       1.85557151       4.86918725E-05
   41.2500000       1.85557151      -2.12243758E-05
   45.0000000       1.85557151      -1.23684760E-04
   48.7500000       1.85557151       7.89249316E-06
   52.5000000       1.85557151       1.87107362E-05
   56.2500000       1.85557151      -1.26413070E-05
   60.0000000       1.85557151      -1.43563375E-06
   63.7500000       1.85557151       1.81281939E-06
   67.5000000       1.85557151       5.06127253E-06
   71.2500000       1.85557151       3.48174945E-06
   75.0000000       1.85557151      -1.76345930E-06
   78.7500000       1.85557151       1.90222636E-06
   82.5000000       1.85557151       9.59122553E-06
   86.2500000       1.85557151       6.78980723E-06
   90.0000000       1.85557151       3.71881761E-05
   93.7500000       1.85557151      -3.10456380E-06
   97.5000000       1.85557151       1.48960389E-05
   101.250000       1.85557151      -1.71712600E-05
   105.000000       1.85557151       1.61477365E-05
   108.750000       1.85557151       3.82307917E-07
   112.500000       1.85557151       1.14687718E-05
   116.250000       1.85557151      -7.79982656E-07
   120.000000       1.85557151      -2.19396316E-05
   123.750000       1.85557151       2.90521421E-05
   127.500000       1.85557151       2.40751542E-05
   131.250000       1.85557151       6.90901652E-06
   135.000000       1.85557151       7.44545832E-06
   138.750000       1.85557151       3.42214480E-06
   142.500000       1.85557151       4.61423770E-06
   146.250000       1.85557151       1.11409463E-05
   150.000000       1.85557151       2.14064494E-06
   153.750000       1.85557151      -2.32970342E-06
   157.500000       1.85557151       9.77003947E-06
   161.250000       1.85557151       3.22703272E-07
   165.000000       1.85557151       5.01517206E-07
   168.750000       1.85557151       2.14064494E-06
   172.500000       1.85557151       1.39558688E-06
   176.250000       1.85557151       1.24657527E-06
   180.000000       1.85557151       4.34601679E-06
   183.750000       1.85557151       2.23005190E-06
   187.500000       1.85557151       7.10133463E-07
   191.250000       1.85557151      -5.42914495E-06
   195.000000       1.85557151      -3.52179632E-06
   198.750000       1.85557151       6.07455149E-06
   202.500000       1.85557151       3.12412158E-06
   206.250000       1.85557151      -3.04495916E-06
   210.000000       1.85557151      -3.19397077E-06
   213.750000       1.85557151       4.01819125E-06
   217.500000       1.85557151       5.59771433E-06
   221.250000       1.85557151      -7.36629590E-06
   225.000000       1.85557151       2.40886584E-06
   228.750000       1.85557151      -2.62772664E-06
   232.500000       1.85557151      -4.22354788E-07
   236.250000       1.85557151      -8.02194700E-06
   240.000000       1.85557151      -1.22538768E-05
   243.750000       1.85557151      -2.89594755E-06
   247.500000       1.85557151      -7.87293538E-06
   251.250000       1.85557151      -3.64100561E-06
   255.000000       1.85557151      -6.20400533E-06
   258.750000       1.85557151       7.99540430E-07
   262.500000       1.85557151      -2.59792432E-06
   266.250000       1.85557151      -3.58140096E-06
   270.000000       1.85557151       5.44823706E-08
   273.750000       1.85557151      -1.50552951E-05
   277.500000       1.85557151      -9.03522596E-06
   281.250000       1.85557151      -5.46923839E-05
   285.000000       1.85557151      -3.67513858E-05
   288.750000       1.85557151       2.02143565E-06
   292.500000       1.85557151      -3.67080793E-06
   296.250000       1.85557151       8.19051638E-06
   300.000000       1.85557151      -2.29990110E-06
   303.750000       1.85557151      -7.15767965E-06
   307.500000       1.85557151       5.65731898E-06
   311.250000       1.85557151      -1.24331564E-07
   315.000000       1.85557151       2.76649371E-06
   318.750000       1.85557151       2.97510996E-06
   322.500000       1.85557151      -4.02843580E-06
   326.250000       1.85557151      -6.30971044E-07
   330.000000       1.85557151      -3.96883115E-06
   333.750000       1.85557151       6.19376078E-06
   337.500000       1.85557151       4.34601679E-06
   341.250000       1.85557151      -5.39934263E-06
   345.000000       1.85557151      -1.28662214E-06
   348.750000       1.85557151      -1.10915862E-05
   352.500000       1.85557151       8.75676051E-06
   356.250000       1.85557151       3.95858660E-06
   360.000000       1.85557151      -8.91601667E-06
   0.00000000       5.56671333       2.86349095E-05
   3.75000000       5.56671333      -2.77673826E-06
   7.50000000       5.56671333       3.24333087E-06
   11.2500000       5.56671333       4.57414426E-05
   15.0000000       5.56671333      -5.11761755E-07
   18.7500000       5.56671333       4.94206324E-06
   22.5000000       5.56671333       3.18372622E-06
   26.2500000       5.56671333      -2.06148252E-06
   30.0000000       5.56671333       3.22703272E-07
   33.7500000       5.56671333      -7.93254003E-06
   37.5000000       5.56671333       9.74023715E-06
   41.2500000       5.56671333      -2.43238173E-05
   45.0000000       5.56671333      -1.67405233E-06
   48.7500000       5.56671333      -1.06816646E-04
   52.5000000       5.56671333      -3.43238935E-06
   56.2500000       5.56671333       1.20052136E-05
   60.0000000       5.56671333       5.62751666E-06
   63.7500000       5.56671333       5.32949343E-06
   67.5000000       5.56671333      -7.75372609E-06
   71.2500000       5.56671333      -1.28499232E-05
   75.0000000       5.56671333       7.29644671E-06
   78.7500000       5.56671333       5.34304418E-05
   82.5000000       5.56671333      -2.35950574E-06
   86.2500000       5.56671333      -9.83988866E-06
   90.0000000       5.56671333       1.47172250E-05
   93.7500000       5.56671333       7.68252648E-05
   97.5000000       5.56671333       3.82610597E-05
   101.250000       5.56671333      -4.81959432E-07
   105.000000       5.56671333       1.28694810E-05
   108.750000       5.56671333       2.33897008E-05
   112.500000       5.56671333       8.51834193E-06
   116.250000       5.56671333      -1.36247836E-05
   120.000000       5.56671333       4.43705358E-05
   123.750000       5.56671333       4.34601679E-06
   127.500000       5.56671333       1.50748529E-05
   131.250000       5.56671333       3.95858660E-06
   135.000000       5.56671333       5.18048182E-06
   138.750000       5.56671333       5.29969111E-06
   142.500000       5.56671333       4.58443537E-06
   146.250000       5.56671333      -6.44242391E-06
   150.000000       5.56671333       1.33761205E-05
   153.750000       5.56671333       8.22031870E-06
   157.500000       5.56671333      -4.95230779E-06
   161.250000       5.56671333       6.46198168E-06
   165.000000       5.56671333       1.24820508E-05
   168.750000       5.56671333       5.61121851E-07
   172.500000       5.56671333       8.13091174E-06
   176.250000       5.56671333       4.79305163E-06
   180.000000       5.56671333      -3.84962186E-06
   183.750000       5.56671333      -3.13436612E-06
   187.500000       5.56671333      -1.32969581E-05
   191.250000       5.56671333       3.82307917E-07
   195.000000       5.56671333      -1.83936208E-07
   198.750000       5.56671333      -3.16416845E-06
   202.500000       5.56671333      -2.62772664E-06
   206.250000       5.56671333       1.24522485E-05
   210.000000       5.56671333       2.25850381E-05
   213.750000       5.56671333      -1.87507831E-05
   217.500000       5.56671333       1.36578456E-06
   221.250000       5.56671333      -4.11784276E-06
   225.000000       5.56671333      -5.54835424E-06
   228.750000       5.56671333      -2.29990110E-06
   232.500000       5.56671333       5.06127253E-06
   236.250000       5.56671333       6.67059794E-06
   240.000000       5.56671333       1.99163333E-06
   243.750000       5.56671333      -9.30344686E-06
   247.500000       5.56671333       8.72695819E-06
   251.250000       5.56671333       5.98514453E-06
   255.000000       5.56671333       2.76812352E-05
   258.750000       5.56671333       1.66543759E-05
   262.500000       5.56671333       1.93365850E-05
   266.250000       5.56671333      -9.39285383E-06
   270.000000       5.56671333       1.65947713E-05
   273.750000       5.56671333      -9.78028402E-06
   277.500000       5.56671333      -1.60983764E-05
   281.250000       5.56671333       1.28383283E-04
   285.000000       5.56671333      -3.79136764E-05
   288.750000       5.56671333      -8.70740041E-06
   292.500000       5.56671333       3.48933972E-05
   296.250000       5.56671333       1.31973065E-05
   300.000000       5.56671333      -1.77375041E-05
   303.750000       5.56671333       2.44923867E-05
   307.500000       5.56671333       2.20024958E-06
   311.250000       5.56671333       9.41241160E-06
   315.000000       5.56671333       1.35549344E-05
   318.750000       5.56671333       2.15121545E-05
   322.500000       5.56671333      -7.79982656E-07
   326.250000       5.56671333       9.32300463E-06
   330.000000       5.56671333       1.85915269E-05
   333.750000       5.56671333      -1.64425001E-06
   337.500000       5.56671333       2.08104029E-06
   341.250000       5.56671333      -1.43563375E-06
   345.000000       5.56671333      -8.37957487E-06
   348.750000       5.56671333      -5.66756353E-06
   352.500000       5.56671333       1.04852952E-05
   356.250000       5.56671333       2.45221891E-05
   360.000000       5.56671333       2.86349095E-05
   0.00000000       9.27785301      -8.26036558E-06
   3.75000000       9.27785301      -9.81008634E-06
   7.50000000       9.27785301       1.37039460E-05
   11.2500000       9.27785301      -1.20154582E-05
   15.0000000       9.27785301      -6.80005178E-06
   18.7500000       9.27785301       1.37635507E-05
   22.5000000       9.27785301       4.58443537E-06
   26.2500000       9.27785301       1.21677294E-06
   30.0000000       9.27785301       1.14091672E-05
   33.7500000       9.27785301       9.62102786E-06
   37.5000000       9.27785301      -1.42208301E-05
   41.2500000       9.27785301       3.74997035E-06
   45.0000000       9.27785301       5.71259297E-05
   48.7500000       9.27785301      -1.80951320E-05
   52.5000000       9.27785301      -2.47871503E-06
   56.2500000       9.27785301       1.65947713E-05
   60.0000000       9.27785301       2.37906352E-06
   63.7500000       9.27785301       3.30293551E-06
   67.5000000       9.27785301       1.70418061E-05
   71.2500000       9.27785301       4.12110239E-07
   75.0000000       9.27785301       7.14743510E-06
   78.7500000       9.27785301      -4.55430709E-05
   82.5000000       9.27785301      -6.11459836E-06
   86.2500000       9.27785301       5.68712130E-06
   90.0000000       9.27785301      -1.97207555E-06
   93.7500000       9.27785301       1.70120038E-05
   97.5000000       9.27785301       2.45221891E-05
   101.250000       9.27785301      -2.83634290E-06
   105.000000       9.27785301      -4.56920825E-05
   108.750000       9.27785301       6.73020259E-06
   112.500000       9.27785301       5.31319529E-07
   116.250000       9.27785301       1.89193524E-05
   120.000000       9.27785301      -6.71064481E-06
   123.750000       9.27785301      -6.17420301E-06
   127.500000       9.27785301       1.72341242E-06
   131.250000       9.27785301       3.00491229E-06
   135.000000       9.27785301      -6.17420301E-06
   138.750000       9.27785301      -1.00783072E-05
   142.500000       9.27785301       7.80308619E-06
   146.250000       9.27785301       2.88570300E-06
   150.000000       9.27785301      -3.28337774E-06
   153.750000       9.27785301       5.44823706E-08
   157.500000       9.27785301      -5.39934263E-06
   161.250000       9.27785301      -5.12227416E-09
   165.000000       9.27785301       1.19158067E-05
   168.750000       9.27785301      -2.03168020E-06
   172.500000       9.27785301      -3.46219167E-06
   176.250000       9.27785301      -2.29990110E-06
   180.000000       9.27785301       4.01819125E-06
   183.750000       9.27785301       1.30780973E-05
   187.500000       9.27785301      -5.42914495E-06
   191.250000       9.27785301       9.11601819E-05
   195.000000       9.27785301      -6.88945875E-06
   198.750000       9.27785301       3.57115641E-06
   202.500000       9.27785301      -3.49245965E-08
   206.250000       9.27785301       1.16177835E-05
   210.000000       9.27785301       7.53486529E-06
   213.750000       9.27785301       2.59825028E-05
   217.500000       9.27785301       2.20485963E-05
   221.250000       9.27785301       1.34059228E-05
   225.000000       9.27785301       4.07779589E-06
   228.750000       9.27785301       7.38585368E-06
   232.500000       9.27785301       1.10217370E-05
   236.250000       9.27785301       2.76812352E-05
   240.000000       9.27785301       3.66517343E-05
   243.750000       9.27785301       8.10110942E-06
   247.500000       9.27785301      -2.09128484E-06
   251.250000       9.27785301      -4.81959432E-07
   255.000000       9.27785301      -7.90273771E-06
   258.750000       9.27785301      -7.72392377E-06
   262.500000       9.27785301       7.05802813E-06
   266.250000       9.27785301       2.56248750E-05
   270.000000       9.27785301       1.59987248E-05
   273.750000       9.27785301       5.23575582E-05
   277.500000       9.27785301      -2.22078525E-05
   281.250000       9.27785301       1.90222636E-06
   285.000000       9.27785301      -3.70061025E-06
   288.750000       9.27785301      -1.86613761E-05
   292.500000       9.27785301      -9.45292413E-08
   296.250000       9.27785301      -2.25654803E-05
   300.000000       9.27785301      -3.49245965E-08
   303.750000       9.27785301       3.06451693E-06
   307.500000       9.27785301       5.86593524E-06
   311.250000       9.27785301      -1.61444768E-06
   315.000000       9.27785301      -2.68733129E-06
   318.750000       9.27785301      -8.29016790E-06
   322.500000       9.27785301       1.09756365E-06
   326.250000       9.27785301      -1.40583143E-06
   330.000000       9.27785301       1.90222636E-06
   333.750000       9.27785301      -6.90575689E-07
   337.500000       9.27785301       7.20703974E-06
   341.250000       9.27785301       2.09757127E-05
   345.000000       9.27785301      -8.88621435E-06
   348.750000       9.27785301      -1.51148997E-05
   352.500000       9.27785301      -9.00542364E-06
   356.250000       9.27785301      -4.47547063E-06
   360.000000       9.27785301      -8.26036558E-06
   0.00000000       12.9889879       2.11084262E-06
   3.75000000       12.9889879       1.07535161E-05
   7.50000000       12.9889879      -1.28662214E-06
   11.2500000       12.9889879      -2.92574987E-06
   15.0000000       12.9889879       7.59446993E-06
   18.7500000       12.9889879       4.37581912E-06
   22.5000000       12.9889879       3.63076106E-06
   26.2500000       12.9889879       9.02498141E-06
   30.0000000       12.9889879       1.82637013E-05
   33.7500000       12.9889879       1.16773881E-05
   37.5000000       12.9889879       4.10759822E-06
   41.2500000       12.9889879       7.18184747E-05
   45.0000000       12.9889879      -8.03819858E-05
   48.7500000       12.9889879      -2.02707015E-05
   52.5000000       12.9889879      -8.76700506E-06
   56.2500000       12.9889879      -8.99191946E-07
   60.0000000       12.9889879       1.84425153E-05
   63.7500000       12.9889879       4.28641215E-06
   67.5000000       12.9889879       4.94206324E-06
   71.2500000       12.9889879       9.62102786E-06
   75.0000000       12.9889879       1.27637759E-06
   78.7500000       12.9889879       5.09107485E-06
   82.5000000       12.9889879      -7.99214467E-06
   86.2500000       12.9889879      -9.54186544E-06
   90.0000000       12.9889879       2.37906352E-06
   93.7500000       12.9889879      -3.04034911E-05
   97.5000000       12.9889879       1.57440081E-06
   101.250000       12.9889879      -2.87345611E-05
   105.000000       12.9889879       3.11383046E-05
   108.750000       12.9889879       1.39423646E-05
   112.500000       12.9889879       9.17399302E-06
   116.250000       12.9889879       4.41912562E-07
   120.000000       12.9889879       9.56901349E-05
   123.750000       12.9889879       2.08104029E-06
   127.500000       12.9889879       1.95153989E-05
   131.250000       12.9889879       4.70364466E-06
   135.000000       12.9889879      -3.10456380E-06
   138.750000       12.9889879      -3.22377309E-06
   142.500000       12.9889879      -1.05849467E-05
   146.250000       12.9889879      -5.84637746E-06
   150.000000       12.9889879      -1.07800588E-06
   153.750000       12.9889879      -7.18748197E-06
   157.500000       12.9889879       7.59446993E-06
   161.250000       12.9889879      -1.48764811E-05
   165.000000       12.9889879      -1.12704001E-05
   168.750000       12.9889879       1.62371434E-05
   172.500000       12.9889879       2.02143565E-06
   176.250000       12.9889879       2.08863057E-05
   180.000000       12.9889879       5.24008647E-06
   183.750000       12.9889879      -1.83633529E-05
   187.500000       12.9889879       1.82057265E-04
   191.250000       12.9889879      -5.28013334E-06
   195.000000       12.9889879      -1.48168765E-05
   198.750000       12.9889879      -1.54133886E-07
   202.500000       12.9889879      -3.28337774E-06
   206.250000       12.9889879      -2.09128484E-06
   210.000000       12.9889879      -4.11784276E-06
   213.750000       12.9889879       5.01517206E-07
   217.500000       12.9889879      -1.49360858E-05
   221.250000       12.9889879       1.70120038E-05
   225.000000       12.9889879      -2.43540853E-07
   228.750000       12.9889879      -5.71366400E-07
   232.500000       12.9889879       1.06776133E-06
   236.250000       12.9889879      -3.13436612E-06
   240.000000       12.9889879      -8.26036558E-06
   243.750000       12.9889879      -1.37602910E-06
   247.500000       12.9889879      -8.09784979E-07
   251.250000       12.9889879      -1.09127723E-05
   255.000000       12.9889879      -1.95256434E-05
   258.750000       12.9889879      -2.18204223E-05
   262.500000       12.9889879      -2.75126658E-05
   266.250000       12.9889879      -3.46950255E-05
   270.000000       12.9889879      -1.07800588E-06
   273.750000       12.9889879      -7.17095099E-05
   277.500000       12.9889879      -5.72716817E-06
   281.250000       12.9889879       1.03795901E-06
   285.000000       12.9889879      -6.59143552E-06
   288.750000       12.9889879      -6.17420301E-06
   292.500000       12.9889879       5.90924174E-07
   296.250000       12.9889879      -3.03145498E-07
   300.000000       12.9889879      -2.86614522E-06
   303.750000       12.9889879      -3.22377309E-06
   307.500000       12.9889879      -3.49245965E-08
   311.250000       12.9889879      -3.58140096E-06
   315.000000       12.9889879      -8.79680738E-06
   318.750000       12.9889879      -9.18423757E-06
   322.500000       12.9889879      -1.97207555E-06
   326.250000       12.9889879      -3.49199399E-06
   330.000000       12.9889879      -2.00187787E-06
   333.750000       12.9889879      -3.19397077E-06
   337.500000       12.9889879       4.12110239E-07
   341.250000       12.9889879       4.88245860E-06
   345.000000       12.9889879       4.35360707E-05
   348.750000       12.9889879       3.41781415E-05
   352.500000       12.9889879       3.60095873E-06
   356.250000       12.9889879       1.68629922E-05
   360.000000       12.9889879       2.11084262E-06
   0.00000000       16.7001171       5.12087718E-06
   3.75000000       16.7001171       5.06127253E-06
   7.50000000       16.7001171      -6.11459836E-06
   11.2500000       16.7001171      -1.06147490E-05
   15.0000000       16.7001171      -3.16416845E-06
   18.7500000       16.7001171       2.97510996E-06
   22.5000000       16.7001171      -2.11349688E-05
   26.2500000       16.7001171      -3.24300490E-05
   30.0000000       16.7001171       3.45194712E-06
   33.7500000       16.7001171       5.30430116E-05
   37.5000000       16.7001171       6.52619638E-05
   41.2500000       16.7001171      -5.10131940E-06
   45.0000000       16.7001171      -4.58410941E-05
   48.7500000       16.7001171       1.09323300E-05
   52.5000000       16.7001171      -5.09670936E-05
   56.2500000       16.7001171      -3.19397077E-06
   60.0000000       16.7001171      -4.38606367E-06
   63.7500000       16.7001171      -6.35301694E-06
   67.5000000       16.7001171      -3.43238935E-06
   71.2500000       16.7001171      -9.15443525E-06
   75.0000000       16.7001171       1.30184926E-05
   78.7500000       16.7001171      -2.80654058E-06
   82.5000000       16.7001171       2.17044726E-06
   86.2500000       16.7001171      -3.34298238E-06
   90.0000000       16.7001171      -8.14115629E-06
   93.7500000       16.7001171       1.79656781E-05
   97.5000000       16.7001171      -4.25330363E-05
   101.250000       16.7001171       6.67059794E-06
   105.000000       16.7001171      -1.44592486E-05
   108.750000       16.7001171       8.59145075E-07
   112.500000       16.7001171      -2.24029645E-06
   116.250000       16.7001171       1.58795156E-05
   120.000000       16.7001171       1.45086087E-05
   123.750000       16.7001171       4.51453961E-05
   127.500000       16.7001171       9.20379534E-06
   131.250000       16.7001171       6.22356310E-06
   135.000000       16.7001171      -4.29665670E-06
   138.750000       16.7001171      -7.21728429E-06
   142.500000       16.7001171      -5.11761755E-07
   146.250000       16.7001171       3.54135409E-06
   150.000000       16.7001171       5.41890040E-06
   153.750000       16.7001171      -1.16741285E-06
   157.500000       16.7001171       3.53702344E-05
   161.250000       16.7001171      -8.17095861E-06
   165.000000       16.7001171      -1.05849467E-05
   168.750000       16.7001171      -8.11135396E-06
   172.500000       16.7001171       8.29342753E-07
   176.250000       16.7001171       1.45519152E-06
   180.000000       16.7001171      -5.22052869E-06
   183.750000       16.7001171       4.40562144E-06
   187.500000       16.7001171      -2.43540853E-07
   191.250000       16.7001171      -8.31997022E-06
   195.000000       16.7001171      -4.65428457E-06
   198.750000       16.7001171      -3.37278470E-06
   202.500000       16.7001171      -3.37278470E-06
   206.250000       16.7001171       9.02498141E-06
   210.000000       16.7001171      -2.32970342E-06
   213.750000       16.7001171       7.39935786E-07
   217.500000       16.7001171      -6.47222623E-06
   221.250000       16.7001171      -1.46976672E-05
   225.000000       16.7001171       4.43542376E-06
   228.750000       16.7001171       5.35929576E-06
   232.500000       16.7001171      -1.40718184E-05
   236.250000       16.7001171       6.84941188E-06
   240.000000       16.7001171       6.00465573E-05
   243.750000       16.7001171      -1.33863650E-05
   247.500000       16.7001171      -6.71064481E-06
   251.250000       16.7001171      -1.06743537E-05
   255.000000       16.7001171      -2.50851735E-06
   258.750000       16.7001171      -4.35626134E-06
   262.500000       16.7001171       2.40886584E-06
   266.250000       16.7001171       2.10651197E-05
   270.000000       16.7001171      -5.99538907E-06
   273.750000       16.7001171      -5.30993566E-06
   277.500000       16.7001171      -1.22836791E-05
   281.250000       16.7001171      -1.41314231E-05
   285.000000       16.7001171      -3.37278470E-06
   288.750000       16.7001171      -1.76480971E-05
   292.500000       16.7001171      -8.43917951E-06
   296.250000       16.7001171      -4.56487760E-06
   300.000000       16.7001171      -4.44566831E-06
   303.750000       16.7001171       2.46800482E-08
   307.500000       16.7001171      -7.36629590E-06
   311.250000       16.7001171      -7.24708661E-06
   315.000000       16.7001171      -2.29990110E-06
   318.750000       16.7001171      -1.52043067E-05
   322.500000       16.7001171      -6.62123784E-06
   326.250000       16.7001171      -2.16118060E-05
   330.000000       16.7001171       1.26012601E-05
   333.750000       16.7001171       1.12601556E-05
   337.500000       16.7001171      -4.26685438E-06
   341.250000       16.7001171      -4.05823812E-06
   345.000000       16.7001171      -5.11761755E-07
   348.750000       16.7001171       3.25390138E-05
   352.500000       16.7001171       1.66380778E-06
   356.250000       16.7001171      -1.16741285E-06
   360.000000       16.7001171       5.12087718E-06
   0.00000000       20.4112377      -9.06502828E-06
   3.75000000       20.4112377      -2.05985270E-05
   7.50000000       20.4112377      -4.86290082E-06
   11.2500000       20.4112377      -1.03465281E-05
   15.0000000       20.4112377       1.83829106E-05
   18.7500000       20.4112377      -4.59603034E-05
   22.5000000       20.4112377       3.49530019E-05
   26.2500000       20.4112377      -3.07476148E-06
   30.0000000       20.4112377      -4.14764509E-06
   33.7500000       20.4112377      -6.60773367E-07
   37.5000000       20.4112377       5.35198487E-05
   41.2500000       20.4112377       7.40238465E-05
   45.0000000       20.4112377      -2.93008052E-05
   48.7500000       20.4112377      -1.73365697E-06
   52.5000000       20.4112377       3.18372622E-06
   56.2500000       20.4112377      -1.40718184E-05
   60.0000000       20.4112377       1.12736598E-06
   63.7500000       20.4112377       5.99273480E-05
   67.5000000       20.4112377      -4.08804044E-06
   71.2500000       20.4112377       9.86405648E-05
   75.0000000       20.4112377      -7.19777308E-05
   78.7500000       20.4112377       1.86213292E-05
   82.5000000       20.4112377       8.81636515E-06
   86.2500000       20.4112377      -5.51394187E-05
   90.0000000       20.4112377      -5.25033101E-06
   93.7500000       20.4112377      -3.11485492E-05
   97.5000000       20.4112377       2.02604569E-05
   101.250000       20.4112377       5.50830737E-06
   105.000000       20.4112377       7.38585368E-06
   108.750000       20.4112377       2.03493983E-07
   112.500000       20.4112377      -1.33863650E-05
   116.250000       20.4112377      -8.39587301E-07
   120.000000       20.4112377      -3.10456380E-06
   123.750000       20.4112377      -1.99130736E-05
   127.500000       20.4112377      -1.69924460E-05
   131.250000       20.4112377      -1.74096785E-05
   135.000000       20.4112377      -1.69030391E-05
   138.750000       20.4112377      -1.54129229E-05
   142.500000       20.4112377      -1.41910277E-05
   146.250000       20.4112377      -2.95555219E-06
   150.000000       20.4112377       2.03498639E-05
   153.750000       20.4112377       3.82307917E-07
   157.500000       20.4112377      -1.75288878E-05
   161.250000       20.4112377      -1.21644698E-05
   165.000000       20.4112377      -1.06445514E-05
   168.750000       20.4112377      -3.21022235E-05
   172.500000       20.4112377      -1.07637607E-05
   176.250000       20.4112377      -5.07151708E-06
   180.000000       20.4112377      -2.65752897E-06
   183.750000       20.4112377      -1.17472373E-05
   187.500000       20.4112377       6.87921420E-06
   191.250000       20.4112377       4.49502841E-06
   195.000000       20.4112377      -8.34977254E-06
   198.750000       20.4112377      -2.45622359E-05
   202.500000       20.4112377       3.16449441E-05
   206.250000       20.4112377      -1.34757720E-05
   210.000000       20.4112377      -1.52341090E-05
   213.750000       20.4112377      -8.46898183E-06
   217.500000       20.4112377      -4.53507528E-06
   221.250000       20.4112377      -7.72392377E-06
   225.000000       20.4112377      -3.10456380E-06
   228.750000       20.4112377      -1.19856559E-05
   232.500000       20.4112377       8.45873728E-06
   236.250000       20.4112377       9.14419070E-06
   240.000000       20.4112377      -1.34161673E-05
   243.750000       20.4112377       1.27800740E-05
   247.500000       20.4112377      -1.03167258E-05
   251.250000       20.4112377      -2.41911039E-06
   255.000000       20.4112377       9.50181857E-06
   258.750000       20.4112377      -1.42208301E-05
   262.500000       20.4112377      -2.06148252E-06
   266.250000       20.4112377       1.52536668E-05
   270.000000       20.4112377      -5.78677282E-06
   273.750000       20.4112377       1.38827600E-05
   277.500000       20.4112377      -1.98236667E-05
   281.250000       20.4112377      -7.93254003E-06
   285.000000       20.4112377      -3.43238935E-06
   288.750000       20.4112377       1.99163333E-06
   292.500000       20.4112377      -5.36954030E-06
   296.250000       20.4112377      -2.57543288E-05
   300.000000       20.4112377       4.61423770E-06
   303.750000       20.4112377      -2.59792432E-06
   307.500000       20.4112377      -1.91680156E-05
   311.250000       20.4112377      -1.46380626E-05
   315.000000       20.4112377      -8.40937719E-06
   318.750000       20.4112377      -8.20076093E-06
   322.500000       20.4112377      -1.17174350E-05
   326.250000       20.4112377      -2.19992362E-05
   330.000000       20.4112377      -1.38035975E-05
   333.750000       20.4112377      -7.33649358E-06
   337.500000       20.4112377      -2.80193053E-05
   341.250000       20.4112377      -1.66348182E-05
   345.000000       20.4112377       2.26744451E-05
   348.750000       20.4112377      -1.42804347E-05
   352.500000       20.4112377      -1.91978179E-05
   356.250000       20.4112377      -2.98535451E-06
   360.000000       20.4112377      -9.06502828E-06
   0.00000000       24.1223469      -1.19260512E-05
   3.75000000       24.1223469       3.46847810E-05
   7.50000000       24.1223469      -3.24896537E-05
   11.2500000       24.1223469      -1.88401900E-05
   15.0000000       24.1223469      -4.53507528E-06
   18.7500000       24.1223469       2.40453519E-05
   22.5000000       24.1223469      -2.42642127E-05
   26.2500000       24.1223469      -4.45297919E-05
   30.0000000       24.1223469      -1.57407485E-05
   33.7500000       24.1223469      -1.75586902E-05
   37.5000000       24.1223469       9.50181857E-06
   41.2500000       24.1223469       1.00680627E-05
   45.0000000       24.1223469      -2.64397822E-05
   48.7500000       24.1223469      -1.27903186E-05
   52.5000000       24.1223469       1.75782479E-05
   56.2500000       24.1223469      -1.24331564E-07
   60.0000000       24.1223469      -2.79000960E-05
   63.7500000       24.1223469       5.32949343E-06
   67.5000000       24.1223469      -1.80951320E-05
   71.2500000       24.1223469       5.26257791E-05
   75.0000000       24.1223469      -1.02273189E-05
   78.7500000       24.1223469      -8.14115629E-06
   82.5000000       24.1223469      -8.08155164E-06
   86.2500000       24.1223469      -1.44592486E-05
   90.0000000       24.1223469       5.44823706E-08
   93.7500000       24.1223469      -1.09127723E-05
   97.5000000       24.1223469      -5.22052869E-06
   101.250000       24.1223469       4.19700518E-06
   105.000000       24.1223469       3.57115641E-06
   108.750000       24.1223469      -1.58599578E-05
   112.500000       24.1223469      -7.09807500E-06
   116.250000       24.1223469       2.12141313E-05
   120.000000       24.1223469       1.31214503E-04
   123.750000       24.1223469      -4.04468738E-05
   127.500000       24.1223469      -1.38930045E-05
   131.250000       24.1223469      -1.32969581E-05
   135.000000       24.1223469       4.37581912E-06
   138.750000       24.1223469      -2.32807361E-05
   142.500000       24.1223469       9.29320231E-06
   146.250000       24.1223469      -6.32321462E-06
   150.000000       24.1223469      -1.34757720E-05
   153.750000       24.1223469      -2.46516429E-05
   157.500000       24.1223469       1.46576203E-05
   161.250000       24.1223469      -2.04793178E-05
   165.000000       24.1223469      -2.33403407E-05
   168.750000       24.1223469       1.09323300E-05
   172.500000       24.1223469      -1.65454112E-05
   176.250000       24.1223469      -1.04359351E-05
   180.000000       24.1223469      -6.20400533E-06
   183.750000       24.1223469       1.31675042E-05
   187.500000       24.1223469      -6.71064481E-06
   191.250000       24.1223469      -5.57815656E-06
   195.000000       24.1223469      -1.31181441E-05
   198.750000       24.1223469      -2.85557471E-05
   202.500000       24.1223469      -1.11809932E-05
   206.250000       24.1223469      -1.01840124E-06
   210.000000       24.1223469      -5.30993566E-06
   213.750000       24.1223469      -1.04359351E-05
   217.500000       24.1223469       4.23439778E-05
   221.250000       24.1223469      -1.19856559E-05
   225.000000       24.1223469      -2.92574987E-06
   228.750000       24.1223469      -1.87209807E-05
   232.500000       24.1223469       2.98270024E-05
   236.250000       24.1223469      -9.33324918E-06
   240.000000       24.1223469      -2.72742473E-05
   243.750000       24.1223469      -7.00866804E-06
   247.500000       24.1223469      -1.91382132E-05
   251.250000       24.1223469       5.83613291E-06
   255.000000       24.1223469      -9.72067937E-06
   258.750000       24.1223469       5.35929576E-06
   262.500000       24.1223469       6.63646497E-05
   266.250000       24.1223469      -2.90623866E-05
   270.000000       24.1223469      -2.19098292E-05
   273.750000       24.1223469      -1.96746551E-05
   277.500000       24.1223469      -1.37141906E-05
   281.250000       24.1223469      -2.49794684E-05
   285.000000       24.1223469      -2.66483985E-05
   288.750000       24.1223469      -3.08505259E-05
   292.500000       24.1223469      -2.28337012E-05
   296.250000       24.1223469      -1.72308646E-05
   300.000000       24.1223469      -1.44890510E-05
   303.750000       24.1223469       1.12601556E-05
   307.500000       24.1223469      -2.24462710E-05
   311.250000       24.1223469       2.14064494E-06
   315.000000       24.1223469      -1.19260512E-05
   318.750000       24.1223469      -3.93902883E-06
   322.500000       24.1223469      -4.95230779E-06
   326.250000       24.1223469      -1.66944228E-05
   330.000000       24.1223469      -2.20588408E-05
   333.750000       24.1223469      -8.58819112E-06
   337.500000       24.1223469      -2.04197131E-05
   341.250000       24.1223469      -2.30423175E-05
   345.000000       24.1223469       4.79766168E-05
   348.750000       24.1223469       1.37635507E-05
   352.500000       24.1223469      -1.23432837E-05
   356.250000       24.1223469      -1.82441436E-05
   360.000000       24.1223469      -1.19260512E-05
   0.00000000       27.8334446       2.15121545E-05
   3.75000000       27.8334446       7.41565600E-06
   7.50000000       27.8334446       1.79954804E-05
   11.2500000       27.8334446       8.59145075E-07
   15.0000000       27.8334446       3.13171186E-05
   18.7500000       27.8334446      -8.61799344E-06
   22.5000000       27.8334446       8.81636515E-06
   26.2500000       27.8334446      -6.85965642E-06
   30.0000000       27.8334446       1.60881318E-05
   33.7500000       27.8334446       1.10323075E-04
   37.5000000       27.8334446       5.99869527E-05
   41.2500000       27.8334446      -5.83878718E-05
   45.0000000       27.8334446      -1.00187026E-05
   48.7500000       27.8334446      -1.01677142E-05
   52.5000000       27.8334446       5.09866513E-05
   56.2500000       27.8334446      -2.06148252E-06
   60.0000000       27.8334446      -4.12217341E-05
   63.7500000       27.8334446       5.70365228E-05
   67.5000000       27.8334446      -1.99726783E-05
   71.2500000       27.8334446      -8.99191946E-07
   75.0000000       27.8334446      -2.64397822E-05
   78.7500000       27.8334446      -5.36954030E-06
   82.5000000       27.8334446       4.34601679E-06
   86.2500000       27.8334446      -2.09128484E-06
   90.0000000       27.8334446       3.63076106E-06
   93.7500000       27.8334446      -1.00783072E-05
   97.5000000       27.8334446       3.36254016E-06
   101.250000       27.8334446      -1.21048652E-05
   105.000000       27.8334446      -5.54835424E-06
   108.750000       27.8334446      -3.83011065E-05
   112.500000       27.8334446      -3.46056186E-05
   116.250000       27.8334446       3.01250257E-05
   120.000000       27.8334446       2.06478871E-05
   123.750000       27.8334446      -1.47572719E-05
   127.500000       27.8334446       3.22703272E-07
   131.250000       27.8334446       6.87786378E-05
   135.000000       27.8334446      -1.41314231E-05
   138.750000       27.8334446      -1.89593993E-05
   142.500000       27.8334446      -1.97342597E-05
   146.250000       27.8334446       3.55192460E-05
   150.000000       27.8334446       1.66380778E-06
   153.750000       27.8334446      -1.38333999E-05
   157.500000       27.8334446      -2.43834220E-05
   161.250000       27.8334446       1.24224462E-05
   165.000000       27.8334446      -1.99428760E-05
   168.750000       27.8334446      -2.29827128E-05
   172.500000       27.8334446       3.66056338E-06
   176.250000       27.8334446      -1.11511908E-05
   180.000000       27.8334446      -9.09483060E-06
   183.750000       27.8334446      -2.70656310E-05
   187.500000       27.8334446      -3.76021490E-06
   191.250000       27.8334446      -1.18068419E-05
   195.000000       27.8334446      -2.80193053E-05
   198.750000       27.8334446      -6.60773367E-07
   202.500000       27.8334446      -2.88835727E-05
   206.250000       27.8334446      -2.27442943E-05
   210.000000       27.8334446      -2.83634290E-06
   213.750000       27.8334446       3.79332341E-05
   217.500000       27.8334446       2.87839212E-05
   221.250000       27.8334446       1.13495626E-05
   225.000000       27.8334446       2.25985423E-06
   228.750000       27.8334446      -1.90190040E-05
   232.500000       27.8334446      -1.70222484E-05
   236.250000       27.8334446      -1.25519000E-05
   240.000000       27.8334446      -1.19260512E-05
   243.750000       27.8334446       4.61423770E-06
   247.500000       27.8334446      -1.91485044E-04
   251.250000       27.8334446      -2.62772664E-06
   255.000000       27.8334446       1.06895808E-04
   258.750000       27.8334446      -1.08694192E-04
   262.500000       27.8334446       2.12634448E-04
   266.250000       27.8334446      -1.49956904E-05
   270.000000       27.8334446      -2.63801776E-05
   273.750000       27.8334446       5.90924174E-07
   277.500000       27.8334446      -9.89786349E-05
   281.250000       27.8334446      -2.98372470E-05
   285.000000       27.8334446      -3.64831649E-05
   288.750000       27.8334446      -8.55838880E-06
   292.500000       27.8334446      -2.50688754E-05
   296.250000       27.8334446      -1.58464536E-06
   300.000000       27.8334446       2.68467702E-05
   303.750000       27.8334446       3.48337926E-05
   307.500000       27.8334446       9.53162089E-06
   311.250000       27.8334446       1.27204694E-05
   315.000000       27.8334446       1.48364343E-05
   318.750000       27.8334446      -2.79597007E-05
   322.500000       27.8334446      -2.09128484E-06
   326.250000       27.8334446      -2.48602591E-05
   330.000000       27.8334446      -1.60685740E-05
   333.750000       27.8334446      -2.61715613E-05
   337.500000       27.8334446      -2.22376548E-05
   341.250000       27.8334446      -3.20724212E-05
   345.000000       27.8334446      -6.54212199E-05
   348.750000       27.8334446      -6.38281927E-06
   352.500000       27.8334446       5.12087718E-06
   356.250000       27.8334446       1.59987248E-05
   360.000000       27.8334446       2.15121545E-05
   0.00000000       31.5445251       1.67437829E-05
   3.75000000       31.5445251       5.86593524E-06
   7.50000000       31.5445251      -5.12227416E-09
   11.2500000       31.5445251      -2.84067355E-05
   15.0000000       31.5445251       4.17777337E-05
   18.7500000       31.5445251       3.60095873E-06
   22.5000000       31.5445251       2.28965655E-06
   26.2500000       31.5445251      -7.48550519E-06
   30.0000000       31.5445251      -8.11135396E-06
   33.7500000       31.5445251       7.38585368E-06
   37.5000000       31.5445251      -9.69087705E-06
   41.2500000       31.5445251      -9.83988866E-06
   45.0000000       31.5445251      -7.69412145E-06
   48.7500000       31.5445251       3.62941064E-05
   52.5000000       31.5445251      -1.61444768E-06
   56.2500000       31.5445251      -7.99214467E-06
   60.0000000       31.5445251      -6.82985410E-06
   63.7500000       31.5445251       4.67384234E-06
   67.5000000       31.5445251       2.98568048E-05
   71.2500000       31.5445251       7.35605136E-06
   75.0000000       31.5445251      -1.03465281E-05
   78.7500000       31.5445251       1.79656781E-05
   82.5000000       31.5445251       6.37257472E-06
   86.2500000       31.5445251      -3.59765254E-05
   90.0000000       31.5445251       1.37337483E-05
   93.7500000       31.5445251      -2.86614522E-06
   97.5000000       31.5445251      -9.88598913E-07
   101.250000       31.5445251      -9.28994268E-07
   105.000000       31.5445251      -3.14763747E-05
   108.750000       31.5445251      -1.06445514E-05
   112.500000       31.5445251       4.21651639E-05
   116.250000       31.5445251       3.79332341E-05
   120.000000       31.5445251      -3.01650725E-05
   123.750000       31.5445251      -1.66050158E-05
   127.500000       31.5445251       1.44490041E-05
   131.250000       31.5445251      -2.01945659E-04
   135.000000       31.5445251      -3.53506766E-05
   138.750000       31.5445251       1.39721669E-05
   142.500000       31.5445251       5.91822900E-05
   146.250000       31.5445251       2.36877240E-05
   150.000000       31.5445251      -2.06283294E-05
   153.750000       31.5445251       9.72100534E-05
   157.500000       31.5445251       1.35847367E-05
   161.250000       31.5445251       5.44823706E-08
   165.000000       31.5445251       3.76650132E-05
   168.750000       31.5445251      -1.91680156E-05
   172.500000       31.5445251      -9.06502828E-06
   176.250000       31.5445251      -1.57407485E-05
   180.000000       31.5445251      -1.92872249E-05
   183.750000       31.5445251      -4.98211011E-06
   187.500000       31.5445251      -1.02273189E-05
   191.250000       31.5445251      -2.48900615E-05
   195.000000       31.5445251      -9.36305150E-06
   198.750000       31.5445251      -2.80193053E-05
   202.500000       31.5445251      -2.66782008E-05
   206.250000       31.5445251      -3.36221419E-05
   210.000000       31.5445251      -2.27740966E-05
   213.750000       31.5445251      -2.38171779E-05
   217.500000       31.5445251       3.00058164E-05
   221.250000       31.5445251      -1.55917369E-05
   225.000000       31.5445251      -7.66431913E-06
   228.750000       31.5445251      -1.86613761E-05
   232.500000       31.5445251      -1.17174350E-05
   236.250000       31.5445251      -8.85641202E-06
   240.000000       31.5445251      -1.29989348E-05
   243.750000       31.5445251       2.63699330E-05
   247.500000       31.5445251      -8.11135396E-06
   251.250000       31.5445251      -1.85123645E-05
   255.000000       31.5445251       1.21840276E-05
   258.750000       31.5445251       1.72341242E-06
   262.500000       31.5445251      -8.23056325E-06
   266.250000       31.5445251       2.28965655E-06
   270.000000       31.5445251      -7.75372609E-06
   273.750000       31.5445251       6.46198168E-06
   277.500000       31.5445251       3.86782922E-05
   281.250000       31.5445251      -6.47222623E-06
   285.000000       31.5445251      -1.29095279E-05
   288.750000       31.5445251       7.92988576E-05
   292.500000       31.5445251      -2.04793178E-05
   296.250000       31.5445251      -1.79326162E-06
   300.000000       31.5445251      -3.49930488E-05
   303.750000       31.5445251      -2.78702937E-05
   307.500000       31.5445251      -1.77971087E-05
   311.250000       31.5445251       2.62805261E-05
   315.000000       31.5445251       5.48311509E-05
   318.750000       31.5445251       1.10217370E-05
   322.500000       31.5445251      -1.72308646E-05
   326.250000       31.5445251      -2.05389224E-05
   330.000000       31.5445251      -1.47274695E-05
   333.750000       31.5445251      -2.77212821E-05
   337.500000       31.5445251      -1.20154582E-05
   341.250000       31.5445251      -1.15088187E-05
   345.000000       31.5445251       2.34926119E-06
   348.750000       31.5445251       1.30482949E-05
   352.500000       31.5445251      -6.02356158E-05
   356.250000       31.5445251      -3.50228511E-05
   360.000000       31.5445251       1.67437829E-05
   0.00000000       35.2555809       7.32624903E-06
   3.75000000       35.2555809       4.72911634E-05
   7.50000000       35.2555809       7.83288851E-06
   11.2500000       35.2555809       3.96617688E-05
   15.0000000       35.2555809      -3.03438865E-05
   18.7500000       35.2555809      -2.05389224E-05
   22.5000000       35.2555809       2.47606076E-05
   26.2500000       35.2555809       6.24903478E-05
   30.0000000       35.2555809       1.19754113E-05
   33.7500000       35.2555809      -5.49904071E-05
   37.5000000       35.2555809      -2.80193053E-05
   41.2500000       35.2555809       3.03932466E-05
   45.0000000       35.2555809       3.92878428E-06
   48.7500000       35.2555809       1.91577710E-05
   52.5000000       35.2555809       4.54732217E-05
   56.2500000       35.2555809      -2.48602591E-05
   60.0000000       35.2555809      -1.87209807E-05
   63.7500000       35.2555809      -4.33973037E-05
   67.5000000       35.2555809      -2.32807361E-05
   71.2500000       35.2555809      -2.91219912E-05
   75.0000000       35.2555809      -8.99191946E-07
   78.7500000       35.2555809      -6.94906339E-06
   82.5000000       35.2555809       3.43271531E-05
   86.2500000       35.2555809       6.16395846E-06
   90.0000000       35.2555809       2.70688906E-06
   93.7500000       35.2555809      -1.94958411E-05
   97.5000000       35.2555809       2.39261426E-05
   101.250000       35.2555809       1.23628415E-05
   105.000000       35.2555809       1.51344575E-05
   108.750000       35.2555809      -8.52858648E-06
   112.500000       35.2555809       2.29724683E-05
   116.250000       35.2555809       3.69036570E-06
   120.000000       35.2555809       2.67708674E-06
   123.750000       35.2555809      -1.53533183E-05
   127.500000       35.2555809       2.52374448E-05
   131.250000       35.2555809      -3.11485492E-05
   135.000000       35.2555809      -4.09833156E-05
   138.750000       35.2555809      -2.92113982E-05
   142.500000       35.2555809      -2.14925967E-05
   146.250000       35.2555809      -1.42208301E-05
   150.000000       35.2555809      -1.40583143E-06
   153.750000       35.2555809      -1.41016208E-05
   157.500000       35.2555809       1.02544669E-04
   161.250000       35.2555809       1.81444921E-05
   165.000000       35.2555809       2.28965655E-06
   168.750000       35.2555809       5.66192903E-05
   172.500000       35.2555809      -2.27009878E-06
   176.250000       35.2555809       1.21677294E-06
   180.000000       35.2555809      -1.84229575E-05
   183.750000       35.2555809      -1.65752135E-05
   187.500000       35.2555809      -1.94362365E-05
   191.250000       35.2555809      -4.03276645E-05
   195.000000       35.2555809      -1.49062835E-05
   198.750000       35.2555809      -3.63937579E-05
   202.500000       35.2555809      -1.61579810E-05
   206.250000       35.2555809      -1.70818530E-05
   210.000000       35.2555809      -1.40122138E-05
   213.750000       35.2555809       5.47850505E-06
   217.500000       35.2555809       2.30916776E-05
   221.250000       35.2555809       7.07455911E-05
   225.000000       35.2555809      -1.17174350E-05
   228.750000       35.2555809      -1.48466788E-05
   232.500000       35.2555809      -1.02571212E-05
   236.250000       35.2555809      -2.34297477E-05
   240.000000       35.2555809       4.43705358E-05
   243.750000       35.2555809      -8.17095861E-06
   247.500000       35.2555809       3.93041410E-05
   251.250000       35.2555809       3.19429673E-05
   255.000000       35.2555809       1.08147506E-04
   258.750000       35.2555809      -1.86017714E-05
   262.500000       35.2555809      -1.22701749E-06
   266.250000       35.2555809       1.73100270E-05
   270.000000       35.2555809       4.70364466E-06
   273.750000       35.2555809      -8.09784979E-07
   277.500000       35.2555809       1.95750035E-05
   281.250000       35.2555809       1.49258412E-05
   285.000000       35.2555809       2.52672471E-05
   288.750000       35.2555809      -3.07313167E-05
   292.500000       35.2555809      -1.36247836E-05
   296.250000       35.2555809      -2.04495154E-05
   300.000000       35.2555809      -1.23730861E-05
   303.750000       35.2555809      -2.54265033E-05
   307.500000       35.2555809      -9.98890027E-06
   311.250000       35.2555809      -1.42506324E-05
   315.000000       35.2555809      -3.49245965E-08
   318.750000       35.2555809       2.74428166E-05
   322.500000       35.2555809       3.05720605E-05
   326.250000       35.2555809      -3.06121074E-05
   330.000000       35.2555809      -2.32211314E-05
   333.750000       35.2555809      -4.28906642E-05
   337.500000       35.2555809      -7.03847036E-06
   341.250000       35.2555809      -1.56811439E-05
   345.000000       35.2555809      -2.92574987E-06
   348.750000       35.2555809       7.28019513E-05
   352.500000       35.2555809       6.09406270E-05
   356.250000       35.2555809      -2.30721198E-05
   360.000000       35.2555809       7.32624903E-06
   0.00000000       38.9666100      -1.33310910E-04
   3.75000000       38.9666100       1.51062850E-04
   7.50000000       38.9666100       1.93067826E-05
   11.2500000       38.9666100       1.22138299E-05
   15.0000000       38.9666100      -3.20128165E-05
   18.7500000       38.9666100       3.14959325E-05
   22.5000000       38.9666100       6.81960955E-06
   26.2500000       38.9666100       6.22221269E-05
   30.0000000       38.9666100      -1.43698417E-05
   33.7500000       38.9666100      -1.96448527E-05
   37.5000000       38.9666100       1.33761205E-05
   41.2500000       38.9666100      -3.35327350E-05
   45.0000000       38.9666100      -1.97207555E-06
   48.7500000       38.9666100      -1.48867723E-04
   52.5000000       38.9666100      -3.70792113E-05
   56.2500000       38.9666100      -3.37413512E-05
   60.0000000       38.9666100       7.39935786E-07
   63.7500000       38.9666100      -3.24002467E-05
   67.5000000       38.9666100      -6.29341230E-06
   71.2500000       38.9666100      -2.19396316E-05
   75.0000000       38.9666100      -7.84746371E-05
   78.7500000       38.9666100      -5.17717563E-05
   82.5000000       38.9666100       6.99842349E-06
   86.2500000       38.9666100       1.63400546E-06
   90.0000000       38.9666100      -5.71366400E-07
   93.7500000       38.9666100      -8.27661715E-05
   97.5000000       38.9666100       2.72640027E-05
   101.250000       38.9666100      -4.88511287E-05
   105.000000       38.9666100       1.70716085E-05
   108.750000       38.9666100       5.80633059E-06
   112.500000       38.9666100       2.14064494E-06
   116.250000       38.9666100      -6.15171157E-05
   120.000000       38.9666100      -1.35949813E-05
   123.750000       38.9666100      -1.35353766E-05
   127.500000       38.9666100       2.35089101E-05
   131.250000       38.9666100      -8.37957487E-06
   135.000000       38.9666100       1.37933530E-05
   138.750000       38.9666100       2.31214799E-05
   142.500000       38.9666100       2.13929452E-05
   146.250000       38.9666100      -2.94796191E-05
   150.000000       38.9666100      -3.71984206E-05
   153.750000       38.9666100      -4.05823812E-06
   157.500000       38.9666100      -2.56649218E-05
   161.250000       38.9666100      -2.01514922E-05
   165.000000       38.9666100       1.14087015E-07
   168.750000       38.9666100      -1.10021792E-05
   172.500000       38.9666100       5.34602441E-05
   176.250000       38.9666100      -2.50851735E-06
   180.000000       38.9666100      -1.47572719E-05
   183.750000       38.9666100      -9.06502828E-06
   187.500000       38.9666100      -2.70656310E-05
   191.250000       38.9666100      -2.97180377E-05
   195.000000       38.9666100      -3.45758162E-05
   198.750000       38.9666100      -2.98372470E-05
   202.500000       38.9666100      -2.82279216E-05
   206.250000       38.9666100      -2.22078525E-05
   210.000000       38.9666100      -1.24922954E-05
   213.750000       38.9666100      -1.20154582E-05
   217.500000       38.9666100       4.13605012E-05
   221.250000       38.9666100       2.39857472E-05
   225.000000       38.9666100       3.42214480E-06
   228.750000       38.9666100      -3.67215835E-05
   232.500000       38.9666100      -3.81818973E-05
   236.250000       38.9666100      -5.22052869E-06
   240.000000       38.9666100       3.21352854E-06
   243.750000       38.9666100      -2.36383639E-05
   247.500000       38.9666100       1.66245736E-05
   251.250000       38.9666100      -2.06148252E-06
   255.000000       38.9666100       1.39721669E-05
   258.750000       38.9666100       9.78354365E-07
   262.500000       38.9666100      -4.44566831E-06
   266.250000       38.9666100      -1.08829699E-05
   270.000000       38.9666100      -3.01515684E-06
   273.750000       38.9666100       1.33761205E-05
   277.500000       38.9666100       7.35605136E-06
   281.250000       38.9666100       5.71692362E-06
   285.000000       38.9666100       1.02157239E-04
   288.750000       38.9666100      -2.57543288E-05
   292.500000       38.9666100      -2.52178870E-05
   296.250000       38.9666100      -1.43698417E-05
   300.000000       38.9666100      -1.24624930E-05
   303.750000       38.9666100       1.21244229E-05
   307.500000       38.9666100       2.35387124E-05
   311.250000       38.9666100       1.85617246E-05
   315.000000       38.9666100       8.39913264E-06
   318.750000       38.9666100       8.30837525E-05
   322.500000       38.9666100      -1.16741285E-06
   326.250000       38.9666100       1.03064813E-05
   330.000000       38.9666100       4.00193967E-05
   333.750000       38.9666100      -3.53804789E-05
   337.500000       38.9666100      -3.09995376E-05
   341.250000       38.9666100       4.58443537E-06
   345.000000       38.9666100       8.69715586E-06
   348.750000       38.9666100       3.66815366E-05
   352.500000       38.9666100      -1.04657374E-05
   356.250000       38.9666100      -4.17744741E-06
   360.000000       38.9666100      -1.33310910E-04
   0.00000000       42.6776047       1.34357251E-05
   3.75000000       42.6776047       5.30132093E-05
   7.50000000       42.6776047      -4.73312102E-05
   11.2500000       42.6776047      -2.01409217E-04
   15.0000000       42.6776047      -2.11349688E-05
   18.7500000       42.6776047      -3.82116996E-05
   22.5000000       42.6776047      -8.11135396E-06
   26.2500000       42.6776047      -1.76778995E-05
   30.0000000       42.6776047       2.82772817E-05
   33.7500000       42.6776047       2.17803754E-05
   37.5000000       42.6776047      -3.42181884E-05
   41.2500000       42.6776047       1.76080503E-05
   45.0000000       42.6776047      -4.35626134E-06
   48.7500000       42.6776047      -8.64616595E-05
   52.5000000       42.6776047       3.07806768E-05
   56.2500000       42.6776047       2.42241658E-05
   60.0000000       42.6776047      -2.32509337E-05
   63.7500000       42.6776047      -1.79759227E-05
   67.5000000       42.6776047      -3.55159864E-06
   71.2500000       42.6776047       2.34791078E-05
   75.0000000       42.6776047       5.91822900E-05
   78.7500000       42.6776047       4.64268960E-05
   82.5000000       42.6776047      -1.27307139E-05
   86.2500000       42.6776047       1.40913762E-05
   90.0000000       42.6776047       7.75107183E-05
   93.7500000       42.6776047       9.46172513E-05
   97.5000000       42.6776047       1.05644111E-04
   101.250000       42.6776047      -6.06826507E-05
   105.000000       42.6776047       3.93637456E-05
   108.750000       42.6776047       1.33598223E-06
   112.500000       42.6776047      -1.28201209E-05
   116.250000       42.6776047      -2.35950574E-06
   120.000000       42.6776047      -3.94335948E-05
   123.750000       42.6776047       5.39370812E-05
   127.500000       42.6776047       1.15716830E-06
   131.250000       42.6776047       1.66768674E-04
   135.000000       42.6776047       2.88570300E-06
   138.750000       42.6776047       2.88435258E-05
   142.500000       42.6776047       1.21081714E-04
   146.250000       42.6776047       1.12647656E-04
   150.000000       42.6776047      -2.95392238E-05
   153.750000       42.6776047      -3.07476148E-06
   157.500000       42.6776047      -1.64262019E-05
   161.250000       42.6776047       1.63043384E-04
   165.000000       42.6776047      -9.58796591E-07
   168.750000       42.6776047      -1.48168765E-05
   172.500000       42.6776047      -2.06148252E-06
   176.250000       42.6776047       6.87190332E-05
   180.000000       42.6776047       2.12141313E-05
   183.750000       42.6776047      -1.04657374E-05
   187.500000       42.6776047      -1.82739459E-05
   191.250000       42.6776047      -2.38171779E-05
   195.000000       42.6776047      -1.92872249E-05
   198.750000       42.6776047      -3.86587344E-05
   202.500000       42.6776047      -4.34569083E-05
   206.250000       42.6776047      -2.34595500E-05
   210.000000       42.6776047      -2.72444449E-05
   213.750000       42.6776047      -2.30125152E-05
   217.500000       42.6776047      -2.25952826E-05
   221.250000       42.6776047      -5.07882796E-05
   225.000000       42.6776047      -1.36545859E-05
   228.750000       42.6776047       1.77348498E-04
   232.500000       42.6776047      -9.36305150E-06
   236.250000       42.6776047       4.47877683E-05
   240.000000       42.6776047       1.14091672E-05
   243.750000       42.6776047       2.89925374E-05
   247.500000       42.6776047      -1.85421668E-05
   251.250000       42.6776047       2.27595214E-04
   255.000000       42.6776047      -3.15955840E-05
   258.750000       42.6776047       1.46278180E-05
   262.500000       42.6776047       6.90901652E-06
   266.250000       42.6776047      -1.65454112E-05
   270.000000       42.6776047      -3.96883115E-06
   273.750000       42.6776047      -1.00319739E-04
   277.500000       42.6776047       5.14336862E-05
   281.250000       42.6776047      -5.18015586E-05
   285.000000       42.6776047      -2.92574987E-06
   288.750000       42.6776047       1.07535161E-05
   292.500000       42.6776047      -1.84825622E-05
   296.250000       42.6776047      -7.20378011E-07
   300.000000       42.6776047       1.29290856E-05
   303.750000       42.6776047       1.36578456E-06
   307.500000       42.6776047       1.28694810E-05
   311.250000       42.6776047      -1.04955398E-05
   315.000000       42.6776047       1.60285272E-05
   318.750000       42.6776047      -2.91517936E-05
   322.500000       42.6776047       3.07210721E-05
   326.250000       42.6776047      -9.98890027E-06
   330.000000       42.6776047       4.17479314E-05
   333.750000       42.6776047      -5.82388602E-05
   337.500000       42.6776047      -2.05985270E-05
   341.250000       42.6776047      -1.31479464E-05
   345.000000       42.6776047       3.50424089E-05
   348.750000       42.6776047       2.41721515E-04
   352.500000       42.6776047      -1.20154582E-05
   356.250000       42.6776047      -1.26711093E-05
   360.000000       42.6776047       1.34357251E-05
   0.00000000       46.3885536       1.05150975E-05
   3.75000000       46.3885536       2.79196538E-05
   7.50000000       46.3885536       1.21677294E-06
   11.2500000       46.3885536      -8.20076093E-06
   15.0000000       46.3885536       7.05802813E-06
   18.7500000       46.3885536       4.85130586E-05
   22.5000000       46.3885536      -1.70385465E-06
   26.2500000       46.3885536      -1.85286626E-06
   30.0000000       46.3885536      -4.91491519E-05
   33.7500000       46.3885536      -2.28038989E-05
   37.5000000       46.3885536      -9.45292413E-08
   41.2500000       46.3885536       2.71745957E-05
   45.0000000       46.3885536      -2.84067355E-05
   48.7500000       46.3885536      -1.34459697E-05
   52.5000000       46.3885536      -5.19072637E-06
   56.2500000       46.3885536       1.18860044E-05
   60.0000000       46.3885536       6.11194409E-05
   63.7500000       46.3885536      -2.59033404E-05
   67.5000000       46.3885536      -1.63069926E-05
   71.2500000       46.3885536      -1.37439929E-05
   75.0000000       46.3885536      -1.49360858E-05
   78.7500000       46.3885536      -6.22025691E-05
   82.5000000       46.3885536       1.33761205E-05
   86.2500000       46.3885536      -7.60010444E-05
   90.0000000       46.3885536      -5.91031276E-05
   93.7500000       46.3885536      -2.03005038E-05
   97.5000000       46.3885536      -3.84962186E-06
   101.250000       46.3885536      -1.51447020E-05
   105.000000       46.3885536       2.86945142E-05
   108.750000       46.3885536       7.47526065E-06
   112.500000       46.3885536       2.20783986E-05
   116.250000       46.3885536      -6.44242391E-06
   120.000000       46.3885536       3.08104791E-05
   123.750000       46.3885536       3.95425595E-05
   127.500000       46.3885536       8.35605897E-05
   131.250000       46.3885536       1.04256906E-05
   135.000000       46.3885536      -3.66917811E-05
   138.750000       46.3885536       8.27261247E-05
   142.500000       46.3885536       1.28396787E-05
   146.250000       46.3885536       7.59446993E-06
   150.000000       46.3885536      -9.77567397E-05
   153.750000       46.3885536      -1.10915862E-05
   157.500000       46.3885536      -7.81333074E-06
   161.250000       46.3885536       1.83636788E-04
   165.000000       46.3885536      -1.73365697E-06
   168.750000       46.3885536       7.15800561E-05
   172.500000       46.3885536       1.89789571E-05
   176.250000       46.3885536      -2.59792432E-06
   180.000000       46.3885536      -1.44592486E-05
   183.750000       46.3885536      -3.65427695E-05
   187.500000       46.3885536       4.11220826E-05
   191.250000       46.3885536      -5.11761755E-07
   195.000000       46.3885536       1.69361010E-06
   198.750000       46.3885536       5.83613291E-06
   202.500000       46.3885536      -3.14465724E-05
   206.250000       46.3885536      -1.52937137E-05
   210.000000       46.3885536      -1.29095279E-05
   213.750000       46.3885536      -4.73610125E-05
   217.500000       46.3885536      -4.62285243E-05
   221.250000       46.3885536      -1.77971087E-05
   225.000000       46.3885536      -1.52639113E-05
   228.750000       46.3885536      -1.61579810E-05
   232.500000       46.3885536      -4.02680598E-05
   236.250000       46.3885536      -3.16535588E-04
   240.000000       46.3885536       5.11654653E-05
   243.750000       46.3885536       1.14091672E-05
   247.500000       46.3885536      -3.35029326E-05
   251.250000       46.3885536       6.93881884E-06
   255.000000       46.3885536      -6.60773367E-07
   258.750000       46.3885536       3.21515836E-05
   262.500000       46.3885536      -1.19721517E-06
   266.250000       46.3885536      -4.29665670E-06
   270.000000       46.3885536       1.19158067E-05
   273.750000       46.3885536      -5.72716817E-06
   277.500000       46.3885536      -1.14922877E-04
   281.250000       46.3885536       1.05150975E-05
   285.000000       46.3885536      -1.02571212E-05
   288.750000       46.3885536       5.80633059E-06
   292.500000       46.3885536       5.62751666E-06
   296.250000       46.3885536       1.03051309E-04
   300.000000       46.3885536      -1.92200299E-04
   303.750000       46.3885536       1.08131208E-05
   307.500000       46.3885536       2.90819444E-05
   311.250000       46.3885536      -4.77349386E-06
   315.000000       46.3885536      -3.69301997E-05
   318.750000       46.3885536      -3.82116996E-05
   322.500000       46.3885536      -7.15767965E-06
   326.250000       46.3885536      -3.73041257E-06
   330.000000       46.3885536      -1.50850974E-05
   333.750000       46.3885536      -5.62719069E-05
   337.500000       46.3885536       9.48552042E-07
   341.250000       46.3885536       1.24224462E-05
   345.000000       46.3885536      -1.94227323E-06
   348.750000       46.3885536       1.34655274E-05
   352.500000       46.3885536       1.47768296E-05
   356.250000       46.3885536       4.01819125E-06
   360.000000       46.3885536       1.05150975E-05
   0.00000000       50.0994530      -6.75371848E-05
   3.75000000       50.0994530      -3.93902883E-06
   7.50000000       50.0994530      -2.35950574E-06
   11.2500000       50.0994530      -3.67080793E-06
   15.0000000       50.0994530       1.97538175E-05
   18.7500000       50.0994530       4.57414426E-05
   22.5000000       50.0994530       2.30618753E-05
   26.2500000       50.0994530      -7.90273771E-06
   30.0000000       50.0994530      -1.10915862E-05
   33.7500000       50.0994530      -1.58301555E-05
   37.5000000       50.0994530      -1.23134814E-05
   41.2500000       50.0994530       2.66977586E-05
   45.0000000       50.0994530      -2.31615268E-05
   48.7500000       50.0994530       8.66735354E-06
   52.5000000       50.0994530       3.41781415E-05
   56.2500000       50.0994530       2.54162587E-05
   60.0000000       50.0994530       1.00978650E-05
   63.7500000       50.0994530       5.93909062E-05
   67.5000000       50.0994530       4.15393151E-05
   71.2500000       50.0994530      -2.28635035E-05
   75.0000000       50.0994530      -4.67947684E-05
   78.7500000       50.0994530      -2.40853988E-05
   82.5000000       50.0994530       6.37257472E-06
   86.2500000       50.0994530      -2.14925967E-05
   90.0000000       50.0994530      -6.15171157E-05
   93.7500000       50.0994530       8.17724504E-05
   97.5000000       50.0994530       2.30022706E-05
   101.250000       50.0994530       1.47470273E-05
   105.000000       50.0994530       1.48066320E-05
   108.750000       50.0994530       1.52834691E-05
   112.500000       50.0994530       2.36281194E-05
   116.250000       50.0994530      -1.89295970E-05
   120.000000       50.0994530      -1.38035975E-05
   123.750000       50.0994530      -2.27009878E-06
   127.500000       50.0994530       2.94395722E-05
   131.250000       50.0994530      -6.82985410E-06
   135.000000       50.0994530      -2.38767825E-05
   138.750000       50.0994530      -2.19694339E-05
   142.500000       50.0994530      -3.97614203E-05
   146.250000       50.0994530      -3.11187468E-05
   150.000000       50.0994530       1.75782479E-05
   153.750000       50.0994530       3.51616181E-05
   157.500000       50.0994530       1.45980157E-05
   161.250000       50.0994530      -1.81547366E-05
   165.000000       50.0994530      -3.55592929E-05
   168.750000       50.0994530      -2.44430266E-05
   172.500000       50.0994530      -3.70196067E-05
   176.250000       50.0994530      -3.92845832E-05
   180.000000       50.0994530      -3.10293399E-05
   183.750000       50.0994530      -3.16551886E-05
   187.500000       50.0994530      -5.85070811E-05
   191.250000       50.0994530       5.17317094E-05
   195.000000       50.0994530       4.36254777E-05
   198.750000       50.0994530       1.20350160E-05
   202.500000       50.0994530       3.00491229E-06
   206.250000       50.0994530      -9.39285383E-06
   210.000000       50.0994530       1.43893994E-05
   213.750000       50.0994530      -3.33837233E-05
   217.500000       50.0994530      -2.31615268E-05
   221.250000       50.0994530      -2.39661895E-05
   225.000000       50.0994530      -1.48168765E-05
   228.750000       50.0994530      -4.22354788E-07
   232.500000       50.0994530       2.86454801E-04
   236.250000       50.0994530      -1.61281787E-05
   240.000000       50.0994530      -4.91789542E-05
   243.750000       50.0994530       1.88895501E-05
   247.500000       50.0994530       3.97511758E-05
   251.250000       50.0994530      -1.35949813E-05
   255.000000       50.0994530       3.01846303E-05
   258.750000       50.0994530       2.89627351E-05
   262.500000       50.0994530       7.96862878E-05
   266.250000       50.0994530      -1.36247836E-05
   270.000000       50.0994530      -9.89949331E-06
   273.750000       50.0994530      -4.52157110E-07
   277.500000       50.0994530       2.34926119E-06
   281.250000       50.0994530      -2.83634290E-06
   285.000000       50.0994530      -4.89270315E-06
   288.750000       50.0994530       1.08131208E-05
   292.500000       50.0994530       5.56791201E-06
   296.250000       50.0994530      -1.07144471E-04
   300.000000       50.0994530       2.87541188E-05
   303.750000       50.0994530      -5.39771281E-05
   307.500000       50.0994530      -1.46976672E-05
   311.250000       50.0994530      -2.35191546E-05
   315.000000       50.0994530       1.65649690E-05
   318.750000       50.0994530      -1.04359351E-05
   322.500000       50.0994530      -1.78567134E-05
   326.250000       50.0994530       3.70987691E-05
   330.000000       50.0994530      -4.69139777E-05
   333.750000       50.0994530      -3.11485492E-05
   337.500000       50.0994530      -9.45292413E-08
   341.250000       50.0994530       6.52158633E-06
   345.000000       50.0994530       7.41565600E-06
   348.750000       50.0994530      -4.15793620E-05
   352.500000       50.0994530       1.51940621E-05
   356.250000       50.0994530       3.34032811E-05
   360.000000       50.0994530      -6.75371848E-05
   0.00000000       53.8102722       1.39469747E-04
   3.75000000       53.8102722       1.72206201E-05
   7.50000000       53.8102722       2.47606076E-05
   11.2500000       53.8102722       2.64891423E-05
   15.0000000       53.8102722      -3.46950255E-05
   18.7500000       53.8102722       7.10133463E-07
   22.5000000       53.8102722      -4.06256877E-05
   26.2500000       53.8102722      -1.16876327E-05
   30.0000000       53.8102722       4.88245860E-06
   33.7500000       53.8102722       8.66735354E-06
   37.5000000       53.8102722       2.14064494E-06
   41.2500000       53.8102722       1.78464688E-05
   45.0000000       53.8102722       1.78464688E-05
   48.7500000       53.8102722      -7.62692653E-05
   52.5000000       53.8102722       2.51778401E-05
   56.2500000       53.8102722       1.67139806E-05
   60.0000000       53.8102722      -9.75048169E-06
   63.7500000       53.8102722       5.09270467E-05
   67.5000000       53.8102722      -1.08531676E-05
   71.2500000       53.8102722       9.71043482E-06
   75.0000000       53.8102722       3.14661302E-05
   78.7500000       53.8102722      -1.74394809E-05
   82.5000000       53.8102722       9.56305303E-05
   86.2500000       53.8102722      -2.15088949E-06
   90.0000000       53.8102722       2.79629603E-06
   93.7500000       53.8102722      -7.51530752E-06
   97.5000000       53.8102722       2.82609835E-06
   101.250000       53.8102722       8.59145075E-07
   105.000000       53.8102722      -1.12405978E-05
   108.750000       53.8102722      -1.80070754E-04
   112.500000       53.8102722      -1.61579810E-05
   116.250000       53.8102722       8.54814425E-06
   120.000000       53.8102722       2.20024958E-06
   123.750000       53.8102722       1.48960389E-05
   127.500000       53.8102722       3.51155177E-06
   131.250000       53.8102722      -2.99862586E-05
   135.000000       53.8102722      -2.41450034E-05
   138.750000       53.8102722      -6.42291270E-05
   142.500000       53.8102722       7.01793469E-05
   146.250000       53.8102722       4.61423770E-06
   150.000000       53.8102722       1.45980157E-05
   153.750000       53.8102722       1.16177835E-05
   157.500000       53.8102722      -1.18962489E-05
   161.250000       53.8102722       2.00816430E-05
   165.000000       53.8102722      -2.29529105E-05
   168.750000       53.8102722      -3.18042003E-05
   172.500000       53.8102722      -7.21728429E-06
   176.250000       53.8102722      -1.61579810E-05
   180.000000       53.8102722      -5.91627322E-05
   183.750000       53.8102722      -3.71984206E-05
   187.500000       53.8102722      -2.05687247E-05
   191.250000       53.8102722       7.98190013E-06
   195.000000       53.8102722       1.21975783E-04
   198.750000       53.8102722       5.73047437E-05
   202.500000       53.8102722       3.28370370E-05
   206.250000       53.8102722      -6.10104762E-05
   210.000000       53.8102722      -3.03438865E-05
   213.750000       53.8102722      -3.87779437E-05
   217.500000       53.8102722      -9.86969098E-06
   221.250000       53.8102722      -2.21184455E-05
   225.000000       53.8102722       2.58334912E-05
   228.750000       53.8102722      -1.53533183E-05
   232.500000       53.8102722      -9.58796591E-07
   236.250000       53.8102722      -8.09784979E-07
   240.000000       53.8102722      -3.43238935E-06
   243.750000       53.8102722       1.87703408E-05
   247.500000       53.8102722       1.51344575E-05
   251.250000       53.8102722       9.44221392E-06
   255.000000       53.8102722       6.31297007E-06
   258.750000       53.8102722       4.73344699E-06
   262.500000       53.8102722      -3.40393744E-05
   266.250000       53.8102722      -2.00024806E-05
   270.000000       53.8102722       5.12087718E-06
   273.750000       53.8102722       7.44545832E-06
   277.500000       53.8102722       9.87597741E-05
   281.250000       53.8102722      -3.53804789E-05
   285.000000       53.8102722      -4.05823812E-06
   288.750000       53.8102722      -2.31615268E-05
   292.500000       53.8102722      -8.55838880E-06
   296.250000       53.8102722      -1.00140925E-04
   300.000000       53.8102722       3.90061177E-05
   303.750000       53.8102722      -1.74318906E-04
   307.500000       53.8102722       4.55626287E-05
   311.250000       53.8102722       2.86051072E-05
   315.000000       53.8102722       6.56195916E-05
   318.750000       53.8102722       9.88924876E-06
   322.500000       53.8102722       4.46522608E-06
   326.250000       53.8102722      -2.21184455E-05
   330.000000       53.8102722      -4.10429202E-05
   333.750000       53.8102722      -2.28635035E-05
   337.500000       53.8102722      -2.73343176E-07
   341.250000       53.8102722       4.07779589E-06
   345.000000       53.8102722      -1.04657374E-05
   348.750000       53.8102722      -3.24002467E-05
   352.500000       53.8102722      -1.18366443E-05
   356.250000       53.8102722       7.87624158E-05
   360.000000       53.8102722       1.39469747E-04
   0.00000000       57.5209885      -9.51206312E-06
   3.75000000       57.5209885      -7.51530752E-06
   7.50000000       57.5209885      -8.08155164E-06
   11.2500000       57.5209885      -4.25032340E-05
   15.0000000       57.5209885      -2.38469802E-05
   18.7500000       57.5209885      -3.72878276E-05
   22.5000000       57.5209885      -3.07015143E-05
   26.2500000       57.5209885       2.19293870E-05
   30.0000000       57.5209885      -5.07286750E-05
   33.7500000       57.5209885       1.45682134E-05
   37.5000000       57.5209885       1.40913762E-05
   41.2500000       57.5209885      -2.21049413E-06
   45.0000000       57.5209885       1.30617991E-06
   48.7500000       57.5209885       2.55652703E-05
   52.5000000       57.5209885       2.16611661E-05
   56.2500000       57.5209885      -5.90598211E-06
   60.0000000       57.5209885       1.21542253E-05
   63.7500000       57.5209885       4.56222333E-05
   67.5000000       57.5209885      -2.43238173E-05
   71.2500000       57.5209885       4.73344699E-06
   75.0000000       57.5209885       1.36578456E-06
   78.7500000       57.5209885       7.44545832E-06
   82.5000000       57.5209885       1.31675042E-05
   86.2500000       57.5209885      -4.02843580E-06
   90.0000000       57.5209885       1.18562020E-05
   93.7500000       57.5209885      -9.81008634E-06
   97.5000000       57.5209885      -6.50202855E-06
   101.250000       57.5209885      -2.56812200E-06
   105.000000       57.5209885      -4.11784276E-06
   108.750000       57.5209885      -2.27740966E-05
   112.500000       57.5209885      -9.66107473E-06
   116.250000       57.5209885       4.94206324E-06
   120.000000       57.5209885      -1.49956904E-05
   123.750000       57.5209885       3.52505594E-07
   127.500000       57.5209885      -4.14601527E-05
   131.250000       57.5209885      -3.16551886E-05
   135.000000       57.5209885      -1.33267604E-05
   138.750000       57.5209885      -2.06148252E-06
   142.500000       57.5209885       3.57278623E-05
   146.250000       57.5209885       4.67249192E-05
   150.000000       57.5209885       2.31512822E-05
   153.750000       57.5209885       5.61126508E-05
   157.500000       57.5209885      -1.70385465E-06
   161.250000       57.5209885       1.49556436E-05
   165.000000       57.5209885       1.24820508E-05
   168.750000       57.5209885      -2.60821544E-05
   172.500000       57.5209885       2.03493983E-07
   176.250000       57.5209885      -1.41016208E-05
   180.000000       57.5209885      -5.03710471E-05
   183.750000       57.5209885       1.21290330E-04
   187.500000       57.5209885      -3.28174792E-05
   191.250000       57.5209885      -4.02382575E-05
   195.000000       57.5209885      -1.22538768E-05
   198.750000       57.5209885      -2.13738531E-07
   202.500000       57.5209885      -4.10131179E-05
   206.250000       57.5209885      -9.28691588E-05
   210.000000       57.5209885      -1.21644698E-05
   213.750000       57.5209885      -3.00756656E-05
   217.500000       57.5209885       1.96942128E-05
   221.250000       57.5209885       4.97051515E-05
   225.000000       57.5209885      -1.01869460E-04
   228.750000       57.5209885       7.11763278E-06
   232.500000       57.5209885       1.33598223E-06
   236.250000       57.5209885       7.38585368E-06
   240.000000       57.5209885       2.55787745E-06
   243.750000       57.5209885      -4.32645902E-06
   247.500000       57.5209885      -1.81249343E-05
   251.250000       57.5209885      -8.08155164E-06
   255.000000       57.5209885      -1.01081096E-05
   258.750000       57.5209885       1.02766789E-05
   262.500000       57.5209885       4.10759822E-06
   266.250000       57.5209885       2.31512822E-05
   270.000000       57.5209885      -4.68408689E-06
   273.750000       57.5209885      -1.09127723E-05
   277.500000       57.5209885      -7.81468116E-05
   281.250000       57.5209885       8.66735354E-06
   285.000000       57.5209885      -2.33105384E-05
   288.750000       57.5209885      -3.70792113E-05
   292.500000       57.5209885      -4.57218848E-05
   296.250000       57.5209885       6.64838590E-05
   300.000000       57.5209885       5.79305924E-05
   303.750000       57.5209885       2.97673978E-05
   307.500000       57.5209885       5.99571504E-05
   311.250000       57.5209885       4.59500588E-05
   315.000000       57.5209885       1.36741437E-05
   318.750000       57.5209885       1.14091672E-05
   322.500000       57.5209885      -2.14925967E-05
   326.250000       57.5209885      -5.79706393E-05
   330.000000       57.5209885      -2.21482478E-05
   333.750000       57.5209885       1.19754113E-05
   337.500000       57.5209885       3.73371877E-05
   341.250000       57.5209885       3.28668393E-05
   345.000000       57.5209885      -3.61120328E-06
   348.750000       57.5209885       1.23628415E-05
   352.500000       57.5209885      -4.36059199E-05
   356.250000       57.5209885       1.68854836E-04
   360.000000       57.5209885      -9.51206312E-06
   0.00000000       61.2315712      -3.50526534E-05
   3.75000000       61.2315712      -6.74477778E-05
   7.50000000       61.2315712      -1.42804347E-05
   11.2500000       61.2315712       8.01170245E-06
   15.0000000       61.2315712      -2.83634290E-06
   18.7500000       61.2315712      -6.10402785E-05
   22.5000000       61.2315712      -1.19260512E-05
   26.2500000       61.2315712      -6.20400533E-06
   30.0000000       61.2315712      -6.08912669E-05
   33.7500000       61.2315712       1.73691660E-07
   37.5000000       61.2315712      -1.07935630E-05
   41.2500000       61.2315712      -9.09483060E-06
   45.0000000       61.2315712      -1.32075511E-05
   48.7500000       61.2315712       6.37257472E-06
   52.5000000       61.2315712       4.16720286E-06
   56.2500000       61.2315712       4.10759822E-06
   60.0000000       61.2315712      -1.60089694E-05
   63.7500000       61.2315712      -2.15088949E-06
   67.5000000       61.2315712      -1.21346675E-05
   71.2500000       61.2315712       4.40427102E-05
   75.0000000       61.2315712       5.42947091E-05
   78.7500000       61.2315712       1.03660859E-05
   82.5000000       61.2315712      -4.52157110E-07
   86.2500000       61.2315712       1.45519152E-06
   90.0000000       61.2315712      -3.96720134E-05
   93.7500000       61.2315712      -9.86969098E-06
   97.5000000       61.2315712       2.02143565E-06
   101.250000       61.2315712      -3.81981954E-06
   105.000000       61.2315712       1.30617991E-06
   108.750000       61.2315712      -1.19721517E-06
   112.500000       61.2315712       1.73691660E-07
   116.250000       61.2315712       2.65487470E-05
   120.000000       61.2315712       1.04852952E-05
   123.750000       61.2315712       4.34601679E-06
   127.500000       61.2315712       1.23926438E-05
   131.250000       61.2315712      -1.03167258E-05
   135.000000       61.2315712       3.69036570E-06
   138.750000       61.2315712      -2.32211314E-05
   142.500000       61.2315712       1.65351667E-05
   146.250000       61.2315712      -7.84313306E-06
   150.000000       61.2315712      -7.70143233E-05
   153.750000       61.2315712       8.27261247E-05
   157.500000       61.2315712       3.38310841E-04
   161.250000       61.2315712      -1.56646129E-04
   165.000000       61.2315712      -1.42506324E-05
   168.750000       61.2315712      -1.04657374E-05
   172.500000       61.2315712      -8.76700506E-06
   176.250000       61.2315712       3.09296884E-05
   180.000000       61.2315712       5.09568490E-05
   183.750000       61.2315712      -1.66348182E-05
   187.500000       61.2315712       7.08946027E-05
   191.250000       61.2315712       2.98568048E-05
   195.000000       61.2315712       1.48066320E-05
   198.750000       61.2315712       1.83829106E-05
   202.500000       61.2315712      -1.76345930E-06
   206.250000       61.2315712       3.45194712E-06
   210.000000       61.2315712       1.16402749E-04
   213.750000       61.2315712      -2.57841311E-05
   217.500000       61.2315712      -5.66756353E-06
   221.250000       61.2315712      -4.53507528E-06
   225.000000       61.2315712      -2.24029645E-06
   228.750000       61.2315712       3.97511758E-05
   232.500000       61.2315712      -9.12463292E-06
   236.250000       61.2315712      -4.62285243E-05
   240.000000       61.2315712      -1.20154582E-05
   243.750000       61.2315712       2.44327821E-05
   247.500000       61.2315712       6.78980723E-06
   251.250000       61.2315712      -1.38930045E-05
   255.000000       61.2315712      -2.64397822E-05
   258.750000       61.2315712       1.34357251E-05
   262.500000       61.2315712       6.78980723E-06
   266.250000       61.2315712       2.82474793E-05
   270.000000       61.2315712      -1.39526092E-05
   273.750000       61.2315712      -3.96720134E-05
   277.500000       61.2315712      -2.50986777E-05
   281.250000       61.2315712      -8.73720273E-06
   285.000000       61.2315712      -1.10021792E-05
   288.750000       61.2315712      -4.26522456E-05
   292.500000       61.2315712       9.26502980E-05
   296.250000       61.2315712      -1.12107955E-05
   300.000000       61.2315712       4.90793027E-05
   303.750000       61.2315712       3.54596414E-05
   307.500000       61.2315712      -5.93117438E-05
   311.250000       61.2315712      -2.71772500E-04
   315.000000       61.2315712       4.95859422E-05
   318.750000       61.2315712       2.71745957E-05
   322.500000       61.2315712      -4.19965945E-05
   326.250000       61.2315712      -4.71821986E-05
   330.000000       61.2315712      -4.91193496E-05
   333.750000       61.2315712      -1.02273189E-05
   337.500000       61.2315712       2.48798169E-05
   341.250000       61.2315712      -3.40691768E-05
   345.000000       61.2315712      -2.47410499E-05
   348.750000       61.2315712       1.45384111E-05
   352.500000       61.2315712      -2.40853988E-05
   356.250000       61.2315712       2.05882825E-05
   360.000000       61.2315712      -3.50526534E-05
   0.00000000       64.9419479       2.40886584E-06
   3.75000000       64.9419479       4.08538617E-05
   7.50000000       64.9419479      -6.53020106E-05
   11.2500000       64.9419479      -1.57987233E-04
   15.0000000       64.9419479      -1.48466788E-05
   18.7500000       64.9419479       1.10813417E-05
   22.5000000       64.9419479      -6.36926852E-05
   26.2500000       64.9419479      -9.45245847E-06
   30.0000000       64.9419479      -3.14763747E-05
   33.7500000       64.9419479      -4.60497104E-05
   37.5000000       64.9419479      -3.94931994E-05
   41.2500000       64.9419479       3.20025720E-05
   45.0000000       64.9419479       2.39857472E-05
   48.7500000       64.9419479       4.43542376E-06
   52.5000000       64.9419479      -1.91247091E-06
   56.2500000       64.9419479      -6.80005178E-06
   60.0000000       64.9419479      -2.61715613E-05
   63.7500000       64.9419479      -2.00918876E-05
   67.5000000       64.9419479       9.00872983E-05
   71.2500000       64.9419479       3.90955247E-05
   75.0000000       64.9419479       2.01412477E-05
   78.7500000       64.9419479      -4.85531054E-05
   82.5000000       64.9419479       2.35983171E-05
   86.2500000       64.9419479      -2.49496661E-05
   90.0000000       64.9419479      -1.61281787E-05
   93.7500000       64.9419479       7.32624903E-06
   97.5000000       64.9419479      -1.01081096E-05
   101.250000       64.9419479       4.79305163E-06
   105.000000       64.9419479       3.18372622E-06
   108.750000       64.9419479      -3.93902883E-06
   112.500000       64.9419479      -8.79680738E-06
   116.250000       64.9419479      -9.69087705E-06
   120.000000       64.9419479      -4.86290082E-06
   123.750000       64.9419479      -1.50850974E-05
   127.500000       64.9419479       1.70716085E-05
   131.250000       64.9419479       1.37039460E-05
   135.000000       64.9419479       2.97510996E-06
   138.750000       64.9419479       7.74348155E-06
   142.500000       64.9419479       7.08783045E-06
   146.250000       64.9419479      -1.54725276E-05
   150.000000       64.9419479      -3.08505259E-05
   153.750000       64.9419479       1.52238645E-05
   157.500000       64.9419479       1.58497132E-05
   161.250000       64.9419479      -3.45460139E-05
   165.000000       64.9419479      -2.93306075E-05
   168.750000       64.9419479       3.70391645E-05
   172.500000       64.9419479       2.25985423E-06
   176.250000       64.9419479      -1.62487384E-04
   180.000000       64.9419479      -7.94283114E-05
   183.750000       64.9419479      -2.16416083E-05
   187.500000       64.9419479      -1.06041785E-04
   191.250000       64.9419479      -4.89107333E-05
   195.000000       64.9419479      -2.79597007E-05
   198.750000       64.9419479       2.16909684E-05
   202.500000       64.9419479      -2.89594755E-06
   206.250000       64.9419479       3.27313319E-06
   210.000000       64.9419479       2.22572125E-05
   213.750000       64.9419479      -1.55023299E-05
   217.500000       64.9419479       5.56791201E-06
   221.250000       64.9419479      -1.12107955E-05
   225.000000       64.9419479      -1.25681981E-06
   228.750000       64.9419479       2.00518407E-05
   232.500000       64.9419479       2.05882825E-05
   236.250000       64.9419479      -4.77782451E-05
   240.000000       64.9419479       3.00952233E-05
   243.750000       64.9419479       6.34277239E-06
   247.500000       64.9419479      -1.95256434E-05
   251.250000       64.9419479      -3.49199399E-06
   255.000000       64.9419479      -9.30344686E-06
   258.750000       64.9419479       1.83531083E-05
   262.500000       64.9419479       2.65189447E-05
   266.250000       64.9419479      -9.00542364E-06
   270.000000       64.9419479      -4.21456061E-05
   273.750000       64.9419479      -2.15088949E-06
   277.500000       64.9419479      -9.82335769E-05
   281.250000       64.9419479      -4.53507528E-06
   285.000000       64.9419479       7.45900907E-05
   288.750000       64.9419479       1.36443414E-05
   292.500000       64.9419479      -1.19929668E-04
   296.250000       64.9419479       3.28072347E-05
   300.000000       64.9419479       4.10759822E-06
   303.750000       64.9419479      -1.28453132E-04
   307.500000       64.9419479       2.75620259E-05
   311.250000       64.9419479       9.56142321E-06
   315.000000       64.9419479      -7.62394629E-05
   318.750000       64.9419479      -2.28337012E-05
   322.500000       64.9419479      -4.43509780E-05
   326.250000       64.9419479      -5.68679534E-05
   330.000000       64.9419479       1.46278180E-05
   333.750000       64.9419479      -4.66457568E-05
   337.500000       64.9419479       9.29781236E-05
   341.250000       64.9419479      -5.56460582E-05
   345.000000       64.9419479      -2.43536197E-05
   348.750000       64.9419479       1.27204694E-05
   352.500000       64.9419479       1.12736598E-06
   356.250000       64.9419479       1.22138299E-05
   360.000000       64.9419479       2.40886584E-06
   0.00000000       68.6520157       1.06359366E-04
   3.75000000       68.6520157       1.06031541E-04
   7.50000000       68.6520157      -1.82441436E-05
   11.2500000       68.6520157       1.28442887E-04
   15.0000000       68.6520157      -2.83902045E-04
   18.7500000       68.6520157       1.32569112E-05
   22.5000000       68.6520157       1.69822015E-05
   26.2500000       68.6520157      -2.45026313E-05
   30.0000000       68.6520157      -2.53072940E-05
   33.7500000       68.6520157      -4.98346053E-05
   37.5000000       68.6520157      -3.41287814E-05
   41.2500000       68.6520157      -1.04820356E-06
   45.0000000       68.6520157       5.89573756E-06
   48.7500000       68.6520157      -1.46380626E-05
   52.5000000       68.6520157       4.16585244E-05
   56.2500000       68.6520157       7.16992654E-05
   60.0000000       68.6520157       2.72640027E-05
   63.7500000       68.6520157       1.07833184E-05
   67.5000000       68.6520157       1.40615739E-05
   71.2500000       68.6520157      -3.97316180E-05
   75.0000000       68.6520157      -3.97614203E-05
   78.7500000       68.6520157      -4.96855937E-05
   82.5000000       68.6520157      -2.07773410E-05
   86.2500000       68.6520157       1.75858382E-04
   90.0000000       68.6520157       3.78736295E-05
   93.7500000       68.6520157      -1.26711093E-05
   97.5000000       68.6520157       1.54459849E-06
   101.250000       68.6520157      -1.42506324E-05
   105.000000       68.6520157       1.38827600E-05
   108.750000       68.6520157       1.19456090E-05
   112.500000       68.6520157       1.39558688E-06
   116.250000       68.6520157       2.29128636E-05
   120.000000       68.6520157      -1.72308646E-05
   123.750000       68.6520157      -2.14627944E-05
   127.500000       68.6520157      -1.24922954E-05
   131.250000       68.6520157      -1.44294463E-05
   135.000000       68.6520157      -7.72392377E-06
   138.750000       68.6520157      -3.23108397E-05
   142.500000       68.6520157      -8.91736709E-05
   146.250000       68.6520157      -3.22810374E-05
   150.000000       68.6520157      -1.05551444E-05
   153.750000       68.6520157      -1.16280280E-05
   157.500000       68.6520157       1.73398294E-05
   161.250000       68.6520157      -5.22485934E-05
   165.000000       68.6520157      -1.60089694E-05
   168.750000       68.6520157      -2.61417590E-05
   172.500000       68.6520157      -3.71686183E-05
   176.250000       68.6520157      -2.09128484E-06
   180.000000       68.6520157      -3.70196067E-05
   183.750000       68.6520157      -4.89405356E-05
   187.500000       68.6520157      -5.07151708E-06
   191.250000       68.6520157       3.07210721E-05
   195.000000       68.6520157       4.82285395E-06
   198.750000       68.6520157      -1.86315738E-05
   202.500000       68.6520157      -3.59169208E-05
   206.250000       68.6520157      -2.46814452E-05
   210.000000       68.6520157      -1.31181441E-05
   213.750000       68.6520157       7.44545832E-06
   217.500000       68.6520157      -5.84637746E-06
   221.250000       68.6520157       7.17723742E-06
   225.000000       68.6520157      -5.21591865E-05
   228.750000       68.6520157       2.17505731E-05
   232.500000       68.6520157      -8.29016790E-06
   236.250000       68.6520157      -4.82848845E-05
   240.000000       68.6520157      -3.11187468E-05
   243.750000       68.6520157      -1.68434344E-05
   247.500000       68.6520157       7.90604390E-05
   251.250000       68.6520157       3.81120481E-05
   255.000000       68.6520157       1.26012601E-05
   258.750000       68.6520157       4.42811288E-05
   262.500000       68.6520157       4.55924310E-05
   266.250000       68.6520157       9.74023715E-06
   270.000000       68.6520157       6.23711385E-05
   273.750000       68.6520157      -4.11323272E-05
   277.500000       68.6520157      -6.85802661E-05
   281.250000       68.6520157       2.23840121E-04
   285.000000       68.6520157       2.60719098E-05
   288.750000       68.6520157      -3.99104320E-05
   292.500000       68.6520157      -2.72444449E-05
   296.250000       68.6520157       1.40661839E-04
   300.000000       68.6520157       3.33734788E-05
   303.750000       68.6520157      -1.60387717E-05
   307.500000       68.6520157       1.49155501E-04
   311.250000       68.6520157       2.34926119E-06
   315.000000       68.6520157      -1.98832713E-05
   318.750000       68.6520157      -5.35896979E-05
   322.500000       68.6520157      -9.58493911E-05
   326.250000       68.6520157      -4.71225940E-05
   330.000000       68.6520157       8.00439157E-05
   333.750000       68.6520157       2.60079745E-04
   337.500000       68.6520157      -8.19019042E-05
   341.250000       68.6520157      -3.78242694E-05
   345.000000       68.6520157      -1.82441436E-05
   348.750000       68.6520157       1.14087015E-07
   352.500000       68.6520157       1.59093179E-05
   356.250000       68.6520157       2.71745957E-05
   360.000000       68.6520157       1.06359366E-04
   0.00000000       72.3615875       4.61288728E-05
   3.75000000       72.3615875       2.11829785E-04
   7.50000000       72.3615875       8.48853961E-06
   11.2500000       72.3615875       4.34764661E-05
   15.0000000       72.3615875       3.55894212E-04
   18.7500000       72.3615875       6.84941188E-06
   22.5000000       72.3615875       1.01203565E-04
   26.2500000       72.3615875      -1.27307139E-05
   30.0000000       72.3615875      -5.25466166E-05
   33.7500000       72.3615875      -4.35761176E-05
   37.5000000       72.3615875      -2.90325843E-05
   41.2500000       72.3615875       9.65083018E-06
   45.0000000       72.3615875       5.44823706E-08
   48.7500000       72.3615875       2.14064494E-06
   52.5000000       72.3615875      -2.01514922E-05
   56.2500000       72.3615875      -2.47871503E-06
   60.0000000       72.3615875      -3.10889445E-05
   63.7500000       72.3615875      -3.40691768E-05
   67.5000000       72.3615875      -3.69898044E-05
   71.2500000       72.3615875      -3.75858508E-05
   75.0000000       72.3615875      -2.71550380E-05
   78.7500000       72.3615875       2.51778401E-05
   82.5000000       72.3615875      -1.22164842E-04
   86.2500000       72.3615875       1.27502717E-05
   90.0000000       72.3615875      -3.85693274E-05
   93.7500000       72.3615875      -4.55132686E-05
   97.5000000       72.3615875       4.25660983E-06
   101.250000       72.3615875       4.38340940E-05
   105.000000       72.3615875       1.07237138E-05
   108.750000       72.3615875      -8.31237994E-05
   112.500000       72.3615875      -1.32327434E-04
   116.250000       72.3615875      -6.41993247E-05
   120.000000       72.3615875      -1.20154582E-05
   123.750000       72.3615875       7.30999745E-05
   127.500000       72.3615875      -1.27350446E-04
   131.250000       72.3615875       3.04528512E-05
   135.000000       72.3615875       4.08538617E-05
   138.750000       72.3615875       4.48771752E-05
   142.500000       72.3615875      -1.74096785E-05
   146.250000       72.3615875      -1.19721517E-06
   150.000000       72.3615875      -1.08829699E-05
   153.750000       72.3615875      -1.98832713E-05
   157.500000       72.3615875       7.50371255E-05
   161.250000       72.3615875       2.08104029E-06
   165.000000       72.3615875       3.00491229E-06
   168.750000       72.3615875       9.18749720E-07
   172.500000       72.3615875       8.59145075E-07
   176.250000       72.3615875      -2.27144919E-05
   180.000000       72.3615875      -1.80355273E-05
   183.750000       72.3615875      -2.34595500E-05
   187.500000       72.3615875      -2.99862586E-05
   191.250000       72.3615875       2.67708674E-06
   195.000000       72.3615875      -1.53831206E-05
   198.750000       72.3615875      -8.40937719E-06
   202.500000       72.3615875      -5.78677282E-06
   206.250000       72.3615875      -4.23705205E-06
   210.000000       72.3615875      -1.98236667E-05
   213.750000       72.3615875      -2.66185962E-05
   217.500000       72.3615875      -3.15955840E-05
   221.250000       72.3615875      -2.73636542E-05
   225.000000       72.3615875      -1.37439929E-05
   228.750000       72.3615875      -1.05849467E-05
   232.500000       72.3615875      -4.98211011E-06
   236.250000       72.3615875      -3.24598514E-05
   240.000000       72.3615875      -7.45109282E-05
   243.750000       72.3615875      -1.45188533E-05
   247.500000       72.3615875       8.96537676E-06
   251.250000       72.3615875      -5.30532561E-05
   255.000000       72.3615875       9.37231816E-05
   258.750000       72.3615875       4.46522608E-06
   262.500000       72.3615875      -3.51718627E-05
   266.250000       72.3615875      -5.81657514E-06
   270.000000       72.3615875       3.30158509E-05
   273.750000       72.3615875       5.67683019E-05
   277.500000       72.3615875      -4.95230779E-06
   281.250000       72.3615875      -5.22052869E-06
   285.000000       72.3615875      -4.70629893E-05
   288.750000       72.3615875       1.80550851E-05
   292.500000       72.3615875       2.38963403E-05
   296.250000       72.3615875       2.01412477E-05
   300.000000       72.3615875      -7.45570287E-06
   303.750000       72.3615875      -3.56202479E-04
   307.500000       72.3615875       1.17088202E-04
   311.250000       72.3615875      -5.30234538E-05
   315.000000       72.3615875      -3.75560485E-05
   318.750000       72.3615875      -3.43075953E-05
   322.500000       72.3615875      -5.91925345E-05
   326.250000       72.3615875      -2.51582824E-05
   330.000000       72.3615875       4.56222333E-05
   333.750000       72.3615875      -2.46814452E-05
   337.500000       72.3615875       7.09244050E-05
   341.250000       72.3615875      -5.92819415E-05
   345.000000       72.3615875      -9.27499495E-05
   348.750000       72.3615875      -3.11783515E-05
   352.500000       72.3615875       9.77003947E-06
   356.250000       72.3615875       3.65623273E-05
   360.000000       72.3615875       4.61288728E-05
   0.00000000       76.0702438       1.89193524E-05
   3.75000000       76.0702438      -1.41016208E-05
   7.50000000       76.0702438       2.72924546E-04
   11.2500000       76.0702438       3.43271531E-05
   15.0000000       76.0702438      -1.88401900E-05
   18.7500000       76.0702438      -4.22052108E-05
   22.5000000       76.0702438      -5.60334884E-05
   26.2500000       76.0702438      -2.15088949E-06
   30.0000000       76.0702438      -7.34380446E-05
   33.7500000       76.0702438      -1.25681981E-06
   37.5000000       76.0702438      -6.64941035E-05
   41.2500000       76.0702438      -5.26956283E-05
   45.0000000       76.0702438      -4.90299426E-05
   48.7500000       76.0702438      -4.81060706E-05
   52.5000000       76.0702438      -2.72444449E-05
   56.2500000       76.0702438       4.98541631E-05
   60.0000000       76.0702438       1.83531083E-05
   63.7500000       76.0702438      -3.43373977E-05
   67.5000000       76.0702438       4.13008966E-05
   71.2500000       76.0702438      -1.56735536E-04
   75.0000000       76.0702438       2.31945887E-06
   78.7500000       76.0702438       2.56248750E-05
   82.5000000       76.0702438      -3.27578746E-05
   86.2500000       76.0702438      -2.87941657E-05
   90.0000000       76.0702438      -1.65454112E-05
   93.7500000       76.0702438      -6.14440069E-06
   97.5000000       76.0702438      -8.96803103E-05
   101.250000       76.0702438       1.24657527E-06
   105.000000       76.0702438      -2.36681662E-05
   108.750000       76.0702438      -4.45595942E-05
   112.500000       76.0702438      -3.05300113E-04
   116.250000       76.0702438      -1.17174350E-05
   120.000000       76.0702438       1.56708993E-05
   123.750000       76.0702438       2.69659795E-05
   127.500000       76.0702438       2.60123052E-05
   131.250000       76.0702438       2.60421075E-05
   135.000000       76.0702438       2.96779908E-05
   138.750000       76.0702438      -3.49245965E-08
   142.500000       76.0702438       1.60420313E-06
   146.250000       76.0702438       4.15989198E-05
   150.000000       76.0702438       4.47579660E-05
   153.750000       76.0702438       1.02170743E-05
   157.500000       76.0702438      -1.27605163E-05
   161.250000       76.0702438       1.73691660E-07
   165.000000       76.0702438      -2.43540853E-07
   168.750000       76.0702438       6.07455149E-06
   172.500000       76.0702438       4.38638963E-05
   176.250000       76.0702438       1.73100270E-05
   180.000000       76.0702438       9.44221392E-06
   183.750000       76.0702438       2.70688906E-06
   187.500000       76.0702438       2.23005190E-06
   191.250000       76.0702438      -7.90273771E-06
   195.000000       76.0702438      -8.08155164E-06
   198.750000       76.0702438      -3.15955840E-05
   202.500000       76.0702438      -1.32969581E-05
   206.250000       76.0702438      -2.75126658E-05
   210.000000       76.0702438      -3.76752578E-05
   213.750000       76.0702438      -3.35923396E-05
   217.500000       76.0702438      -2.75424682E-05
   221.250000       76.0702438      -1.99726783E-05
   225.000000       76.0702438      -1.18962489E-05
   228.750000       76.0702438      -1.52937137E-05
   232.500000       76.0702438      -5.84637746E-06
   236.250000       76.0702438       1.21244229E-05
   240.000000       76.0702438      -3.32947820E-07
   243.750000       76.0702438       3.79332341E-05
   247.500000       76.0702438      -3.83309089E-05
   251.250000       76.0702438      -2.43540853E-07
   255.000000       76.0702438      -1.33565627E-05
   258.750000       76.0702438      -2.93008052E-05
   262.500000       76.0702438       1.38529576E-05
   266.250000       76.0702438      -1.22836791E-05
   270.000000       76.0702438       7.76597299E-05
   273.750000       76.0702438       1.46413688E-04
   277.500000       76.0702438       1.90789346E-04
   281.250000       76.0702438      -2.01468822E-04
   285.000000       76.0702438       4.42215241E-05
   288.750000       76.0702438       5.17913140E-05
   292.500000       76.0702438      -4.32482921E-05
   296.250000       76.0702438       1.75186433E-05
   300.000000       76.0702438      -8.47033225E-05
   303.750000       76.0702438      -6.08018599E-05
   307.500000       76.0702438      -5.54835424E-06
   311.250000       76.0702438      -5.46029769E-05
   315.000000       76.0702438      -6.09806739E-05
   318.750000       76.0702438      -4.02978621E-05
   322.500000       76.0702438      -1.22240745E-05
   326.250000       76.0702438       1.66841783E-05
   330.000000       76.0702438      -4.50527295E-06
   333.750000       76.0702438       1.14912633E-04
   337.500000       76.0702438      -7.84746371E-05
   341.250000       76.0702438       1.49006490E-04
   345.000000       76.0702438      -7.60010444E-05
   348.750000       76.0702438      -7.92196952E-05
   352.500000       76.0702438      -4.50662337E-05
   356.250000       76.0702438      -2.12839805E-05
   360.000000       76.0702438       1.89193524E-05
   0.00000000       79.7770462      -8.73259269E-05
   3.75000000       79.7770462      -7.50473700E-05
   7.50000000       79.7770462      -3.60063277E-05
   11.2500000       79.7770462       1.11902598E-04
   15.0000000       79.7770462       4.18075360E-05
   18.7500000       79.7770462      -4.45893966E-05
   22.5000000       79.7770462      -8.51801597E-05
   26.2500000       79.7770462      -4.86127101E-05
   30.0000000       79.7770462       2.04289798E-04
   33.7500000       79.7770462       1.53536443E-04
   37.5000000       79.7770462       1.61851291E-04
   41.2500000       79.7770462       3.83504666E-05
   45.0000000       79.7770462      -1.55321322E-05
   48.7500000       79.7770462       1.15581788E-05
   52.5000000       79.7770462       3.11383046E-05
   56.2500000       79.7770462       2.85455026E-05
   60.0000000       79.7770462      -3.35923396E-05
   63.7500000       79.7770462      -2.74693593E-06
   67.5000000       79.7770462       6.93881884E-06
   71.2500000       79.7770462       1.29886903E-05
   75.0000000       79.7770462       1.47768296E-05
   78.7500000       79.7770462       2.85455026E-05
   82.5000000       79.7770462       2.93799676E-05
   86.2500000       79.7770462       3.54894437E-05
   90.0000000       79.7770462       7.64676370E-05
   93.7500000       79.7770462       3.47741880E-05
   97.5000000       79.7770462       9.62102786E-06
   101.250000       79.7770462      -8.17095861E-06
   105.000000       79.7770462      -5.63613139E-05
   108.750000       79.7770462      -1.82739459E-05
   112.500000       79.7770462       1.42105855E-05
   116.250000       79.7770462       1.99922360E-05
   120.000000       79.7770462       1.06641091E-05
   123.750000       79.7770462       9.74023715E-06
   127.500000       79.7770462       1.39125623E-05
   131.250000       79.7770462       1.62371434E-05
   135.000000       79.7770462       1.65053643E-05
   138.750000       79.7770462       2.06776895E-05
   142.500000       79.7770462       2.72938050E-05
   146.250000       79.7770462       3.69497575E-05
   150.000000       79.7770462       4.65759076E-05
   153.750000       79.7770462       5.57252206E-05
   157.500000       79.7770462       5.84968366E-05
   161.250000       79.7770462       3.56086530E-05
   165.000000       79.7770462      -7.75372609E-06
   168.750000       79.7770462      -1.86911784E-05
   172.500000       79.7770462       1.63400546E-06
   176.250000       79.7770462       1.29290856E-05
   180.000000       79.7770462       1.21244229E-05
   183.750000       79.7770462       2.33296305E-07
   187.500000       79.7770462       2.40886584E-06
   191.250000       79.7770462      -7.79982656E-07
   195.000000       79.7770462      -1.12405978E-05
   198.750000       79.7770462      -1.10780820E-06
   202.500000       79.7770462      -3.93902883E-06
   206.250000       79.7770462      -1.40122138E-05
   210.000000       79.7770462      -1.10915862E-05
   213.750000       79.7770462      -1.78269111E-05
   217.500000       79.7770462      -1.84527598E-05
   221.250000       79.7770462      -1.61877833E-05
   225.000000       79.7770462      -7.09807500E-06
   228.750000       79.7770462      -7.15767965E-06
   232.500000       79.7770462       1.82637013E-05
   236.250000       79.7770462       2.81282701E-05
   240.000000       79.7770462       5.16423024E-05
   243.750000       79.7770462       3.79630364E-05
   247.500000       79.7770462       3.13171186E-05
   251.250000       79.7770462       1.13495626E-05
   255.000000       79.7770462       9.11438838E-06
   258.750000       79.7770462      -7.60471448E-06
   262.500000       79.7770462      -1.14773866E-04
   266.250000       79.7770462       2.13035382E-05
   270.000000       79.7770462      -6.75073825E-05
   273.750000       79.7770462       8.57794657E-06
   277.500000       79.7770462      -3.61255370E-05
   281.250000       79.7770462      -1.04820356E-06
   285.000000       79.7770462       5.50830737E-06
   288.750000       79.7770462      -7.56136142E-05
   292.500000       79.7770462      -2.56812200E-06
   296.250000       79.7770462       2.74384860E-04
   300.000000       79.7770462       1.04124192E-04
   303.750000       79.7770462       1.10813417E-05
   307.500000       79.7770462       1.76676549E-05
   311.250000       79.7770462       2.08104029E-06
   315.000000       79.7770462       4.10759822E-06
   318.750000       79.7770462      -9.63127241E-06
   322.500000       79.7770462      -1.02571212E-05
   326.250000       79.7770462      -1.33565627E-05
   330.000000       79.7770462       4.10759822E-06
   333.750000       79.7770462       8.85971822E-05
   337.500000       79.7770462       7.99540430E-07
   341.250000       79.7770462       8.69878568E-05
   345.000000       79.7770462       4.10624780E-05
   348.750000       79.7770462      -3.73176299E-05
   352.500000       79.7770462      -1.02852937E-04
   356.250000       79.7770462      -9.27499495E-05
   360.000000       79.7770462      -8.73259269E-05
   0.00000000       83.4789200      -1.81845389E-05
   3.75000000       83.4789200       9.91905108E-06
   7.50000000       83.4789200       1.30482949E-05
   11.2500000       83.4789200       3.51155177E-06
   15.0000000       83.4789200      -1.15982257E-05
   18.7500000       83.4789200      -1.13761052E-06
   22.5000000       83.4789200      -1.13761052E-06
   26.2500000       83.4789200      -5.66756353E-06
   30.0000000       83.4789200      -1.13896094E-05
   33.7500000       83.4789200       2.79629603E-06
   37.5000000       83.4789200      -4.71388921E-06
   41.2500000       83.4789200       1.16177835E-05
   45.0000000       83.4789200       1.26012601E-05
   48.7500000       83.4789200       1.34357251E-05
   52.5000000       83.4789200       4.16883267E-05
   56.2500000       83.4789200       5.91226853E-05
   60.0000000       83.4789200       6.94342889E-05
   63.7500000       83.4789200       6.24307431E-05
   67.5000000       83.4789200       6.40102662E-05
   71.2500000       83.4789200       4.38340940E-05
   75.0000000       83.4789200       2.54460610E-05
   78.7500000       83.4789200       3.95858660E-06
   82.5000000       83.4789200      -3.34298238E-06
   86.2500000       83.4789200      -8.76700506E-06
   90.0000000       83.4789200      -1.18664466E-05
   93.7500000       83.4789200      -1.91247091E-06
   97.5000000       83.4789200      -6.11459836E-06
   101.250000       83.4789200       6.31297007E-06
   105.000000       83.4789200       1.87107362E-05
   108.750000       83.4789200       4.16720286E-06
   112.500000       83.4789200      -1.04657374E-05
   116.250000       83.4789200      -1.43400393E-05
   120.000000       83.4789200      -6.50202855E-06
   123.750000       83.4789200      -7.03847036E-06
   127.500000       83.4789200      -3.67080793E-06
   131.250000       83.4789200       1.99326314E-05
   135.000000       83.4789200       3.00356187E-05
   138.750000       83.4789200       2.83964910E-05
   142.500000       83.4789200       1.36741437E-05
   146.250000       83.4789200       2.17505731E-05
   150.000000       83.4789200      -2.95555219E-06
   153.750000       83.4789200       3.94829549E-05
   157.500000       83.4789200       3.22111882E-05
   161.250000       83.4789200       2.88733281E-05
   165.000000       83.4789200       3.74265946E-05
   168.750000       83.4789200       4.15393151E-05
   172.500000       83.4789200       6.00167550E-05
   176.250000       83.4789200       3.34330834E-05
   180.000000       83.4789200       2.17505731E-05
   183.750000       83.4789200       5.26988879E-06
   187.500000       83.4789200      -1.83936208E-07
   191.250000       83.4789200      -3.04495916E-06
   195.000000       83.4789200      -1.25681981E-06
   198.750000       83.4789200      -5.42914495E-06
   202.500000       83.4789200      -8.34977254E-06
   206.250000       83.4789200      -8.64779577E-06
   210.000000       83.4789200      -2.44891271E-06
   213.750000       83.4789200       1.82637013E-05
   217.500000       83.4789200       5.58146276E-05
   221.250000       83.4789200       4.69633378E-05
   225.000000       83.4789200       1.16475858E-05
   228.750000       83.4789200       2.61748210E-06
   232.500000       83.4789200       8.26069154E-05
   236.250000       83.4789200       2.62209214E-05
   240.000000       83.4789200       2.37771310E-05
   243.750000       83.4789200       3.47443856E-05
   247.500000       83.4789200       2.78600492E-05
   251.250000       83.4789200       1.59391202E-05
   255.000000       83.4789200      -3.67513858E-05
   258.750000       83.4789200      -1.43102370E-05
   262.500000       83.4789200      -1.57705508E-05
   266.250000       83.4789200      -7.98753463E-05
   270.000000       83.4789200       4.25660983E-06
   273.750000       83.4789200      -6.35301694E-06
   277.500000       83.4789200       3.95723619E-05
   281.250000       83.4789200       8.49612989E-05
   285.000000       83.4789200       1.16045121E-04
   288.750000       83.4789200       1.31005887E-04
   292.500000       83.4789200       6.43380918E-05
   296.250000       83.4789200       1.34671573E-04
   300.000000       83.4789200       8.10273923E-05
   303.750000       83.4789200      -5.57056628E-05
   307.500000       83.4789200      -3.03140841E-05
   311.250000       83.4789200      -8.81007873E-05
   315.000000       83.4789200       2.05123797E-06
   318.750000       83.4789200      -4.57218848E-05
   322.500000       83.4789200      -1.77971087E-05
   326.250000       83.4789200      -4.24734317E-05
   330.000000       83.4789200      -5.31426631E-05
   333.750000       83.4789200       6.07916154E-05
   337.500000       83.4789200       3.04693822E-04
   341.250000       83.4789200      -1.04061328E-05
   345.000000       83.4789200      -3.48440371E-05
   348.750000       83.4789200      -2.15820037E-05
   352.500000       83.4789200      -1.38035975E-05
   356.250000       83.4789200      -5.18313609E-05
   360.000000       83.4789200      -1.81845389E-05
   0.00000000       87.1590958      -5.37387095E-05
   3.75000000       87.1590958      -5.04306518E-05
   7.50000000       87.1590958      -6.43483363E-05
   11.2500000       87.1590958      -6.79544173E-05
   15.0000000       87.1590958      -6.09508716E-05
   18.7500000       87.1590958      -6.25601970E-05
   22.5000000       87.1590958      -5.91031276E-05
   26.2500000       87.1590958      -5.69871627E-05
   30.0000000       87.1590958      -6.85802661E-05
   33.7500000       87.1590958      -6.81630336E-05
   37.5000000       87.1590958      -5.85368834E-05
   41.2500000       87.1590958      -5.89243136E-05
   45.0000000       87.1590958      -5.35896979E-05
   48.7500000       87.1590958      -4.56026755E-05
   52.5000000       87.1590958      -5.06690703E-05
   56.2500000       87.1590958      -4.90895472E-05
   60.0000000       87.1590958      -3.45758162E-05
   63.7500000       87.1590958      -3.18340026E-05
   67.5000000       87.1590958      -3.52910720E-05
   71.2500000       87.1590958      -2.69762240E-05
   75.0000000       87.1590958      -2.00918876E-05
   78.7500000       87.1590958      -1.62771903E-05
   82.5000000       87.1590958      -7.36629590E-06
   86.2500000       87.1590958      -4.29665670E-06
   90.0000000       87.1590958      -3.81981954E-06
   93.7500000       87.1590958       1.06776133E-06
   97.5000000       87.1590958       1.54459849E-06
   101.250000       87.1590958       6.80331141E-07
   105.000000       87.1590958       3.54135409E-06
   108.750000       87.1590958       5.21028414E-06
   112.500000       87.1590958       3.66056338E-06
   116.250000       87.1590958       4.41912562E-07
   120.000000       87.1590958      -3.03145498E-07
   123.750000       87.1590958      -2.18069181E-06
   127.500000       87.1590958      -5.78677282E-06
   131.250000       87.1590958       7.10133463E-07
   135.000000       87.1590958       1.26608647E-05
   138.750000       87.1590958       2.36281194E-05
   142.500000       87.1590958       3.63835134E-05
   146.250000       87.1590958       4.38936986E-05
   150.000000       87.1590958       4.23141755E-05
   153.750000       87.1590958       3.30754556E-05
   157.500000       87.1590958       2.25850381E-05
   161.250000       87.1590958       2.03796662E-05
   165.000000       87.1590958       2.10055150E-05
   168.750000       87.1590958       1.91875733E-05
   172.500000       87.1590958       1.82040967E-05
   176.250000       87.1590958       1.88597478E-05
   180.000000       87.1590958       2.16313638E-05
   183.750000       87.1590958       2.24658288E-05
   187.500000       87.1590958       2.28532590E-05
   191.250000       87.1590958       2.81878747E-05
   195.000000       87.1590958       3.27178277E-05
   198.750000       87.1590958       3.61450948E-05
   202.500000       87.1590958       3.96915711E-05
   206.250000       87.1590958       4.10326757E-05
   210.000000       87.1590958       4.15393151E-05
   213.750000       87.1590958       3.24198045E-05
   217.500000       87.1590958       1.93365850E-05
   221.250000       87.1590958       1.35251321E-05
   225.000000       87.1590958       2.14064494E-06
   228.750000       87.1590958      -9.66107473E-06
   232.500000       87.1590958      -1.04657374E-05
   236.250000       87.1590958      -1.01677142E-05
   240.000000       87.1590958      -9.24384221E-06
   243.750000       87.1590958      -9.81008634E-06
   247.500000       87.1590958      -1.87209807E-05
   251.250000       87.1590958      -2.49794684E-05
   255.000000       87.1590958      -2.64099799E-05
   258.750000       87.1590958      -2.93008052E-05
   262.500000       87.1590958      -2.79298984E-05
   266.250000       87.1590958      -2.68868171E-05
   270.000000       87.1590958      -3.35029326E-05
   273.750000       87.1590958      -3.86289321E-05
   277.500000       87.1590958      -4.01190482E-05
   281.250000       87.1590958      -4.25926410E-05
   285.000000       87.1590958      -3.95826064E-05
   288.750000       87.1590958      -2.67378055E-05
   292.500000       87.1590958      -1.47572719E-05
   296.250000       87.1590958      -1.38035975E-05
   300.000000       87.1590958      -1.32969581E-05
   303.750000       87.1590958      -8.31997022E-06
   307.500000       87.1590958      -9.18423757E-06
   311.250000       87.1590958      -1.06445514E-05
   315.000000       87.1590958      -1.07041560E-05
   318.750000       87.1590958      -1.41314231E-05
   322.500000       87.1590958      -1.72904693E-05
   326.250000       87.1590958      -2.51582824E-05
   330.000000       87.1590958      -3.28174792E-05
   333.750000       87.1590958      -2.65291892E-05
   337.500000       87.1590958      -2.14329921E-05
   341.250000       87.1590958      -3.43970023E-05
   345.000000       87.1590958      -4.97153960E-05
   348.750000       87.1590958      -5.26360236E-05
   352.500000       87.1590958      -5.53778373E-05
   356.250000       87.1590958      -6.06230460E-05
   360.000000       87.1590958      -5.37387095E-05
