   0.00000000      -87.1590958       5.96618652E-02
   3.75000000      -87.1590958       8.06579590E-02
   7.50000000      -87.1590958       6.43005371E-02
   11.2500000      -87.1590958       2.40173340E-02
   15.0000000      -87.1590958       7.04956055E-03
   18.7500000      -87.1590958       1.37634277E-02
   22.5000000      -87.1590958       2.71911621E-02
   26.2500000      -87.1590958       4.58679199E-02
   30.0000000      -87.1590958       5.79528809E-02
   33.7500000      -87.1590958       5.70983887E-02
   37.5000000      -87.1590958       5.30700684E-02
   41.2500000      -87.1590958       4.76989746E-02
   45.0000000      -87.1590958       3.42712402E-02
   48.7500000      -87.1590958       2.07214355E-02
   52.5000000      -87.1590958       1.60827637E-02
   56.2500000      -87.1590958       1.09558105E-02
   60.0000000      -87.1590958       6.80541992E-03
   63.7500000      -87.1590958       1.15661621E-02
   67.5000000      -87.1590958       9.36889648E-03
   71.2500000      -87.1590958      -5.18798828E-04
   75.0000000      -87.1590958      -8.85009766E-04
   78.7500000      -87.1590958      -8.85009766E-04
   82.5000000      -87.1590958      -7.84301758E-03
   86.2500000      -87.1590958      -9.18579102E-03
   90.0000000      -87.1590958      -6.86645508E-03
   93.7500000      -87.1590958      -4.30297852E-03
   97.5000000      -87.1590958       2.16674805E-03
   101.250000      -87.1590958       9.46044922E-04
   105.000000      -87.1590958      -5.40161133E-03
   108.750000      -87.1590958       3.63159180E-03
   112.500000      -87.1590958       1.36413574E-02
   116.250000      -87.1590958       8.51440430E-03
   120.000000      -87.1590958       1.33972168E-02
   123.750000      -87.1590958       2.45056152E-02
   127.500000      -87.1590958       1.32751465E-02
   131.250000      -87.1590958       6.31713867E-03
   135.000000      -87.1590958       2.65808105E-02
   138.750000      -87.1590958       4.23278809E-02
   142.500000      -87.1590958       3.85437012E-02
   146.250000      -87.1590958       3.76892090E-02
   150.000000      -87.1590958       5.17272949E-02
   153.750000      -87.1590958       5.80749512E-02
   157.500000      -87.1590958       5.03845215E-02
   161.250000      -87.1590958       5.46569824E-02
   165.000000      -87.1590958       4.35485840E-02
   168.750000      -87.1590958       1.07116699E-02
   172.500000      -87.1590958       2.76794434E-02
   176.250000      -87.1590958       3.62243652E-02
   180.000000      -87.1590958      -5.64270020E-02
   183.750000      -87.1590958     -0.126007080    
   187.500000      -87.1590958      -7.07092285E-02
   191.250000      -87.1590958       6.80847168E-02
   195.000000      -87.1590958      0.233001709    
   198.750000      -87.1590958      0.229461670    
   202.500000      -87.1590958      -3.05175781E-05
   206.250000      -87.1590958      -6.32629395E-02
   210.000000      -87.1590958      0.237396240    
   213.750000      -87.1590958      0.497650146    
   217.500000      -87.1590958      0.370697021    
   221.250000      -87.1590958       6.52770996E-02
   225.000000      -87.1590958      -2.62756348E-02
   228.750000      -87.1590958       9.61608887E-02
   232.500000      -87.1590958      0.146331787    
   236.250000      -87.1590958       7.94372559E-02
   240.000000      -87.1590958       5.12390137E-02
   243.750000      -87.1590958       5.59997559E-02
   247.500000      -87.1590958       2.31628418E-02
   251.250000      -87.1590958      -6.40869141E-04
   255.000000      -87.1590958       4.60815430E-03
   258.750000      -87.1590958       9.61303711E-03
   262.500000      -87.1590958       5.99060059E-02
   266.250000      -87.1590958      0.164031982    
   270.000000      -87.1590958      0.237274170    
   273.750000      -87.1590958      0.249237061    
   277.500000      -87.1590958      0.232513428    
   281.250000      -87.1590958      0.219451904    
   285.000000      -87.1590958      0.221160889    
   288.750000      -87.1590958      0.198822021    
   292.500000      -87.1590958      0.147186279    
   296.250000      -87.1590958      0.123382568    
   300.000000      -87.1590958      0.115814209    
   303.750000      -87.1590958       9.34753418E-02
   307.500000      -87.1590958       9.16442871E-02
   311.250000      -87.1590958       9.67712402E-02
   315.000000      -87.1590958       6.56433105E-02
   318.750000      -87.1590958       2.91442871E-02
   322.500000      -87.1590958       2.29187012E-02
   326.250000      -87.1590958       5.28259277E-02
   330.000000      -87.1590958       9.84802246E-02
   333.750000      -87.1590958      0.111785889    
   337.500000      -87.1590958       9.62829590E-02
   341.250000      -87.1590958       8.67614746E-02
   345.000000      -87.1590958       6.95495605E-02
   348.750000      -87.1590958       4.13513184E-02
   352.500000      -87.1590958       2.95104980E-02
   356.250000      -87.1590958       3.72009277E-02
   360.000000      -87.1590958       5.96618652E-02
   0.00000000      -83.4789200      -4.54711914E-03
   3.75000000      -83.4789200       7.17163086E-03
   7.50000000      -83.4789200      -2.83813477E-03
   11.2500000      -83.4789200      -1.61437988E-02
   15.0000000      -83.4789200      -8.57543945E-03
   18.7500000      -83.4789200       1.51062012E-02
   22.5000000      -83.4789200       2.67028809E-02
   26.2500000      -83.4789200       7.19909668E-02
   30.0000000      -83.4789200      0.113128662    
   33.7500000      -83.4789200       7.41882324E-02
   37.5000000      -83.4789200      0.102752686    
   41.2500000      -83.4789200       3.69567871E-02
   45.0000000      -83.4789200       2.19421387E-02
   48.7500000      -83.4789200       2.84118652E-02
   52.5000000      -83.4789200       3.86657715E-02
   56.2500000      -83.4789200       4.40368652E-02
   60.0000000      -83.4789200       5.08728027E-02
   63.7500000      -83.4789200       5.56335449E-02
   67.5000000      -83.4789200       5.20935059E-02
   71.2500000      -83.4789200       4.35485840E-02
   75.0000000      -83.4789200       4.35485840E-02
   78.7500000      -83.4789200       3.78112793E-02
   82.5000000      -83.4789200       3.61022949E-02
   86.2500000      -83.4789200       2.62145996E-02
   90.0000000      -83.4789200       2.84118652E-02
   93.7500000      -83.4789200       2.99987793E-02
   97.5000000      -83.4789200       2.41394043E-02
   101.250000      -83.4789200       1.92565918E-02
   105.000000      -83.4789200       3.25622559E-02
   108.750000      -83.4789200       9.12475586E-03
   112.500000      -83.4789200       3.17077637E-02
   116.250000      -83.4789200       2.53601074E-02
   120.000000      -83.4789200       2.19421387E-02
   123.750000      -83.4789200       2.04772949E-02
   127.500000      -83.4789200       2.16979980E-02
   131.250000      -83.4789200       9.73510742E-03
   135.000000      -83.4789200       4.97436523E-03
   138.750000      -83.4789200       5.92956543E-02
   142.500000      -83.4789200       8.43200684E-02
   146.250000      -83.4789200       2.62145996E-02
   150.000000      -83.4789200      -9.40246582E-02
   153.750000      -83.4789200      -4.10461426E-02
   157.500000      -83.4789200       6.03942871E-02
   161.250000      -83.4789200      -9.57336426E-02
   165.000000      -83.4789200       1.16882324E-02
   168.750000      -83.4789200      0.178314209    
   172.500000      -83.4789200       8.23669434E-02
   176.250000      -83.4789200       3.53698730E-02
   180.000000      -83.4789200       4.97436523E-03
   183.750000      -83.4789200      -1.51672363E-02
   187.500000      -83.4789200      -2.95715332E-02
   191.250000      -83.4789200       3.01208496E-02
   195.000000      -83.4789200      -1.98059082E-02
   198.750000      -83.4789200      -4.05883789E-03
   202.500000      -83.4789200       5.03845215E-02
   206.250000      -83.4789200       1.91345215E-02
   210.000000      -83.4789200       9.12780762E-02
   213.750000      -83.4789200       2.24304199E-02
   217.500000      -83.4789200       5.81970215E-02
   221.250000      -83.4789200       4.76989746E-02
   225.000000      -83.4789200      -5.64575195E-03
   228.750000      -83.4789200       7.90405273E-03
   232.500000      -83.4789200      -2.74963379E-02
   236.250000      -83.4789200      -5.40161133E-03
   240.000000      -83.4789200       8.65173340E-02
   243.750000      -83.4789200      0.112152100    
   247.500000      -83.4789200       1.73034668E-02
   251.250000      -83.4789200      -1.25122070E-03
   255.000000      -83.4789200      -4.82482910E-02
   258.750000      -83.4789200      -1.89514160E-02
   262.500000      -83.4789200       4.67224121E-02
   266.250000      -83.4789200       8.79821777E-02
   270.000000      -83.4789200      0.216888428    
   273.750000      -83.4789200      0.220062256    
   277.500000      -83.4789200      0.293426514    
   281.250000      -83.4789200      0.504608154    
   285.000000      -83.4789200      0.603118896    
   288.750000      -83.4789200      0.518157959    
   292.500000      -83.4789200      0.428924561    
   296.250000      -83.4789200      0.205291748    
   300.000000      -83.4789200       8.56628418E-02
   303.750000      -83.4789200      0.848846436    
   307.500000      -83.4789200      -2.73742676E-02
   311.250000      -83.4789200       9.89685059E-02
   315.000000      -83.4789200      0.111053467    
   318.750000      -83.4789200      0.547454834    
   322.500000      -83.4789200       1.86462402E-02
   326.250000      -83.4789200      0.125213623    
   330.000000      -83.4789200       3.23181152E-02
   333.750000      -83.4789200       9.12475586E-03
   337.500000      -83.4789200       6.23474121E-02
   341.250000      -83.4789200      0.106292725    
   345.000000      -83.4789200       5.69763184E-02
   348.750000      -83.4789200       1.93786621E-02
   352.500000      -83.4789200       3.28063965E-02
   356.250000      -83.4789200       1.15661621E-02
   360.000000      -83.4789200      -4.54711914E-03
   0.00000000      -79.7770462       3.93981934E-02
   3.75000000      -79.7770462       2.70690918E-02
   7.50000000      -79.7770462       3.62243652E-02
   11.2500000      -79.7770462       3.36608887E-02
   15.0000000      -79.7770462       5.18493652E-02
   18.7500000      -79.7770462       5.13610840E-02
   22.5000000      -79.7770462       6.11267090E-02
   26.2500000      -79.7770462       4.55017090E-02
   30.0000000      -79.7770462       4.52575684E-02
   33.7500000      -79.7770462       4.84313965E-02
   37.5000000      -79.7770462       4.84313965E-02
   41.2500000      -79.7770462       4.70886230E-02
   45.0000000      -79.7770462       3.36608887E-02
   48.7500000      -79.7770462       8.88061523E-03
   52.5000000      -79.7770462       1.31530762E-02
   56.2500000      -79.7770462       1.54724121E-02
   60.0000000      -79.7770462       2.71911621E-02
   63.7500000      -79.7770462       3.89099121E-02
   67.5000000      -79.7770462       3.69567871E-02
   71.2500000      -79.7770462       3.70788574E-02
   75.0000000      -79.7770462       6.57653809E-02
   78.7500000      -79.7770462       4.57763672E-04
   82.5000000      -79.7770462       1.19323730E-02
   86.2500000      -79.7770462       8.51440430E-03
   90.0000000      -79.7770462      -4.18090820E-03
   93.7500000      -79.7770462      -4.30297852E-03
   97.5000000      -79.7770462      -4.54711914E-03
   101.250000      -79.7770462       2.62145996E-02
   105.000000      -79.7770462       3.65905762E-02
   108.750000      -79.7770462      -7.11059570E-03
   112.500000      -79.7770462      -7.47680664E-03
   116.250000      -79.7770462       1.90124512E-02
   120.000000      -79.7770462       1.91345215E-02
   123.750000      -79.7770462       1.05895996E-02
   127.500000      -79.7770462      -6.01196289E-03
   131.250000      -79.7770462       3.31726074E-02
   135.000000      -79.7770462       3.17077637E-02
   138.750000      -79.7770462       2.71911621E-02
   142.500000      -79.7770462       2.16674805E-03
   146.250000      -79.7770462       2.04772949E-02
   150.000000      -79.7770462      0.124237061    
   153.750000      -79.7770462       2.08435059E-02
   157.500000      -79.7770462      -4.27551270E-02
   161.250000      -79.7770462       4.18395996E-02
   165.000000      -79.7770462      -3.67736816E-02
   168.750000      -79.7770462      -2.10266113E-02
   172.500000      -79.7770462      -3.11584473E-02
   176.250000      -79.7770462      -1.82189941E-02
   180.000000      -79.7770462      -2.17590332E-02
   183.750000      -79.7770462      -1.94396973E-02
   187.500000      -79.7770462      -1.28479004E-02
   191.250000      -79.7770462      -1.73645020E-02
   195.000000      -79.7770462      -4.91333008E-03
   198.750000      -79.7770462       3.12194824E-02
   202.500000      -79.7770462      -1.52893066E-02
   206.250000      -79.7770462      -6.86645508E-03
   210.000000      -79.7770462      -3.68957520E-02
   213.750000      -79.7770462       6.57653809E-02
   217.500000      -79.7770462       3.40270996E-02
   221.250000      -79.7770462      -1.44348145E-02
   225.000000      -79.7770462       6.13708496E-02
   228.750000      -79.7770462      0.114593506    
   232.500000      -79.7770462      0.133758545    
   236.250000      -79.7770462      0.116668701    
   240.000000      -79.7770462      0.118255615    
   243.750000      -79.7770462       9.60388184E-02
   247.500000      -79.7770462       3.39050293E-02
   251.250000      -79.7770462      -3.33557129E-02
   255.000000      -79.7770462      -9.56115723E-02
   258.750000      -79.7770462      -5.70373535E-02
   262.500000      -79.7770462      -8.65783691E-02
   266.250000      -79.7770462      -5.89904785E-02
   270.000000      -79.7770462      0.360076904    
   273.750000      -79.7770462      0.200653076    
   277.500000      -79.7770462      0.479095459    
   281.250000      -79.7770462      0.280487061    
   285.000000      -79.7770462      -5.94787598E-02
   288.750000      -79.7770462      -3.09143066E-02
   292.500000      -79.7770462      -2.21252441E-02
   296.250000      -79.7770462      -1.01623535E-02
   300.000000      -79.7770462       3.87573242E-03
   303.750000      -79.7770462       2.78015137E-02
   307.500000      -79.7770462      0.121185303    
   311.250000      -79.7770462      0.202362061    
   315.000000      -79.7770462      0.144989014    
   318.750000      -79.7770462      -2.16369629E-02
   322.500000      -79.7770462      -1.69982910E-02
   326.250000      -79.7770462       2.51159668E-02
   330.000000      -79.7770462      0.190765381    
   333.750000      -79.7770462      0.401092529    
   337.500000      -79.7770462      0.353485107    
   341.250000      -79.7770462      0.567962646    
   345.000000      -79.7770462      0.188812256    
   348.750000      -79.7770462       4.08630371E-02
   352.500000      -79.7770462       9.07897949E-02
   356.250000      -79.7770462       3.09753418E-02
   360.000000      -79.7770462       3.93981934E-02
   0.00000000      -76.0702438       9.33532715E-02
   3.75000000      -76.0702438       7.80944824E-02
   7.50000000      -76.0702438       5.73425293E-02
   11.2500000      -76.0702438       4.95300293E-02
   15.0000000      -76.0702438       4.25720215E-02
   18.7500000      -76.0702438       3.95202637E-02
   22.5000000      -76.0702438       3.32946777E-02
   26.2500000      -76.0702438       1.18103027E-02
   30.0000000      -76.0702438      -7.11059570E-03
   33.7500000      -76.0702438       8.14819336E-03
   37.5000000      -76.0702438       7.78198242E-03
   41.2500000      -76.0702438       8.88061523E-03
   45.0000000      -76.0702438       1.65710449E-02
   48.7500000      -76.0702438       3.85437012E-02
   52.5000000      -76.0702438       7.62634277E-02
   56.2500000      -76.0702438       9.86022949E-02
   60.0000000      -76.0702438      0.158172607    
   63.7500000      -76.0702438      0.148040771    
   67.5000000      -76.0702438      0.217498779    
   71.2500000      -76.0702438      0.128143311    
   75.0000000      -76.0702438       3.28063965E-02
   78.7500000      -76.0702438       2.02331543E-02
   82.5000000      -76.0702438      -2.00500488E-02
   86.2500000      -76.0702438      -2.72521973E-02
   90.0000000      -76.0702438      -2.45666504E-02
   93.7500000      -76.0702438      -4.42504883E-03
   97.5000000      -76.0702438       2.97546387E-02
   101.250000      -76.0702438       7.53784180E-03
   105.000000      -76.0702438       3.53698730E-02
   108.750000      -76.0702438       5.02624512E-02
   112.500000      -76.0702438       3.48815918E-02
   116.250000      -76.0702438       2.56042480E-02
   120.000000      -76.0702438       2.16674805E-03
   123.750000      -76.0702438      -1.55334473E-02
   127.500000      -76.0702438      -3.96728516E-04
   131.250000      -76.0702438       5.70678711E-03
   135.000000      -76.0702438      -1.06506348E-02
   138.750000      -76.0702438      -1.76086426E-02
   142.500000      -76.0702438      -9.42993164E-03
   146.250000      -76.0702438      -2.47192383E-03
   150.000000      -76.0702438      -1.73645020E-02
   153.750000      -76.0702438      -1.94396973E-02
   157.500000      -76.0702438      -3.12805176E-02
   161.250000      -76.0702438      0.450164795    
   165.000000      -76.0702438      -7.11059570E-03
   168.750000      -76.0702438      -2.98156738E-02
   172.500000      -76.0702438      -3.05175781E-05
   176.250000      -76.0702438      -1.65100098E-02
   180.000000      -76.0702438      -1.18713379E-02
   183.750000      -76.0702438      -9.55200195E-03
   187.500000      -76.0702438      -2.35900879E-02
   191.250000      -76.0702438      -2.68859863E-02
   195.000000      -76.0702438      -3.49426270E-02
   198.750000      -76.0702438      -3.53088379E-02
   202.500000      -76.0702438      -5.15441895E-02
   206.250000      -76.0702438      -5.30090332E-02
   210.000000      -76.0702438       2.16979980E-02
   213.750000      -76.0702438      0.160247803    
   217.500000      -76.0702438      0.234466553    
   221.250000      -76.0702438      0.168426514    
   225.000000      -76.0702438       8.39538574E-02
   228.750000      -76.0702438     -0.401763916    
   232.500000      -76.0702438      0.106536865    
   236.250000      -76.0702438     -0.471221924    
   240.000000      -76.0702438     -0.351959229    
   243.750000      -76.0702438      -7.33947754E-02
   247.500000      -76.0702438       6.03942871E-02
   251.250000      -76.0702438     -0.191680908    
   255.000000      -76.0702438      -7.24182129E-02
   258.750000      -76.0702438     -0.225860596    
   262.500000      -76.0702438      -9.82971191E-02
   266.250000      -76.0702438       4.83093262E-02
   270.000000      -76.0702438      -7.16857910E-02
   273.750000      -76.0702438      0.165130615    
   277.500000      -76.0702438       5.46569824E-02
   281.250000      -76.0702438      0.220062256    
   285.000000      -76.0702438      0.218597412    
   288.750000      -76.0702438      0.755584717    
   292.500000      -76.0702438      0.124603271    
   296.250000      -76.0702438       1.05895996E-02
   300.000000      -76.0702438       1.26647949E-02
   303.750000      -76.0702438      -2.96020508E-03
   307.500000      -76.0702438       3.39050293E-02
   311.250000      -76.0702438       1.37634277E-02
   315.000000      -76.0702438       2.32849121E-02
   318.750000      -76.0702438       7.29370117E-03
   322.500000      -76.0702438       1.81579590E-02
   326.250000      -76.0702438      -3.32641602E-03
   330.000000      -76.0702438       3.43933105E-02
   333.750000      -76.0702438      0.219940186    
   337.500000      -76.0702438       1.82800293E-02
   341.250000      -76.0702438      -8.12072754E-02
   345.000000      -76.0702438      -9.04846191E-02
   348.750000      -76.0702438      -3.46984863E-02
   352.500000      -76.0702438       5.05065918E-02
   356.250000      -76.0702438       7.78503418E-02
   360.000000      -76.0702438       9.33532715E-02
   0.00000000      -72.3615875      -4.22668457E-02
   3.75000000      -72.3615875      0.487518311    
   7.50000000      -72.3615875      -5.75256348E-02
   11.2500000      -72.3615875      0.323089600    
   15.0000000      -72.3615875      0.235809326    
   18.7500000      -72.3615875      0.578704834    
   22.5000000      -72.3615875      0.923675537    
   26.2500000      -72.3615875      0.548553467    
   30.0000000      -72.3615875      0.264739990    
   33.7500000      -72.3615875      0.147186279    
   37.5000000      -72.3615875       4.17175293E-02
   41.2500000      -72.3615875       6.68640137E-02
   45.0000000      -72.3615875       6.24694824E-02
   48.7500000      -72.3615875       6.41784668E-02
   52.5000000      -72.3615875       2.53601074E-02
   56.2500000      -72.3615875       7.63854980E-02
   60.0000000      -72.3615875      0.327362061    
   63.7500000      -72.3615875      0.301971436    
   67.5000000      -72.3615875      0.164154053    
   71.2500000      -72.3615875      0.101898193    
   75.0000000      -72.3615875       4.36401367E-03
   78.7500000      -72.3615875      -2.79846191E-02
   82.5000000      -72.3615875      -4.30297852E-03
   86.2500000      -72.3615875      -2.04162598E-02
   90.0000000      -72.3615875      -8.57543945E-03
   93.7500000      -72.3615875       2.56042480E-02
   97.5000000      -72.3615875       5.79528809E-02
   101.250000      -72.3615875       9.05456543E-02
   105.000000      -72.3615875       6.36901855E-02
   108.750000      -72.3615875       4.66003418E-02
   112.500000      -72.3615875       3.01208496E-02
   116.250000      -72.3615875       7.72399902E-02
   120.000000      -72.3615875       8.37097168E-02
   123.750000      -72.3615875       5.57556152E-02
   127.500000      -72.3615875       4.17175293E-02
   131.250000      -72.3615875       2.48718262E-02
   135.000000      -72.3615875       3.92761230E-02
   138.750000      -72.3615875       4.24499512E-02
   142.500000      -72.3615875       5.40466309E-02
   146.250000      -72.3615875       4.79431152E-02
   150.000000      -72.3615875       2.76794434E-02
   153.750000      -72.3615875       2.24304199E-02
   157.500000      -72.3615875       2.35290527E-02
   161.250000      -72.3615875      0.392303467    
   165.000000      -72.3615875      -9.35363770E-02
   168.750000      -72.3615875      0.280853271    
   172.500000      -72.3615875      -8.42590332E-02
   176.250000      -72.3615875      -2.50549316E-02
   180.000000      -72.3615875      -1.06506348E-02
   183.750000      -72.3615875      -1.73950195E-03
   187.500000      -72.3615875      -7.23266602E-03
   191.250000      -72.3615875      -1.18713379E-02
   195.000000      -72.3615875      -1.35803223E-02
   198.750000      -72.3615875      -1.95617676E-02
   202.500000      -72.3615875      -2.06604004E-02
   206.250000      -72.3615875      -3.01818848E-02
   210.000000      -72.3615875      -2.79846191E-02
   213.750000      -72.3615875      -3.61633301E-02
   217.500000      -72.3615875      -2.72521973E-02
   221.250000      -72.3615875      -3.10363770E-02
   225.000000      -72.3615875      -2.13928223E-02
   228.750000      -72.3615875      -7.23266602E-03
   232.500000      -72.3615875       2.34069824E-02
   236.250000      -72.3615875       2.46276855E-02
   240.000000      -72.3615875       4.01306152E-02
   243.750000      -72.3615875       5.50231934E-02
   247.500000      -72.3615875       4.91638184E-02
   251.250000      -72.3615875       5.08728027E-02
   255.000000      -72.3615875       3.92761230E-02
   258.750000      -72.3615875      0.344573975    
   262.500000      -72.3615875      0.401092529    
   266.250000      -72.3615875      -9.03625488E-02
   270.000000      -72.3615875      -9.89074707E-02
   273.750000      -72.3615875      -3.28674316E-02
   277.500000      -72.3615875      -2.18811035E-02
   281.250000      -72.3615875     -0.132232666    
   285.000000      -72.3615875      -6.13403320E-03
   288.750000      -72.3615875       2.46276855E-02
   292.500000      -72.3615875       7.40661621E-02
   296.250000      -72.3615875      0.253753662    
   300.000000      -72.3615875       8.57849121E-02
   303.750000      -72.3615875       1.30310059E-02
   307.500000      -72.3615875       2.45056152E-02
   311.250000      -72.3615875       2.25524902E-02
   315.000000      -72.3615875       1.11999512E-02
   318.750000      -72.3615875       2.14538574E-02
   322.500000      -72.3615875       2.16979980E-02
   326.250000      -72.3615875       2.16979980E-02
   330.000000      -72.3615875       1.51062012E-02
   333.750000      -72.3615875       1.02233887E-02
   337.500000      -72.3615875       4.11987305E-03
   341.250000      -72.3615875      -9.67407227E-03
   345.000000      -72.3615875       3.28063965E-02
   348.750000      -72.3615875      0.625335693    
   352.500000      -72.3615875      0.248382568    
   356.250000      -72.3615875      -2.07824707E-02
   360.000000      -72.3615875      -4.22668457E-02
   0.00000000      -68.6520157       5.34057617E-03
   3.75000000      -68.6520157       1.82800293E-02
   7.50000000      -68.6520157       1.58386230E-02
   11.2500000      -68.6520157       1.14440918E-02
   15.0000000      -68.6520157       1.59606934E-02
   18.7500000      -68.6520157       1.87683105E-02
   22.5000000      -68.6520157       1.62048340E-02
   26.2500000      -68.6520157       4.73022461E-03
   30.0000000      -68.6520157      -2.68859863E-02
   33.7500000      -68.6520157     -0.273345947    
   37.5000000      -68.6520157      -4.01916504E-02
   41.2500000      -68.6520157      0.757659912    
   45.0000000      -68.6520157      0.262542725    
   48.7500000      -68.6520157      0.409881592    
   52.5000000      -68.6520157      0.309906006    
   56.2500000      -68.6520157      0.320037842    
   60.0000000      -68.6520157      0.321380615    
   63.7500000      -68.6520157      0.217742920    
   67.5000000      -68.6520157      -4.65393066E-02
   71.2500000      -68.6520157       5.67321777E-02
   75.0000000      -68.6520157      -1.24816895E-02
   78.7500000      -68.6520157       1.41659546    
   82.5000000      -68.6520157      0.327728271    
   86.2500000      -68.6520157      0.165008545    
   90.0000000      -68.6520157      0.261199951    
   93.7500000      -68.6520157      0.156341553    
   97.5000000      -68.6520157     -0.141510010    
   101.250000      -68.6520157      0.166107178    
   105.000000      -68.6520157      -1.02844238E-02
   108.750000      -68.6520157      0.208343506    
   112.500000      -68.6520157      0.359588623    
   116.250000      -68.6520157      0.391326904    
   120.000000      -68.6520157      0.322113037    
   123.750000      -68.6520157      0.242889404    
   127.500000      -68.6520157      0.302093506    
   131.250000      -68.6520157      0.375946045    
   135.000000      -68.6520157      0.155731201    
   138.750000      -68.6520157      0.178680420    
   142.500000      -68.6520157      0.753631592    
   146.250000      -68.6520157      0.926849365    
   150.000000      -68.6520157      0.704681396    
   153.750000      -68.6520157      0.406829834    
   157.500000      -68.6520157      -3.67736816E-02
   161.250000      -68.6520157      -1.78527832E-02
   165.000000      -68.6520157      -6.37817383E-03
   168.750000      -68.6520157      -7.35473633E-03
   172.500000      -68.6520157      -6.40869141E-04
   176.250000      -68.6520157       7.65991211E-03
   180.000000      -68.6520157       4.48608398E-03
   183.750000      -68.6520157       7.17163086E-03
   187.500000      -68.6520157       1.52282715E-02
   191.250000      -68.6520157       3.87573242E-03
   195.000000      -68.6520157      -9.79614258E-03
   198.750000      -68.6520157      -3.69262695E-03
   202.500000      -68.6520157      -1.32141113E-02
   206.250000      -68.6520157      -1.98059082E-02
   210.000000      -68.6520157      -1.94396973E-02
   213.750000      -68.6520157      -2.95715332E-02
   217.500000      -68.6520157      -3.07922363E-02
   221.250000      -68.6520157      -2.22473145E-02
   225.000000      -68.6520157      -7.59887695E-03
   228.750000      -68.6520157       4.85229492E-03
   232.500000      -68.6520157       2.21862793E-02
   236.250000      -68.6520157       3.52478027E-02
   240.000000      -68.6520157       5.01403809E-02
   243.750000      -68.6520157       4.73327637E-02
   247.500000      -68.6520157       3.96423340E-02
   251.250000      -68.6520157       3.39050293E-02
   255.000000      -68.6520157       2.16979980E-02
   258.750000      -68.6520157      -1.87072754E-02
   262.500000      -68.6520157      -3.25012207E-02
   266.250000      -68.6520157      -3.97033691E-02
   270.000000      -68.6520157      -7.86437988E-02
   273.750000      -68.6520157      -2.43225098E-02
   277.500000      -68.6520157      -2.02941895E-02
   281.250000      -68.6520157      -2.88391113E-02
   285.000000      -68.6520157       1.48620605E-02
   288.750000      -68.6520157      0.106781006    
   292.500000      -68.6520157       4.70886230E-02
   296.250000      -68.6520157       5.52673340E-02
   300.000000      -68.6520157      -6.01196289E-03
   303.750000      -68.6520157       1.79138184E-02
   307.500000      -68.6520157      -2.74658203E-04
   311.250000      -68.6520157      -1.58996582E-02
   315.000000      -68.6520157      -1.04064941E-02
   318.750000      -68.6520157      -1.21154785E-02
   322.500000      -68.6520157       4.85229492E-03
   326.250000      -68.6520157      -2.47192383E-03
   330.000000      -68.6520157      -6.98852539E-03
   333.750000      -68.6520157       3.02124023E-03
   337.500000      -68.6520157      -6.40869141E-04
   341.250000      -68.6520157       2.28881836E-03
   345.000000      -68.6520157      -4.79125977E-03
   348.750000      -68.6520157      -5.76782227E-03
   352.500000      -68.6520157      -1.10168457E-02
   356.250000      -68.6520157      -1.73950195E-03
   360.000000      -68.6520157       5.34057617E-03
   0.00000000      -64.9419479      -3.05480957E-02
   3.75000000      -64.9419479      -1.61437988E-02
   7.50000000      -64.9419479      -6.01196289E-03
   11.2500000      -64.9419479      -5.52368164E-03
   15.0000000      -64.9419479      -6.37817383E-03
   18.7500000      -64.9419479       6.07299805E-03
   22.5000000      -64.9419479       2.20642090E-02
   26.2500000      -64.9419479       2.21862793E-02
   30.0000000      -64.9419479       7.78198242E-03
   33.7500000      -64.9419479      -1.93176270E-02
   37.5000000      -64.9419479      -2.11486816E-02
   41.2500000      -64.9419479      -3.09143066E-02
   45.0000000      -64.9419479       2.04467773E-03
   48.7500000      -64.9419479       1.84020996E-02
   52.5000000      -64.9419479       1.55944824E-02
   56.2500000      -64.9419479       1.44958496E-02
   60.0000000      -64.9419479       1.15661621E-02
   63.7500000      -64.9419479       2.09655762E-02
   67.5000000      -64.9419479       1.91345215E-02
   71.2500000      -64.9419479      -1.12915039E-03
   75.0000000      -64.9419479      -5.03540039E-03
   78.7500000      -64.9419479      -1.84631348E-02
   82.5000000      -64.9419479      -8.08715820E-03
   86.2500000      -64.9419479      -2.48107910E-02
   90.0000000      -64.9419479      -4.65393066E-02
   93.7500000      -64.9419479      -4.75158691E-02
   97.5000000      -64.9419479      -5.03234863E-02
   101.250000      -64.9419479      -2.49328613E-02
   105.000000      -64.9419479      -1.19934082E-02
   108.750000      -64.9419479      -7.59887695E-03
   112.500000      -64.9419479      -2.59094238E-02
   116.250000      -64.9419479      -6.13403320E-03
   120.000000      -64.9419479      -7.84301758E-03
   123.750000      -64.9419479      -1.27258301E-02
   127.500000      -64.9419479       5.82885742E-03
   131.250000      -64.9419479      -2.71606445E-03
   135.000000      -64.9419479      -1.25122070E-03
   138.750000      -64.9419479       2.53295898E-03
   142.500000      -64.9419479       1.85241699E-02
   146.250000      -64.9419479       9.61303711E-03
   150.000000      -64.9419479      -3.57055664E-03
   153.750000      -64.9419479      -2.34985352E-03
   157.500000      -64.9419479       2.65502930E-03
   161.250000      -64.9419479      -1.00708008E-03
   165.000000      -64.9419479      -8.85009766E-04
   168.750000      -64.9419479       5.34057617E-03
   172.500000      -64.9419479       2.60925293E-02
   176.250000      -64.9419479       3.36608887E-02
   180.000000      -64.9419479       4.07409668E-02
   183.750000      -64.9419479       3.81774902E-02
   187.500000      -64.9419479       2.74353027E-02
   191.250000      -64.9419479       2.87780762E-02
   195.000000      -64.9419479       2.37731934E-02
   198.750000      -64.9419479       4.64782715E-02
   202.500000      -64.9419479       3.73229980E-02
   206.250000      -64.9419479      -1.12609863E-02
   210.000000      -64.9419479      -2.39562988E-02
   213.750000      -64.9419479      -5.04455566E-02
   217.500000      -64.9419479      -6.22863770E-02
   221.250000      -64.9419479      -3.59191895E-02
   225.000000      -64.9419479      -1.37023926E-02
   228.750000      -64.9419479       8.23974609E-04
   232.500000      -64.9419479       7.53784180E-03
   236.250000      -64.9419479       2.10876465E-02
   240.000000      -64.9419479       3.37829590E-02
   243.750000      -64.9419479       2.93884277E-02
   247.500000      -64.9419479       1.03454590E-02
   251.250000      -64.9419479       2.28881836E-03
   255.000000      -64.9419479      -4.15344238E-02
   258.750000      -64.9419479      -3.81164551E-02
   262.500000      -64.9419479      -8.14514160E-02
   266.250000      -64.9419479      -8.85314941E-02
   270.000000      -64.9419479      -7.80334473E-02
   273.750000      -64.9419479      -4.34875488E-02
   277.500000      -64.9419479      -1.87072754E-02
   281.250000      -64.9419479       1.80053711E-03
   285.000000      -64.9419479       8.63647461E-03
   288.750000      -64.9419479      -2.54211426E-02
   292.500000      -64.9419479      -6.20422363E-02
   296.250000      -64.9419479       1.16882324E-02
   300.000000      -64.9419479     -0.196685791    
   303.750000      -64.9419479       2.13317871E-02
   307.500000      -64.9419479       3.28063965E-02
   311.250000      -64.9419479       2.59704590E-02
   315.000000      -64.9419479       2.21862793E-02
   318.750000      -64.9419479       9.85717773E-03
   322.500000      -64.9419479       1.33972168E-02
   326.250000      -64.9419479      -2.96020508E-03
   330.000000      -64.9419479       8.39233398E-03
   333.750000      -64.9419479       1.88903809E-02
   337.500000      -64.9419479       3.23181152E-02
   341.250000      -64.9419479       2.89001465E-02
   345.000000      -64.9419479       2.62145996E-02
   348.750000      -64.9419479       2.53295898E-03
   352.500000      -64.9419479      -2.11486816E-02
   356.250000      -64.9419479      -3.29895020E-02
   360.000000      -64.9419479      -3.05480957E-02
   0.00000000      -61.2315712      -8.24279785E-02
   3.75000000      -61.2315712      -6.26525879E-02
   7.50000000      -61.2315712      -4.28771973E-02
   11.2500000      -61.2315712      -5.13000488E-02
   15.0000000      -61.2315712      -3.77502441E-02
   18.7500000      -61.2315712      -2.04162598E-02
   22.5000000      -61.2315712       2.89916992E-03
   26.2500000      -61.2315712       1.43737793E-02
   30.0000000      -61.2315712       6.80541992E-03
   33.7500000      -61.2315712      -3.05175781E-05
   37.5000000      -61.2315712      -2.31018066E-02
   41.2500000      -61.2315712      -3.29895020E-02
   45.0000000      -61.2315712      -2.06604004E-02
   48.7500000      -61.2315712       1.19018555E-03
   52.5000000      -61.2315712       2.04772949E-02
   56.2500000      -61.2315712       3.06091309E-02
   60.0000000      -61.2315712       2.31628418E-02
   63.7500000      -61.2315712      -3.96728516E-04
   67.5000000      -61.2315712       7.41577148E-03
   71.2500000      -61.2315712      -6.25610352E-03
   75.0000000      -61.2315712      -1.11389160E-02
   78.7500000      -61.2315712      -1.74865723E-02
   82.5000000      -61.2315712      -1.33361816E-02
   86.2500000      -61.2315712      -2.11486816E-02
   90.0000000      -61.2315712       5.79833984E-04
   93.7500000      -61.2315712       1.01013184E-02
   97.5000000      -61.2315712      -1.13830566E-02
   101.250000      -61.2315712      -2.98156738E-02
   105.000000      -61.2315712      -4.31213379E-02
   108.750000      -61.2315712      -2.78625488E-02
   112.500000      -61.2315712      -1.28479004E-02
   116.250000      -61.2315712      -1.78527832E-02
   120.000000      -61.2315712      -2.46887207E-02
   123.750000      -61.2315712      -2.23693848E-02
   127.500000      -61.2315712      -2.22778320E-03
   131.250000      -61.2315712       1.29089355E-02
   135.000000      -61.2315712       2.12097168E-02
   138.750000      -61.2315712       2.85339355E-02
   142.500000      -61.2315712       2.87780762E-02
   146.250000      -61.2315712       2.80456543E-02
   150.000000      -61.2315712       2.04772949E-02
   153.750000      -61.2315712       1.55944824E-02
   157.500000      -61.2315712       3.99780273E-03
   161.250000      -61.2315712       1.92260742E-03
   165.000000      -61.2315712      -1.22375488E-02
   168.750000      -61.2315712      -1.60217285E-02
   172.500000      -61.2315712      -2.59399414E-03
   176.250000      -61.2315712       9.15527344E-05
   180.000000      -61.2315712      -3.57055664E-03
   183.750000      -61.2315712       2.41394043E-02
   187.500000      -61.2315712       2.85339355E-02
   191.250000      -61.2315712       2.62145996E-02
   195.000000      -61.2315712       4.18395996E-02
   198.750000      -61.2315712       5.14831543E-02
   202.500000      -61.2315712       3.78112793E-02
   206.250000      -61.2315712       1.32751465E-02
   210.000000      -61.2315712      -7.47680664E-03
   213.750000      -61.2315712      -1.52893066E-02
   217.500000      -61.2315712      -1.76086426E-02
   221.250000      -61.2315712      -3.49426270E-02
   225.000000      -61.2315712      -5.27954102E-03
   228.750000      -61.2315712       1.08337402E-02
   232.500000      -61.2315712       1.84020996E-02
   236.250000      -61.2315712       6.56127930E-03
   240.000000      -61.2315712       1.10778809E-02
   243.750000      -61.2315712       7.17163086E-03
   247.500000      -61.2315712       7.53784180E-03
   251.250000      -61.2315712      -2.96020508E-03
   255.000000      -61.2315712      -1.12609863E-02
   258.750000      -61.2315712      -2.95715332E-02
   262.500000      -61.2315712      -2.83508301E-02
   266.250000      -61.2315712      -3.29895020E-02
   270.000000      -61.2315712      -4.33654785E-02
   273.750000      -61.2315712      -6.72912598E-02
   277.500000      -61.2315712      -3.66516113E-02
   281.250000      -61.2315712      -1.52893066E-02
   285.000000      -61.2315712      -5.03540039E-03
   288.750000      -61.2315712       9.15527344E-05
   292.500000      -61.2315712       1.43432617E-03
   296.250000      -61.2315712      -3.93676758E-03
   300.000000      -61.2315712       8.39233398E-03
   303.750000      -61.2315712       3.26843262E-02
   307.500000      -61.2315712       5.44128418E-02
   311.250000      -61.2315712       2.25524902E-02
   315.000000      -61.2315712       8.88061523E-03
   318.750000      -61.2315712      -8.20922852E-03
   322.500000      -61.2315712       2.53295898E-03
   326.250000      -61.2315712       6.31713867E-03
   330.000000      -61.2315712       1.20544434E-02
   333.750000      -61.2315712       1.85241699E-02
   337.500000      -61.2315712       2.74353027E-02
   341.250000      -61.2315712       2.85339355E-02
   345.000000      -61.2315712       4.36401367E-03
   348.750000      -61.2315712      -2.70080566E-02
   352.500000      -61.2315712      -5.97229004E-02
   356.250000      -61.2315712      -8.25500488E-02
   360.000000      -61.2315712      -8.24279785E-02
   0.00000000      -57.5209885      -9.71984863E-02
   3.75000000      -57.5209885      -7.35168457E-02
   7.50000000      -57.5209885      -5.88684082E-02
   11.2500000      -57.5209885      -5.49621582E-02
   15.0000000      -57.5209885      -3.92150879E-02
   18.7500000      -57.5209885      -2.63977051E-02
   22.5000000      -57.5209885      -7.59887695E-03
   26.2500000      -57.5209885      -7.47680664E-03
   30.0000000      -57.5209885      -1.62658691E-02
   33.7500000      -57.5209885      -2.07824707E-02
   37.5000000      -57.5209885      -1.90734863E-02
   41.2500000      -57.5209885      -1.18713379E-02
   45.0000000      -57.5209885      -1.28479004E-02
   48.7500000      -57.5209885       2.47497559E-02
   52.5000000      -57.5209885       6.43920898E-03
   56.2500000      -57.5209885       1.76696777E-02
   60.0000000      -57.5209885       1.16882324E-02
   63.7500000      -57.5209885       8.39233398E-03
   67.5000000      -57.5209885      -1.04064941E-02
   71.2500000      -57.5209885      -1.57775879E-02
   75.0000000      -57.5209885      -5.03540039E-03
   78.7500000      -57.5209885      -3.32641602E-03
   82.5000000      -57.5209885      -1.08947754E-02
   86.2500000      -57.5209885      -1.41906738E-02
   90.0000000      -57.5209885      -8.20922852E-03
   93.7500000      -57.5209885      -1.26037598E-02
   97.5000000      -57.5209885      -1.00708008E-03
   101.250000      -57.5209885      -1.33361816E-02
   105.000000      -57.5209885      -1.95617676E-02
   108.750000      -57.5209885      -1.76086426E-02
   112.500000      -57.5209885       3.02124023E-03
   116.250000      -57.5209885      -5.88989258E-03
   120.000000      -57.5209885       1.92260742E-03
   123.750000      -57.5209885      -4.79125977E-03
   127.500000      -57.5209885       1.19323730E-02
   131.250000      -57.5209885       2.36511230E-02
   135.000000      -57.5209885       2.38952637E-02
   138.750000      -57.5209885       2.10876465E-02
   142.500000      -57.5209885       2.31628418E-02
   146.250000      -57.5209885       2.87780762E-02
   150.000000      -57.5209885       1.70593262E-02
   153.750000      -57.5209885       1.04675293E-02
   157.500000      -57.5209885       6.07299805E-03
   161.250000      -57.5209885       1.02233887E-02
   165.000000      -57.5209885      -2.11486816E-02
   168.750000      -57.5209885      -2.67639160E-02
   172.500000      -57.5209885      -3.00598145E-02
   176.250000      -57.5209885      -3.27453613E-02
   180.000000      -57.5209885      -1.83410645E-02
   183.750000      -57.5209885      -1.33361816E-02
   187.500000      -57.5209885      -7.72094727E-03
   191.250000      -57.5209885       8.75854492E-03
   195.000000      -57.5209885       1.08337402E-02
   198.750000      -57.5209885       2.04772949E-02
   202.500000      -57.5209885       1.81579590E-02
   206.250000      -57.5209885       7.41577148E-03
   210.000000      -57.5209885       2.53295898E-03
   213.750000      -57.5209885       5.70678711E-03
   217.500000      -57.5209885      -5.18798828E-04
   221.250000      -57.5209885      -2.71606445E-03
   225.000000      -57.5209885       2.65502930E-03
   228.750000      -57.5209885       2.03552246E-02
   232.500000      -57.5209885       1.10778809E-02
   236.250000      -57.5209885       4.97436523E-03
   240.000000      -57.5209885       1.09558105E-02
   243.750000      -57.5209885       1.98669434E-02
   247.500000      -57.5209885       1.25427246E-02
   251.250000      -57.5209885      -1.25122070E-03
   255.000000      -57.5209885      -1.39465332E-02
   258.750000      -57.5209885      -2.23693848E-02
   262.500000      -57.5209885      -2.18811035E-02
   266.250000      -57.5209885      -2.79846191E-02
   270.000000      -57.5209885      -2.76184082E-02
   273.750000      -57.5209885      -9.79614258E-03
   277.500000      -57.5209885      -3.82385254E-02
   281.250000      -57.5209885      -1.85852051E-02
   285.000000      -57.5209885       7.17163086E-03
   288.750000      -57.5209885       2.82897949E-02
   292.500000      -57.5209885       3.56140137E-02
   296.250000      -57.5209885       4.09851074E-02
   300.000000      -57.5209885       2.93884277E-02
   303.750000      -57.5209885       3.80554199E-02
   307.500000      -57.5209885      -7.47680664E-03
   311.250000      -57.5209885      -3.98254395E-02
   315.000000      -57.5209885      -8.27941895E-02
   318.750000      -57.5209885      -6.98547363E-02
   322.500000      -57.5209885      -4.11682129E-02
   326.250000      -57.5209885      -2.20031738E-02
   330.000000      -57.5209885      -5.27954102E-03
   333.750000      -57.5209885       2.75573730E-02
   337.500000      -57.5209885       2.01110840E-02
   341.250000      -57.5209885       4.73022461E-03
   345.000000      -57.5209885      -8.69750977E-03
   348.750000      -57.5209885      -2.89611816E-02
   352.500000      -57.5209885      -4.45861816E-02
   356.250000      -57.5209885      -7.77893066E-02
   360.000000      -57.5209885      -9.71984863E-02
   0.00000000      -53.8102722      -7.37609863E-02
   3.75000000      -53.8102722      -4.83703613E-02
   7.50000000      -53.8102722      -5.05676270E-02
   11.2500000      -53.8102722      -4.89807129E-02
   15.0000000      -53.8102722      -2.92053223E-02
   18.7500000      -53.8102722      -2.42004395E-02
   22.5000000      -53.8102722      -3.06701660E-02
   26.2500000      -53.8102722      -3.73840332E-02
   30.0000000      -53.8102722      -2.18811035E-02
   33.7500000      -53.8102722      -3.89709473E-02
   37.5000000      -53.8102722      -3.92150879E-02
   41.2500000      -53.8102722      -8.45336914E-03
   45.0000000      -53.8102722       9.36889648E-03
   48.7500000      -53.8102722       3.28063965E-02
   52.5000000      -53.8102722       1.48620605E-02
   56.2500000      -53.8102722       3.35693359E-04
   60.0000000      -53.8102722       8.88061523E-03
   63.7500000      -53.8102722       1.29089355E-02
   67.5000000      -53.8102722       5.70678711E-03
   71.2500000      -53.8102722      -8.45336914E-03
   75.0000000      -53.8102722      -1.39465332E-02
   78.7500000      -53.8102722      -2.61535645E-02
   82.5000000      -53.8102722      -3.45764160E-02
   86.2500000      -53.8102722      -3.28674316E-02
   90.0000000      -53.8102722      -2.20031738E-02
   93.7500000      -53.8102722      -3.17687988E-02
   97.5000000      -53.8102722      -1.91955566E-02
   101.250000      -53.8102722      -2.16369629E-02
   105.000000      -53.8102722      -2.55432129E-02
   108.750000      -53.8102722      -1.51672363E-02
   112.500000      -53.8102722      -4.54711914E-03
   116.250000      -53.8102722       1.02233887E-02
   120.000000      -53.8102722      -5.15747070E-03
   123.750000      -53.8102722      -1.48010254E-02
   127.500000      -53.8102722      -2.77404785E-02
   131.250000      -53.8102722      -3.21350098E-02
   135.000000      -53.8102722      -1.49230957E-02
   138.750000      -53.8102722      -9.06372070E-03
   142.500000      -53.8102722       3.38745117E-03
   146.250000      -53.8102722       9.46044922E-04
   150.000000      -53.8102722      -5.03540039E-03
   153.750000      -53.8102722      -1.60217285E-02
   157.500000      -53.8102722      -1.02844238E-02
   161.250000      -53.8102722       9.85717773E-03
   165.000000      -53.8102722      -2.85949707E-02
   168.750000      -53.8102722      -2.39562988E-02
   172.500000      -53.8102722      -1.34582520E-02
   176.250000      -53.8102722       1.15661621E-02
   180.000000      -53.8102722       3.20739746E-02
   183.750000      -53.8102722      -5.18798828E-04
   187.500000      -53.8102722      -2.06604004E-02
   191.250000      -53.8102722      -1.05285645E-02
   195.000000      -53.8102722      -2.10266113E-02
   198.750000      -53.8102722      -2.10571289E-03
   202.500000      -53.8102722       4.24194336E-03
   206.250000      -53.8102722      -1.90734863E-02
   210.000000      -53.8102722      -2.47192383E-03
   213.750000      -53.8102722       3.14331055E-03
   217.500000      -53.8102722      -1.71203613E-02
   221.250000      -53.8102722      -1.23596191E-02
   225.000000      -53.8102722      -6.40869141E-04
   228.750000      -53.8102722       7.52868652E-02
   232.500000      -53.8102722       2.75573730E-02
   236.250000      -53.8102722       3.03649902E-02
   240.000000      -53.8102722       2.60925293E-02
   243.750000      -53.8102722       2.07214355E-02
   247.500000      -53.8102722       8.39233398E-03
   251.250000      -53.8102722      -4.79125977E-03
   255.000000      -53.8102722       9.12475586E-03
   258.750000      -53.8102722       2.01110840E-02
   262.500000      -53.8102722      -3.96728516E-04
   266.250000      -53.8102722      -3.97033691E-02
   270.000000      -53.8102722      -2.31018066E-02
   273.750000      -53.8102722      -3.96728516E-04
   277.500000      -53.8102722      -1.18713379E-02
   281.250000      -53.8102722      -2.52990723E-02
   285.000000      -53.8102722       8.75854492E-03
   288.750000      -53.8102722      -1.07727051E-02
   292.500000      -53.8102722      0.250213623    
   296.250000      -53.8102722       2.46276855E-02
   300.000000      -53.8102722       2.41088867E-03
   303.750000      -53.8102722      -3.32641602E-03
   307.500000      -53.8102722      -9.18579102E-03
   311.250000      -53.8102722      -3.99475098E-02
   315.000000      -53.8102722      -7.04650879E-02
   318.750000      -53.8102722      -7.54699707E-02
   322.500000      -53.8102722     -0.201690674    
   326.250000      -53.8102722      -2.77404785E-02
   330.000000      -53.8102722      -1.63879395E-02
   333.750000      -53.8102722      -1.52587891E-04
   337.500000      -53.8102722       1.19018555E-03
   341.250000      -53.8102722      -2.15148926E-02
   345.000000      -53.8102722      -3.34777832E-02
   348.750000      -53.8102722      -2.99377441E-02
   352.500000      -53.8102722      -2.76184082E-02
   356.250000      -53.8102722      -4.31213379E-02
   360.000000      -53.8102722      -7.37609863E-02
   0.00000000      -50.0994530      -3.77502441E-02
   3.75000000      -50.0994530      -3.65295410E-02
   7.50000000      -50.0994530      -3.97033691E-02
   11.2500000      -50.0994530      -3.62854004E-02
   15.0000000      -50.0994530       1.19018555E-03
   18.7500000      -50.0994530      -2.27355957E-02
   22.5000000      -50.0994530       1.70593262E-02
   26.2500000      -50.0994530      -1.22375488E-02
   30.0000000      -50.0994530      -4.50744629E-02
   33.7500000      -50.0994530      -2.45666504E-02
   37.5000000      -50.0994530      -1.79748535E-02
   41.2500000      -50.0994530      -4.01916504E-02
   45.0000000      -50.0994530      -8.96301270E-02
   48.7500000      -50.0994530       1.38854980E-02
   52.5000000      -50.0994530      -1.57775879E-02
   56.2500000      -50.0994530       4.97436523E-03
   60.0000000      -50.0994530       1.96228027E-02
   63.7500000      -50.0994530       3.75366211E-03
   67.5000000      -50.0994530       3.26843262E-02
   71.2500000      -50.0994530       3.64685059E-02
   75.0000000      -50.0994530       1.41296387E-02
   78.7500000      -50.0994530      -1.84631348E-02
   82.5000000      -50.0994530      -3.57971191E-02
   86.2500000      -50.0994530      -2.66418457E-02
   90.0000000      -50.0994530      -2.68859863E-02
   93.7500000      -50.0994530      -2.70080566E-02
   97.5000000      -50.0994530      -3.25012207E-02
   101.250000      -50.0994530      -5.23986816E-02
   105.000000      -50.0994530      -3.00598145E-02
   108.750000      -50.0994530      -6.62231445E-03
   112.500000      -50.0994530       5.95092773E-03
   116.250000      -50.0994530      -1.08947754E-02
   120.000000      -50.0994530       8.23974609E-04
   123.750000      -50.0994530      -6.01196289E-03
   127.500000      -50.0994530      -1.38244629E-02
   131.250000      -50.0994530      -1.78527832E-02
   135.000000      -50.0994530      -1.34582520E-02
   138.750000      -50.0994530      -4.42504883E-03
   142.500000      -50.0994530      -1.01623535E-02
   146.250000      -50.0994530      -1.95617676E-02
   150.000000      -50.0994530      -3.22570801E-02
   153.750000      -50.0994530      -2.98156738E-02
   157.500000      -50.0994530      -1.18713379E-02
   161.250000      -50.0994530       2.41088867E-03
   165.000000      -50.0994530      -4.30297852E-03
   168.750000      -50.0994530      -2.57873535E-02
   172.500000      -50.0994530      -1.60217285E-02
   176.250000      -50.0994530       1.43432617E-03
   180.000000      -50.0994530       1.29089355E-02
   183.750000      -50.0994530       8.14819336E-03
   187.500000      -50.0994530      -1.55334473E-02
   191.250000      -50.0994530      -9.18579102E-03
   195.000000      -50.0994530      -3.71398926E-02
   198.750000      -50.0994530      -7.62939453E-04
   202.500000      -50.0994530       4.01306152E-02
   206.250000      -50.0994530       1.08337402E-02
   210.000000      -50.0994530       6.31713867E-03
   213.750000      -50.0994530      -1.98364258E-03
   217.500000      -50.0994530       2.31628418E-02
   221.250000      -50.0994530      -8.45336914E-03
   225.000000      -50.0994530      -2.57873535E-02
   228.750000      -50.0994530      -2.31018066E-02
   232.500000      -50.0994530      -4.65393066E-02
   236.250000      -50.0994530      -2.63977051E-02
   240.000000      -50.0994530       2.25524902E-02
   243.750000      -50.0994530       2.32849121E-02
   247.500000      -50.0994530       2.37731934E-02
   251.250000      -50.0994530      -1.23596191E-02
   255.000000      -50.0994530      -3.21350098E-02
   258.750000      -50.0994530       6.56127930E-03
   262.500000      -50.0994530      -2.38342285E-02
   266.250000      -50.0994530      -3.14025879E-02
   270.000000      -50.0994530      -1.98364258E-03
   273.750000      -50.0994530      -2.18811035E-02
   277.500000      -50.0994530      -6.01196289E-03
   281.250000      -50.0994530       2.13623047E-04
   285.000000      -50.0994530      -8.90197754E-02
   288.750000      -50.0994530      0.126190186    
   292.500000      -50.0994530       8.66394043E-02
   296.250000      -50.0994530       2.43835449E-02
   300.000000      -50.0994530       1.07116699E-02
   303.750000      -50.0994530       1.80053711E-03
   307.500000      -50.0994530       2.65502930E-03
   311.250000      -50.0994530       9.73510742E-03
   315.000000      -50.0994530      -5.40161133E-03
   318.750000      -50.0994530      -3.23791504E-02
   322.500000      -50.0994530      -4.36096191E-02
   326.250000      -50.0994530      -3.04260254E-02
   330.000000      -50.0994530       1.82800293E-02
   333.750000      -50.0994530       3.37829590E-02
   337.500000      -50.0994530       4.55017090E-02
   341.250000      -50.0994530      -1.61743164E-03
   345.000000      -50.0994530      -1.65100098E-02
   348.750000      -50.0994530      -6.62231445E-03
   352.500000      -50.0994530      -3.57055664E-03
   356.250000      -50.0994530      -4.32434082E-02
   360.000000      -50.0994530      -3.77502441E-02
   0.00000000      -46.3885536      -1.55334473E-02
   3.75000000      -46.3885536      -2.15148926E-02
   7.50000000      -46.3885536      -2.09045410E-02
   11.2500000      -46.3885536      -2.07824707E-02
   15.0000000      -46.3885536       1.87683105E-02
   18.7500000      -46.3885536      -1.61743164E-03
   22.5000000      -46.3885536       2.77709961E-03
   26.2500000      -46.3885536      -1.35803223E-02
   30.0000000      -46.3885536       1.92565918E-02
   33.7500000      -46.3885536       1.19018555E-03
   37.5000000      -46.3885536     -0.115875244    
   41.2500000      -46.3885536      -3.34777832E-02
   45.0000000      -46.3885536      -3.00598145E-02
   48.7500000      -46.3885536      -3.59191895E-02
   52.5000000      -46.3885536       5.97839355E-02
   56.2500000      -46.3885536      -2.98156738E-02
   60.0000000      -46.3885536      -2.18811035E-02
   63.7500000      -46.3885536      -2.12707520E-02
   67.5000000      -46.3885536      -1.08947754E-02
   71.2500000      -46.3885536      -3.18908691E-02
   75.0000000      -46.3885536      -4.22668457E-02
   78.7500000      -46.3885536      -2.71301270E-02
   82.5000000      -46.3885536      -4.76379395E-02
   86.2500000      -46.3885536      -3.35998535E-02
   90.0000000      -46.3885536      -2.61535645E-02
   93.7500000      -46.3885536      -1.35803223E-02
   97.5000000      -46.3885536      -4.75158691E-02
   101.250000      -46.3885536      -5.64575195E-03
   105.000000      -46.3885536      -8.57543945E-03
   108.750000      -46.3885536      -1.06506348E-02
   112.500000      -46.3885536       3.14331055E-03
   116.250000      -46.3885536       1.69372559E-02
   120.000000      -46.3885536      -7.84301758E-03
   123.750000      -46.3885536       2.92663574E-02
   127.500000      -46.3885536      -4.45861816E-02
   131.250000      -46.3885536      -7.29064941E-02
   135.000000      -46.3885536      -3.42102051E-02
   138.750000      -46.3885536       1.63269043E-02
   142.500000      -46.3885536       2.43835449E-02
   146.250000      -46.3885536       2.28881836E-03
   150.000000      -46.3885536      -1.27258301E-02
   153.750000      -46.3885536      -1.11389160E-02
   157.500000      -46.3885536      -1.00402832E-02
   161.250000      -46.3885536      -6.13403320E-03
   165.000000      -46.3885536      -1.93176270E-02
   168.750000      -46.3885536      -8.81958008E-03
   172.500000      -46.3885536      -9.18579102E-03
   176.250000      -46.3885536      -1.34582520E-02
   180.000000      -46.3885536       4.73022461E-03
   183.750000      -46.3885536       2.04467773E-03
   187.500000      -46.3885536       1.32751465E-02
   191.250000      -46.3885536       3.02124023E-03
   195.000000      -46.3885536      -3.81469727E-03
   198.750000      -46.3885536      -1.37329102E-03
   202.500000      -46.3885536       2.03552246E-02
   206.250000      -46.3885536       3.42712402E-02
   210.000000      -46.3885536       1.91345215E-02
   213.750000      -46.3885536      -1.17492676E-02
   217.500000      -46.3885536       4.73022461E-03
   221.250000      -46.3885536       9.97924805E-03
   225.000000      -46.3885536       4.33044434E-02
   228.750000      -46.3885536       2.86560059E-02
   232.500000      -46.3885536       4.24194336E-03
   236.250000      -46.3885536       8.75854492E-03
   240.000000      -46.3885536       1.49841309E-02
   243.750000      -46.3885536       1.69372559E-02
   247.500000      -46.3885536      -9.06372070E-03
   251.250000      -46.3885536      -4.56848145E-02
   255.000000      -46.3885536      -2.01721191E-02
   258.750000      -46.3885536      -1.37329102E-03
   262.500000      -46.3885536       8.02612305E-03
   266.250000      -46.3885536      -8.08715820E-03
   270.000000      -46.3885536      -1.05285645E-02
   273.750000      -46.3885536       3.68347168E-02
   277.500000      -46.3885536       1.92260742E-03
   281.250000      -46.3885536      -1.38244629E-02
   285.000000      -46.3885536     -0.161773682    
   288.750000      -46.3885536     -0.240997314    
   292.500000      -46.3885536      0.643157959    
   296.250000      -46.3885536       6.66198730E-02
   300.000000      -46.3885536       7.87048340E-02
   303.750000      -46.3885536       6.38122559E-02
   307.500000      -46.3885536       6.80541992E-03
   311.250000      -46.3885536       2.45056152E-02
   315.000000      -46.3885536       2.92663574E-02
   318.750000      -46.3885536      -1.80969238E-02
   322.500000      -46.3885536      -3.61633301E-02
   326.250000      -46.3885536      -1.27258301E-02
   330.000000      -46.3885536       9.46044922E-04
   333.750000      -46.3885536      -6.98852539E-03
   337.500000      -46.3885536      -1.01623535E-02
   341.250000      -46.3885536      -4.04357910E-02
   345.000000      -46.3885536      -3.86047363E-02
   348.750000      -46.3885536      -2.50549316E-02
   352.500000      -46.3885536      -1.16271973E-02
   356.250000      -46.3885536      -4.75158691E-02
   360.000000      -46.3885536      -1.55334473E-02
   0.00000000      -42.6776047      -3.96728516E-04
   3.75000000      -42.6776047      -4.17785645E-02
   7.50000000      -42.6776047       1.29089355E-02
   11.2500000      -42.6776047      -3.05175781E-05
   15.0000000      -42.6776047       5.58471680E-03
   18.7500000      -42.6776047       2.51159668E-02
   22.5000000      -42.6776047       1.48620605E-02
   26.2500000      -42.6776047      -6.37817383E-03
   30.0000000      -42.6776047       1.69372559E-02
   33.7500000      -42.6776047       9.46044922E-04
   37.5000000      -42.6776047      -3.14025879E-02
   41.2500000      -42.6776047      -2.38342285E-02
   45.0000000      -42.6776047      -1.37329102E-03
   48.7500000      -42.6776047      -9.18579102E-03
   52.5000000      -42.6776047      -6.98852539E-03
   56.2500000      -42.6776047       8.27026367E-03
   60.0000000      -42.6776047       4.00085449E-02
   63.7500000      -42.6776047      -1.51672363E-02
   67.5000000      -42.6776047      -1.62658691E-02
   71.2500000      -42.6776047      -2.59094238E-02
   75.0000000      -42.6776047      -1.28479004E-02
   78.7500000      -42.6776047       5.80749512E-02
   82.5000000      -42.6776047      -7.23266602E-03
   86.2500000      -42.6776047       3.26538086E-03
   90.0000000      -42.6776047      -8.94165039E-03
   93.7500000      -42.6776047      -5.76782227E-03
   97.5000000      -42.6776047      -3.00598145E-02
   101.250000      -42.6776047      -4.05883789E-03
   105.000000      -42.6776047       9.73510742E-03
   108.750000      -42.6776047       3.63159180E-03
   112.500000      -42.6776047      -1.15051270E-02
   116.250000      -42.6776047      -1.10168457E-02
   120.000000      -42.6776047      -5.64575195E-03
   123.750000      -42.6776047       6.05163574E-02
   127.500000      -42.6776047      -1.00402832E-02
   131.250000      -42.6776047      -2.93273926E-02
   135.000000      -42.6776047       2.99987793E-02
   138.750000      -42.6776047       1.92565918E-02
   142.500000      -42.6776047       1.01013184E-02
   146.250000      -42.6776047     -0.246368408    
   150.000000      -42.6776047      -3.05175781E-05
   153.750000      -42.6776047       5.95092773E-03
   157.500000      -42.6776047      -5.27954102E-03
   161.250000      -42.6776047       2.16979980E-02
   165.000000      -42.6776047       5.58471680E-03
   168.750000      -42.6776047       2.75573730E-02
   172.500000      -42.6776047     -0.127227783    
   176.250000      -42.6776047      -6.54602051E-02
   180.000000      -42.6776047      -1.69982910E-02
   183.750000      -42.6776047       1.02233887E-02
   187.500000      -42.6776047      -1.46789551E-02
   191.250000      -42.6776047       2.09655762E-02
   195.000000      -42.6776047      -5.27954102E-03
   198.750000      -42.6776047      -1.84631348E-02
   202.500000      -42.6776047      -1.01623535E-02
   206.250000      -42.6776047       4.75769043E-02
   210.000000      -42.6776047       3.51257324E-02
   213.750000      -42.6776047       2.52380371E-02
   217.500000      -42.6776047       2.63366699E-02
   221.250000      -42.6776047       1.77917480E-02
   225.000000      -42.6776047       1.48620605E-02
   228.750000      -42.6776047      -2.83813477E-03
   232.500000      -42.6776047      -1.27258301E-02
   236.250000      -42.6776047      -1.23596191E-02
   240.000000      -42.6776047      -1.52893066E-02
   243.750000      -42.6776047      -1.38244629E-02
   247.500000      -42.6776047      -3.84826660E-02
   251.250000      -42.6776047      -3.59191895E-02
   255.000000      -42.6776047      -2.62756348E-02
   258.750000      -42.6776047       2.13623047E-04
   262.500000      -42.6776047       3.92761230E-02
   266.250000      -42.6776047       2.10876465E-02
   270.000000      -42.6776047       1.96228027E-02
   273.750000      -42.6776047       4.02526855E-02
   277.500000      -42.6776047      -3.08227539E-03
   281.250000      -42.6776047      -1.96838379E-02
   285.000000      -42.6776047       7.41577148E-03
   288.750000      -42.6776047       1.99890137E-02
   292.500000      -42.6776047      -3.20434570E-03
   296.250000      -42.6776047      -2.32238770E-02
   300.000000      -42.6776047       7.84606934E-02
   303.750000      -42.6776047       1.04675293E-02
   307.500000      -42.6776047       4.97436523E-03
   311.250000      -42.6776047      -6.74438477E-03
   315.000000      -42.6776047      -4.66918945E-03
   318.750000      -42.6776047       2.51159668E-02
   322.500000      -42.6776047       1.97448730E-02
   326.250000      -42.6776047      -2.07824707E-02
   330.000000      -42.6776047      -1.69982910E-02
   333.750000      -42.6776047       2.77709961E-03
   337.500000      -42.6776047      -2.89611816E-02
   341.250000      -42.6776047      -1.54113770E-02
   345.000000      -42.6776047      -2.22778320E-03
   348.750000      -42.6776047      -1.49230957E-02
   352.500000      -42.6776047       3.23181152E-02
   356.250000      -42.6776047       1.52282715E-02
   360.000000      -42.6776047      -3.96728516E-04
   0.00000000      -38.9666100       3.75366211E-03
   3.75000000      -38.9666100      -4.27551270E-02
   7.50000000      -38.9666100      -5.21545410E-02
   11.2500000      -38.9666100      -2.27355957E-02
   15.0000000      -38.9666100       2.01110840E-02
   18.7500000      -38.9666100       1.10778809E-02
   22.5000000      -38.9666100      -2.47192383E-03
   26.2500000      -38.9666100       3.20739746E-02
   30.0000000      -38.9666100      -2.79846191E-02
   33.7500000      -38.9666100      -3.17687988E-02
   37.5000000      -38.9666100       2.77709961E-03
   41.2500000      -38.9666100       5.58471680E-03
   45.0000000      -38.9666100      -3.08227539E-03
   48.7500000      -38.9666100       4.50134277E-02
   52.5000000      -38.9666100       3.69567871E-02
   56.2500000      -38.9666100      -7.59582520E-02
   60.0000000      -38.9666100      -4.87365723E-02
   63.7500000      -38.9666100      -8.57543945E-03
   67.5000000      -38.9666100       1.68151855E-02
   71.2500000      -38.9666100       5.70678711E-03
   75.0000000      -38.9666100       1.35192871E-02
   78.7500000      -38.9666100      -1.10168457E-02
   82.5000000      -38.9666100       4.68444824E-02
   86.2500000      -38.9666100       8.54187012E-02
   90.0000000      -38.9666100       2.38952637E-02
   93.7500000      -38.9666100      -2.34680176E-02
   97.5000000      -38.9666100       2.82897949E-02
   101.250000      -38.9666100       9.73510742E-03
   105.000000      -38.9666100      -5.15747070E-03
   108.750000      -38.9666100      -2.33459473E-02
   112.500000      -38.9666100      -1.72424316E-02
   116.250000      -38.9666100       5.79833984E-04
   120.000000      -38.9666100       1.15661621E-02
   123.750000      -38.9666100      -2.33459473E-02
   127.500000      -38.9666100      -3.26232910E-02
   131.250000      -38.9666100       1.46179199E-02
   135.000000      -38.9666100       6.07604980E-02
   138.750000      -38.9666100       8.14819336E-03
   142.500000      -38.9666100       2.75573730E-02
   146.250000      -38.9666100       1.59606934E-02
   150.000000      -38.9666100      -6.01196289E-03
   153.750000      -38.9666100       3.38745117E-03
   157.500000      -38.9666100       2.32849121E-02
   161.250000      -38.9666100       4.79431152E-02
   165.000000      -38.9666100       5.57556152E-02
   168.750000      -38.9666100       6.07604980E-02
   172.500000      -38.9666100       7.07702637E-02
   176.250000      -38.9666100     -0.196441650    
   180.000000      -38.9666100      -4.50744629E-02
   183.750000      -38.9666100      -2.81066895E-02
   187.500000      -38.9666100      -3.68957520E-02
   191.250000      -38.9666100       5.96618652E-02
   195.000000      -38.9666100     -0.114776611    
   198.750000      -38.9666100      -5.19104004E-02
   202.500000      -38.9666100       1.04675293E-02
   206.250000      -38.9666100      -4.03137207E-02
   210.000000      -38.9666100      -5.40161133E-03
   213.750000      -38.9666100       4.78210449E-02
   217.500000      -38.9666100       3.26843262E-02
   221.250000      -38.9666100       6.56127930E-03
   225.000000      -38.9666100       4.28161621E-02
   228.750000      -38.9666100      -4.12902832E-02
   232.500000      -38.9666100       8.21228027E-02
   236.250000      -38.9666100       6.24694824E-02
   240.000000      -38.9666100       2.58483887E-02
   243.750000      -38.9666100      -3.21350098E-02
   247.500000      -38.9666100       5.58471680E-03
   251.250000      -38.9666100      -9.42993164E-03
   255.000000      -38.9666100       3.76892090E-02
   258.750000      -38.9666100       4.45251465E-02
   262.500000      -38.9666100       4.24194336E-03
   266.250000      -38.9666100      -5.02014160E-02
   270.000000      -38.9666100      -3.05175781E-05
   273.750000      -38.9666100       3.86657715E-02
   277.500000      -38.9666100       3.87573242E-03
   281.250000      -38.9666100       3.97644043E-02
   285.000000      -38.9666100      0.137176514    
   288.750000      -38.9666100      -9.42687988E-02
   292.500000      -38.9666100      -1.58996582E-02
   296.250000      -38.9666100      -2.82287598E-02
   300.000000      -38.9666100     -0.163360596    
   303.750000      -38.9666100      -7.11975098E-02
   307.500000      -38.9666100       1.18103027E-02
   311.250000      -38.9666100       1.06811523E-03
   315.000000      -38.9666100       2.77709961E-03
   318.750000      -38.9666100      -2.24914551E-02
   322.500000      -38.9666100      -1.07727051E-02
   326.250000      -38.9666100      -7.11975098E-02
   330.000000      -38.9666100       1.22985840E-02
   333.750000      -38.9666100       2.77709961E-03
   337.500000      -38.9666100      -5.15747070E-03
   341.250000      -38.9666100      0.109832764    
   345.000000      -38.9666100      -5.13000488E-02
   348.750000      -38.9666100      -1.37329102E-03
   352.500000      -38.9666100       4.81872559E-02
   356.250000      -38.9666100       1.68151855E-02
   360.000000      -38.9666100       3.75366211E-03
   0.00000000      -35.2555809       2.32849121E-02
   3.75000000      -35.2555809      -5.22766113E-02
   7.50000000      -35.2555809      -2.78625488E-02
   11.2500000      -35.2555809       5.34057617E-03
   15.0000000      -35.2555809      -2.34985352E-03
   18.7500000      -35.2555809      -4.53186035E-02
   22.5000000      -35.2555809      -9.91821289E-03
   26.2500000      -35.2555809      -4.98352051E-02
   30.0000000      -35.2555809       3.98864746E-02
   33.7500000      -35.2555809      -1.82189941E-02
   37.5000000      -35.2555809      -4.45861816E-02
   41.2500000      -35.2555809      -2.29797363E-02
   45.0000000      -35.2555809      -6.50024414E-03
   48.7500000      -35.2555809       3.04870605E-02
   52.5000000      -35.2555809       2.37731934E-02
   56.2500000      -35.2555809      -6.93664551E-02
   60.0000000      -35.2555809      -5.64575195E-03
   63.7500000      -35.2555809      -3.08227539E-03
   67.5000000      -35.2555809       3.46374512E-02
   71.2500000      -35.2555809       2.89001465E-02
   75.0000000      -35.2555809       4.18395996E-02
   78.7500000      -35.2555809       5.79528809E-02
   82.5000000      -35.2555809      -4.21447754E-02
   86.2500000      -35.2555809       3.35693359E-04
   90.0000000      -35.2555809       2.74353027E-02
   93.7500000      -35.2555809       2.21862793E-02
   97.5000000      -35.2555809      -1.30920410E-02
   101.250000      -35.2555809       2.85339355E-02
   105.000000      -35.2555809       1.01013184E-02
   108.750000      -35.2555809      -2.02941895E-02
   112.500000      -35.2555809       1.32751465E-02
   116.250000      -35.2555809      -2.87170410E-02
   120.000000      -35.2555809       8.02612305E-03
   123.750000      -35.2555809      -1.24816895E-02
   127.500000      -35.2555809       3.99780273E-03
   131.250000      -35.2555809      -1.34582520E-02
   135.000000      -35.2555809      -1.68762207E-02
   138.750000      -35.2555809      -7.19299316E-02
   142.500000      -35.2555809      -3.11584473E-02
   146.250000      -35.2555809      -1.71203613E-02
   150.000000      -35.2555809       5.99060059E-02
   153.750000      -35.2555809       2.20642090E-02
   157.500000      -35.2555809       1.66931152E-02
   161.250000      -35.2555809       2.65808105E-02
   165.000000      -35.2555809       3.30505371E-02
   168.750000      -35.2555809       2.81677246E-02
   172.500000      -35.2555809       3.24401855E-02
   176.250000      -35.2555809       4.48608398E-03
   180.000000      -35.2555809       1.62048340E-02
   183.750000      -35.2555809      -1.54113770E-02
   187.500000      -35.2555809       1.10778809E-02
   191.250000      -35.2555809      -3.10363770E-02
   195.000000      -35.2555809      -9.91821289E-03
   198.750000      -35.2555809       1.80358887E-02
   202.500000      -35.2555809      -3.17687988E-02
   206.250000      -35.2555809      -2.73742676E-02
   210.000000      -35.2555809      -5.19104004E-02
   213.750000      -35.2555809      -2.29797363E-02
   217.500000      -35.2555809      -3.96728516E-04
   221.250000      -35.2555809      -2.23693848E-02
   225.000000      -35.2555809      -5.93566895E-02
   228.750000      -35.2555809     -0.107208252    
   232.500000      -35.2555809      0.102386475    
   236.250000      -35.2555809      -8.45336914E-03
   240.000000      -35.2555809      -7.47680664E-03
   243.750000      -35.2555809       7.29370117E-03
   247.500000      -35.2555809      -2.20031738E-02
   251.250000      -35.2555809       5.90515137E-02
   255.000000      -35.2555809       8.87145996E-02
   258.750000      -35.2555809       1.35192871E-02
   262.500000      -35.2555809       9.61303711E-03
   266.250000      -35.2555809       4.15954590E-02
   270.000000      -35.2555809       4.07409668E-02
   273.750000      -35.2555809       3.04870605E-02
   277.500000      -35.2555809       2.64587402E-02
   281.250000      -35.2555809       5.24597168E-02
   285.000000      -35.2555809       2.37731934E-02
   288.750000      -35.2555809      -5.61828613E-02
   292.500000      -35.2555809     -0.163360596    
   296.250000      -35.2555809       2.68249512E-02
   300.000000      -35.2555809       3.20739746E-02
   303.750000      -35.2555809      -7.62939453E-04
   307.500000      -35.2555809       1.07116699E-02
   311.250000      -35.2555809      -2.74658203E-04
   315.000000      -35.2555809      -4.91333008E-03
   318.750000      -35.2555809      -3.82385254E-02
   322.500000      -35.2555809      -3.90930176E-02
   326.250000      -35.2555809       1.18103027E-02
   330.000000      -35.2555809       1.25427246E-02
   333.750000      -35.2555809      -8.59680176E-02
   337.500000      -35.2555809      -1.17492676E-02
   341.250000      -35.2555809       2.09655762E-02
   345.000000      -35.2555809      -2.77404785E-02
   348.750000      -35.2555809      -4.91333008E-03
   352.500000      -35.2555809       1.44958496E-02
   356.250000      -35.2555809       3.35693359E-04
   360.000000      -35.2555809       2.32849121E-02
   0.00000000      -31.5445251       1.86462402E-02
   3.75000000      -31.5445251       1.30310059E-02
   7.50000000      -31.5445251      -2.35900879E-02
   11.2500000      -31.5445251      -1.95617676E-02
   15.0000000      -31.5445251      -1.63879395E-02
   18.7500000      -31.5445251      -3.59191895E-02
   22.5000000      -31.5445251       3.34167480E-02
   26.2500000      -31.5445251      -6.64367676E-02
   30.0000000      -31.5445251      -4.06799316E-02
   33.7500000      -31.5445251      -2.49328613E-02
   37.5000000      -31.5445251      -4.06799316E-02
   41.2500000      -31.5445251      -1.67541504E-02
   45.0000000      -31.5445251      -2.73742676E-02
   48.7500000      -31.5445251      -2.59399414E-03
   52.5000000      -31.5445251      -1.62658691E-02
   56.2500000      -31.5445251       2.82897949E-02
   60.0000000      -31.5445251       2.73132324E-02
   63.7500000      -31.5445251       2.84118652E-02
   67.5000000      -31.5445251       6.50329590E-02
   71.2500000      -31.5445251       5.52673340E-02
   75.0000000      -31.5445251       4.92858887E-02
   78.7500000      -31.5445251       6.19506836E-03
   82.5000000      -31.5445251       3.98864746E-02
   86.2500000      -31.5445251       2.26745605E-02
   90.0000000      -31.5445251       9.01794434E-02
   93.7500000      -31.5445251      -1.30920410E-02
   97.5000000      -31.5445251       1.85241699E-02
   101.250000      -31.5445251       2.31628418E-02
   105.000000      -31.5445251       2.13623047E-04
   108.750000      -31.5445251      -3.08227539E-03
   112.500000      -31.5445251       1.48620605E-02
   116.250000      -31.5445251     -0.119537354    
   120.000000      -31.5445251       7.90405273E-03
   123.750000      -31.5445251      -3.45764160E-02
   127.500000      -31.5445251      -6.26525879E-02
   131.250000      -31.5445251       9.49096680E-03
   135.000000      -31.5445251      -5.89904785E-02
   138.750000      -31.5445251     -0.176666260    
   142.500000      -31.5445251      -5.19104004E-02
   146.250000      -31.5445251      -1.68762207E-02
   150.000000      -31.5445251      -7.32727051E-02
   153.750000      -31.5445251       7.83386230E-02
   157.500000      -31.5445251       8.27026367E-03
   161.250000      -31.5445251      -1.02844238E-02
   165.000000      -31.5445251       1.64489746E-02
   168.750000      -31.5445251       4.19616699E-02
   172.500000      -31.5445251       4.30603027E-02
   176.250000      -31.5445251      -7.62939453E-04
   180.000000      -31.5445251      -1.15051270E-02
   183.750000      -31.5445251       7.41577148E-03
   187.500000      -31.5445251     -0.207183838    
   191.250000      -31.5445251      -3.66516113E-02
   195.000000      -31.5445251       5.34057617E-03
   198.750000      -31.5445251     -0.128692627    
   202.500000      -31.5445251      -4.91333008E-03
   206.250000      -31.5445251      -1.24816895E-02
   210.000000      -31.5445251       2.60925293E-02
   213.750000      -31.5445251       6.56127930E-03
   217.500000      -31.5445251       2.35290527E-02
   221.250000      -31.5445251      -3.44848633E-03
   225.000000      -31.5445251      -6.50024414E-03
   228.750000      -31.5445251      -1.15051270E-02
   232.500000      -31.5445251       5.68542480E-02
   236.250000      -31.5445251       6.07299805E-03
   240.000000      -31.5445251      -8.85009766E-04
   243.750000      -31.5445251       1.54724121E-02
   247.500000      -31.5445251       3.25622559E-02
   251.250000      -31.5445251      -6.61926270E-02
   255.000000      -31.5445251       3.02124023E-03
   258.750000      -31.5445251      -1.54113770E-02
   262.500000      -31.5445251       6.93054199E-02
   266.250000      -31.5445251       4.95300293E-02
   270.000000      -31.5445251       1.65710449E-02
   273.750000      -31.5445251       4.87976074E-02
   277.500000      -31.5445251       2.32849121E-02
   281.250000      -31.5445251      -9.06372070E-03
   285.000000      -31.5445251       1.35192871E-02
   288.750000      -31.5445251     -0.216705322    
   292.500000      -31.5445251      0.347747803    
   296.250000      -31.5445251       5.46569824E-02
   300.000000      -31.5445251       1.64489746E-02
   303.750000      -31.5445251      -5.47180176E-02
   307.500000      -31.5445251      -3.05480957E-02
   311.250000      -31.5445251      -1.86157227E-03
   315.000000      -31.5445251       2.91442871E-02
   318.750000      -31.5445251      -4.18090820E-03
   322.500000      -31.5445251      -4.27551270E-02
   326.250000      -31.5445251      -2.47192383E-03
   330.000000      -31.5445251       1.43432617E-03
   333.750000      -31.5445251       8.63647461E-03
   337.500000      -31.5445251     -0.235748291    
   341.250000      -31.5445251       2.97546387E-02
   345.000000      -31.5445251       1.29089355E-02
   348.750000      -31.5445251       4.24194336E-03
   352.500000      -31.5445251       1.24206543E-02
   356.250000      -31.5445251      -7.15637207E-02
   360.000000      -31.5445251       1.86462402E-02
   0.00000000      -27.8334446       4.13513184E-02
   3.75000000      -27.8334446       1.80358887E-02
   7.50000000      -27.8334446       1.03454590E-02
   11.2500000      -27.8334446       7.04956055E-03
   15.0000000      -27.8334446       5.00183105E-02
   18.7500000      -27.8334446      -2.11486816E-02
   22.5000000      -27.8334446       2.56042480E-02
   26.2500000      -27.8334446       8.02612305E-03
   30.0000000      -27.8334446       8.72497559E-02
   33.7500000      -27.8334446      -2.46887207E-02
   37.5000000      -27.8334446      -1.61437988E-02
   41.2500000      -27.8334446       5.79833984E-04
   45.0000000      -27.8334446      -6.36291504E-02
   48.7500000      -27.8334446      -9.67407227E-03
   52.5000000      -27.8334446      -2.61535645E-02
   56.2500000      -27.8334446       2.34069824E-02
   60.0000000      -27.8334446      -1.41906738E-02
   63.7500000      -27.8334446      -1.18713379E-02
   67.5000000      -27.8334446       1.86462402E-02
   71.2500000      -27.8334446       3.35693359E-04
   75.0000000      -27.8334446       9.36889648E-03
   78.7500000      -27.8334446       2.77709961E-03
   82.5000000      -27.8334446      -2.13928223E-02
   86.2500000      -27.8334446      -2.96020508E-03
   90.0000000      -27.8334446       2.29187012E-02
   93.7500000      -27.8334446       1.29089355E-02
   97.5000000      -27.8334446       1.64489746E-02
   101.250000      -27.8334446       2.80456543E-02
   105.000000      -27.8334446      -3.57055664E-03
   108.750000      -27.8334446       1.46179199E-02
   112.500000      -27.8334446       2.75573730E-02
   116.250000      -27.8334446      -8.57238770E-02
   120.000000      -27.8334446      -2.33459473E-02
   123.750000      -27.8334446       8.27026367E-03
   127.500000      -27.8334446      -2.95715332E-02
   131.250000      -27.8334446       7.22351074E-02
   135.000000      -27.8334446       3.35388184E-02
   138.750000      -27.8334446       1.32751465E-02
   142.500000      -27.8334446       1.40075684E-02
   146.250000      -27.8334446      -7.47680664E-03
   150.000000      -27.8334446       3.39050293E-02
   153.750000      -27.8334446      0.146087646    
   157.500000      -27.8334446      -1.35803223E-02
   161.250000      -27.8334446      -1.46789551E-02
   165.000000      -27.8334446       1.60827637E-02
   168.750000      -27.8334446      -3.53088379E-02
   172.500000      -27.8334446      -6.98852539E-03
   176.250000      -27.8334446      -2.22473145E-02
   180.000000      -27.8334446       4.90417480E-02
   183.750000      -27.8334446       5.23376465E-02
   187.500000      -27.8334446       1.29089355E-02
   191.250000      -27.8334446       3.57360840E-02
   195.000000      -27.8334446      -7.23266602E-03
   198.750000      -27.8334446      -2.29797363E-02
   202.500000      -27.8334446       2.82897949E-02
   206.250000      -27.8334446      -2.72521973E-02
   210.000000      -27.8334446       1.10778809E-02
   213.750000      -27.8334446       1.97448730E-02
   217.500000      -27.8334446      -1.43127441E-02
   221.250000      -27.8334446      -5.40161133E-03
   225.000000      -27.8334446       2.36511230E-02
   228.750000      -27.8334446      -4.30297852E-03
   232.500000      -27.8334446      -4.27551270E-02
   236.250000      -27.8334446       1.40075684E-02
   240.000000      -27.8334446      -1.21154785E-02
   243.750000      -27.8334446       1.09558105E-02
   247.500000      -27.8334446      -9.42993164E-03
   251.250000      -27.8334446       2.07214355E-02
   255.000000      -27.8334446       5.03845215E-02
   258.750000      -27.8334446       2.53295898E-03
   262.500000      -27.8334446      -3.32641602E-03
   266.250000      -27.8334446       3.26538086E-03
   270.000000      -27.8334446       5.95092773E-03
   273.750000      -27.8334446      -4.75158691E-02
   277.500000      -27.8334446      -1.32141113E-02
   281.250000      -27.8334446       1.04675293E-02
   285.000000      -27.8334446       2.76794434E-02
   288.750000      -27.8334446     -0.230621338    
   292.500000      -27.8334446     -0.246368408    
   296.250000      -27.8334446       2.41088867E-03
   300.000000      -27.8334446       1.43432617E-03
   303.750000      -27.8334446       2.48718262E-02
   307.500000      -27.8334446       1.67846680E-03
   311.250000      -27.8334446      -4.93469238E-02
   315.000000      -27.8334446       5.80749512E-02
   318.750000      -27.8334446       1.49841309E-02
   322.500000      -27.8334446      -2.05383301E-02
   326.250000      -27.8334446       8.75854492E-03
   330.000000      -27.8334446       7.90405273E-03
   333.750000      -27.8334446       3.70788574E-02
   337.500000      -27.8334446      -3.01818848E-02
   341.250000      -27.8334446      -3.57055664E-03
   345.000000      -27.8334446      -1.18713379E-02
   348.750000      -27.8334446       9.15527344E-05
   352.500000      -27.8334446      -1.25122070E-03
   356.250000      -27.8334446      -9.42993164E-03
   360.000000      -27.8334446       4.13513184E-02
   0.00000000      -24.1223469       1.70593262E-02
   3.75000000      -24.1223469      -1.22375488E-02
   7.50000000      -24.1223469      -1.72424316E-02
   11.2500000      -24.1223469      -3.50646973E-02
   15.0000000      -24.1223469     -0.102691650    
   18.7500000      -24.1223469       2.53601074E-02
   22.5000000      -24.1223469       2.09655762E-02
   26.2500000      -24.1223469      -2.49328613E-02
   30.0000000      -24.1223469      -1.86157227E-03
   33.7500000      -24.1223469      -1.61743164E-03
   37.5000000      -24.1223469       3.38745117E-03
   41.2500000      -24.1223469      -1.85852051E-02
   45.0000000      -24.1223469       5.58471680E-03
   48.7500000      -24.1223469      -3.10363770E-02
   52.5000000      -24.1223469       2.01110840E-02
   56.2500000      -24.1223469       1.64489746E-02
   60.0000000      -24.1223469       4.73022461E-03
   63.7500000      -24.1223469      -5.15747070E-03
   67.5000000      -24.1223469      -5.92346191E-02
   71.2500000      -24.1223469       8.88061523E-03
   75.0000000      -24.1223469       2.57263184E-02
   78.7500000      -24.1223469       5.36804199E-02
   82.5000000      -24.1223469       2.23083496E-02
   86.2500000      -24.1223469      -9.42993164E-03
   90.0000000      -24.1223469       5.34362793E-02
   93.7500000      -24.1223469       2.48718262E-02
   97.5000000      -24.1223469       3.54919434E-02
   101.250000      -24.1223469       5.57556152E-02
   105.000000      -24.1223469       6.07299805E-03
   108.750000      -24.1223469       2.86560059E-02
   112.500000      -24.1223469       1.22985840E-02
   116.250000      -24.1223469      -3.67736816E-02
   120.000000      -24.1223469       4.04968262E-02
   123.750000      -24.1223469      -2.20031738E-02
   127.500000      -24.1223469      -1.60217285E-02
   131.250000      -24.1223469      0.228973389    
   135.000000      -24.1223469       2.67028809E-02
   138.750000      -24.1223469      -2.65197754E-02
   142.500000      -24.1223469       7.01904297E-04
   146.250000      -24.1223469       3.87878418E-02
   150.000000      -24.1223469      -3.34777832E-02
   153.750000      -24.1223469      -6.49719238E-02
   157.500000      -24.1223469      -8.45336914E-03
   161.250000      -24.1223469      -1.37023926E-02
   165.000000      -24.1223469      -1.49230957E-02
   168.750000      -24.1223469       1.16882324E-02
   172.500000      -24.1223469      -3.01818848E-02
   176.250000      -24.1223469       6.56127930E-03
   180.000000      -24.1223469       2.26745605E-02
   183.750000      -24.1223469       1.85241699E-02
   187.500000      -24.1223469      -8.08715820E-03
   191.250000      -24.1223469       8.63647461E-03
   195.000000      -24.1223469       5.09643555E-03
   198.750000      -24.1223469      -2.74658203E-04
   202.500000      -24.1223469       1.43432617E-03
   206.250000      -24.1223469       3.52478027E-02
   210.000000      -24.1223469      -4.54711914E-03
   213.750000      -24.1223469      -2.21252441E-02
   217.500000      -24.1223469       2.41088867E-03
   221.250000      -24.1223469       8.21228027E-02
   225.000000      -24.1223469      -9.30786133E-03
   228.750000      -24.1223469      -5.99670410E-02
   232.500000      -24.1223469      -2.70080566E-02
   236.250000      -24.1223469      -8.94165039E-03
   240.000000      -24.1223469      -2.15148926E-02
   243.750000      -24.1223469      -2.27355957E-02
   247.500000      -24.1223469      -2.39562988E-02
   251.250000      -24.1223469       2.56042480E-02
   255.000000      -24.1223469       5.82885742E-03
   258.750000      -24.1223469      -1.27258301E-02
   262.500000      -24.1223469      -4.99572754E-02
   266.250000      -24.1223469      -5.71594238E-02
   270.000000      -24.1223469       2.56042480E-02
   273.750000      -24.1223469      -5.78918457E-02
   277.500000      -24.1223469      -5.18798828E-04
   281.250000      -24.1223469      -6.98852539E-03
   285.000000      -24.1223469       5.09643555E-03
   288.750000      -24.1223469       9.09118652E-02
   292.500000      -24.1223469      0.185882568    
   296.250000      -24.1223469      -5.52368164E-03
   300.000000      -24.1223469      -2.77404785E-02
   303.750000      -24.1223469       5.79833984E-04
   307.500000      -24.1223469       3.50036621E-02
   311.250000      -24.1223469      -2.83813477E-03
   315.000000      -24.1223469       1.59606934E-02
   318.750000      -24.1223469       1.60827637E-02
   322.500000      -24.1223469       2.53601074E-02
   326.250000      -24.1223469      -3.93676758E-03
   330.000000      -24.1223469       4.36401367E-03
   333.750000      -24.1223469      -9.55200195E-03
   337.500000      -24.1223469       7.78198242E-03
   341.250000      -24.1223469       2.47497559E-02
   345.000000      -24.1223469      -1.00402832E-02
   348.750000      -24.1223469      -2.18811035E-02
   352.500000      -24.1223469      -5.41076660E-02
   356.250000      -24.1223469       1.16882324E-02
   360.000000      -24.1223469       1.70593262E-02
   0.00000000      -20.4112377      -1.63879395E-02
   3.75000000      -20.4112377      -1.46789551E-02
   7.50000000      -20.4112377      -4.91333008E-03
   11.2500000      -20.4112377      -3.32641602E-03
   15.0000000      -20.4112377      -5.65490723E-02
   18.7500000      -20.4112377       5.46264648E-03
   22.5000000      -20.4112377      -3.61633301E-02
   26.2500000      -20.4112377       7.65991211E-03
   30.0000000      -20.4112377      -1.98059082E-02
   33.7500000      -20.4112377       1.36413574E-02
   37.5000000      -20.4112377      -1.49230957E-02
   41.2500000      -20.4112377       8.63647461E-03
   45.0000000      -20.4112377       9.95788574E-02
   48.7500000      -20.4112377      -3.10363770E-02
   52.5000000      -20.4112377       3.23181152E-02
   56.2500000      -20.4112377      -5.91125488E-02
   60.0000000      -20.4112377       2.76794434E-02
   63.7500000      -20.4112377       3.62243652E-02
   67.5000000      -20.4112377       7.78198242E-03
   71.2500000      -20.4112377      -5.14221191E-02
   75.0000000      -20.4112377      -7.11059570E-03
   78.7500000      -20.4112377       2.48718262E-02
   82.5000000      -20.4112377      -2.95715332E-02
   86.2500000      -20.4112377      -1.15051270E-02
   90.0000000      -20.4112377      -1.37023926E-02
   93.7500000      -20.4112377       2.25524902E-02
   97.5000000      -20.4112377       2.04772949E-02
   101.250000      -20.4112377       5.00183105E-02
   105.000000      -20.4112377       1.74255371E-02
   108.750000      -20.4112377       1.80053711E-03
   112.500000      -20.4112377       9.15527344E-05
   116.250000      -20.4112377       2.65808105E-02
   120.000000      -20.4112377      -8.20617676E-02
   123.750000      -20.4112377      -6.74438477E-03
   127.500000      -20.4112377      -7.43713379E-02
   131.250000      -20.4112377      -1.98059082E-02
   135.000000      -20.4112377      -3.50646973E-02
   138.750000      -20.4112377       6.43920898E-03
   142.500000      -20.4112377       5.46264648E-03
   146.250000      -20.4112377       6.50329590E-02
   150.000000      -20.4112377       2.13623047E-04
   153.750000      -20.4112377      -8.75549316E-02
   157.500000      -20.4112377      -1.11389160E-02
   161.250000      -20.4112377       3.63159180E-03
   165.000000      -20.4112377      -5.48400879E-02
   168.750000      -20.4112377       8.10241699E-02
   172.500000      -20.4112377      -3.25012207E-02
   176.250000      -20.4112377      -5.15747070E-03
   180.000000      -20.4112377       8.63647461E-03
   183.750000      -20.4112377       2.32849121E-02
   187.500000      -20.4112377       8.51440430E-03
   191.250000      -20.4112377      -9.67407227E-03
   195.000000      -20.4112377      -1.60217285E-02
   198.750000      -20.4112377       1.30310059E-02
   202.500000      -20.4112377       5.79833984E-04
   206.250000      -20.4112377      -6.86645508E-03
   210.000000      -20.4112377       2.53295898E-03
   213.750000      -20.4112377      -3.38439941E-02
   217.500000      -20.4112377      -5.54504395E-02
   221.250000      -20.4112377      -7.11975098E-02
   225.000000      -20.4112377      -4.40979004E-02
   228.750000      -20.4112377      -5.36193848E-02
   232.500000      -20.4112377      -1.65100098E-02
   236.250000      -20.4112377      -3.57055664E-03
   240.000000      -20.4112377      -3.27453613E-02
   243.750000      -20.4112377      -1.28479004E-02
   247.500000      -20.4112377       5.34057617E-03
   251.250000      -20.4112377       2.91442871E-02
   255.000000      -20.4112377      -1.21154785E-02
   258.750000      -20.4112377       2.41088867E-03
   262.500000      -20.4112377       1.05895996E-02
   266.250000      -20.4112377      -2.17590332E-02
   270.000000      -20.4112377      -1.49230957E-02
   273.750000      -20.4112377      -3.06701660E-02
   277.500000      -20.4112377       3.84216309E-02
   281.250000      -20.4112377       9.85717773E-03
   285.000000      -20.4112377       2.41394043E-02
   288.750000      -20.4112377       6.75964355E-02
   292.500000      -20.4112377      -7.69348145E-02
   296.250000      -20.4112377      -5.88989258E-03
   300.000000      -20.4112377      -1.34582520E-02
   303.750000      -20.4112377       4.09851074E-02
   307.500000      -20.4112377       1.35192871E-02
   311.250000      -20.4112377       7.19909668E-02
   315.000000      -20.4112377      -8.53576660E-02
   318.750000      -20.4112377       1.64489746E-02
   322.500000      -20.4112377      -3.95812988E-02
   326.250000      -20.4112377       5.12390137E-02
   330.000000      -20.4112377       2.04467773E-03
   333.750000      -20.4112377       2.85339355E-02
   337.500000      -20.4112377       5.70678711E-03
   341.250000      -20.4112377       4.48608398E-03
   345.000000      -20.4112377      -1.54113770E-02
   348.750000      -20.4112377       1.92260742E-03
   352.500000      -20.4112377      -2.01721191E-02
   356.250000      -20.4112377       2.25524902E-02
   360.000000      -20.4112377      -1.63879395E-02
   0.00000000      -16.7001171       2.04467773E-03
   3.75000000      -16.7001171      -1.07727051E-02
   7.50000000      -16.7001171      -2.29797363E-02
   11.2500000      -16.7001171       6.56127930E-03
   15.0000000      -16.7001171      -7.62939453E-04
   18.7500000      -16.7001171      -1.76086426E-02
   22.5000000      -16.7001171      -4.89807129E-02
   26.2500000      -16.7001171       5.22155762E-02
   30.0000000      -16.7001171      -7.47680664E-03
   33.7500000      -16.7001171       5.90515137E-02
   37.5000000      -16.7001171       7.12585449E-02
   41.2500000      -16.7001171      -3.20129395E-02
   45.0000000      -16.7001171       2.05993652E-02
   48.7500000      -16.7001171      -2.16369629E-02
   52.5000000      -16.7001171      -1.25122070E-03
   56.2500000      -16.7001171       1.85241699E-02
   60.0000000      -16.7001171       5.13610840E-02
   63.7500000      -16.7001171       2.51159668E-02
   67.5000000      -16.7001171       2.16674805E-03
   71.2500000      -16.7001171      -4.32434082E-02
   75.0000000      -16.7001171      -2.26135254E-02
   78.7500000      -16.7001171       1.06811523E-03
   82.5000000      -16.7001171       4.50134277E-02
   86.2500000      -16.7001171      -2.26135254E-02
   90.0000000      -16.7001171      -2.10571289E-03
   93.7500000      -16.7001171       3.02124023E-03
   97.5000000      -16.7001171       1.16882324E-02
   101.250000      -16.7001171       1.90124512E-02
   105.000000      -16.7001171       4.06188965E-02
   108.750000      -16.7001171       7.29370117E-03
   112.500000      -16.7001171      -1.98059082E-02
   116.250000      -16.7001171       1.76696777E-02
   120.000000      -16.7001171       2.02331543E-02
   123.750000      -16.7001171      -6.15539551E-02
   127.500000      -16.7001171       5.67321777E-02
   131.250000      -16.7001171      -2.40783691E-02
   135.000000      -16.7001171       9.61303711E-03
   138.750000      -16.7001171       1.43432617E-03
   142.500000      -16.7001171      -5.40161133E-03
   146.250000      -16.7001171       3.03649902E-02
   150.000000      -16.7001171      -7.47680664E-03
   153.750000      -16.7001171      -2.48107910E-02
   157.500000      -16.7001171       9.24682617E-03
   161.250000      -16.7001171       5.82885742E-03
   165.000000      -16.7001171      -1.01623535E-02
   168.750000      -16.7001171      -9.91821289E-03
   172.500000      -16.7001171      -2.02941895E-02
   176.250000      -16.7001171      -3.61633301E-02
   180.000000      -16.7001171     -0.100372314    
   183.750000      -16.7001171      -1.45568848E-02
   187.500000      -16.7001171      -1.76086426E-02
   191.250000      -16.7001171      -5.16662598E-02
   195.000000      -16.7001171      -3.29895020E-02
   198.750000      -16.7001171      -3.86047363E-02
   202.500000      -16.7001171      -1.61743164E-03
   206.250000      -16.7001171      -7.19299316E-02
   210.000000      -16.7001171      -1.58996582E-02
   213.750000      -16.7001171      -1.74865723E-02
   217.500000      -16.7001171      -1.50451660E-02
   221.250000      -16.7001171      -2.90832520E-02
   225.000000      -16.7001171      -3.86047363E-02
   228.750000      -16.7001171      -1.84631348E-02
   232.500000      -16.7001171      -2.63977051E-02
   236.250000      -16.7001171       1.52282715E-02
   240.000000      -16.7001171      -1.56555176E-02
   243.750000      -16.7001171       1.58386230E-02
   247.500000      -16.7001171      -1.86157227E-03
   251.250000      -16.7001171      -1.19934082E-02
   255.000000      -16.7001171      -1.68762207E-02
   258.750000      -16.7001171       2.19421387E-02
   262.500000      -16.7001171       2.15759277E-02
   266.250000      -16.7001171       3.38745117E-03
   270.000000      -16.7001171       4.36401367E-03
   273.750000      -16.7001171       1.30310059E-02
   277.500000      -16.7001171       1.31530762E-02
   281.250000      -16.7001171      -8.69750977E-03
   285.000000      -16.7001171       3.19519043E-02
   288.750000      -16.7001171     -0.295806885    
   292.500000      -16.7001171     -0.140411377    
   296.250000      -16.7001171       6.19506836E-03
   300.000000      -16.7001171      -1.94396973E-02
   303.750000      -16.7001171      -2.34985352E-03
   307.500000      -16.7001171       9.44519043E-02
   311.250000      -16.7001171       6.72302246E-02
   315.000000      -16.7001171       4.68444824E-02
   318.750000      -16.7001171      -2.39562988E-02
   322.500000      -16.7001171       1.65710449E-02
   326.250000      -16.7001171      -2.22778320E-03
   330.000000      -16.7001171       6.19506836E-03
   333.750000      -16.7001171      -2.05383301E-02
   337.500000      -16.7001171       1.80053711E-03
   341.250000      -16.7001171      -3.89709473E-02
   345.000000      -16.7001171      -9.79614258E-03
   348.750000      -16.7001171      -2.10266113E-02
   352.500000      -16.7001171       1.74255371E-02
   356.250000      -16.7001171       1.21765137E-02
   360.000000      -16.7001171       2.04467773E-03
   0.00000000      -12.9889879      -2.94494629E-02
   3.75000000      -12.9889879      -3.90930176E-02
   7.50000000      -12.9889879      -3.29895020E-02
   11.2500000      -12.9889879      -7.96203613E-02
   15.0000000      -12.9889879      -7.69348145E-02
   18.7500000      -12.9889879      -1.69982910E-02
   22.5000000      -12.9889879      -8.69750977E-03
   26.2500000      -12.9889879      -4.05883789E-03
   30.0000000      -12.9889879       5.12390137E-02
   33.7500000      -12.9889879      -1.54113770E-02
   37.5000000      -12.9889879     -0.139312744    
   41.2500000      -12.9889879      -3.76281738E-02
   45.0000000      -12.9889879       5.08728027E-02
   48.7500000      -12.9889879       6.35681152E-02
   52.5000000      -12.9889879       3.26538086E-03
   56.2500000      -12.9889879      -4.05883789E-03
   60.0000000      -12.9889879       3.24401855E-02
   63.7500000      -12.9889879       4.60815430E-03
   67.5000000      -12.9889879      -1.21154785E-02
   71.2500000      -12.9889879       2.79235840E-02
   75.0000000      -12.9889879      -2.38342285E-02
   78.7500000      -12.9889879       1.13220215E-02
   82.5000000      -12.9889879       1.42517090E-02
   86.2500000      -12.9889879       1.37634277E-02
   90.0000000      -12.9889879      -6.11877441E-02
   93.7500000      -12.9889879       4.24194336E-03
   97.5000000      -12.9889879       1.47399902E-02
   101.250000      -12.9889879       9.46044922E-04
   105.000000      -12.9889879       1.88903809E-02
   108.750000      -12.9889879       1.38854980E-02
   112.500000      -12.9889879      -1.44348145E-02
   116.250000      -12.9889879      -2.34985352E-03
   120.000000      -12.9889879       1.01013184E-02
   123.750000      -12.9889879      -2.71606445E-03
   127.500000      -12.9889879       2.49938965E-02
   131.250000      -12.9889879       1.52282715E-02
   135.000000      -12.9889879       1.43737793E-02
   138.750000      -12.9889879       3.63159180E-03
   142.500000      -12.9889879       2.23083496E-02
   146.250000      -12.9889879       3.87573242E-03
   150.000000      -12.9889879      -1.41906738E-02
   153.750000      -12.9889879      -1.16271973E-02
   157.500000      -12.9889879       1.80053711E-03
   161.250000      -12.9889879      -9.42993164E-03
   165.000000      -12.9889879      -2.18811035E-02
   168.750000      -12.9889879      -2.92053223E-02
   172.500000      -12.9889879      -1.27258301E-02
   176.250000      -12.9889879      -7.72094727E-03
   180.000000      -12.9889879      -3.70178223E-02
   183.750000      -12.9889879      -4.03137207E-02
   187.500000      -12.9889879      -2.87170410E-02
   191.250000      -12.9889879      -1.32141113E-02
   195.000000      -12.9889879      -3.88488770E-02
   198.750000      -12.9889879      -3.87268066E-02
   202.500000      -12.9889879      -7.23266602E-03
   206.250000      -12.9889879       1.18103027E-02
   210.000000      -12.9889879      -1.45568848E-02
   213.750000      -12.9889879       5.58471680E-03
   217.500000      -12.9889879      -1.88293457E-02
   221.250000      -12.9889879       8.27026367E-03
   225.000000      -12.9889879      -2.45666504E-02
   228.750000      -12.9889879      -4.00695801E-02
   232.500000      -12.9889879       5.82885742E-03
   236.250000      -12.9889879      -2.38342285E-02
   240.000000      -12.9889879       1.22985840E-02
   243.750000      -12.9889879       2.35290527E-02
   247.500000      -12.9889879       1.29089355E-02
   251.250000      -12.9889879       1.47399902E-02
   255.000000      -12.9889879      -8.45336914E-03
   258.750000      -12.9889879      -6.86645508E-03
   262.500000      -12.9889879       1.96228027E-02
   266.250000      -12.9889879       2.80456543E-02
   270.000000      -12.9889879       2.93884277E-02
   273.750000      -12.9889879       5.82885742E-03
   277.500000      -12.9889879      -1.16271973E-02
   281.250000      -12.9889879       2.40173340E-02
   285.000000      -12.9889879      0.137176514    
   288.750000      -12.9889879      -8.05969238E-02
   292.500000      -12.9889879       2.37731934E-02
   296.250000      -12.9889879       5.34057617E-03
   300.000000      -12.9889879       2.80456543E-02
   303.750000      -12.9889879       3.34167480E-02
   307.500000      -12.9889879       5.22155762E-02
   311.250000      -12.9889879       7.17468262E-02
   315.000000      -12.9889879      -2.59399414E-03
   318.750000      -12.9889879       5.39245605E-02
   322.500000      -12.9889879       8.63647461E-03
   326.250000      -12.9889879      -3.92150879E-02
   330.000000      -12.9889879      -1.29699707E-02
   333.750000      -12.9889879      -1.05285645E-02
   337.500000      -12.9889879       6.68334961E-03
   341.250000      -12.9889879      -2.81066895E-02
   345.000000      -12.9889879       6.68334961E-03
   348.750000      -12.9889879       1.53503418E-02
   352.500000      -12.9889879      -4.01916504E-02
   356.250000      -12.9889879      -1.89514160E-02
   360.000000      -12.9889879      -2.94494629E-02
   0.00000000      -9.27785301      -1.43127441E-02
   3.75000000      -9.27785301      -2.95715332E-02
   7.50000000      -9.27785301      -2.96936035E-02
   11.2500000      -9.27785301      -6.53381348E-02
   15.0000000      -9.27785301     -0.114898682    
   18.7500000      -9.27785301      -3.78723145E-02
   22.5000000      -9.27785301       2.92663574E-02
   26.2500000      -9.27785301      -2.11486816E-02
   30.0000000      -9.27785301      -4.89807129E-02
   33.7500000      -9.27785301      0.422332764    
   37.5000000      -9.27785301     -0.102569580    
   41.2500000      -9.27785301       3.31726074E-02
   45.0000000      -9.27785301       6.68334961E-03
   48.7500000      -9.27785301       3.48815918E-02
   52.5000000      -9.27785301       1.62048340E-02
   56.2500000      -9.27785301       2.24304199E-02
   60.0000000      -9.27785301      -1.91955566E-02
   63.7500000      -9.27785301      -4.91027832E-02
   67.5000000      -9.27785301      -7.47680664E-03
   71.2500000      -9.27785301       2.48718262E-02
   75.0000000      -9.27785301       2.08435059E-02
   78.7500000      -9.27785301       3.87878418E-02
   82.5000000      -9.27785301       1.57165527E-02
   86.2500000      -9.27785301      -1.26037598E-02
   90.0000000      -9.27785301       2.34069824E-02
   93.7500000      -9.27785301       2.67028809E-02
   97.5000000      -9.27785301      -4.30297852E-03
   101.250000      -9.27785301       3.86657715E-02
   105.000000      -9.27785301       4.11987305E-03
   108.750000      -9.27785301      -4.08020020E-02
   112.500000      -9.27785301      -1.27258301E-02
   116.250000      -9.27785301      -3.35998535E-02
   120.000000      -9.27785301       9.00573730E-02
   123.750000      -9.27785301       2.07214355E-02
   127.500000      -9.27785301       1.69372559E-02
   131.250000      -9.27785301       2.97546387E-02
   135.000000      -9.27785301       3.65905762E-02
   138.750000      -9.27785301       3.26843262E-02
   142.500000      -9.27785301       1.98669434E-02
   146.250000      -9.27785301      -4.36096191E-02
   150.000000      -9.27785301      -8.27941895E-02
   153.750000      -9.27785301      -1.49230957E-02
   157.500000      -9.27785301      -4.42199707E-02
   161.250000      -9.27785301      -3.07922363E-02
   165.000000      -9.27785301      -2.81066895E-02
   168.750000      -9.27785301       2.41088867E-03
   172.500000      -9.27785301      -1.39465332E-02
   176.250000      -9.27785301      -1.37023926E-02
   180.000000      -9.27785301       7.04956055E-03
   183.750000      -9.27785301      -1.22375488E-02
   187.500000      -9.27785301      -1.23596191E-02
   191.250000      -9.27785301       9.15527344E-05
   195.000000      -9.27785301      -1.10168457E-02
   198.750000      -9.27785301      -3.09143066E-02
   202.500000      -9.27785301       1.67846680E-03
   206.250000      -9.27785301       1.22985840E-02
   210.000000      -9.27785301       3.35693359E-04
   213.750000      -9.27785301      -8.81958008E-03
   217.500000      -9.27785301      -1.26037598E-02
   221.250000      -9.27785301     -0.131988525    
   225.000000      -9.27785301      -1.95617676E-02
   228.750000      -9.27785301       7.53784180E-03
   232.500000      -9.27785301       1.41296387E-02
   236.250000      -9.27785301       2.04467773E-03
   240.000000      -9.27785301      -3.05175781E-05
   243.750000      -9.27785301      -1.83410645E-02
   247.500000      -9.27785301       3.75366211E-03
   251.250000      -9.27785301       3.03649902E-02
   255.000000      -9.27785301      -2.47192383E-03
   258.750000      -9.27785301       5.82885742E-03
   262.500000      -9.27785301      -2.68859863E-02
   266.250000      -9.27785301       2.13623047E-04
   270.000000      -9.27785301       2.85339355E-02
   273.750000      -9.27785301       2.15759277E-02
   277.500000      -9.27785301       2.78015137E-02
   281.250000      -9.27785301       8.15124512E-02
   285.000000      -9.27785301      0.255706787    
   288.750000      -9.27785301       2.04467773E-03
   292.500000      -9.27785301       1.74255371E-02
   296.250000      -9.27785301       1.07116699E-02
   300.000000      -9.27785301       2.67028809E-02
   303.750000      -9.27785301       3.03649902E-02
   307.500000      -9.27785301       3.72009277E-02
   311.250000      -9.27785301       3.75366211E-03
   315.000000      -9.27785301      -1.26037598E-02
   318.750000      -9.27785301       2.09655762E-02
   322.500000      -9.27785301      -8.45031738E-02
   326.250000      -9.27785301       1.74255371E-02
   330.000000      -9.27785301       1.32751465E-02
   333.750000      -9.27785301       8.14819336E-03
   337.500000      -9.27785301      -3.05175781E-05
   341.250000      -9.27785301      -1.56555176E-02
   345.000000      -9.27785301      -5.40161133E-03
   348.750000      -9.27785301      -1.25122070E-03
   352.500000      -9.27785301      -3.69262695E-03
   356.250000      -9.27785301      -8.69750977E-03
   360.000000      -9.27785301      -1.43127441E-02
   0.00000000      -5.56671333       1.08337402E-02
   3.75000000      -5.56671333       5.34057617E-03
   7.50000000      -5.56671333      -6.40869141E-04
   11.2500000      -5.56671333      -5.52368164E-03
   15.0000000      -5.56671333      -6.88781738E-02
   18.7500000      -5.56671333       1.07116699E-02
   22.5000000      -5.56671333      -3.04260254E-02
   26.2500000      -5.56671333       1.53503418E-02
   30.0000000      -5.56671333      -6.16760254E-02
   33.7500000      -5.56671333      -1.33361816E-02
   37.5000000      -5.56671333      -6.50024414E-03
   41.2500000      -5.56671333       6.31713867E-03
   45.0000000      -5.56671333       8.51440430E-03
   48.7500000      -5.56671333      -2.83813477E-03
   52.5000000      -5.56671333       1.35192871E-02
   56.2500000      -5.56671333      -2.66418457E-02
   60.0000000      -5.56671333      -2.02941895E-02
   63.7500000      -5.56671333      -1.40686035E-02
   67.5000000      -5.56671333       5.95092773E-03
   71.2500000      -5.56671333       1.92260742E-03
   75.0000000      -5.56671333       2.03552246E-02
   78.7500000      -5.56671333       2.79235840E-02
   82.5000000      -5.56671333       4.35485840E-02
   86.2500000      -5.56671333       5.46264648E-03
   90.0000000      -5.56671333       1.96228027E-02
   93.7500000      -5.56671333       5.80749512E-02
   97.5000000      -5.56671333       4.24194336E-03
   101.250000      -5.56671333       3.25622559E-02
   105.000000      -5.56671333       5.58776855E-02
   108.750000      -5.56671333       2.42614746E-02
   112.500000      -5.56671333      -1.15051270E-02
   116.250000      -5.56671333      -2.32238770E-02
   120.000000      -5.56671333      0.170745850    
   123.750000      -5.56671333       5.81970215E-02
   127.500000      -5.56671333       1.73034668E-02
   131.250000      -5.56671333       3.76892090E-02
   135.000000      -5.56671333       2.96325684E-02
   138.750000      -5.56671333       2.41088867E-03
   142.500000      -5.56671333     -0.426910400    
   146.250000      -5.56671333     -0.370391846    
   150.000000      -5.56671333       1.01013184E-02
   153.750000      -5.56671333       7.57751465E-02
   157.500000      -5.56671333       5.06286621E-02
   161.250000      -5.56671333       1.58386230E-02
   165.000000      -5.56671333      -1.73645020E-02
   168.750000      -5.56671333      -1.41906738E-02
   172.500000      -5.56671333      -6.86645508E-03
   176.250000      -5.56671333      -1.77307129E-02
   180.000000      -5.56671333       1.88903809E-02
   183.750000      -5.56671333      -9.55200195E-03
   187.500000      -5.56671333      -6.06994629E-02
   191.250000      -5.56671333      -4.11682129E-02
   195.000000      -5.56671333      -2.40783691E-02
   198.750000      -5.56671333      -4.10461426E-02
   202.500000      -5.56671333      -1.88293457E-02
   206.250000      -5.56671333      -1.02844238E-02
   210.000000      -5.56671333      -1.13830566E-02
   213.750000      -5.56671333      -5.52368164E-03
   217.500000      -5.56671333      -3.93676758E-03
   221.250000      -5.56671333      -3.45764160E-02
   225.000000      -5.56671333      -3.95812988E-02
   228.750000      -5.56671333      -1.90734863E-02
   232.500000      -5.56671333       8.88061523E-03
   236.250000      -5.56671333       4.36401367E-03
   240.000000      -5.56671333      -1.82189941E-02
   243.750000      -5.56671333       1.27868652E-02
   247.500000      -5.56671333       1.05895996E-02
   251.250000      -5.56671333       8.39233398E-03
   255.000000      -5.56671333      -1.46789551E-02
   258.750000      -5.56671333      -1.49536133E-03
   262.500000      -5.56671333       8.75854492E-03
   266.250000      -5.56671333       1.44958496E-02
   270.000000      -5.56671333       2.71911621E-02
   273.750000      -5.56671333       3.67126465E-02
   277.500000      -5.56671333       2.76794434E-02
   281.250000      -5.56671333       9.72595215E-02
   285.000000      -5.56671333       2.78015137E-02
   288.750000      -5.56671333       1.55944824E-02
   292.500000      -5.56671333       3.17077637E-02
   296.250000      -5.56671333       4.13513184E-02
   300.000000      -5.56671333       5.01403809E-02
   303.750000      -5.56671333       8.39233398E-03
   307.500000      -5.56671333       1.10778809E-02
   311.250000      -5.56671333       9.46044922E-04
   315.000000      -5.56671333       5.30700684E-02
   318.750000      -5.56671333       2.57263184E-02
   322.500000      -5.56671333      -1.19934082E-02
   326.250000      -5.56671333       1.19018555E-03
   330.000000      -5.56671333       3.80554199E-02
   333.750000      -5.56671333       1.86462402E-02
   337.500000      -5.56671333       1.14440918E-02
   341.250000      -5.56671333      -8.57543945E-03
   345.000000      -5.56671333       2.65808105E-02
   348.750000      -5.56671333       3.89099121E-02
   352.500000      -5.56671333       2.70690918E-02
   356.250000      -5.56671333       2.42614746E-02
   360.000000      -5.56671333       1.08337402E-02
   0.00000000      -1.85557151       3.81774902E-02
   3.75000000      -1.85557151       4.36401367E-03
   7.50000000      -1.85557151       1.74255371E-02
   11.2500000      -1.85557151       3.90319824E-02
   15.0000000      -1.85557151       4.35485840E-02
   18.7500000      -1.85557151       3.50952148E-03
   22.5000000      -1.85557151      -2.10571289E-03
   26.2500000      -1.85557151      -8.08715820E-03
   30.0000000      -1.85557151       5.34057617E-03
   33.7500000      -1.85557151       8.02612305E-03
   37.5000000      -1.85557151     -0.101593018    
   41.2500000      -1.85557151       3.85437012E-02
   45.0000000      -1.85557151      -2.96020508E-03
   48.7500000      -1.85557151      -8.94165039E-03
   52.5000000      -1.85557151      -9.42993164E-03
   56.2500000      -1.85557151      -1.54113770E-02
   60.0000000      -1.85557151       7.29370117E-03
   63.7500000      -1.85557151       1.71813965E-02
   67.5000000      -1.85557151       3.74450684E-02
   71.2500000      -1.85557151       4.90417480E-02
   75.0000000      -1.85557151       2.98767090E-02
   78.7500000      -1.85557151       4.04968262E-02
   82.5000000      -1.85557151       2.04467773E-03
   86.2500000      -1.85557151       2.26745605E-02
   90.0000000      -1.85557151       2.91442871E-02
   93.7500000      -1.85557151       1.40075684E-02
   97.5000000      -1.85557151      -1.51672363E-02
   101.250000      -1.85557151      0.300628662    
   105.000000      -1.85557151      -1.05285645E-02
   108.750000      -1.85557151      -9.79614258E-03
   112.500000      -1.85557151      -1.11389160E-02
   116.250000      -1.85557151       6.77185059E-02
   120.000000      -1.85557151      -7.24182129E-02
   123.750000      -1.85557151       5.38024902E-02
   127.500000      -1.85557151       8.88061523E-03
   131.250000      -1.85557151      -5.05676270E-02
   135.000000      -1.85557151      -4.09240723E-02
   138.750000      -1.85557151       9.46044922E-04
   142.500000      -1.85557151      -1.91955566E-02
   146.250000      -1.85557151      -6.53381348E-02
   150.000000      -1.85557151      -1.29699707E-02
   153.750000      -1.85557151      -1.84631348E-02
   157.500000      -1.85557151       1.55944824E-02
   161.250000      -1.85557151       2.02331543E-02
   165.000000      -1.85557151       1.53503418E-02
   168.750000      -1.85557151      -2.01721191E-02
   172.500000      -1.85557151      -1.89514160E-02
   176.250000      -1.85557151      -9.18579102E-03
   180.000000      -1.85557151      -1.86157227E-03
   183.750000      -1.85557151      -1.34582520E-02
   187.500000      -1.85557151      -2.50549316E-02
   191.250000      -1.85557151      -1.58996582E-02
   195.000000      -1.85557151      -1.10168457E-02
   198.750000      -1.85557151       3.99780273E-03
   202.500000      -1.85557151      -2.74658203E-04
   206.250000      -1.85557151      -2.11486816E-02
   210.000000      -1.85557151      -2.10266113E-02
   213.750000      -1.85557151      -1.10168457E-02
   217.500000      -1.85557151      -5.76477051E-02
   221.250000      -1.85557151      -7.16857910E-02
   225.000000      -1.85557151      -3.64074707E-02
   228.750000      -1.85557151      -1.79748535E-02
   232.500000      -1.85557151      -1.00708008E-03
   236.250000      -1.85557151       1.31225586E-03
   240.000000      -1.85557151      -3.32641602E-03
   243.750000      -1.85557151       9.85717773E-03
   247.500000      -1.85557151       3.51257324E-02
   251.250000      -1.85557151       6.19506836E-03
   255.000000      -1.85557151       1.22985840E-02
   258.750000      -1.85557151       2.58483887E-02
   262.500000      -1.85557151       1.88903809E-02
   266.250000      -1.85557151       4.24499512E-02
   270.000000      -1.85557151       6.89392090E-02
   273.750000      -1.85557151       5.29479980E-02
   277.500000      -1.85557151       4.37927246E-02
   281.250000      -1.85557151     -0.183746338    
   285.000000      -1.85557151      -2.18811035E-02
   288.750000      -1.85557151       3.04870605E-02
   292.500000      -1.85557151       2.40173340E-02
   296.250000      -1.85557151       3.78112793E-02
   300.000000      -1.85557151       3.19519043E-02
   303.750000      -1.85557151       9.15527344E-05
   307.500000      -1.85557151      -4.55627441E-02
   311.250000      -1.85557151      -2.73742676E-02
   315.000000      -1.85557151       2.48718262E-02
   318.750000      -1.85557151       5.08728027E-02
   322.500000      -1.85557151       2.43835449E-02
   326.250000      -1.85557151      -1.52587891E-04
   330.000000      -1.85557151       1.75476074E-02
   333.750000      -1.85557151       1.18103027E-02
   337.500000      -1.85557151      -5.52368164E-03
   341.250000      -1.85557151      -1.40686035E-02
   345.000000      -1.85557151       2.13317871E-02
   348.750000      -1.85557151       1.99890137E-02
   352.500000      -1.85557151       3.61022949E-02
   356.250000      -1.85557151       2.71911621E-02
   360.000000      -1.85557151       3.81774902E-02
   0.00000000       1.85557151      -1.63879395E-02
   3.75000000       1.85557151      -1.80969238E-02
   7.50000000       1.85557151       4.60815430E-03
   11.2500000       1.85557151       1.74255371E-02
   15.0000000       1.85557151       1.40075684E-02
   18.7500000       1.85557151       2.41088867E-03
   22.5000000       1.85557151       1.65710449E-02
   26.2500000       1.85557151       1.35192871E-02
   30.0000000       1.85557151       5.57556152E-02
   33.7500000       1.85557151      -1.13830566E-02
   37.5000000       1.85557151      0.150360107    
   41.2500000       1.85557151      -6.31408691E-02
   45.0000000       1.85557151      -3.54309082E-02
   48.7500000       1.85557151      -3.04260254E-02
   52.5000000       1.85557151      -2.22778320E-03
   56.2500000       1.85557151      -5.76782227E-03
   60.0000000       1.85557151       1.68151855E-02
   63.7500000       1.85557151       1.13220215E-02
   67.5000000       1.85557151       2.09655762E-02
   71.2500000       1.85557151       5.57556152E-02
   75.0000000       1.85557151       3.09753418E-02
   78.7500000       1.85557151       2.79235840E-02
   82.5000000       1.85557151       2.58483887E-02
   86.2500000       1.85557151       6.92749023E-03
   90.0000000       1.85557151       9.49096680E-03
   93.7500000       1.85557151       6.13708496E-02
   97.5000000       1.85557151       8.75854492E-03
   101.250000       1.85557151      -2.22778320E-03
   105.000000       1.85557151       9.85717773E-03
   108.750000       1.85557151      -2.99377441E-02
   112.500000       1.85557151       1.29089355E-02
   116.250000       1.85557151       2.69470215E-02
   120.000000       1.85557151       2.97546387E-02
   123.750000       1.85557151       9.12475586E-03
   127.500000       1.85557151      0.101287842    
   131.250000       1.85557151      -7.84301758E-03
   135.000000       1.85557151      -2.39562988E-02
   138.750000       1.85557151      -1.63879395E-02
   142.500000       1.85557151       2.65502930E-03
   146.250000       1.85557151      -4.10461426E-02
   150.000000       1.85557151      -1.41906738E-02
   153.750000       1.85557151      -2.38342285E-02
   157.500000       1.85557151      -7.23266602E-03
   161.250000       1.85557151       5.34057617E-03
   165.000000       1.85557151      -1.05285645E-02
   168.750000       1.85557151      -1.11389160E-02
   172.500000       1.85557151      -3.62854004E-02
   176.250000       1.85557151      -4.40979004E-02
   180.000000       1.85557151      -2.84729004E-02
   183.750000       1.85557151      -2.18811035E-02
   187.500000       1.85557151      -2.47192383E-03
   191.250000       1.85557151      -4.42504883E-03
   195.000000       1.85557151      -3.12805176E-02
   198.750000       1.85557151      -7.23266602E-03
   202.500000       1.85557151      -3.57971191E-02
   206.250000       1.85557151       9.36889648E-03
   210.000000       1.85557151      -1.67541504E-02
   213.750000       1.85557151      -1.12915039E-03
   217.500000       1.85557151      -1.98059082E-02
   221.250000       1.85557151      -4.17785645E-02
   225.000000       1.85557151      -3.49426270E-02
   228.750000       1.85557151      -1.61437988E-02
   232.500000       1.85557151      -1.00402832E-02
   236.250000       1.85557151       1.57165527E-02
   240.000000       1.85557151       3.67126465E-02
   243.750000       1.85557151       1.80358887E-02
   247.500000       1.85557151       2.18200684E-02
   251.250000       1.85557151       3.51257324E-02
   255.000000       1.85557151       3.01208496E-02
   258.750000       1.85557151       2.58483887E-02
   262.500000       1.85557151       2.56042480E-02
   266.250000       1.85557151       2.26745605E-02
   270.000000       1.85557151      -1.96838379E-02
   273.750000       1.85557151       2.34069824E-02
   277.500000       1.85557151      -1.73645020E-02
   281.250000       1.85557151      -2.65197754E-02
   285.000000       1.85557151       6.01501465E-02
   288.750000       1.85557151       7.17163086E-03
   292.500000       1.85557151       3.62243652E-02
   296.250000       1.85557151       8.00476074E-02
   300.000000       1.85557151       5.72204590E-02
   303.750000       1.85557151      -2.57873535E-02
   307.500000       1.85557151      -3.44848633E-03
   311.250000       1.85557151       5.34057617E-03
   315.000000       1.85557151       3.85437012E-02
   318.750000       1.85557151       2.31628418E-02
   322.500000       1.85557151       1.31530762E-02
   326.250000       1.85557151      -2.88391113E-02
   330.000000       1.85557151      -1.62658691E-02
   333.750000       1.85557151       3.99780273E-03
   337.500000       1.85557151      -9.30786133E-03
   341.250000       1.85557151      -2.27355957E-02
   345.000000       1.85557151       4.85229492E-03
   348.750000       1.85557151       5.21850586E-03
   352.500000       1.85557151       7.04956055E-03
   356.250000       1.85557151      -2.61535645E-02
   360.000000       1.85557151      -1.63879395E-02
   0.00000000       5.56671333      -5.88684082E-02
   3.75000000       5.56671333       9.36889648E-03
   7.50000000       5.56671333      -2.27355957E-02
   11.2500000       5.56671333       2.09655762E-02
   15.0000000       5.56671333       5.17272949E-02
   18.7500000       5.56671333       6.58874512E-02
   22.5000000       5.56671333       7.29370117E-03
   26.2500000       5.56671333       1.18103027E-02
   30.0000000       5.56671333      -4.62951660E-02
   33.7500000       5.56671333       1.88903809E-02
   37.5000000       5.56671333     -0.121490479    
   41.2500000       5.56671333       1.57165527E-02
   45.0000000       5.56671333      0.214691162    
   48.7500000       5.56671333       1.58386230E-02
   52.5000000       5.56671333      -1.52587891E-04
   56.2500000       5.56671333      -1.00402832E-02
   60.0000000       5.56671333      -1.19934082E-02
   63.7500000       5.56671333       1.47399902E-02
   67.5000000       5.56671333      -1.66320801E-02
   71.2500000       5.56671333       1.18103027E-02
   75.0000000       5.56671333       4.18395996E-02
   78.7500000       5.56671333       4.68444824E-02
   82.5000000       5.56671333       3.15856934E-02
   86.2500000       5.56671333       6.55212402E-02
   90.0000000       5.56671333      -6.13403320E-03
   93.7500000       5.56671333       1.03454590E-02
   97.5000000       5.56671333       6.69860840E-02
   101.250000       5.56671333       4.46472168E-02
   105.000000       5.56671333       1.06811523E-03
   108.750000       5.56671333      -1.37329102E-03
   112.500000       5.56671333      -1.30920410E-02
   116.250000       5.56671333      0.109222412    
   120.000000       5.56671333      -1.52893066E-02
   123.750000       5.56671333       1.55639648E-03
   127.500000       5.56671333      -1.66320801E-02
   131.250000       5.56671333       2.36511230E-02
   135.000000       5.56671333       4.11987305E-03
   138.750000       5.56671333       3.38745117E-03
   142.500000       5.56671333       1.92260742E-03
   146.250000       5.56671333       1.11999512E-02
   150.000000       5.56671333      -5.02014160E-02
   153.750000       5.56671333      -5.82580566E-02
   157.500000       5.56671333      -8.94165039E-03
   161.250000       5.56671333       2.18200684E-02
   165.000000       5.56671333      -2.96020508E-03
   168.750000       5.56671333      -2.63977051E-02
   172.500000       5.56671333      -8.51135254E-02
   176.250000       5.56671333      -3.42102051E-02
   180.000000       5.56671333      -4.00695801E-02
   183.750000       5.56671333       1.31225586E-03
   187.500000       5.56671333       2.41088867E-03
   191.250000       5.56671333      -2.81066895E-02
   195.000000       5.56671333       6.80541992E-03
   198.750000       5.56671333       9.46044922E-04
   202.500000       5.56671333      -1.96838379E-02
   206.250000       5.56671333      -2.12707520E-02
   210.000000       5.56671333      -2.59094238E-02
   213.750000       5.56671333      -2.57873535E-02
   217.500000       5.56671333       9.36889648E-03
   221.250000       5.56671333      -1.89514160E-02
   225.000000       5.56671333       6.68334961E-03
   228.750000       5.56671333      -2.60314941E-02
   232.500000       5.56671333      -4.54711914E-03
   236.250000       5.56671333      -1.91955566E-02
   240.000000       5.56671333      -4.42504883E-03
   243.750000       5.56671333       3.63159180E-03
   247.500000       5.56671333       7.41577148E-03
   251.250000       5.56671333      -1.98059082E-02
   255.000000       5.56671333       8.63647461E-03
   258.750000       5.56671333       1.85241699E-02
   262.500000       5.56671333       3.03649902E-02
   266.250000       5.56671333       4.73022461E-03
   270.000000       5.56671333       2.79235840E-02
   273.750000       5.56671333       4.48608398E-03
   277.500000       5.56671333       2.87780762E-02
   281.250000       5.56671333      -1.83410645E-02
   285.000000       5.56671333      -9.01184082E-02
   288.750000       5.56671333       2.97546387E-02
   292.500000       5.56671333       5.07507324E-02
   296.250000       5.56671333      0.115570068    
   300.000000       5.56671333      -9.92736816E-02
   303.750000       5.56671333      -1.63879395E-02
   307.500000       5.56671333       1.75476074E-02
   311.250000       5.56671333       3.84216309E-02
   315.000000       5.56671333      -7.62939453E-04
   318.750000       5.56671333       2.82897949E-02
   322.500000       5.56671333       3.06091309E-02
   326.250000       5.56671333      -4.23889160E-02
   330.000000       5.56671333      -2.68859863E-02
   333.750000       5.56671333      -1.58996582E-02
   337.500000       5.56671333      -1.90734863E-02
   341.250000       5.56671333      -4.23889160E-02
   345.000000       5.56671333       9.46044922E-04
   348.750000       5.56671333       3.38745117E-03
   352.500000       5.56671333      -1.23596191E-02
   356.250000       5.56671333      -6.20422363E-02
   360.000000       5.56671333      -5.88684082E-02
   0.00000000       9.27785301       1.84020996E-02
   3.75000000       9.27785301       3.63159180E-03
   7.50000000       9.27785301       6.23474121E-02
   11.2500000       9.27785301       6.14929199E-02
   15.0000000       9.27785301       2.74353027E-02
   18.7500000       9.27785301       4.69665527E-02
   22.5000000       9.27785301      -1.73950195E-03
   26.2500000       9.27785301      -1.43127441E-02
   30.0000000       9.27785301      -1.26037598E-02
   33.7500000       9.27785301       6.18591309E-02
   37.5000000       9.27785301       7.29675293E-02
   41.2500000       9.27785301      0.236297607    
   45.0000000       9.27785301      0.177581787    
   48.7500000       9.27785301      0.374114990    
   52.5000000       9.27785301       4.22058105E-02
   56.2500000       9.27785301       1.31530762E-02
   60.0000000       9.27785301      -1.04064941E-02
   63.7500000       9.27785301      -2.62756348E-02
   67.5000000       9.27785301       7.29370117E-03
   71.2500000       9.27785301       2.42614746E-02
   75.0000000       9.27785301      -2.59399414E-03
   78.7500000       9.27785301       5.85632324E-02
   82.5000000       9.27785301       3.53698730E-02
   86.2500000       9.27785301       3.53698730E-02
   90.0000000       9.27785301       2.24304199E-02
   93.7500000       9.27785301       1.64489746E-02
   97.5000000       9.27785301       7.01904297E-04
   101.250000       9.27785301       1.67846680E-03
   105.000000       9.27785301       4.15954590E-02
   108.750000       9.27785301       4.28161621E-02
   112.500000       9.27785301       3.45153809E-02
   116.250000       9.27785301       1.77917480E-02
   120.000000       9.27785301       2.75573730E-02
   123.750000       9.27785301      -2.57873535E-02
   127.500000       9.27785301      -2.22473145E-02
   131.250000       9.27785301       1.76696777E-02
   135.000000       9.27785301       1.77917480E-02
   138.750000       9.27785301       2.16674805E-03
   142.500000       9.27785301       3.14331055E-03
   146.250000       9.27785301      -8.33129883E-03
   150.000000       9.27785301      -1.43127441E-02
   153.750000       9.27785301      -1.87072754E-02
   157.500000       9.27785301      -8.45336914E-03
   161.250000       9.27785301      -5.71594238E-02
   165.000000       9.27785301      -3.70178223E-02
   168.750000       9.27785301      -4.27551270E-02
   172.500000       9.27785301      -5.19104004E-02
   176.250000       9.27785301      -3.11584473E-02
   180.000000       9.27785301      -4.18090820E-03
   183.750000       9.27785301       2.49938965E-02
   187.500000       9.27785301       2.40173340E-02
   191.250000       9.27785301      -4.66613770E-02
   195.000000       9.27785301      -2.22473145E-02
   198.750000       9.27785301      -1.02844238E-02
   202.500000       9.27785301      -4.89807129E-02
   206.250000       9.27785301      -4.16564941E-02
   210.000000       9.27785301      -5.47180176E-02
   213.750000       9.27785301      -1.37023926E-02
   217.500000       9.27785301      -9.67407227E-03
   221.250000       9.27785301       2.41088867E-03
   225.000000       9.27785301       1.91345215E-02
   228.750000       9.27785301       1.55639648E-03
   232.500000       9.27785301      -1.90734863E-02
   236.250000       9.27785301      -2.68859863E-02
   240.000000       9.27785301      -3.01818848E-02
   243.750000       9.27785301      -2.51770020E-02
   247.500000       9.27785301       1.26647949E-02
   251.250000       9.27785301      -2.66418457E-02
   255.000000       9.27785301       1.66931152E-02
   258.750000       9.27785301       1.96228027E-02
   262.500000       9.27785301      -8.45336914E-03
   266.250000       9.27785301       1.55944824E-02
   270.000000       9.27785301       2.03552246E-02
   273.750000       9.27785301       3.28063965E-02
   277.500000       9.27785301      0.123748779    
   281.250000       9.27785301       5.21850586E-03
   285.000000       9.27785301       5.18493652E-02
   288.750000       9.27785301     -0.166534424    
   292.500000       9.27785301       2.27966309E-02
   296.250000       9.27785301      -4.05578613E-02
   300.000000       9.27785301       3.06091309E-02
   303.750000       9.27785301       4.97436523E-03
   307.500000       9.27785301       1.10778809E-02
   311.250000       9.27785301      -6.62231445E-03
   315.000000       9.27785301       2.57263184E-02
   318.750000       9.27785301      -3.44848633E-03
   322.500000       9.27785301       4.57763672E-04
   326.250000       9.27785301      -1.76086426E-02
   330.000000       9.27785301      -2.10571289E-03
   333.750000       9.27785301       3.35693359E-04
   337.500000       9.27785301      -7.47680664E-03
   341.250000       9.27785301       7.29370117E-03
   345.000000       9.27785301       4.51354980E-02
   348.750000       9.27785301       1.93786621E-02
   352.500000       9.27785301       3.56140137E-02
   356.250000       9.27785301      -2.10266113E-02
   360.000000       9.27785301       1.84020996E-02
   0.00000000       12.9889879      -4.10461426E-02
   3.75000000       12.9889879      -1.12609863E-02
   7.50000000       12.9889879       2.04467773E-03
   11.2500000       12.9889879       9.61303711E-03
   15.0000000       12.9889879       1.46179199E-02
   18.7500000       12.9889879      -4.42504883E-03
   22.5000000       12.9889879       4.95300293E-02
   26.2500000       12.9889879      -6.62231445E-03
   30.0000000       12.9889879       4.78210449E-02
   33.7500000       12.9889879       2.16674805E-03
   37.5000000       12.9889879      0.498382568    
   41.2500000       12.9889879      0.284881592    
   45.0000000       12.9889879     -0.132843018    
   48.7500000       12.9889879       7.29370117E-03
   52.5000000       12.9889879      -8.45336914E-03
   56.2500000       12.9889879      -4.62951660E-02
   60.0000000       12.9889879      -2.74658203E-04
   63.7500000       12.9889879      -1.98059082E-02
   67.5000000       12.9889879       8.02612305E-03
   71.2500000       12.9889879      -1.00708008E-03
   75.0000000       12.9889879       3.04870605E-02
   78.7500000       12.9889879      -1.04064941E-02
   82.5000000       12.9889879       1.36413574E-02
   86.2500000       12.9889879       2.60925293E-02
   90.0000000       12.9889879      -6.25610352E-03
   93.7500000       12.9889879       1.75476074E-02
   97.5000000       12.9889879      -1.50451660E-02
   101.250000       12.9889879      0.133758545    
   105.000000       12.9889879       3.62243652E-02
   108.750000       12.9889879       2.41394043E-02
   112.500000       12.9889879       1.65710449E-02
   116.250000       12.9889879       5.83190918E-02
   120.000000       12.9889879      0.136566162    
   123.750000       12.9889879      0.243743896    
   127.500000       12.9889879      -1.89514160E-02
   131.250000       12.9889879      -6.91223145E-02
   135.000000       12.9889879      -2.40783691E-02
   138.750000       12.9889879      -6.13403320E-03
   142.500000       12.9889879      -2.23693848E-02
   146.250000       12.9889879      -2.60314941E-02
   150.000000       12.9889879      -4.22668457E-02
   153.750000       12.9889879       3.63159180E-03
   157.500000       12.9889879       4.36401367E-03
   161.250000       12.9889879      -4.76379395E-02
   165.000000       12.9889879      -5.03540039E-03
   168.750000       12.9889879      -1.51672363E-02
   172.500000       12.9889879      -4.36096191E-02
   176.250000       12.9889879      -3.94592285E-02
   180.000000       12.9889879      -1.93176270E-02
   183.750000       12.9889879      -1.25122070E-03
   187.500000       12.9889879      -2.49328613E-02
   191.250000       12.9889879       1.82800293E-02
   195.000000       12.9889879       1.05895996E-02
   198.750000       12.9889879      -2.61535645E-02
   202.500000       12.9889879      -2.48107910E-02
   206.250000       12.9889879      -2.45666504E-02
   210.000000       12.9889879      -7.23266602E-03
   213.750000       12.9889879       2.10876465E-02
   217.500000       12.9889879      -1.73645020E-02
   221.250000       12.9889879       6.80541992E-03
   225.000000       12.9889879      -8.81958008E-03
   228.750000       12.9889879       9.24682617E-03
   232.500000       12.9889879       1.92260742E-03
   236.250000       12.9889879       2.54821777E-02
   240.000000       12.9889879       4.97436523E-03
   243.750000       12.9889879       3.97644043E-02
   247.500000       12.9889879      -5.15747070E-03
   251.250000       12.9889879      -2.46887207E-02
   255.000000       12.9889879      -1.85852051E-02
   258.750000       12.9889879      -7.35473633E-03
   262.500000       12.9889879      -1.85852051E-02
   266.250000       12.9889879       4.24194336E-03
   270.000000       12.9889879       5.40466309E-02
   273.750000       12.9889879      0.241668701    
   277.500000       12.9889879       1.43432617E-03
   281.250000       12.9889879       8.23974609E-04
   285.000000       12.9889879       2.85339355E-02
   288.750000       12.9889879       2.60925293E-02
   292.500000       12.9889879       2.08435059E-02
   296.250000       12.9889879       1.49841309E-02
   300.000000       12.9889879       8.02612305E-03
   303.750000       12.9889879       2.02331543E-02
   307.500000       12.9889879       3.48815918E-02
   311.250000       12.9889879       4.36401367E-03
   315.000000       12.9889879      -1.24816895E-02
   318.750000       12.9889879      -3.20434570E-03
   322.500000       12.9889879       3.75366211E-03
   326.250000       12.9889879      -1.00708008E-03
   330.000000       12.9889879      -8.94165039E-03
   333.750000       12.9889879      -9.55200195E-03
   337.500000       12.9889879       1.19018555E-03
   341.250000       12.9889879       9.61303711E-03
   345.000000       12.9889879      -1.37329102E-03
   348.750000       12.9889879       6.17370605E-02
   352.500000       12.9889879      -2.90832520E-02
   356.250000       12.9889879      -2.57873535E-02
   360.000000       12.9889879      -4.10461426E-02
   0.00000000       16.7001171      -2.35900879E-02
   3.75000000       16.7001171       1.05895996E-02
   7.50000000       16.7001171       9.49096680E-03
   11.2500000       16.7001171       3.80554199E-02
   15.0000000       16.7001171       2.85339355E-02
   18.7500000       16.7001171       2.16979980E-02
   22.5000000       16.7001171      0.449554443    
   26.2500000       16.7001171      -2.18811035E-02
   30.0000000       16.7001171      -7.07092285E-02
   33.7500000       16.7001171      -5.34973145E-02
   37.5000000       16.7001171      0.174407959    
   41.2500000       16.7001171      -5.18798828E-04
   45.0000000       16.7001171      0.201995850    
   48.7500000       16.7001171      -4.78820801E-02
   52.5000000       16.7001171      0.883636475    
   56.2500000       16.7001171      -3.79943848E-02
   60.0000000       16.7001171       3.95202637E-02
   63.7500000       16.7001171       2.13623047E-04
   67.5000000       16.7001171       1.33972168E-02
   71.2500000       16.7001171       2.81677246E-02
   75.0000000       16.7001171      -4.19006348E-02
   78.7500000       16.7001171      -2.42004395E-02
   82.5000000       16.7001171      -5.41076660E-02
   86.2500000       16.7001171       4.28161621E-02
   90.0000000       16.7001171       1.26647949E-02
   93.7500000       16.7001171      -2.21252441E-02
   97.5000000       16.7001171      0.103240967    
   101.250000       16.7001171       3.67126465E-02
   105.000000       16.7001171       2.80456543E-02
   108.750000       16.7001171       3.36608887E-02
   112.500000       16.7001171       3.62243652E-02
   116.250000       16.7001171       5.44128418E-02
   120.000000       16.7001171       9.16442871E-02
   123.750000       16.7001171     -0.233062744    
   127.500000       16.7001171      -4.36096191E-02
   131.250000       16.7001171      -1.69982910E-02
   135.000000       16.7001171       2.41088867E-03
   138.750000       16.7001171      -9.06372070E-03
   142.500000       16.7001171      -2.68859863E-02
   146.250000       16.7001171      -3.43322754E-02
   150.000000       16.7001171      -4.48303223E-02
   153.750000       16.7001171      -2.62756348E-02
   157.500000       16.7001171      -9.30786133E-03
   161.250000       16.7001171      -1.51672363E-02
   165.000000       16.7001171      -1.17492676E-02
   168.750000       16.7001171      -3.34777832E-02
   172.500000       16.7001171      -2.20031738E-02
   176.250000       16.7001171      -5.49621582E-02
   180.000000       16.7001171      -2.99377441E-02
   183.750000       16.7001171      -5.33752441E-02
   187.500000       16.7001171      -4.93469238E-02
   191.250000       16.7001171      -7.36389160E-02
   195.000000       16.7001171      -5.34973145E-02
   198.750000       16.7001171      -4.67834473E-02
   202.500000       16.7001171       3.38745117E-03
   206.250000       16.7001171      -2.04162598E-02
   210.000000       16.7001171      -1.18713379E-02
   213.750000       16.7001171       1.09558105E-02
   217.500000       16.7001171      -3.33557129E-02
   221.250000       16.7001171      -2.09045410E-02
   225.000000       16.7001171       9.15527344E-05
   228.750000       16.7001171       3.99780273E-03
   232.500000       16.7001171      -3.93676758E-03
   236.250000       16.7001171      -7.62939453E-04
   240.000000       16.7001171       1.88903809E-02
   243.750000       16.7001171       2.85339355E-02
   247.500000       16.7001171      -7.62939453E-04
   251.250000       16.7001171      -5.27954102E-03
   255.000000       16.7001171      -1.61743164E-03
   258.750000       16.7001171       5.22155762E-02
   262.500000       16.7001171     -0.231964111    
   266.250000       16.7001171      -8.10852051E-02
   270.000000       16.7001171       3.23181152E-02
   273.750000       16.7001171       6.43920898E-03
   277.500000       16.7001171       3.51257324E-02
   281.250000       16.7001171      -8.85009766E-04
   285.000000       16.7001171       2.10876465E-02
   288.750000       16.7001171       5.39245605E-02
   292.500000       16.7001171       5.82885742E-03
   296.250000       16.7001171       2.16979980E-02
   300.000000       16.7001171       1.59606934E-02
   303.750000       16.7001171       1.85241699E-02
   307.500000       16.7001171       9.36889648E-03
   311.250000       16.7001171      -8.85009766E-04
   315.000000       16.7001171       3.72009277E-02
   318.750000       16.7001171       2.41394043E-02
   322.500000       16.7001171       3.28063965E-02
   326.250000       16.7001171       1.97448730E-02
   330.000000       16.7001171      -1.62658691E-02
   333.750000       16.7001171       1.09558105E-02
   337.500000       16.7001171      -5.20324707E-02
   341.250000       16.7001171       5.09643555E-03
   345.000000       16.7001171      -5.56945801E-02
   348.750000       16.7001171       8.13903809E-02
   352.500000       16.7001171       3.38745117E-03
   356.250000       16.7001171      -3.67736816E-02
   360.000000       16.7001171      -2.35900879E-02
   0.00000000       20.4112377      -2.68859863E-02
   3.75000000       20.4112377      -7.27844238E-02
   7.50000000       20.4112377       5.72204590E-02
   11.2500000       20.4112377       1.08337402E-02
   15.0000000       20.4112377       3.26843262E-02
   18.7500000       20.4112377      0.372894287    
   22.5000000       20.4112377       2.53295898E-03
   26.2500000       20.4112377       2.53295898E-03
   30.0000000       20.4112377       8.75854492E-03
   33.7500000       20.4112377       1.19323730E-02
   37.5000000       20.4112377     -0.180572510    
   41.2500000       20.4112377       1.02047729    
   45.0000000       20.4112377       4.50134277E-02
   48.7500000       20.4112377      -1.79748535E-02
   52.5000000       20.4112377      -3.28674316E-02
   56.2500000       20.4112377      -1.33361816E-02
   60.0000000       20.4112377      -1.54113770E-02
   63.7500000       20.4112377      -1.50451660E-02
   67.5000000       20.4112377       3.23181152E-02
   71.2500000       20.4112377      -8.42590332E-02
   75.0000000       20.4112377       9.56726074E-02
   78.7500000       20.4112377       1.55639648E-03
   82.5000000       20.4112377      0.163909912    
   86.2500000       20.4112377       5.91735840E-02
   90.0000000       20.4112377       2.24304199E-02
   93.7500000       20.4112377      0.373138428    
   97.5000000       20.4112377      0.135833740    
   101.250000       20.4112377       4.57458496E-02
   105.000000       20.4112377      -1.06506348E-02
   108.750000       20.4112377       2.53295898E-03
   112.500000       20.4112377      -3.78723145E-02
   116.250000       20.4112377       2.67028809E-02
   120.000000       20.4112377      -3.61633301E-02
   123.750000       20.4112377      -7.23266602E-03
   127.500000       20.4112377       2.78015137E-02
   131.250000       20.4112377       1.75476074E-02
   135.000000       20.4112377      -1.07727051E-02
   138.750000       20.4112377       3.70788574E-02
   142.500000       20.4112377       3.24401855E-02
   146.250000       20.4112377       1.80053711E-03
   150.000000       20.4112377      -2.59094238E-02
   153.750000       20.4112377      -1.79748535E-02
   157.500000       20.4112377      -1.16271973E-02
   161.250000       20.4112377      -5.03540039E-03
   165.000000       20.4112377      -2.24914551E-02
   168.750000       20.4112377      -1.65100098E-02
   172.500000       20.4112377      -2.34985352E-03
   176.250000       20.4112377      -3.22570801E-02
   180.000000       20.4112377      -3.46984863E-02
   183.750000       20.4112377      -6.57043457E-02
   187.500000       20.4112377       9.49096680E-03
   191.250000       20.4112377      -4.31213379E-02
   195.000000       20.4112377      -2.72521973E-02
   198.750000       20.4112377      -2.56652832E-02
   202.500000       20.4112377      -5.76477051E-02
   206.250000       20.4112377      -6.13403320E-03
   210.000000       20.4112377      -7.35473633E-03
   213.750000       20.4112377      -1.58996582E-02
   217.500000       20.4112377      -6.39953613E-02
   221.250000       20.4112377      -2.24914551E-02
   225.000000       20.4112377       3.76892090E-02
   228.750000       20.4112377       2.60925293E-02
   232.500000       20.4112377       1.10778809E-02
   236.250000       20.4112377      -5.40161133E-03
   240.000000       20.4112377       1.49841309E-02
   243.750000       20.4112377       8.88061523E-03
   247.500000       20.4112377       6.19506836E-03
   251.250000       20.4112377       3.38745117E-03
   255.000000       20.4112377       1.64489746E-02
   258.750000       20.4112377       8.51440430E-03
   262.500000       20.4112377      0.229705811    
   266.250000       20.4112377       2.18200684E-02
   270.000000       20.4112377       3.10974121E-02
   273.750000       20.4112377      -9.42993164E-03
   277.500000       20.4112377       1.43432617E-03
   281.250000       20.4112377       6.97937012E-02
   285.000000       20.4112377      0.173919678    
   288.750000       20.4112377      -3.69262695E-03
   292.500000       20.4112377       1.86462402E-02
   296.250000       20.4112377       1.31225586E-03
   300.000000       20.4112377       2.51159668E-02
   303.750000       20.4112377       4.03747559E-02
   307.500000       20.4112377      -2.96020508E-03
   311.250000       20.4112377       2.36511230E-02
   315.000000       20.4112377       5.47790527E-02
   318.750000       20.4112377      -2.27355957E-02
   322.500000       20.4112377       1.04675293E-02
   326.250000       20.4112377       4.11071777E-02
   330.000000       20.4112377       4.22058105E-02
   333.750000       20.4112377      -1.88293457E-02
   337.500000       20.4112377      -1.49230957E-02
   341.250000       20.4112377       1.32751465E-02
   345.000000       20.4112377       2.04467773E-03
   348.750000       20.4112377       2.69470215E-02
   352.500000       20.4112377      -4.05883789E-03
   356.250000       20.4112377      -1.66320801E-02
   360.000000       20.4112377      -2.68859863E-02
   0.00000000       24.1223469      -3.08227539E-03
   3.75000000       24.1223469      -6.37512207E-02
   7.50000000       24.1223469      0.235565186    
   11.2500000       24.1223469       9.11560059E-02
   15.0000000       24.1223469      -1.80969238E-02
   18.7500000       24.1223469       5.00183105E-02
   22.5000000       24.1223469       8.88061523E-03
   26.2500000       24.1223469       1.57165527E-02
   30.0000000       24.1223469       5.17272949E-02
   33.7500000       24.1223469       7.22351074E-02
   37.5000000       24.1223469      -3.45764160E-02
   41.2500000       24.1223469       9.67712402E-02
   45.0000000       24.1223469       2.18200684E-02
   48.7500000       24.1223469       3.68347168E-02
   52.5000000       24.1223469     -0.157501221    
   56.2500000       24.1223469      0.120574951    
   60.0000000       24.1223469      -2.07824707E-02
   63.7500000       24.1223469      -6.39953613E-02
   67.5000000       24.1223469      0.107635498    
   71.2500000       24.1223469       2.16674805E-03
   75.0000000       24.1223469      -1.69982910E-02
   78.7500000       24.1223469       2.89001465E-02
   82.5000000       24.1223469       7.83386230E-02
   86.2500000       24.1223469       7.83386230E-02
   90.0000000       24.1223469       1.37634277E-02
   93.7500000       24.1223469      0.255828857    
   97.5000000       24.1223469      0.446380615    
   101.250000       24.1223469      0.120086670    
   105.000000       24.1223469      -7.71789551E-02
   108.750000       24.1223469       4.96520996E-02
   112.500000       24.1223469      0.187957764    
   116.250000       24.1223469       1.21765137E-02
   120.000000       24.1223469      -2.87170410E-02
   123.750000       24.1223469       8.90808105E-02
   127.500000       24.1223469       4.78210449E-02
   131.250000       24.1223469       4.74548340E-02
   135.000000       24.1223469       3.50036621E-02
   138.750000       24.1223469      -1.19934082E-02
   142.500000       24.1223469      -1.12915039E-03
   146.250000       24.1223469       3.32946777E-02
   150.000000       24.1223469       3.17077637E-02
   153.750000       24.1223469      -1.33361816E-02
   157.500000       24.1223469      -5.67932129E-02
   161.250000       24.1223469      -6.27746582E-02
   165.000000       24.1223469      -1.61743164E-03
   168.750000       24.1223469      -3.59191895E-02
   172.500000       24.1223469      -1.24816895E-02
   176.250000       24.1223469       3.26538086E-03
   180.000000       24.1223469      -3.40881348E-02
   183.750000       24.1223469      -3.26232910E-02
   187.500000       24.1223469      -3.27453613E-02
   191.250000       24.1223469      -3.25012207E-02
   195.000000       24.1223469       1.06811523E-03
   198.750000       24.1223469      -6.37817383E-03
   202.500000       24.1223469       1.44958496E-02
   206.250000       24.1223469       2.81677246E-02
   210.000000       24.1223469       7.41577148E-03
   213.750000       24.1223469      -1.88293457E-02
   217.500000       24.1223469      -3.82385254E-02
   221.250000       24.1223469      -5.97229004E-02
   225.000000       24.1223469       2.43835449E-02
   228.750000       24.1223469       6.80541992E-03
   232.500000       24.1223469      -3.14025879E-02
   236.250000       24.1223469      -3.92150879E-02
   240.000000       24.1223469       3.18298340E-02
   243.750000       24.1223469       1.32751465E-02
   247.500000       24.1223469       8.24890137E-02
   251.250000       24.1223469       4.68444824E-02
   255.000000       24.1223469      0.215179443    
   258.750000       24.1223469       6.28356934E-02
   262.500000       24.1223469       4.94079590E-02
   266.250000       24.1223469      -8.69750977E-03
   270.000000       24.1223469      -1.35803223E-02
   273.750000       24.1223469       5.34057617E-03
   277.500000       24.1223469       4.13513184E-02
   281.250000       24.1223469       1.01013184E-02
   285.000000       24.1223469       3.13415527E-02
   288.750000       24.1223469       3.35388184E-02
   292.500000       24.1223469       4.11071777E-02
   296.250000       24.1223469       1.43737793E-02
   300.000000       24.1223469       1.41296387E-02
   303.750000       24.1223469       1.51062012E-02
   307.500000       24.1223469       4.91638184E-02
   311.250000       24.1223469      -4.82482910E-02
   315.000000       24.1223469      -1.52587891E-04
   318.750000       24.1223469      -2.22778320E-03
   322.500000       24.1223469      -9.30786133E-03
   326.250000       24.1223469       1.43432617E-03
   330.000000       24.1223469       1.51062012E-02
   333.750000       24.1223469       2.03552246E-02
   337.500000       24.1223469       3.13415527E-02
   341.250000       24.1223469      -2.12707520E-02
   345.000000       24.1223469     -0.116607666    
   348.750000       24.1223469       7.17163086E-03
   352.500000       24.1223469       1.08337402E-02
   356.250000       24.1223469       9.49096680E-03
   360.000000       24.1223469      -3.08227539E-03
   0.00000000       27.8334446      -8.64562988E-02
   3.75000000       27.8334446     -0.112213135    
   7.50000000       27.8334446      -6.25610352E-03
   11.2500000       27.8334446      -6.25305176E-02
   15.0000000       27.8334446      -2.22778320E-03
   18.7500000       27.8334446       8.23974609E-04
   22.5000000       27.8334446       4.52575684E-02
   26.2500000       27.8334446       8.39233398E-03
   30.0000000       27.8334446       9.85717773E-03
   33.7500000       27.8334446     -0.144439697    
   37.5000000       27.8334446      0.163665771    
   41.2500000       27.8334446      0.150115967    
   45.0000000       27.8334446       4.68444824E-02
   48.7500000       27.8334446       2.80456543E-02
   52.5000000       27.8334446       5.94177246E-02
   56.2500000       27.8334446      0.251922607    
   60.0000000       27.8334446      0.228118896    
   63.7500000       27.8334446       6.95495605E-02
   67.5000000       27.8334446      0.522186279    
   71.2500000       27.8334446      -2.42004395E-02
   75.0000000       27.8334446       1.08337402E-02
   78.7500000       27.8334446      -1.11389160E-02
   82.5000000       27.8334446      0.240692139    
   86.2500000       27.8334446      0.668304443    
   90.0000000       27.8334446      0.839324951    
   93.7500000       27.8334446      0.295257568    
   97.5000000       27.8334446       1.04721069    
   101.250000       27.8334446      0.278900146    
   105.000000       27.8334446      -7.72094727E-03
   108.750000       27.8334446     -0.196197510    
   112.500000       27.8334446      -1.11389160E-02
   116.250000       27.8334446     -0.200469971    
   120.000000       27.8334446       3.70788574E-02
   123.750000       27.8334446      -1.60217285E-02
   127.500000       27.8334446       3.69567871E-02
   131.250000       27.8334446       3.35693359E-04
   135.000000       27.8334446      -3.84826660E-02
   138.750000       27.8334446      -5.40161133E-03
   142.500000       27.8334446      -1.87072754E-02
   146.250000       27.8334446      -4.91333008E-03
   150.000000       27.8334446       1.80358887E-02
   153.750000       27.8334446       7.65991211E-03
   157.500000       27.8334446      -3.27453613E-02
   161.250000       27.8334446      -2.39562988E-02
   165.000000       27.8334446      -3.31115723E-02
   168.750000       27.8334446       3.35693359E-04
   172.500000       27.8334446      -3.76281738E-02
   176.250000       27.8334446      -1.91955566E-02
   180.000000       27.8334446       2.20642090E-02
   183.750000       27.8334446      -5.33752441E-02
   187.500000       27.8334446      -2.04162598E-02
   191.250000       27.8334446      -3.27453613E-02
   195.000000       27.8334446      -7.11975098E-02
   198.750000       27.8334446       7.17163086E-03
   202.500000       27.8334446       7.17163086E-03
   206.250000       27.8334446      -8.85009766E-04
   210.000000       27.8334446       7.01904297E-04
   213.750000       27.8334446      -9.06372070E-03
   217.500000       27.8334446       2.99987793E-02
   221.250000       27.8334446      -4.16564941E-02
   225.000000       27.8334446      -4.77600098E-02
   228.750000       27.8334446       2.23083496E-02
   232.500000       27.8334446      -4.12902832E-02
   236.250000       27.8334446       9.49096680E-03
   240.000000       27.8334446       1.76696777E-02
   243.750000       27.8334446       2.48718262E-02
   247.500000       27.8334446     -0.490631104    
   251.250000       27.8334446     -0.133575439    
   255.000000       27.8334446     -0.117340088    
   258.750000       27.8334446      -4.19006348E-02
   262.500000       27.8334446      -8.85314941E-02
   266.250000       27.8334446      -5.34973145E-02
   270.000000       27.8334446       4.48608398E-03
   273.750000       27.8334446       2.58483887E-02
   277.500000       27.8334446       2.56042480E-02
   281.250000       27.8334446      -7.59887695E-03
   285.000000       27.8334446       3.80554199E-02
   288.750000       27.8334446       5.18493652E-02
   292.500000       27.8334446       6.03942871E-02
   296.250000       27.8334446       1.14440918E-02
   300.000000       27.8334446       2.48718262E-02
   303.750000       27.8334446       3.98864746E-02
   307.500000       27.8334446       5.16052246E-02
   311.250000       27.8334446       3.62243652E-02
   315.000000       27.8334446      -2.93273926E-02
   318.750000       27.8334446      -2.50549316E-02
   322.500000       27.8334446      -1.67541504E-02
   326.250000       27.8334446       4.31823730E-02
   330.000000       27.8334446      -9.79614258E-03
   333.750000       27.8334446      -2.76184082E-02
   337.500000       27.8334446       5.06286621E-02
   341.250000       27.8334446      -1.24816895E-02
   345.000000       27.8334446      -8.08410645E-02
   348.750000       27.8334446     -0.101470947    
   352.500000       27.8334446      -2.79846191E-02
   356.250000       27.8334446       3.28063965E-02
   360.000000       27.8334446      -8.64562988E-02
   0.00000000       31.5445251     -0.180572510    
   3.75000000       31.5445251      -9.67102051E-02
   7.50000000       31.5445251      -2.83813477E-03
   11.2500000       31.5445251       5.95092773E-03
   15.0000000       31.5445251       2.02331543E-02
   18.7500000       31.5445251      -8.57543945E-03
   22.5000000       31.5445251      -2.76184082E-02
   26.2500000       31.5445251       8.27331543E-02
   30.0000000       31.5445251      -4.48303223E-02
   33.7500000       31.5445251      -7.83996582E-02
   37.5000000       31.5445251       6.61315918E-02
   41.2500000       31.5445251       8.57849121E-02
   45.0000000       31.5445251       9.85717773E-03
   48.7500000       31.5445251      -6.92443848E-02
   52.5000000       31.5445251      0.564544678    
   56.2500000       31.5445251      0.241912842    
   60.0000000       31.5445251      0.253509521    
   63.7500000       31.5445251       9.04235840E-02
   67.5000000       31.5445251      0.135589600    
   71.2500000       31.5445251       1.66931152E-02
   75.0000000       31.5445251      -4.03137207E-02
   78.7500000       31.5445251       7.95593262E-02
   82.5000000       31.5445251       7.95593262E-02
   86.2500000       31.5445251      0.100677490    
   90.0000000       31.5445251      0.138763428    
   93.7500000       31.5445251      0.183563232    
   97.5000000       31.5445251      -2.34680176E-02
   101.250000       31.5445251       9.42077637E-02
   105.000000       31.5445251       1.70593262E-02
   108.750000       31.5445251       5.38024902E-02
   112.500000       31.5445251      0.117156982    
   116.250000       31.5445251     -0.119049072    
   120.000000       31.5445251       3.75671387E-02
   123.750000       31.5445251      -8.33129883E-03
   127.500000       31.5445251      -8.26721191E-02
   131.250000       31.5445251      0.126190186    
   135.000000       31.5445251      -8.48693848E-02
   138.750000       31.5445251      -3.20434570E-03
   142.500000       31.5445251       5.63659668E-02
   146.250000       31.5445251      -4.00695801E-02
   150.000000       31.5445251       1.16882324E-02
   153.750000       31.5445251      -6.25610352E-03
   157.500000       31.5445251      -5.28869629E-02
   161.250000       31.5445251      -3.98254395E-02
   165.000000       31.5445251       3.35693359E-04
   168.750000       31.5445251      -2.18811035E-02
   172.500000       31.5445251      -3.83605957E-02
   176.250000       31.5445251      -5.04455566E-02
   180.000000       31.5445251       3.21960449E-02
   183.750000       31.5445251      -9.79614258E-03
   187.500000       31.5445251       3.75366211E-03
   191.250000       31.5445251     -0.113922119    
   195.000000       31.5445251       4.23278809E-02
   198.750000       31.5445251       3.41491699E-02
   202.500000       31.5445251      -1.19934082E-02
   206.250000       31.5445251       2.81677246E-02
   210.000000       31.5445251      -5.26428223E-02
   213.750000       31.5445251      -6.80236816E-02
   217.500000       31.5445251       3.50952148E-03
   221.250000       31.5445251       8.21228027E-02
   225.000000       31.5445251       8.23974609E-04
   228.750000       31.5445251      -4.42504883E-03
   232.500000       31.5445251       1.80053711E-03
   236.250000       31.5445251       5.81970215E-02
   240.000000       31.5445251      -1.82189941E-02
   243.750000       31.5445251      0.425262451    
   247.500000       31.5445251      0.170257568    
   251.250000       31.5445251      -1.01623535E-02
   255.000000       31.5445251     -0.195465088    
   258.750000       31.5445251      0.156463623    
   262.500000       31.5445251      0.106781006    
   266.250000       31.5445251       2.49938965E-02
   270.000000       31.5445251       1.25427246E-02
   273.750000       31.5445251      -2.23693848E-02
   277.500000       31.5445251      -1.10168457E-02
   281.250000       31.5445251      -4.70275879E-02
   285.000000       31.5445251       5.70678711E-03
   288.750000       31.5445251       5.46264648E-03
   292.500000       31.5445251       5.57556152E-02
   296.250000       31.5445251       3.21960449E-02
   300.000000       31.5445251      -1.49536133E-03
   303.750000       31.5445251       5.24597168E-02
   307.500000       31.5445251       2.71911621E-02
   311.250000       31.5445251      -9.06372070E-03
   315.000000       31.5445251      -4.97131348E-02
   318.750000       31.5445251      -1.73645020E-02
   322.500000       31.5445251      -7.59887695E-03
   326.250000       31.5445251      -5.40161133E-03
   330.000000       31.5445251       3.02124023E-03
   333.750000       31.5445251      -1.24816895E-02
   337.500000       31.5445251       1.84020996E-02
   341.250000       31.5445251      -1.79748535E-02
   345.000000       31.5445251       2.46276855E-02
   348.750000       31.5445251      -1.40686035E-02
   352.500000       31.5445251      0.304901123    
   356.250000       31.5445251       8.39233398E-03
   360.000000       31.5445251     -0.180572510    
   0.00000000       35.2555809      0.193328857    
   3.75000000       35.2555809      0.278167725    
   7.50000000       35.2555809      -4.66918945E-03
   11.2500000       35.2555809      -8.20617676E-02
   15.0000000       35.2555809      -2.10571289E-03
   18.7500000       35.2555809       6.68334961E-03
   22.5000000       35.2555809      -3.84826660E-02
   26.2500000       35.2555809       1.43737793E-02
   30.0000000       35.2555809      -2.79846191E-02
   33.7500000       35.2555809       8.77380371E-02
   37.5000000       35.2555809      0.178314209    
   41.2500000       35.2555809       1.08337402E-02
   45.0000000       35.2555809      0.239349365    
   48.7500000       35.2555809      0.271453857    
   52.5000000       35.2555809      0.706390381    
   56.2500000       35.2555809      0.107635498    
   60.0000000       35.2555809      0.151702881    
   63.7500000       35.2555809      0.409759521    
   67.5000000       35.2555809      0.282318115    
   71.2500000       35.2555809      0.815277100    
   75.0000000       35.2555809      0.252288818    
   78.7500000       35.2555809       5.89294434E-02
   82.5000000       35.2555809      0.176605225    
   86.2500000       35.2555809       6.10046387E-02
   90.0000000       35.2555809      0.161224365    
   93.7500000       35.2555809      -2.10266113E-02
   97.5000000       35.2555809       6.92749023E-03
   101.250000       35.2555809       2.47497559E-02
   105.000000       35.2555809       2.10876465E-02
   108.750000       35.2555809       4.62341309E-02
   112.500000       35.2555809      0.198455811    
   116.250000       35.2555809       3.87573242E-03
   120.000000       35.2555809      -3.15246582E-02
   123.750000       35.2555809       2.68249512E-02
   127.500000       35.2555809      0.101409912    
   131.250000       35.2555809       7.96813965E-02
   135.000000       35.2555809       4.24194336E-03
   138.750000       35.2555809      0.225555420    
   142.500000       35.2555809       6.89392090E-02
   146.250000       35.2555809      -2.01721191E-02
   150.000000       35.2555809       5.29479980E-02
   153.750000       35.2555809       2.56042480E-02
   157.500000       35.2555809      -1.52587891E-04
   161.250000       35.2555809      -5.15747070E-03
   165.000000       35.2555809       9.00268555E-03
   168.750000       35.2555809      -2.81066895E-02
   172.500000       35.2555809      -7.68127441E-02
   176.250000       35.2555809      -2.34680176E-02
   180.000000       35.2555809       1.42517090E-02
   183.750000       35.2555809      -3.78723145E-02
   187.500000       35.2555809       1.75476074E-02
   191.250000       35.2555809      -2.79846191E-02
   195.000000       35.2555809       4.58679199E-02
   198.750000       35.2555809      -1.12915039E-03
   202.500000       35.2555809      -1.62658691E-02
   206.250000       35.2555809       1.58386230E-02
   210.000000       35.2555809       5.28259277E-02
   213.750000       35.2555809      -5.61828613E-02
   217.500000       35.2555809       8.02612305E-03
   221.250000       35.2555809       4.84313965E-02
   225.000000       35.2555809      -2.89611816E-02
   228.750000       35.2555809      -1.54113770E-02
   232.500000       35.2555809       2.65502930E-03
   236.250000       35.2555809       5.27038574E-02
   240.000000       35.2555809      -4.23889160E-02
   243.750000       35.2555809       2.40173340E-02
   247.500000       35.2555809      0.181121826    
   251.250000       35.2555809     -0.170684814    
   255.000000       35.2555809      0.283905029    
   258.750000       35.2555809       8.20007324E-02
   262.500000       35.2555809      0.122894287    
   266.250000       35.2555809       2.41394043E-02
   270.000000       35.2555809       1.31225586E-03
   273.750000       35.2555809      -5.55725098E-02
   277.500000       35.2555809       1.70593262E-02
   281.250000       35.2555809      -5.41076660E-02
   285.000000       35.2555809       3.36608887E-02
   288.750000       35.2555809       1.20544434E-02
   292.500000       35.2555809       8.14819336E-03
   296.250000       35.2555809      -5.03540039E-03
   300.000000       35.2555809      -1.58996582E-02
   303.750000       35.2555809       2.12097168E-02
   307.500000       35.2555809       3.93981934E-02
   311.250000       35.2555809       3.51257324E-02
   315.000000       35.2555809       1.59606934E-02
   318.750000       35.2555809      -2.00500488E-02
   322.500000       35.2555809      -1.43127441E-02
   326.250000       35.2555809      -1.84631348E-02
   330.000000       35.2555809      -1.15051270E-02
   333.750000       35.2555809       3.31726074E-02
   337.500000       35.2555809      -1.12915039E-03
   341.250000       35.2555809      -2.12707520E-02
   345.000000       35.2555809      -8.57543945E-03
   348.750000       35.2555809       1.13220215E-02
   352.500000       35.2555809       8.63647461E-03
   356.250000       35.2555809       3.48815918E-02
   360.000000       35.2555809      0.193328857    
   0.00000000       38.9666100      0.188079834    
   3.75000000       38.9666100      -1.65100098E-02
   7.50000000       38.9666100      -3.89709473E-02
   11.2500000       38.9666100      -2.71606445E-03
   15.0000000       38.9666100      -2.47192383E-03
   18.7500000       38.9666100       9.46044922E-04
   22.5000000       38.9666100      0.215057373    
   26.2500000       38.9666100       7.05261230E-02
   30.0000000       38.9666100      -2.67639160E-02
   33.7500000       38.9666100      0.115570068    
   37.5000000       38.9666100       7.13806152E-02
   41.2500000       38.9666100      -6.33850098E-02
   45.0000000       38.9666100      0.615692139    
   48.7500000       38.9666100      -2.71606445E-03
   52.5000000       38.9666100       1.76696777E-02
   56.2500000       38.9666100      0.305511475    
   60.0000000       38.9666100      -7.37609863E-02
   63.7500000       38.9666100      -3.83605957E-02
   67.5000000       38.9666100      -5.58166504E-02
   71.2500000       38.9666100      0.263763428    
   75.0000000       38.9666100      0.219940186    
   78.7500000       38.9666100       5.95092773E-03
   82.5000000       38.9666100      -7.59887695E-03
   86.2500000       38.9666100      -8.81958008E-03
   90.0000000       38.9666100       3.06091309E-02
   93.7500000       38.9666100      0.896820068    
   97.5000000       38.9666100      0.191741943    
   101.250000       38.9666100      0.208831787    
   105.000000       38.9666100       9.88464355E-02
   108.750000       38.9666100       7.55310059E-02
   112.500000       38.9666100      0.243377686    
   116.250000       38.9666100       2.41088867E-03
   120.000000       38.9666100      -4.32434082E-02
   123.750000       38.9666100      -8.81958008E-03
   127.500000       38.9666100      0.116912842    
   131.250000       38.9666100       4.46472168E-02
   135.000000       38.9666100       2.04467773E-03
   138.750000       38.9666100      -8.67004395E-02
   142.500000       38.9666100      0.104583740    
   146.250000       38.9666100       8.15124512E-02
   150.000000       38.9666100       5.55114746E-02
   153.750000       38.9666100       2.98767090E-02
   157.500000       38.9666100      -2.22778320E-03
   161.250000       38.9666100       1.90124512E-02
   165.000000       38.9666100       3.14331055E-03
   168.750000       38.9666100      -6.62231445E-03
   172.500000       38.9666100      -6.08215332E-02
   176.250000       38.9666100      -2.35900879E-02
   180.000000       38.9666100      -1.79748535E-02
   183.750000       38.9666100      -6.92443848E-02
   187.500000       38.9666100      -8.94165039E-03
   191.250000       38.9666100      -5.50842285E-02
   195.000000       38.9666100      -3.72619629E-02
   198.750000       38.9666100       1.33972168E-02
   202.500000       38.9666100      -5.06896973E-02
   206.250000       38.9666100      -6.57043457E-02
   210.000000       38.9666100      -2.94494629E-02
   213.750000       38.9666100      -5.58166504E-02
   217.500000       38.9666100      -1.39465332E-02
   221.250000       38.9666100       6.08825684E-02
   225.000000       38.9666100      -4.10461426E-02
   228.750000       38.9666100       4.36706543E-02
   232.500000       38.9666100       8.05358887E-02
   236.250000       38.9666100      -1.61743164E-03
   240.000000       38.9666100      -5.25207520E-02
   243.750000       38.9666100      0.148162842    
   247.500000       38.9666100       8.73718262E-02
   251.250000       38.9666100       4.60815430E-03
   255.000000       38.9666100      0.370819092    
   258.750000       38.9666100      0.125091553    
   262.500000       38.9666100       1.81579590E-02
   266.250000       38.9666100       9.61303711E-03
   270.000000       38.9666100       5.12390137E-02
   273.750000       38.9666100       4.78210449E-02
   277.500000       38.9666100      -4.66613770E-02
   281.250000       38.9666100      0.131195068    
   285.000000       38.9666100      -6.50024414E-03
   288.750000       38.9666100       3.14636230E-02
   292.500000       38.9666100       3.67126465E-02
   296.250000       38.9666100       1.20544434E-02
   300.000000       38.9666100       9.00268555E-03
   303.750000       38.9666100       4.70886230E-02
   307.500000       38.9666100       6.94274902E-02
   311.250000       38.9666100       6.30798340E-02
   315.000000       38.9666100       2.82897949E-02
   318.750000       38.9666100       6.11267090E-02
   322.500000       38.9666100      -4.42504883E-03
   326.250000       38.9666100       1.47399902E-02
   330.000000       38.9666100      -2.48107910E-02
   333.750000       38.9666100      -2.18811035E-02
   337.500000       38.9666100       3.35693359E-04
   341.250000       38.9666100       9.97924805E-03
   345.000000       38.9666100      -2.50549316E-02
   348.750000       38.9666100      -1.65100098E-02
   352.500000       38.9666100       3.08532715E-02
   356.250000       38.9666100       3.51257324E-02
   360.000000       38.9666100      0.188079834    
   0.00000000       42.6776047      0.163787842    
   3.75000000       42.6776047       2.63366699E-02
   7.50000000       42.6776047     -0.154083252    
   11.2500000       42.6776047      -3.84826660E-02
   15.0000000       42.6776047      -7.72094727E-03
   18.7500000       42.6776047      0.311126709    
   22.5000000       42.6776047      0.111053467    
   26.2500000       42.6776047      0.267913818    
   30.0000000       42.6776047       4.98962402E-02
   33.7500000       42.6776047       4.92858887E-02
   37.5000000       42.6776047       2.12097168E-02
   41.2500000       42.6776047      -2.11486816E-02
   45.0000000       42.6776047      0.355804443    
   48.7500000       42.6776047       1.19323730E-02
   52.5000000       42.6776047     -0.124542236    
   56.2500000       42.6776047     -0.214630127    
   60.0000000       42.6776047       4.12292480E-02
   63.7500000       42.6776047       4.57458496E-02
   67.5000000       42.6776047      -8.33129883E-03
   71.2500000       42.6776047       1.44161987    
   75.0000000       42.6776047      0.701995850    
   78.7500000       42.6776047      0.847869873    
   82.5000000       42.6776047      0.726287842    
   86.2500000       42.6776047       1.06491089    
   90.0000000       42.6776047      0.558074951    
   93.7500000       42.6776047       3.41491699E-02
   97.5000000       42.6776047       9.65270996E-02
   101.250000       42.6776047       6.74743652E-02
   105.000000       42.6776047      0.289276123    
   108.750000       42.6776047      -5.47180176E-02
   112.500000       42.6776047       1.71813965E-02
   116.250000       42.6776047      -3.20434570E-03
   120.000000       42.6776047       8.77380371E-02
   123.750000       42.6776047     -0.107452393    
   127.500000       42.6776047       9.07897949E-02
   131.250000       42.6776047      0.323333740    
   135.000000       42.6776047       3.76892090E-02
   138.750000       42.6776047     -0.108184814    
   142.500000       42.6776047      -3.01818848E-02
   146.250000       42.6776047       1.97448730E-02
   150.000000       42.6776047       7.01904297E-04
   153.750000       42.6776047       4.73022461E-03
   157.500000       42.6776047       3.50952148E-03
   161.250000       42.6776047       1.97448730E-02
   165.000000       42.6776047      -2.74658203E-04
   168.750000       42.6776047      -1.39465332E-02
   172.500000       42.6776047      -2.81066895E-02
   176.250000       42.6776047     -0.112945557    
   180.000000       42.6776047      -6.09436035E-02
   183.750000       42.6776047      -2.77404785E-02
   187.500000       42.6776047      -2.27355957E-02
   191.250000       42.6776047      -4.06799316E-02
   195.000000       42.6776047      -6.11877441E-02
   198.750000       42.6776047       2.59704590E-02
   202.500000       42.6776047       3.26538086E-03
   206.250000       42.6776047      -1.07727051E-02
   210.000000       42.6776047       8.75854492E-03
   213.750000       42.6776047       6.53991699E-02
   217.500000       42.6776047       9.94567871E-02
   221.250000       42.6776047       7.88269043E-02
   225.000000       42.6776047      0.127777100    
   228.750000       42.6776047      -1.40686035E-02
   232.500000       42.6776047     -0.123077393    
   236.250000       42.6776047      -3.57971191E-02
   240.000000       42.6776047      0.221649170    
   243.750000       42.6776047      0.223602295    
   247.500000       42.6776047       3.08532715E-02
   251.250000       42.6776047      0.445159912    
   255.000000       42.6776047      0.179534912    
   258.750000       42.6776047      0.185516357    
   262.500000       42.6776047      -3.08227539E-03
   266.250000       42.6776047       2.99987793E-02
   270.000000       42.6776047       1.44958496E-02
   273.750000       42.6776047     -0.105010986    
   277.500000       42.6776047      -6.14318848E-02
   281.250000       42.6776047      0.305389404    
   285.000000       42.6776047      -3.77502441E-02
   288.750000       42.6776047      -3.32641602E-03
   292.500000       42.6776047      -4.91333008E-03
   296.250000       42.6776047       7.65991211E-03
   300.000000       42.6776047       1.87683105E-02
   303.750000       42.6776047       1.55944824E-02
   307.500000       42.6776047       4.89196777E-02
   311.250000       42.6776047       4.80651855E-02
   315.000000       42.6776047       3.84216309E-02
   318.750000       42.6776047       2.36511230E-02
   322.500000       42.6776047       2.77709961E-03
   326.250000       42.6776047      -4.05883789E-03
   330.000000       42.6776047     -0.188995361    
   333.750000       42.6776047       2.71911621E-02
   337.500000       42.6776047      -1.51672363E-02
   341.250000       42.6776047       3.26538086E-03
   345.000000       42.6776047      -1.48010254E-02
   348.750000       42.6776047      -3.08227539E-03
   352.500000       42.6776047      0.200286865    
   356.250000       42.6776047       5.09948730E-02
   360.000000       42.6776047      0.163787842    
   0.00000000       46.3885536       4.18395996E-02
   3.75000000       46.3885536       5.52673340E-02
   7.50000000       46.3885536      0.404266357    
   11.2500000       46.3885536      0.151702881    
   15.0000000       46.3885536       8.66394043E-02
   18.7500000       46.3885536       5.61218262E-02
   22.5000000       46.3885536      -2.88391113E-02
   26.2500000       46.3885536       3.80554199E-02
   30.0000000       46.3885536       1.22985840E-02
   33.7500000       46.3885536       6.21032715E-02
   37.5000000       46.3885536       2.53601074E-02
   41.2500000       46.3885536       3.14331055E-03
   45.0000000       46.3885536       7.04956055E-03
   48.7500000       46.3885536       9.65270996E-02
   52.5000000       46.3885536       6.50329590E-02
   56.2500000       46.3885536      -5.13000488E-02
   60.0000000       46.3885536       1.22985840E-02
   63.7500000       46.3885536     -0.263214111    
   67.5000000       46.3885536     -0.111968994    
   71.2500000       46.3885536      -3.89709473E-02
   75.0000000       46.3885536      -3.42102051E-02
   78.7500000       46.3885536      -7.71789551E-02
   82.5000000       46.3885536      0.286102295    
   86.2500000       46.3885536      0.236907959    
   90.0000000       46.3885536      0.222015381    
   93.7500000       46.3885536      0.207611084    
   97.5000000       46.3885536      0.552337646    
   101.250000       46.3885536      0.302581787    
   105.000000       46.3885536       2.43835449E-02
   108.750000       46.3885536       9.18884277E-02
   112.500000       46.3885536       2.01110840E-02
   116.250000       46.3885536      0.121795654    
   120.000000       46.3885536      0.310882568    
   123.750000       46.3885536      -4.14123535E-02
   127.500000       46.3885536      -6.25305176E-02
   131.250000       46.3885536       4.28161621E-02
   135.000000       46.3885536       8.85925293E-02
   138.750000       46.3885536       6.83288574E-02
   142.500000       46.3885536      0.480926514    
   146.250000       46.3885536      -3.81469727E-03
   150.000000       46.3885536     -0.225982666    
   153.750000       46.3885536      -2.71301270E-02
   157.500000       46.3885536       1.47399902E-02
   161.250000       46.3885536      -2.04162598E-02
   165.000000       46.3885536      -3.42102051E-02
   168.750000       46.3885536      -7.32727051E-02
   172.500000       46.3885536      -9.09729004E-02
   176.250000       46.3885536      -8.16955566E-02
   180.000000       46.3885536      -4.31213379E-02
   183.750000       46.3885536       6.85729980E-02
   187.500000       46.3885536      -7.65686035E-02
   191.250000       46.3885536      -7.65686035E-02
   195.000000       46.3885536      -8.52355957E-02
   198.750000       46.3885536      -7.43713379E-02
   202.500000       46.3885536      -1.99279785E-02
   206.250000       46.3885536       3.04870605E-02
   210.000000       46.3885536       3.63464355E-02
   213.750000       46.3885536      -2.70080566E-02
   217.500000       46.3885536      0.143524170    
   221.250000       46.3885536       3.56140137E-02
   225.000000       46.3885536       5.05065918E-02
   228.750000       46.3885536      -1.91955566E-02
   232.500000       46.3885536       2.09655762E-02
   236.250000       46.3885536      0.350799561    
   240.000000       46.3885536       4.11071777E-02
   243.750000       46.3885536      -7.49816895E-02
   247.500000       46.3885536     -0.116729736    
   251.250000       46.3885536      0.162689209    
   255.000000       46.3885536     -0.154083252    
   258.750000       46.3885536       5.47790527E-02
   262.500000       46.3885536       1.04675293E-02
   266.250000       46.3885536      -3.22570801E-02
   270.000000       46.3885536      -1.41906738E-02
   273.750000       46.3885536       3.13415527E-02
   277.500000       46.3885536       1.26647949E-02
   281.250000       46.3885536      -1.61743164E-03
   285.000000       46.3885536      -8.81652832E-02
   288.750000       46.3885536      -1.05285645E-02
   292.500000       46.3885536       7.32116699E-02
   296.250000       46.3885536      -6.66809082E-02
   300.000000       46.3885536      0.142791748    
   303.750000       46.3885536       3.14331055E-03
   307.500000       46.3885536      -1.25122070E-03
   311.250000       46.3885536      -2.59399414E-03
   315.000000       46.3885536       1.74255371E-02
   318.750000       46.3885536       1.70593262E-02
   322.500000       46.3885536       1.31225586E-03
   326.250000       46.3885536      -1.16271973E-02
   330.000000       46.3885536      -5.91125488E-02
   333.750000       46.3885536      -6.25610352E-03
   337.500000       46.3885536      -2.22473145E-02
   341.250000       46.3885536      -3.03039551E-02
   345.000000       46.3885536      -4.91333008E-03
   348.750000       46.3885536       7.01904297E-04
   352.500000       46.3885536       2.41088867E-03
   356.250000       46.3885536      -9.67407227E-03
   360.000000       46.3885536       4.18395996E-02
   0.00000000       50.0994530       1.55639648E-03
   3.75000000       50.0994530       7.69958496E-02
   7.50000000       50.0994530      -2.02941895E-02
   11.2500000       50.0994530       3.34167480E-02
   15.0000000       50.0994530       1.66931152E-02
   18.7500000       50.0994530      -5.88989258E-03
   22.5000000       50.0994530      -7.52258301E-02
   26.2500000       50.0994530      -1.40686035E-02
   30.0000000       50.0994530      -1.25122070E-03
   33.7500000       50.0994530       2.12097168E-02
   37.5000000       50.0994530       3.53698730E-02
   41.2500000       50.0994530      -9.18579102E-03
   45.0000000       50.0994530      0.153778076    
   48.7500000       50.0994530       3.54919434E-02
   52.5000000       50.0994530      -3.06701660E-02
   56.2500000       50.0994530     -0.213897705    
   60.0000000       50.0994530      0.169403076    
   63.7500000       50.0994530      -1.29699707E-02
   67.5000000       50.0994530      0.183319092    
   71.2500000       50.0994530       1.31225586E-03
   75.0000000       50.0994530       7.17163086E-03
   78.7500000       50.0994530      0.118133545    
   82.5000000       50.0994530       4.79431152E-02
   86.2500000       50.0994530      0.373504639    
   90.0000000       50.0994530      0.611541748    
   93.7500000       50.0994530      0.410858154    
   97.5000000       50.0994530       9.85717773E-03
   101.250000       50.0994530      0.125335693    
   105.000000       50.0994530       9.20104980E-02
   108.750000       50.0994530      0.164276123    
   112.500000       50.0994530      0.185394287    
   116.250000       50.0994530      -7.44934082E-02
   120.000000       50.0994530       1.70593262E-02
   123.750000       50.0994530      0.130218506    
   127.500000       50.0994530      0.116790771    
   131.250000       50.0994530      -4.53186035E-02
   135.000000       50.0994530      0.281707764    
   138.750000       50.0994530      -4.47082520E-02
   142.500000       50.0994530     -0.282867432    
   146.250000       50.0994530      -7.35473633E-03
   150.000000       50.0994530       8.51440430E-03
   153.750000       50.0994530      -3.08227539E-03
   157.500000       50.0994530      -4.79125977E-03
   161.250000       50.0994530      -1.78527832E-02
   165.000000       50.0994530      -4.44641113E-02
   168.750000       50.0994530      -7.26623535E-02
   172.500000       50.0994530      -3.78723145E-02
   176.250000       50.0994530      -5.76477051E-02
   180.000000       50.0994530      -7.96508789E-03
   183.750000       50.0994530      -8.18176270E-02
   187.500000       50.0994530       6.43920898E-03
   191.250000       50.0994530       1.96228027E-02
   195.000000       50.0994530      -7.43713379E-02
   198.750000       50.0994530     -0.104278564    
   202.500000       50.0994530      -4.91027832E-02
   206.250000       50.0994530      -2.74963379E-02
   210.000000       50.0994530      -2.84729004E-02
   213.750000       50.0994530       6.22253418E-02
   217.500000       50.0994530       2.16979980E-02
   221.250000       50.0994530       1.33972168E-02
   225.000000       50.0994530       5.79833984E-04
   228.750000       50.0994530      -1.52587891E-04
   232.500000       50.0994530     -0.198394775    
   236.250000       50.0994530     -0.293121338    
   240.000000       50.0994530     -0.304473877    
   243.750000       50.0994530     -0.439117432    
   247.500000       50.0994530      0.105560303    
   251.250000       50.0994530       8.71276855E-02
   255.000000       50.0994530       8.63952637E-02
   258.750000       50.0994530       9.01794434E-02
   262.500000       50.0994530      -3.93371582E-02
   266.250000       50.0994530      -2.39562988E-02
   270.000000       50.0994530      -9.91821289E-03
   273.750000       50.0994530      -7.23266602E-03
   277.500000       50.0994530      -1.60217285E-02
   281.250000       50.0994530      -5.91125488E-02
   285.000000       50.0994530      -5.50842285E-02
   288.750000       50.0994530       2.21862793E-02
   292.500000       50.0994530      0.157440186    
   296.250000       50.0994530      -3.10363770E-02
   300.000000       50.0994530      -4.59289551E-02
   303.750000       50.0994530      0.165618896    
   307.500000       50.0994530      -1.12915039E-03
   311.250000       50.0994530      -4.30297852E-03
   315.000000       50.0994530      -8.33129883E-03
   318.750000       50.0994530      -3.66516113E-02
   322.500000       50.0994530      -3.00598145E-02
   326.250000       50.0994530      -7.18078613E-02
   330.000000       50.0994530      -2.20031738E-02
   333.750000       50.0994530      -3.53088379E-02
   337.500000       50.0994530      -7.96508789E-03
   341.250000       50.0994530       1.87683105E-02
   345.000000       50.0994530      -2.65197754E-02
   348.750000       50.0994530      -2.71606445E-03
   352.500000       50.0994530      -3.01818848E-02
   356.250000       50.0994530      -3.31115723E-02
   360.000000       50.0994530       1.55639648E-03
   0.00000000       53.8102722      -3.48205566E-02
   3.75000000       53.8102722      -4.18090820E-03
   7.50000000       53.8102722       6.47888184E-02
   11.2500000       53.8102722       2.41394043E-02
   15.0000000       53.8102722      0.209564209    
   18.7500000       53.8102722      -5.69152832E-02
   22.5000000       53.8102722       1.80053711E-03
   26.2500000       53.8102722       1.25427246E-02
   30.0000000       53.8102722       3.19519043E-02
   33.7500000       53.8102722       3.36608887E-02
   37.5000000       53.8102722       1.55639648E-03
   41.2500000       53.8102722       2.03552246E-02
   45.0000000       53.8102722       2.97546387E-02
   48.7500000       53.8102722      0.236419678    
   52.5000000       53.8102722       4.24194336E-03
   56.2500000       53.8102722      -1.62658691E-02
   60.0000000       53.8102722      -8.69750977E-03
   63.7500000       53.8102722      -4.20227051E-02
   67.5000000       53.8102722       2.28881836E-03
   71.2500000       53.8102722       5.59997559E-02
   75.0000000       53.8102722       1.48620605E-02
   78.7500000       53.8102722      -2.29797363E-02
   82.5000000       53.8102722       5.67321777E-02
   86.2500000       53.8102722      -4.30297852E-03
   90.0000000       53.8102722       3.96423340E-02
   93.7500000       53.8102722      0.165618896    
   97.5000000       53.8102722      0.297332764    
   101.250000       53.8102722       1.73034668E-02
   105.000000       53.8102722      -1.83410645E-02
   108.750000       53.8102722      0.312835693    
   112.500000       53.8102722      -4.50744629E-02
   116.250000       53.8102722      -1.68762207E-02
   120.000000       53.8102722       7.71179199E-02
   123.750000       53.8102722      -4.49523926E-02
   127.500000       53.8102722       5.77087402E-02
   131.250000       53.8102722       2.04772949E-02
   135.000000       53.8102722      0.294036865    
   138.750000       53.8102722      -5.69152832E-02
   142.500000       53.8102722      -6.57043457E-02
   146.250000       53.8102722       4.73022461E-03
   150.000000       53.8102722       8.88061523E-03
   153.750000       53.8102722      -2.22778320E-03
   157.500000       53.8102722     -0.151397705    
   161.250000       53.8102722      -5.50842285E-02
   165.000000       53.8102722      -6.32629395E-02
   168.750000       53.8102722      -1.91955566E-02
   172.500000       53.8102722       2.28881836E-03
   176.250000       53.8102722       1.43432617E-03
   180.000000       53.8102722       1.06811523E-03
   183.750000       53.8102722       2.03552246E-02
   187.500000       53.8102722       4.06188965E-02
   191.250000       53.8102722     -0.113189697    
   195.000000       53.8102722       5.63659668E-02
   198.750000       53.8102722     -0.125640869    
   202.500000       53.8102722      -8.24279785E-02
   206.250000       53.8102722      -4.33654785E-02
   210.000000       53.8102722      -1.39465332E-02
   213.750000       53.8102722      -1.91955566E-02
   217.500000       53.8102722      -1.12609863E-02
   221.250000       53.8102722       2.23083496E-02
   225.000000       53.8102722       6.06384277E-02
   228.750000       53.8102722       4.39147949E-02
   232.500000       53.8102722      0.149505615    
   236.250000       53.8102722      0.220794678    
   240.000000       53.8102722     -0.198272705    
   243.750000       53.8102722      -2.56652832E-02
   247.500000       53.8102722       2.10876465E-02
   251.250000       53.8102722      -1.18713379E-02
   255.000000       53.8102722       3.32946777E-02
   258.750000       53.8102722      -3.20434570E-03
   262.500000       53.8102722      -8.69750977E-03
   266.250000       53.8102722      -8.45336914E-03
   270.000000       53.8102722      -3.79943848E-02
   273.750000       53.8102722      -5.04455566E-02
   277.500000       53.8102722      -8.42590332E-02
   281.250000       53.8102722       5.29479980E-02
   285.000000       53.8102722      -4.50744629E-02
   288.750000       53.8102722      -8.73107910E-02
   292.500000       53.8102722     -0.121002197    
   296.250000       53.8102722      -3.84826660E-02
   300.000000       53.8102722      0.194549561    
   303.750000       53.8102722       8.51440430E-03
   307.500000       53.8102722      -4.54711914E-03
   311.250000       53.8102722      -9.91821289E-03
   315.000000       53.8102722      -2.52990723E-02
   318.750000       53.8102722      -5.61828613E-02
   322.500000       53.8102722      -8.59680176E-02
   326.250000       53.8102722      -2.67639160E-02
   330.000000       53.8102722      -3.57055664E-03
   333.750000       53.8102722       1.31530762E-02
   337.500000       53.8102722       2.13623047E-04
   341.250000       53.8102722      -9.79614258E-03
   345.000000       53.8102722      -6.98852539E-03
   348.750000       53.8102722      -8.69750977E-03
   352.500000       53.8102722      -1.32141113E-02
   356.250000       53.8102722     -0.110626221    
   360.000000       53.8102722      -3.48205566E-02
   0.00000000       57.5209885      -1.00402832E-02
   3.75000000       57.5209885       1.13220215E-02
   7.50000000       57.5209885      -8.27941895E-02
   11.2500000       57.5209885       5.22155762E-02
   15.0000000       57.5209885      -2.01721191E-02
   18.7500000       57.5209885     -0.271881104    
   22.5000000       57.5209885     -0.213165283    
   26.2500000       57.5209885     -0.124053955    
   30.0000000       57.5209885       1.77917480E-02
   33.7500000       57.5209885       1.55944824E-02
   37.5000000       57.5209885       3.62243652E-02
   41.2500000       57.5209885       3.56140137E-02
   45.0000000       57.5209885       3.70788574E-02
   48.7500000       57.5209885      -2.21252441E-02
   52.5000000       57.5209885       1.27868652E-02
   56.2500000       57.5209885       2.48718262E-02
   60.0000000       57.5209885       9.36889648E-03
   63.7500000       57.5209885      -5.40161133E-03
   67.5000000       57.5209885      -1.68762207E-02
   71.2500000       57.5209885      -3.12805176E-02
   75.0000000       57.5209885      -5.15747070E-03
   78.7500000       57.5209885       8.51440430E-03
   82.5000000       57.5209885       1.43432617E-03
   86.2500000       57.5209885      -3.05175781E-05
   90.0000000       57.5209885       1.80053711E-03
   93.7500000       57.5209885       2.32849121E-02
   97.5000000       57.5209885      -2.26135254E-02
   101.250000       57.5209885      -7.35473633E-03
   105.000000       57.5209885      -3.17687988E-02
   108.750000       57.5209885      -5.55725098E-02
   112.500000       57.5209885       4.74548340E-02
   116.250000       57.5209885       1.98669434E-02
   120.000000       57.5209885      0.108612061    
   123.750000       57.5209885       2.78015137E-02
   127.500000       57.5209885     -0.176300049    
   131.250000       57.5209885     -0.182159424    
   135.000000       57.5209885       1.75476074E-02
   138.750000       57.5209885      0.392669678    
   142.500000       57.5209885      -6.72912598E-02
   146.250000       57.5209885      -2.28576660E-02
   150.000000       57.5209885       2.13623047E-04
   153.750000       57.5209885       6.00280762E-02
   157.500000       57.5209885      0.181121826    
   161.250000       57.5209885      0.430755615    
   165.000000       57.5209885      -1.46789551E-02
   168.750000       57.5209885      -2.34680176E-02
   172.500000       57.5209885       1.57165527E-02
   176.250000       57.5209885       2.28881836E-03
   180.000000       57.5209885       4.36401367E-03
   183.750000       57.5209885      -2.40783691E-02
   187.500000       57.5209885       1.04675293E-02
   191.250000       57.5209885      -3.00598145E-02
   195.000000       57.5209885      -4.32434082E-02
   198.750000       57.5209885     -0.105865479    
   202.500000       57.5209885       6.41784668E-02
   206.250000       57.5209885      0.124114990    
   210.000000       57.5209885      -2.17590332E-02
   213.750000       57.5209885      -5.03540039E-03
   217.500000       57.5209885      -4.17785645E-02
   221.250000       57.5209885      -1.66320801E-02
   225.000000       57.5209885      -5.54504395E-02
   228.750000       57.5209885      0.137298584    
   232.500000       57.5209885       5.85632324E-02
   236.250000       57.5209885      0.276214600    
   240.000000       57.5209885      -7.08312988E-02
   243.750000       57.5209885      -5.55725098E-02
   247.500000       57.5209885      -3.86047363E-02
   251.250000       57.5209885       1.71813965E-02
   255.000000       57.5209885       5.24597168E-02
   258.750000       57.5209885       1.14440918E-02
   262.500000       57.5209885      -9.06372070E-03
   266.250000       57.5209885      -7.35473633E-03
   270.000000       57.5209885      -3.79943848E-02
   273.750000       57.5209885      -3.28674316E-02
   277.500000       57.5209885      -3.44848633E-03
   281.250000       57.5209885      -3.06701660E-02
   285.000000       57.5209885      -3.56750488E-02
   288.750000       57.5209885       7.49206543E-02
   292.500000       57.5209885       2.42614746E-02
   296.250000       57.5209885      0.260223389    
   300.000000       57.5209885      -2.60314941E-02
   303.750000       57.5209885      -3.06701660E-02
   307.500000       57.5209885      -7.73010254E-02
   311.250000       57.5209885     -0.123321533    
   315.000000       57.5209885      -9.65881348E-02
   318.750000       57.5209885      -7.71789551E-02
   322.500000       57.5209885      -5.32531738E-02
   326.250000       57.5209885      -3.26232910E-02
   330.000000       57.5209885      -2.13928223E-02
   333.750000       57.5209885       3.87573242E-03
   337.500000       57.5209885       3.04870605E-02
   341.250000       57.5209885       9.36889648E-03
   345.000000       57.5209885       2.77709961E-03
   348.750000       57.5209885      -3.27453613E-02
   352.500000       57.5209885       9.12475586E-03
   356.250000       57.5209885      -6.76574707E-02
   360.000000       57.5209885      -1.00402832E-02
   0.00000000       61.2315712       2.40173340E-02
   3.75000000       61.2315712       9.00268555E-03
   7.50000000       61.2315712      0.380218506    
   11.2500000       61.2315712      -3.61633301E-02
   15.0000000       61.2315712       5.70678711E-03
   18.7500000       61.2315712       3.67126465E-02
   22.5000000       61.2315712      0.125091553    
   26.2500000       61.2315712      0.126678467    
   30.0000000       61.2315712     -0.494415283    
   33.7500000       61.2315712      0.183319092    
   37.5000000       61.2315712       3.25622559E-02
   41.2500000       61.2315712       1.02233887E-02
   45.0000000       61.2315712       1.44958496E-02
   48.7500000       61.2315712      -1.21154785E-02
   52.5000000       61.2315712      -1.72424316E-02
   56.2500000       61.2315712       1.30310059E-02
   60.0000000       61.2315712       7.43103027E-02
   63.7500000       61.2315712      -3.08227539E-03
   67.5000000       61.2315712      -6.04553223E-02
   71.2500000       61.2315712      -6.48498535E-02
   75.0000000       61.2315712      -8.03527832E-02
   78.7500000       61.2315712      -2.10266113E-02
   82.5000000       61.2315712      -2.34985352E-03
   86.2500000       61.2315712      -2.82287598E-02
   90.0000000       61.2315712      -2.57873535E-02
   93.7500000       61.2315712      -6.09436035E-02
   97.5000000       61.2315712      -4.19006348E-02
   101.250000       61.2315712      -8.69750977E-03
   105.000000       61.2315712       1.95007324E-02
   108.750000       61.2315712      -1.91955566E-02
   112.500000       61.2315712       1.06811523E-03
   116.250000       61.2315712      -3.44543457E-02
   120.000000       61.2315712      -4.19006348E-02
   123.750000       61.2315712      -1.60217285E-02
   127.500000       61.2315712      -3.21350098E-02
   131.250000       61.2315712      -3.29895020E-02
   135.000000       61.2315712       4.56237793E-02
   138.750000       61.2315712     -0.127471924    
   142.500000       61.2315712      0.362396240    
   146.250000       61.2315712      0.777313232    
   150.000000       61.2315712      -4.93469238E-02
   153.750000       61.2315712      -5.27954102E-03
   157.500000       61.2315712      -2.74658203E-04
   161.250000       61.2315712     -0.124298096    
   165.000000       61.2315712      0.383636475    
   168.750000       61.2315712      -1.50451660E-02
   172.500000       61.2315712      0.296112061    
   176.250000       61.2315712      -1.22375488E-02
   180.000000       61.2315712      -1.39465332E-02
   183.750000       61.2315712      -1.12609863E-02
   187.500000       61.2315712      -3.84826660E-02
   191.250000       61.2315712      -3.34777832E-02
   195.000000       61.2315712       2.60925293E-02
   198.750000       61.2315712     -0.136749268    
   202.500000       61.2315712       8.17565918E-02
   206.250000       61.2315712      -3.08227539E-03
   210.000000       61.2315712      0.522064209    
   213.750000       61.2315712      0.651947021    
   217.500000       61.2315712      0.378875732    
   221.250000       61.2315712      0.247894287    
   225.000000       61.2315712       6.72302246E-02
   228.750000       61.2315712      0.204437256    
   232.500000       61.2315712      0.154022217    
   236.250000       61.2315712       8.38317871E-02
   240.000000       61.2315712      -8.20617676E-02
   243.750000       61.2315712      -4.78820801E-02
   247.500000       61.2315712      -1.22375488E-02
   251.250000       61.2315712      -3.57055664E-03
   255.000000       61.2315712       3.64685059E-02
   258.750000       61.2315712       6.56127930E-03
   262.500000       61.2315712       6.19506836E-03
   266.250000       61.2315712      -1.86157227E-03
   270.000000       61.2315712      -1.28479004E-02
   273.750000       61.2315712      -4.30297852E-03
   277.500000       61.2315712      -9.79614258E-03
   281.250000       61.2315712      -5.22766113E-02
   285.000000       61.2315712     -0.118316650    
   288.750000       61.2315712     -0.231842041    
   292.500000       61.2315712      -2.11486816E-02
   296.250000       61.2315712     -0.120147705    
   300.000000       61.2315712      -5.38635254E-02
   303.750000       61.2315712      -3.10363770E-02
   307.500000       61.2315712      -5.50842285E-02
   311.250000       61.2315712      0.205169678    
   315.000000       61.2315712       2.58761597    
   318.750000       61.2315712     -0.320220947    
   322.500000       61.2315712       6.43920898E-03
   326.250000       61.2315712       5.58471680E-03
   330.000000       61.2315712       4.75769043E-02
   333.750000       61.2315712       6.27136230E-02
   337.500000       61.2315712      -5.32531738E-02
   341.250000       61.2315712       7.45544434E-02
   345.000000       61.2315712      -2.02941895E-02
   348.750000       61.2315712     -0.130767822    
   352.500000       61.2315712      -7.68127441E-02
   356.250000       61.2315712       1.97448730E-02
   360.000000       61.2315712       2.40173340E-02
   0.00000000       64.9419479       8.77380371E-02
   3.75000000       64.9419479      -7.72094727E-03
   7.50000000       64.9419479       4.20837402E-02
   11.2500000       64.9419479      0.290496826    
   15.0000000       64.9419479      -9.68322754E-02
   18.7500000       64.9419479       5.11169434E-02
   22.5000000       64.9419479       7.13806152E-02
   26.2500000       64.9419479      0.103973389    
   30.0000000       64.9419479      -1.27258301E-02
   33.7500000       64.9419479      -6.70471191E-02
   37.5000000       64.9419479      -1.94396973E-02
   41.2500000       64.9419479      0.114715576    
   45.0000000       64.9419479      -4.80041504E-02
   48.7500000       64.9419479      -8.81958008E-03
   52.5000000       64.9419479      -5.14221191E-02
   56.2500000       64.9419479      -4.34875488E-02
   60.0000000       64.9419479      0.139617920    
   63.7500000       64.9419479     -0.153961182    
   67.5000000       64.9419479      -1.30920410E-02
   71.2500000       64.9419479     -0.107940674    
   75.0000000       64.9419479      -5.53283691E-02
   78.7500000       64.9419479      -1.01623535E-02
   82.5000000       64.9419479       4.28161621E-02
   86.2500000       64.9419479      -4.67834473E-02
   90.0000000       64.9419479       3.75366211E-03
   93.7500000       64.9419479      -3.48205566E-02
   97.5000000       64.9419479      -4.47082520E-02
   101.250000       64.9419479      -5.37414551E-02
   105.000000       64.9419479       3.47595215E-02
   108.750000       64.9419479      -7.90100098E-02
   112.500000       64.9419479       5.56335449E-02
   116.250000       64.9419479      -2.37121582E-02
   120.000000       64.9419479      -5.18798828E-04
   123.750000       64.9419479      -2.66418457E-02
   127.500000       64.9419479      0.311126709    
   131.250000       64.9419479      0.129608154    
   135.000000       64.9419479      0.176605225    
   138.750000       64.9419479       6.91833496E-02
   142.500000       64.9419479      0.207366943    
   146.250000       64.9419479      0.143157959    
   150.000000       64.9419479      0.111175537    
   153.750000       64.9419479       4.07409668E-02
   157.500000       64.9419479       9.49401855E-02
   161.250000       64.9419479       8.40759277E-02
   165.000000       64.9419479      0.131927490    
   168.750000       64.9419479      0.199310303    
   172.500000       64.9419479       7.58972168E-02
   176.250000       64.9419479      0.149627686    
   180.000000       64.9419479       1.55639648E-03
   183.750000       64.9419479       3.82995605E-02
   187.500000       64.9419479      -9.29260254E-02
   191.250000       64.9419479       4.36401367E-03
   195.000000       64.9419479       5.51452637E-02
   198.750000       64.9419479      0.142547607    
   202.500000       64.9419479       7.88269043E-02
   206.250000       64.9419479       9.17663574E-02
   210.000000       64.9419479       4.31823730E-02
   213.750000       64.9419479       6.80847168E-02
   217.500000       64.9419479      0.151824951    
   221.250000       64.9419479      0.228607178    
   225.000000       64.9419479      0.186126709    
   228.750000       64.9419479      0.238494873    
   232.500000       64.9419479      0.633148193    
   236.250000       64.9419479       2.57263184E-02
   240.000000       64.9419479       8.92028809E-02
   243.750000       64.9419479      -5.15747070E-03
   247.500000       64.9419479       8.23974609E-04
   251.250000       64.9419479       6.17370605E-02
   255.000000       64.9419479      -2.92053223E-02
   258.750000       64.9419479       9.67712402E-02
   262.500000       64.9419479       3.35388184E-02
   266.250000       64.9419479      -8.51135254E-02
   270.000000       64.9419479      -2.52990723E-02
   273.750000       64.9419479      -5.05676270E-02
   277.500000       64.9419479      0.192718506    
   281.250000       64.9419479      -1.06506348E-02
   285.000000       64.9419479       4.97436523E-03
   288.750000       64.9419479       8.85925293E-02
   292.500000       64.9419479      0.108367920    
   296.250000       64.9419479      -1.99279785E-02
   300.000000       64.9419479      -3.96728516E-04
   303.750000       64.9419479      -3.51867676E-02
   307.500000       64.9419479      0.173309326    
   311.250000       64.9419479       1.73397827    
   315.000000       64.9419479      0.459197998    
   318.750000       64.9419479       1.36837769    
   322.500000       64.9419479      -5.98449707E-02
   326.250000       64.9419479      0.143402100    
   330.000000       64.9419479     -0.236480713    
   333.750000       64.9419479      0.181976318    
   337.500000       64.9419479      0.536102295    
   341.250000       64.9419479      0.318572998    
   345.000000       64.9419479      0.539642334    
   348.750000       64.9419479      -4.65393066E-02
   352.500000       64.9419479       2.80456543E-02
   356.250000       64.9419479       5.95397949E-02
   360.000000       64.9419479       8.77380371E-02
   0.00000000       68.6520157       2.98767090E-02
   3.75000000       68.6520157      -1.79748535E-02
   7.50000000       68.6520157      -9.18579102E-03
   11.2500000       68.6520157     -0.137237549    
   15.0000000       68.6520157     -0.221710205    
   18.7500000       68.6520157       4.73327637E-02
   22.5000000       68.6520157     -0.150543213    
   26.2500000       68.6520157      -4.11682129E-02
   30.0000000       68.6520157       6.39343262E-02
   33.7500000       68.6520157      -3.14025879E-02
   37.5000000       68.6520157     -0.302154541    
   41.2500000       68.6520157      -4.65393066E-02
   45.0000000       68.6520157     -0.413360596    
   48.7500000       68.6520157      -3.49426270E-02
   52.5000000       68.6520157     -0.128570557    
   56.2500000       68.6520157     -0.288482666    
   60.0000000       68.6520157      -6.66809082E-02
   63.7500000       68.6520157      -4.19006348E-02
   67.5000000       68.6520157     -0.302276611    
   71.2500000       68.6520157       2.35290527E-02
   75.0000000       68.6520157      0.123260498    
   78.7500000       68.6520157       8.34655762E-02
   82.5000000       68.6520157       8.51745605E-02
   86.2500000       68.6520157     -0.114166260    
   90.0000000       68.6520157      0.134490967    
   93.7500000       68.6520157       9.46044922E-04
   97.5000000       68.6520157       4.42810059E-02
   101.250000       68.6520157      -1.25122070E-03
   105.000000       68.6520157      -8.33129883E-03
   108.750000       68.6520157       2.99987793E-02
   112.500000       68.6520157       7.29370117E-03
   116.250000       68.6520157      -7.23266602E-03
   120.000000       68.6520157       2.05993652E-02
   123.750000       68.6520157      -8.29162598E-02
   127.500000       68.6520157      0.410736084    
   131.250000       68.6520157       8.14819336E-03
   135.000000       68.6520157       4.25720215E-02
   138.750000       68.6520157      0.284271240    
   142.500000       68.6520157      0.381317139    
   146.250000       68.6520157       1.36413574E-02
   150.000000       68.6520157       6.77185059E-02
   153.750000       68.6520157       7.67517090E-02
   157.500000       68.6520157       2.09655762E-02
   161.250000       68.6520157       5.59997559E-02
   165.000000       68.6520157      0.164398193    
   168.750000       68.6520157      0.349456787    
   172.500000       68.6520157      0.291595459    
   176.250000       68.6520157       8.89587402E-02
   180.000000       68.6520157      0.387542725    
   183.750000       68.6520157       3.35388184E-02
   187.500000       68.6520157       3.65905762E-02
   191.250000       68.6520157       4.19616699E-02
   195.000000       68.6520157      0.113861084    
   198.750000       68.6520157      0.199676514    
   202.500000       68.6520157      0.377166748    
   206.250000       68.6520157      0.452117920    
   210.000000       68.6520157      0.419036865    
   213.750000       68.6520157      0.251434326    
   217.500000       68.6520157      0.207000732    
   221.250000       68.6520157       6.86950684E-02
   225.000000       68.6520157       3.68347168E-02
   228.750000       68.6520157       4.89196777E-02
   232.500000       68.6520157       5.52673340E-02
   236.250000       68.6520157      0.130340576    
   240.000000       68.6520157       3.50952148E-03
   243.750000       68.6520157      -7.62023926E-02
   247.500000       68.6520157       6.80847168E-02
   251.250000       68.6520157      -1.89514160E-02
   255.000000       68.6520157      0.103485107    
   258.750000       68.6520157      -8.45336914E-03
   262.500000       68.6520157      -3.43322754E-02
   266.250000       68.6520157       1.97448730E-02
   270.000000       68.6520157       4.18395996E-02
   273.750000       68.6520157       3.63464355E-02
   277.500000       68.6520157      0.334808350    
   281.250000       68.6520157      -2.94494629E-02
   285.000000       68.6520157      -4.42199707E-02
   288.750000       68.6520157       3.18298340E-02
   292.500000       68.6520157     -0.252960205    
   296.250000       68.6520157      -8.71887207E-02
   300.000000       68.6520157      -2.93273926E-02
   303.750000       68.6520157      -3.67736816E-02
   307.500000       68.6520157      -1.11389160E-02
   311.250000       68.6520157      0.913177490    
   315.000000       68.6520157      0.424285889    
   318.750000       68.6520157      0.129730225    
   322.500000       68.6520157      -2.44445801E-02
   326.250000       68.6520157       1.50241089    
   330.000000       68.6520157      0.757904053    
   333.750000       68.6520157       8.83483887E-02
   337.500000       68.6520157       2.53601074E-02
   341.250000       68.6520157       2.53295898E-03
   345.000000       68.6520157      -2.82287598E-02
   348.750000       68.6520157       3.35693359E-04
   352.500000       68.6520157      -1.41906738E-02
   356.250000       68.6520157       2.99987793E-02
   360.000000       68.6520157       2.98767090E-02
   0.00000000       72.3615875      -5.48400879E-02
   3.75000000       72.3615875      -1.74865723E-02
   7.50000000       72.3615875      -3.06701660E-02
   11.2500000       72.3615875      -2.74963379E-02
   15.0000000       72.3615875      -8.21838379E-02
   18.7500000       72.3615875      -6.98547363E-02
   22.5000000       72.3615875      -5.04455566E-02
   26.2500000       72.3615875       2.40173340E-02
   30.0000000       72.3615875       2.07214355E-02
   33.7500000       72.3615875       4.85534668E-02
   37.5000000       72.3615875       6.24694824E-02
   41.2500000       72.3615875       2.67028809E-02
   45.0000000       72.3615875       4.00085449E-02
   48.7500000       72.3615875       8.27026367E-03
   52.5000000       72.3615875      0.102142334    
   56.2500000       72.3615875     -0.111480713    
   60.0000000       72.3615875      -7.27844238E-02
   63.7500000       72.3615875      -2.57873535E-02
   67.5000000       72.3615875      -2.11486816E-02
   71.2500000       72.3615875       3.32946777E-02
   75.0000000       72.3615875       4.24194336E-03
   78.7500000       72.3615875      -1.48010254E-02
   82.5000000       72.3615875      0.105804443    
   86.2500000       72.3615875       5.29479980E-02
   90.0000000       72.3615875       2.03552246E-02
   93.7500000       72.3615875      0.120697021    
   97.5000000       72.3615875       2.86560059E-02
   101.250000       72.3615875       5.03845215E-02
   105.000000       72.3615875      -1.00708008E-03
   108.750000       72.3615875      0.225677490    
   112.500000       72.3615875      0.199432373    
   116.250000       72.3615875       2.76794434E-02
   120.000000       72.3615875     -0.100982666    
   123.750000       72.3615875     -0.128692627    
   127.500000       72.3615875     -0.181060791    
   131.250000       72.3615875       2.78015137E-02
   135.000000       72.3615875      -5.52368164E-03
   138.750000       72.3615875      -2.23693848E-02
   142.500000       72.3615875       5.50231934E-02
   146.250000       72.3615875       1.01013184E-02
   150.000000       72.3615875       2.65808105E-02
   153.750000       72.3615875       3.18298340E-02
   157.500000       72.3615875       3.06091309E-02
   161.250000       72.3615875       3.39050293E-02
   165.000000       72.3615875       4.58679199E-02
   168.750000       72.3615875       4.18395996E-02
   172.500000       72.3615875       4.98962402E-02
   176.250000       72.3615875       4.97741699E-02
   180.000000       72.3615875       4.55017090E-02
   183.750000       72.3615875       3.56140137E-02
   187.500000       72.3615875       2.46276855E-02
   191.250000       72.3615875       1.65710449E-02
   195.000000       72.3615875       3.32946777E-02
   198.750000       72.3615875       1.35192871E-02
   202.500000       72.3615875       5.34057617E-03
   206.250000       72.3615875       1.88903809E-02
   210.000000       72.3615875       1.10778809E-02
   213.750000       72.3615875       3.63464355E-02
   217.500000       72.3615875       1.11999512E-02
   221.250000       72.3615875       4.02526855E-02
   225.000000       72.3615875       3.78112793E-02
   228.750000       72.3615875       3.31726074E-02
   232.500000       72.3615875       2.51159668E-02
   236.250000       72.3615875      -6.19201660E-02
   240.000000       72.3615875      0.441497803    
   243.750000       72.3615875      -5.26428223E-02
   247.500000       72.3615875      -6.09436035E-02
   251.250000       72.3615875      0.283905029    
   255.000000       72.3615875      -9.73205566E-02
   258.750000       72.3615875      -3.31115723E-02
   262.500000       72.3615875       7.21130371E-02
   266.250000       72.3615875     -0.108917236    
   270.000000       72.3615875      0.118377686    
   273.750000       72.3615875       7.15026855E-02
   277.500000       72.3615875      0.135223389    
   281.250000       72.3615875      0.120330811    
   285.000000       72.3615875      0.442474365    
   288.750000       72.3615875      -1.29699707E-02
   292.500000       72.3615875       5.09948730E-02
   296.250000       72.3615875       7.82165527E-02
   300.000000       72.3615875       6.96716309E-02
   303.750000       72.3615875      -2.67639160E-02
   307.500000       72.3615875      0.152923584    
   311.250000       72.3615875     -0.109527588    
   315.000000       72.3615875      -8.07189941E-02
   318.750000       72.3615875      -8.01086426E-02
   322.500000       72.3615875       7.90405273E-03
   326.250000       72.3615875      0.224578857    
   330.000000       72.3615875       2.72579956    
   333.750000       72.3615875      0.185882568    
   337.500000       72.3615875       8.50524902E-02
   341.250000       72.3615875       4.85229492E-03
   345.000000       72.3615875      0.109100342    
   348.750000       72.3615875       3.63464355E-02
   352.500000       72.3615875       3.80554199E-02
   356.250000       72.3615875      -5.78918457E-02
   360.000000       72.3615875      -5.48400879E-02
   0.00000000       76.0702438      -1.49536133E-03
   3.75000000       76.0702438      -4.18090820E-03
   7.50000000       76.0702438      -3.38439941E-02
   11.2500000       76.0702438      -7.20520020E-02
   15.0000000       76.0702438       2.89001465E-02
   18.7500000       76.0702438       3.59802246E-02
   22.5000000       76.0702438      -2.99377441E-02
   26.2500000       76.0702438       2.14538574E-02
   30.0000000       76.0702438      -9.26818848E-02
   33.7500000       76.0702438       3.96423340E-02
   37.5000000       76.0702438       5.79528809E-02
   41.2500000       76.0702438       9.83581543E-02
   45.0000000       76.0702438       3.50036621E-02
   48.7500000       76.0702438       8.18786621E-02
   52.5000000       76.0702438       1.44958496E-02
   56.2500000       76.0702438       7.66296387E-02
   60.0000000       76.0702438      0.143890381    
   63.7500000       76.0702438      0.345184326    
   67.5000000       76.0702438       5.75866699E-02
   71.2500000       76.0702438       1.01013184E-02
   75.0000000       76.0702438      -7.03430176E-02
   78.7500000       76.0702438       3.99780273E-03
   82.5000000       76.0702438       5.74645996E-02
   86.2500000       76.0702438       1.31530762E-02
   90.0000000       76.0702438       9.97924805E-03
   93.7500000       76.0702438     -0.212066650    
   97.5000000       76.0702438     -0.110992432    
   101.250000       76.0702438     -0.164093018    
   105.000000       76.0702438      -5.76782227E-03
   108.750000       76.0702438       3.62243652E-02
   112.500000       76.0702438      0.289398193    
   116.250000       76.0702438      -5.26428223E-02
   120.000000       76.0702438      -3.39660645E-02
   123.750000       76.0702438      -2.63977051E-02
   127.500000       76.0702438      -1.66320801E-02
   131.250000       76.0702438      -6.40869141E-04
   135.000000       76.0702438      -3.07922363E-02
   138.750000       76.0702438      -9.71984863E-02
   142.500000       76.0702438      -5.40161133E-03
   146.250000       76.0702438      -5.18798828E-04
   150.000000       76.0702438       5.79833984E-04
   153.750000       76.0702438       1.92260742E-03
   157.500000       76.0702438      -1.12915039E-03
   161.250000       76.0702438      -4.18090820E-03
   165.000000       76.0702438      -8.94165039E-03
   168.750000       76.0702438       1.55639648E-03
   172.500000       76.0702438      -2.09045410E-02
   176.250000       76.0702438       2.53295898E-03
   180.000000       76.0702438      -6.50024414E-03
   183.750000       76.0702438       9.36889648E-03
   187.500000       76.0702438       1.51062012E-02
   191.250000       76.0702438       8.14819336E-03
   195.000000       76.0702438       2.29187012E-02
   198.750000       76.0702438       4.13513184E-02
   202.500000       76.0702438       2.21862793E-02
   206.250000       76.0702438       3.04870605E-02
   210.000000       76.0702438       4.98962402E-02
   213.750000       76.0702438       3.40270996E-02
   217.500000       76.0702438       4.58679199E-02
   221.250000       76.0702438       3.09753418E-02
   225.000000       76.0702438       3.82995605E-02
   228.750000       76.0702438       2.15759277E-02
   232.500000       76.0702438       1.02233887E-02
   236.250000       76.0702438      -2.39562988E-02
   240.000000       76.0702438       6.01501465E-02
   243.750000       76.0702438     -0.218536377    
   247.500000       76.0702438      -3.26232910E-02
   251.250000       76.0702438      -2.17590332E-02
   255.000000       76.0702438      -3.92150879E-02
   258.750000       76.0702438       3.93981934E-02
   262.500000       76.0702438     -0.244659424    
   266.250000       76.0702438      -1.99279785E-02
   270.000000       76.0702438     -0.211700439    
   273.750000       76.0702438      0.129364014    
   277.500000       76.0702438      0.324066162    
   281.250000       76.0702438      -4.31213379E-02
   285.000000       76.0702438      -5.82580566E-02
   288.750000       76.0702438      -3.07922363E-02
   292.500000       76.0702438     -0.241241455    
   296.250000       76.0702438     -0.337310791    
   300.000000       76.0702438     -0.703033447    
   303.750000       76.0702438     -0.944488525    
   307.500000       76.0702438     -0.499908447    
   311.250000       76.0702438     -0.261993408    
   315.000000       76.0702438     -0.133575439    
   318.750000       76.0702438      0.134857178    
   322.500000       76.0702438      0.217498779    
   326.250000       76.0702438      0.176727295    
   330.000000       76.0702438      0.250335693    
   333.750000       76.0702438       1.62435913    
   337.500000       76.0702438      0.393157959    
   341.250000       76.0702438     -0.157989502    
   345.000000       76.0702438       4.51354980E-02
   348.750000       76.0702438       1.57165527E-02
   352.500000       76.0702438       3.46374512E-02
   356.250000       76.0702438       9.39636230E-02
   360.000000       76.0702438      -1.49536133E-03
   0.00000000       79.7770462       5.16052246E-02
   3.75000000       79.7770462       2.56042480E-02
   7.50000000       79.7770462       1.49841309E-02
   11.2500000       79.7770462     -0.114288330    
   15.0000000       79.7770462     -0.253204346    
   18.7500000       79.7770462      0.308319092    
   22.5000000       79.7770462       4.34265137E-02
   26.2500000       79.7770462      0.654754639    
   30.0000000       79.7770462     -0.139923096    
   33.7500000       79.7770462      -8.68225098E-02
   37.5000000       79.7770462     -0.155181885    
   41.2500000       79.7770462     -0.113189697    
   45.0000000       79.7770462      -4.70275879E-02
   48.7500000       79.7770462     -0.249176025    
   52.5000000       79.7770462      -7.77893066E-02
   56.2500000       79.7770462     -0.209503174    
   60.0000000       79.7770462      -2.72521973E-02
   63.7500000       79.7770462      -3.81164551E-02
   67.5000000       79.7770462     -0.103424072    
   71.2500000       79.7770462      -4.91333008E-03
   75.0000000       79.7770462      -3.40881348E-02
   78.7500000       79.7770462      -4.10461426E-02
   82.5000000       79.7770462      -3.34777832E-02
   86.2500000       79.7770462      -4.37316895E-02
   90.0000000       79.7770462      -8.91418457E-02
   93.7500000       79.7770462     -0.132965088    
   97.5000000       79.7770462     -0.166656494    
   101.250000       79.7770462      0.202239990    
   105.000000       79.7770462      -2.98156738E-02
   108.750000       79.7770462      -8.29162598E-02
   112.500000       79.7770462      -6.20422363E-02
   116.250000       79.7770462      -3.73840332E-02
   120.000000       79.7770462      -3.32336426E-02
   123.750000       79.7770462      -2.31018066E-02
   127.500000       79.7770462      -2.52990723E-02
   131.250000       79.7770462      -2.61535645E-02
   135.000000       79.7770462      -2.16369629E-02
   138.750000       79.7770462      -1.29699707E-02
   142.500000       79.7770462      -6.98852539E-03
   146.250000       79.7770462      -5.88989258E-03
   150.000000       79.7770462      -5.76782227E-03
   153.750000       79.7770462       3.35693359E-04
   157.500000       79.7770462      -2.83813477E-03
   161.250000       79.7770462      -1.73950195E-03
   165.000000       79.7770462      -2.96020508E-03
   168.750000       79.7770462       1.80053711E-03
   172.500000       79.7770462      -7.84301758E-03
   176.250000       79.7770462      -1.00402832E-02
   180.000000       79.7770462      -1.07727051E-02
   183.750000       79.7770462      -5.15747070E-03
   187.500000       79.7770462      -3.93676758E-03
   191.250000       79.7770462       9.73510742E-03
   195.000000       79.7770462       2.32849121E-02
   198.750000       79.7770462       2.25524902E-02
   202.500000       79.7770462       2.90222168E-02
   206.250000       79.7770462       3.19519043E-02
   210.000000       79.7770462       3.42712402E-02
   213.750000       79.7770462       3.51257324E-02
   217.500000       79.7770462       3.06091309E-02
   221.250000       79.7770462       2.98767090E-02
   225.000000       79.7770462       2.27966309E-02
   228.750000       79.7770462       3.02124023E-03
   232.500000       79.7770462      -6.01196289E-03
   236.250000       79.7770462      -5.03540039E-03
   240.000000       79.7770462      -7.11059570E-03
   243.750000       79.7770462      -1.06506348E-02
   247.500000       79.7770462      -1.23596191E-02
   251.250000       79.7770462      -9.06372070E-03
   255.000000       79.7770462       5.09643555E-03
   258.750000       79.7770462       4.51354980E-02
   262.500000       79.7770462       4.51354980E-02
   266.250000       79.7770462      0.683563232    
   270.000000       79.7770462      0.646087646    
   273.750000       79.7770462       3.14636230E-02
   277.500000       79.7770462      -3.49426270E-02
   281.250000       79.7770462      0.662078857    
   285.000000       79.7770462      0.388153076    
   288.750000       79.7770462      0.414886475    
   292.500000       79.7770462      -7.77893066E-02
   296.250000       79.7770462      0.495697021    
   300.000000       79.7770462      0.803558350    
   303.750000       79.7770462      0.733123779    
   307.500000       79.7770462       7.30895996E-02
   311.250000       79.7770462      0.113739014    
   315.000000       79.7770462      0.105682373    
   318.750000       79.7770462      0.192962646    
   322.500000       79.7770462      0.231170654    
   326.250000       79.7770462      0.403656006    
   330.000000       79.7770462      0.717620850    
   333.750000       79.7770462      0.952484131    
   337.500000       79.7770462       7.44323730E-02
   341.250000       79.7770462       2.82897949E-02
   345.000000       79.7770462      -5.52062988E-02
   348.750000       79.7770462       4.40368652E-02
   352.500000       79.7770462       5.34362793E-02
   356.250000       79.7770462       9.32312012E-02
   360.000000       79.7770462       5.16052246E-02
   0.00000000       83.4789200       4.26940918E-02
   3.75000000       83.4789200       3.87878418E-02
   7.50000000       83.4789200       3.45153809E-02
   11.2500000       83.4789200       4.00085449E-02
   15.0000000       83.4789200       4.29382324E-02
   18.7500000       83.4789200       1.53503418E-02
   22.5000000       83.4789200       5.95092773E-03
   26.2500000       83.4789200       1.10778809E-02
   30.0000000       83.4789200       2.43835449E-02
   33.7500000       83.4789200      -2.34985352E-03
   37.5000000       83.4789200       2.16674805E-03
   41.2500000       83.4789200      -2.33459473E-02
   45.0000000       83.4789200      -3.08227539E-03
   48.7500000       83.4789200      -1.15051270E-02
   52.5000000       83.4789200      -2.04162598E-02
   56.2500000       83.4789200      -2.99377441E-02
   60.0000000       83.4789200      -1.58996582E-02
   63.7500000       83.4789200      -2.46887207E-02
   67.5000000       83.4789200      -4.22668457E-02
   71.2500000       83.4789200      -3.49426270E-02
   75.0000000       83.4789200      -1.34582520E-02
   78.7500000       83.4789200      -2.04162598E-02
   82.5000000       83.4789200       1.55639648E-03
   86.2500000       83.4789200      -1.39465332E-02
   90.0000000       83.4789200      -1.00708008E-03
   93.7500000       83.4789200       5.46264648E-03
   97.5000000       83.4789200      -6.13403320E-03
   101.250000       83.4789200      -2.73742676E-02
   105.000000       83.4789200      -2.52990723E-02
   108.750000       83.4789200      -1.65100098E-02
   112.500000       83.4789200      -1.68762207E-02
   116.250000       83.4789200      -2.90832520E-02
   120.000000       83.4789200      -3.28674316E-02
   123.750000       83.4789200      -3.40881348E-02
   127.500000       83.4789200      -4.98352051E-02
   131.250000       83.4789200      -4.95910645E-02
   135.000000       83.4789200      -4.14123535E-02
   138.750000       83.4789200      -2.18811035E-02
   142.500000       83.4789200      -2.32238770E-02
   146.250000       83.4789200      -3.56750488E-02
   150.000000       83.4789200      -1.74865723E-02
   153.750000       83.4789200       2.89916992E-03
   157.500000       83.4789200      -1.12915039E-03
   161.250000       83.4789200      -1.35803223E-02
   165.000000       83.4789200      -9.18579102E-03
   168.750000       83.4789200       7.53784180E-03
   172.500000       83.4789200      -8.85009766E-04
   176.250000       83.4789200       5.95092773E-03
   180.000000       83.4789200       1.22985840E-02
   183.750000       83.4789200       1.67846680E-03
   187.500000       83.4789200       1.47399902E-02
   191.250000       83.4789200       1.07116699E-02
   195.000000       83.4789200       2.05993652E-02
   198.750000       83.4789200       1.75476074E-02
   202.500000       83.4789200       1.95007324E-02
   206.250000       83.4789200       3.08532715E-02
   210.000000       83.4789200       2.85339355E-02
   213.750000       83.4789200       2.24304199E-02
   217.500000       83.4789200       2.09655762E-02
   221.250000       83.4789200       3.81774902E-02
   225.000000       83.4789200       2.89001465E-02
   228.750000       83.4789200       1.29089355E-02
   232.500000       83.4789200       1.35192871E-02
   236.250000       83.4789200       2.98767090E-02
   240.000000       83.4789200       1.10778809E-02
   243.750000       83.4789200       9.73510742E-03
   247.500000       83.4789200       1.91345215E-02
   251.250000       83.4789200       7.01904297E-04
   255.000000       83.4789200      -1.21154785E-02
   258.750000       83.4789200      -3.81469727E-03
   262.500000       83.4789200       9.46044922E-04
   266.250000       83.4789200       6.29577637E-02
   270.000000       83.4789200      -4.64172363E-02
   273.750000       83.4789200      -6.50024414E-03
   277.500000       83.4789200       4.69665527E-02
   281.250000       83.4789200       2.51159668E-02
   285.000000       83.4789200      -3.72619629E-02
   288.750000       83.4789200      0.179290771    
   292.500000       83.4789200      -1.49536133E-03
   296.250000       83.4789200      -1.98364258E-03
   300.000000       83.4789200      -2.05383301E-02
   303.750000       83.4789200      -1.26037598E-02
   307.500000       83.4789200       3.51257324E-02
   311.250000       83.4789200     -0.112823486    
   315.000000       83.4789200      0.445648193    
   318.750000       83.4789200      0.527069092    
   322.500000       83.4789200      0.374847412    
   326.250000       83.4789200      -8.24279785E-02
   330.000000       83.4789200      0.319061279    
   333.750000       83.4789200      0.553680420    
   337.500000       83.4789200      -7.87658691E-02
   341.250000       83.4789200       2.30407715E-02
   345.000000       83.4789200       4.03747559E-02
   348.750000       83.4789200       2.52380371E-02
   352.500000       83.4789200       2.57263184E-02
   356.250000       83.4789200       4.87976074E-02
   360.000000       83.4789200       4.26940918E-02
   0.00000000       87.1590958       2.76794434E-02
   3.75000000       87.1590958       1.24206543E-02
   7.50000000       87.1590958       2.91442871E-02
   11.2500000       87.1590958       2.26745605E-02
   15.0000000       87.1590958      -1.37329102E-03
   18.7500000       87.1590958       2.04772949E-02
   22.5000000       87.1590958       1.19323730E-02
   26.2500000       87.1590958      -1.51672363E-02
   30.0000000       87.1590958       1.96228027E-02
   33.7500000       87.1590958       1.44958496E-02
   37.5000000       87.1590958      -2.11486816E-02
   41.2500000       87.1590958       5.58471680E-03
   45.0000000       87.1590958       1.04675293E-02
   48.7500000       87.1590958      -3.44848633E-03
   52.5000000       87.1590958       1.05895996E-02
   56.2500000       87.1590958      -1.00708008E-03
   60.0000000       87.1590958      -1.98364258E-03
   63.7500000       87.1590958       1.48620605E-02
   67.5000000       87.1590958      -8.69750977E-03
   71.2500000       87.1590958      -2.06604004E-02
   75.0000000       87.1590958       3.99780273E-03
   78.7500000       87.1590958       3.87573242E-03
   82.5000000       87.1590958      -1.45568848E-02
   86.2500000       87.1590958      -2.16369629E-02
   90.0000000       87.1590958      -2.73742676E-02
   93.7500000       87.1590958      -2.22473145E-02
   97.5000000       87.1590958      -1.40686035E-02
   101.250000       87.1590958      -2.38342285E-02
   105.000000       87.1590958      -3.45764160E-02
   108.750000       87.1590958      -3.78723145E-02
   112.500000       87.1590958      -3.90930176E-02
   116.250000       87.1590958      -3.15246582E-02
   120.000000       87.1590958      -3.00598145E-02
   123.750000       87.1590958      -3.81164551E-02
   127.500000       87.1590958      -2.72521973E-02
   131.250000       87.1590958      -2.21252441E-02
   135.000000       87.1590958      -4.15344238E-02
   138.750000       87.1590958      -4.61730957E-02
   142.500000       87.1590958      -3.81164551E-02
   146.250000       87.1590958      -3.09143066E-02
   150.000000       87.1590958      -2.70080566E-02
   153.750000       87.1590958      -3.54309082E-02
   157.500000       87.1590958      -2.57873535E-02
   161.250000       87.1590958      -5.27954102E-03
   165.000000       87.1590958      -1.22375488E-02
   168.750000       87.1590958      -1.33361816E-02
   172.500000       87.1590958       5.09643555E-03
   176.250000       87.1590958       1.43432617E-03
   180.000000       87.1590958      -2.02941895E-02
   183.750000       87.1590958      -2.04162598E-02
   187.500000       87.1590958      -9.79614258E-03
   191.250000       87.1590958      -1.34582520E-02
   195.000000       87.1590958      -6.37817383E-03
   198.750000       87.1590958      -7.96508789E-03
   202.500000       87.1590958      -2.63977051E-02
   206.250000       87.1590958      -1.41906738E-02
   210.000000       87.1590958      -1.32141113E-02
   213.750000       87.1590958      -2.94494629E-02
   217.500000       87.1590958      -1.52893066E-02
   221.250000       87.1590958      -2.17590332E-02
   225.000000       87.1590958      -4.11682129E-02
   228.750000       87.1590958      -2.48107910E-02
   232.500000       87.1590958      -2.15148926E-02
   236.250000       87.1590958      -3.14025879E-02
   240.000000       87.1590958      -2.76184082E-02
   243.750000       87.1590958      -3.15246582E-02
   247.500000       87.1590958      -2.15148926E-02
   251.250000       87.1590958      -8.45336914E-03
   255.000000       87.1590958      -1.67541504E-02
   258.750000       87.1590958      -4.66918945E-03
   262.500000       87.1590958       7.29370117E-03
   266.250000       87.1590958      -3.44848633E-03
   270.000000       87.1590958       1.43432617E-03
   273.750000       87.1590958       3.75366211E-03
   277.500000       87.1590958       9.61303711E-03
   281.250000       87.1590958       3.12194824E-02
   285.000000       87.1590958       2.41394043E-02
   288.750000       87.1590958       1.65710449E-02
   292.500000       87.1590958       2.52380371E-02
   296.250000       87.1590958       1.68151855E-02
   300.000000       87.1590958       2.41088867E-03
   303.750000       87.1590958      -1.86157227E-03
   307.500000       87.1590958       1.47399902E-02
   311.250000       87.1590958       2.37731934E-02
   315.000000       87.1590958       9.00268555E-03
   318.750000       87.1590958       1.66931152E-02
   322.500000       87.1590958       1.88903809E-02
   326.250000       87.1590958      -9.91821289E-03
   330.000000       87.1590958       1.19018555E-03
   333.750000       87.1590958       4.91638184E-02
   337.500000       87.1590958       6.21032715E-02
   341.250000       87.1590958       4.44030762E-02
   345.000000       87.1590958       2.73132324E-02
   348.750000       87.1590958       1.20544434E-02
   352.500000       87.1590958       1.51062012E-02
   356.250000       87.1590958       3.40270996E-02
   360.000000       87.1590958       2.76794434E-02
