   0.00000000      -87.1590958      -1.54314041E-02
   3.75000000      -87.1590958      -1.83610916E-02
   7.50000000      -87.1590958      -1.64079666E-02
   11.2500000      -87.1590958      -9.08374786E-03
   15.0000000      -87.1590958      -1.10368729E-02
   18.7500000      -87.1590958      -1.46989822E-02
   22.5000000      -87.1590958      -8.10718536E-03
   26.2500000      -87.1590958      -7.13062286E-03
   30.0000000      -87.1590958      -1.34782791E-02
   33.7500000      -87.1590958      -1.32341385E-02
   37.5000000      -87.1590958      -1.54314041E-02
   41.2500000      -87.1590958      -2.27556229E-02
   45.0000000      -87.1590958      -2.08024979E-02
   48.7500000      -87.1590958      -1.54314041E-02
   52.5000000      -87.1590958      -1.61638260E-02
   56.2500000      -87.1590958      -1.44548416E-02
   60.0000000      -87.1590958      -1.03044510E-02
   63.7500000      -87.1590958      -9.57202911E-03
   67.5000000      -87.1590958      -4.68921661E-03
   71.2500000      -87.1590958       3.85570526E-03
   75.0000000      -87.1590958       9.71508026E-03
   78.7500000      -87.1590958       1.89924240E-02
   82.5000000      -87.1590958       3.21760178E-02
   86.2500000      -87.1590958       3.80353928E-02
   90.0000000      -87.1590958       3.77912521E-02
   93.7500000      -87.1590958       3.41291428E-02
   97.5000000      -87.1590958       2.14338303E-02
   101.250000      -87.1590958       8.00609589E-03
   105.000000      -87.1590958       4.58812714E-03
   108.750000      -87.1590958       5.32054901E-03
   112.500000      -87.1590958       8.98265839E-03
   116.250000      -87.1590958       1.72834396E-02
   120.000000      -87.1590958       2.11896896E-02
   123.750000      -87.1590958       2.04572678E-02
   127.500000      -87.1590958       1.92365646E-02
   131.250000      -87.1590958       1.55744553E-02
   135.000000      -87.1590958       1.21564865E-02
   138.750000      -87.1590958       9.71508026E-03
   142.500000      -87.1590958       9.22679901E-03
   146.250000      -87.1590958       1.85041428E-02
   150.000000      -87.1590958       3.36408615E-02
   153.750000      -87.1590958       4.21857834E-02
   157.500000      -87.1590958       4.02326584E-02
   161.250000      -87.1590958       3.19318771E-02
   165.000000      -87.1590958       2.26545334E-02
   168.750000      -87.1590958       6.29711151E-03
   172.500000      -87.1590958      -2.12907791E-02
   176.250000      -87.1590958      -3.34978104E-02
   180.000000      -87.1590958      -7.61890411E-03
   183.750000      -87.1590958       2.48517990E-02
   187.500000      -87.1590958       2.36310959E-02
   191.250000      -87.1590958       1.04475021E-02
   195.000000      -87.1590958       4.07209396E-02
   198.750000      -87.1590958       9.98029709E-02
   202.500000      -87.1590958       8.93049240E-02
   206.250000      -87.1590958      -2.73609161E-03
   210.000000      -87.1590958      -4.05778885E-02
   213.750000      -87.1590958       1.97248459E-02
   217.500000      -87.1590958       6.58674240E-02
   221.250000      -87.1590958       4.87775803E-02
   225.000000      -87.1590958       2.19221115E-02
   228.750000      -87.1590958       1.80158615E-02
   232.500000      -87.1590958       1.94807053E-02
   236.250000      -87.1590958       8.00609589E-03
   240.000000      -87.1590958      -2.94685364E-04
   243.750000      -87.1590958       8.00609589E-03
   247.500000      -87.1590958       1.94807053E-02
   251.250000      -87.1590958       2.68049240E-02
   255.000000      -87.1590958       3.07111740E-02
   258.750000      -87.1590958       2.48517990E-02
   262.500000      -87.1590958       5.80883026E-03
   266.250000      -87.1590958      -2.22673416E-02
   270.000000      -87.1590958      -4.64372635E-02
   273.750000      -87.1590958      -5.42497635E-02
   277.500000      -87.1590958      -4.96110916E-02
   281.250000      -87.1590958      -3.76482010E-02
   285.000000      -87.1590958      -1.68962479E-02
   288.750000      -87.1590958       6.81877136E-04
   292.500000      -87.1590958       4.83226776E-03
   296.250000      -87.1590958       2.87914276E-03
   300.000000      -87.1590958      -3.46851349E-03
   303.750000      -87.1590958      -1.51872635E-02
   307.500000      -87.1590958      -2.29997635E-02
   311.250000      -87.1590958      -2.51970291E-02
   315.000000      -87.1590958      -2.44646072E-02
   318.750000      -87.1590958      -2.12907791E-02
   322.500000      -87.1590958      -1.88493729E-02
   326.250000      -87.1590958      -1.37224197E-02
   330.000000      -87.1590958      -1.51538849E-03
   333.750000      -87.1590958       9.47093964E-03
   337.500000      -87.1590958       1.09357834E-02
   341.250000      -87.1590958       9.22679901E-03
   345.000000      -87.1590958       8.25023651E-03
   348.750000      -87.1590958       1.65843964E-03
   352.500000      -87.1590958      -9.57202911E-03
   356.250000      -87.1590958      -1.49431229E-02
   360.000000      -87.1590958      -1.54314041E-02
   0.00000000      -83.4789200      -3.74040604E-02
   3.75000000      -83.4789200      -2.93474197E-02
   7.50000000      -83.4789200      -2.08024979E-02
   11.2500000      -83.4789200      -2.56853104E-02
   15.0000000      -83.4789200      -3.27653885E-02
   18.7500000      -83.4789200      -4.20427322E-02
   22.5000000      -83.4789200      -4.96110916E-02
   26.2500000      -83.4789200      -7.01189041E-02
   30.0000000      -83.4789200      -6.98747635E-02
   33.7500000      -83.4789200      -7.08513260E-02
   37.5000000      -83.4789200      -5.84001541E-02
   41.2500000      -83.4789200      -2.73942947E-02
   45.0000000      -83.4789200      -8.59546661E-03
   48.7500000      -83.4789200       4.34398651E-03
   52.5000000      -83.4789200       5.80883026E-03
   56.2500000      -83.4789200       8.25023651E-03
   60.0000000      -83.4789200       1.92365646E-02
   63.7500000      -83.4789200       2.97346115E-02
   67.5000000      -83.4789200       4.56037521E-02
   71.2500000      -83.4789200       4.51154709E-02
   75.0000000      -83.4789200       3.90119553E-02
   78.7500000      -83.4789200       2.46076584E-02
   82.5000000      -83.4789200       1.55744553E-02
   86.2500000      -83.4789200       7.27367401E-03
   90.0000000      -83.4789200       2.87914276E-03
   93.7500000      -83.4789200       1.26447678E-02
   97.5000000      -83.4789200       1.77717209E-02
   101.250000      -83.4789200       2.36310959E-02
   105.000000      -83.4789200       4.83226776E-03
   108.750000      -83.4789200      -3.15446854E-02
   112.500000      -83.4789200      -4.91228104E-02
   116.250000      -83.4789200      -5.52263260E-02
   120.000000      -83.4789200      -4.00896072E-02
   123.750000      -83.4789200      -3.17888260E-02
   127.500000      -83.4789200       9.22679901E-03
   131.250000      -83.4789200       2.80256271E-02
   135.000000      -83.4789200       1.85041428E-02
   138.750000      -83.4789200       1.80158615E-02
   142.500000      -83.4789200       2.07014084E-02
   146.250000      -83.4789200       2.80256271E-02
   150.000000      -83.4789200       4.09984589E-03
   153.750000      -83.4789200       7.76195526E-03
   157.500000      -83.4789200     -0.124318123    
   161.250000      -83.4789200       6.78205490E-02
   165.000000      -83.4789200     -0.117482185    
   168.750000      -83.4789200     -0.111378670    
   172.500000      -83.4789200       4.34398651E-03
   176.250000      -83.4789200      -5.17749786E-03
   180.000000      -83.4789200      -1.93376541E-02
   183.750000      -83.4789200       8.49437714E-03
   187.500000      -83.4789200       6.05297089E-03
   191.250000      -83.4789200      -1.61638260E-02
   195.000000      -83.4789200      -3.61833572E-02
   198.750000      -83.4789200      -4.08220291E-02
   202.500000      -83.4789200      -2.93474197E-02
   206.250000      -83.4789200      -2.22673416E-02
   210.000000      -83.4789200      -2.12907791E-02
   213.750000      -83.4789200      -2.49195099E-03
   217.500000      -83.4789200      -2.00700760E-02
   221.250000      -83.4789200      -1.49431229E-02
   225.000000      -83.4789200       1.90258026E-03
   228.750000      -83.4789200      -1.46989822E-02
   232.500000      -83.4789200      -2.10466385E-02
   236.250000      -83.4789200      -3.05681229E-02
   240.000000      -83.4789200      -2.78825760E-02
   243.750000      -83.4789200      -7.37476349E-03
   247.500000      -83.4789200      -3.22437286E-03
   251.250000      -83.4789200       1.21564865E-02
   255.000000      -83.4789200       3.16877365E-02
   258.750000      -83.4789200       4.95100021E-02
   262.500000      -83.4789200       9.10139084E-02
   266.250000      -83.4789200      0.136424065    
   270.000000      -83.4789200      0.109812737    
   273.750000      -83.4789200      0.131541252    
   277.500000      -83.4789200      0.154490471    
   281.250000      -83.4789200      0.131785393    
   285.000000      -83.4789200       7.17267990E-02
   288.750000      -83.4789200       6.44025803E-02
   292.500000      -83.4789200       7.49006271E-02
   296.250000      -83.4789200       6.90412521E-02
   300.000000      -83.4789200       4.09650803E-02
   303.750000      -83.4789200       5.63459396E-02
   307.500000      -83.4789200       4.02326584E-02
   311.250000      -83.4789200      -1.54314041E-02
   315.000000      -83.4789200      -1.27458572E-02
   318.750000      -83.4789200      -1.64079666E-02
   322.500000      -83.4789200      -5.44939041E-02
   326.250000      -83.4789200      -7.08513260E-02
   330.000000      -83.4789200      -7.69548416E-02
   333.750000      -83.4789200      -6.67009354E-02
   337.500000      -83.4789200      -6.52360916E-02
   341.250000      -83.4789200      -7.28044510E-02
   345.000000      -83.4789200      -5.40056229E-02
   348.750000      -83.4789200      -4.76579666E-02
   352.500000      -83.4789200      -3.71599197E-02
   356.250000      -83.4789200      -3.91130447E-02
   360.000000      -83.4789200      -3.74040604E-02
   0.00000000      -79.7770462      -1.49431229E-02
   3.75000000      -79.7770462      -2.24781036E-03
   7.50000000      -79.7770462       1.36213303E-02
   11.2500000      -79.7770462       1.85041428E-02
   15.0000000      -79.7770462       2.58283615E-02
   18.7500000      -79.7770462       3.85236740E-02
   22.5000000      -79.7770462       4.73127365E-02
   26.2500000      -79.7770462       6.39142990E-02
   30.0000000      -79.7770462       6.24494553E-02
   33.7500000      -79.7770462       2.38752365E-02
   37.5000000      -79.7770462       4.68244553E-02
   41.2500000      -79.7770462       5.53693771E-02
   45.0000000      -79.7770462       5.24396896E-02
   48.7500000      -79.7770462       4.82892990E-02
   52.5000000      -79.7770462       4.87775803E-02
   56.2500000      -79.7770462       5.12189865E-02
   60.0000000      -79.7770462       4.68244553E-02
   63.7500000      -79.7770462       3.90119553E-02
   67.5000000      -79.7770462       3.68146896E-02
   71.2500000      -79.7770462       3.99885178E-02
   75.0000000      -79.7770462       2.33869553E-02
   78.7500000      -79.7770462       2.72932053E-02
   82.5000000      -79.7770462       3.99885178E-02
   86.2500000      -79.7770462       3.92560959E-02
   90.0000000      -79.7770462       5.04865646E-02
   93.7500000      -79.7770462       5.24396896E-02
   97.5000000      -79.7770462       3.68146896E-02
   101.250000      -79.7770462       2.26545334E-02
   105.000000      -79.7770462       1.82600021E-02
   108.750000      -79.7770462       1.41429901E-03
   112.500000      -79.7770462      -2.27556229E-02
   116.250000      -79.7770462      -3.66716385E-02
   120.000000      -79.7770462      -3.00798416E-02
   123.750000      -79.7770462      -1.00603104E-02
   127.500000      -79.7770462       1.43537521E-02
   131.250000      -79.7770462       2.33869553E-02
   135.000000      -79.7770462       8.00609589E-03
   138.750000      -79.7770462       5.07640839E-03
   142.500000      -79.7770462       2.82697678E-02
   146.250000      -79.7770462       4.21857834E-02
   150.000000      -79.7770462       5.34162521E-02
   153.750000      -79.7770462       8.71076584E-02
   157.500000      -79.7770462       9.32111740E-02
   161.250000      -79.7770462      -8.81853104E-02
   165.000000      -79.7770462     -0.152638435    
   168.750000      -79.7770462     -0.143116951    
   172.500000      -79.7770462      -9.35564041E-02
   176.250000      -79.7770462      -7.10954666E-02
   180.000000      -79.7770462      -6.45036697E-02
   183.750000      -79.7770462      -4.13103104E-02
   187.500000      -79.7770462      -3.64274979E-02
   191.250000      -79.7770462      -2.10466385E-02
   195.000000      -79.7770462      -3.10564041E-02
   198.750000      -79.7770462      -3.03239822E-02
   202.500000      -79.7770462      -1.51538849E-03
   206.250000      -79.7770462       1.53303146E-02
   210.000000      -79.7770462       3.61156464E-03
   213.750000      -79.7770462       1.97248459E-02
   217.500000      -79.7770462      -3.71265411E-03
   221.250000      -79.7770462      -3.78923416E-02
   225.000000      -79.7770462      -5.22966385E-02
   228.750000      -79.7770462      -2.15349197E-02
   232.500000      -79.7770462      -1.95817947E-02
   236.250000      -79.7770462      -2.98357010E-02
   240.000000      -79.7770462      -5.57146072E-02
   243.750000      -79.7770462      -3.22771072E-02
   247.500000      -79.7770462      -1.78728104E-02
   251.250000      -79.7770462       6.07404709E-02
   255.000000      -79.7770462      0.139842033    
   258.750000      -79.7770462      0.194285393    
   262.500000      -79.7770462      0.165476799    
   266.250000      -79.7770462       4.51154709E-02
   270.000000      -79.7770462      0.191843987    
   273.750000      -79.7770462      0.116160393    
   277.500000      -79.7770462     -0.165577888    
   281.250000      -79.7770462      0.458445549    
   285.000000      -79.7770462      0.274363518    
   288.750000      -79.7770462      0.201853752    
   292.500000      -79.7770462      0.165476799    
   296.250000      -79.7770462       8.19807053E-02
   300.000000      -79.7770462       3.82795334E-02
   303.750000      -79.7770462      -8.35132599E-03
   307.500000      -79.7770462      -1.32341385E-02
   311.250000      -79.7770462      -2.71501541E-02
   315.000000      -79.7770462      -2.81267166E-02
   318.750000      -79.7770462      -4.74138260E-02
   322.500000      -79.7770462      -6.47478104E-02
   326.250000      -79.7770462      -5.08317947E-02
   330.000000      -79.7770462      -3.37419510E-02
   333.750000      -79.7770462      -3.86247635E-02
   337.500000      -79.7770462      -2.27556229E-02
   341.250000      -79.7770462       1.48420334E-02
   345.000000      -79.7770462       1.63068771E-02
   348.750000      -79.7770462       3.70588303E-02
   352.500000      -79.7770462       2.04572678E-02
   356.250000      -79.7770462      -8.35132599E-03
   360.000000      -79.7770462      -1.49431229E-02
   0.00000000      -76.0702438      -2.00366974E-03
   3.75000000      -76.0702438       6.81877136E-04
   7.50000000      -76.0702438      -5.66577911E-03
   11.2500000      -76.0702438      -9.08374786E-03
   15.0000000      -76.0702438      -2.88591385E-02
   18.7500000      -76.0702438      -2.86149979E-02
   22.5000000      -76.0702438      -2.81267166E-02
   26.2500000      -76.0702438      -2.15349197E-02
   30.0000000      -76.0702438       1.77717209E-02
   33.7500000      -76.0702438       8.73851776E-03
   37.5000000      -76.0702438       4.34398651E-03
   41.2500000      -76.0702438       1.65510178E-02
   45.0000000      -76.0702438       2.48517990E-02
   48.7500000      -76.0702438       3.92560959E-02
   52.5000000      -76.0702438       3.90119553E-02
   56.2500000      -76.0702438       3.60822678E-02
   60.0000000      -76.0702438       8.44221115E-02
   63.7500000      -76.0702438      0.146677971    
   67.5000000      -76.0702438       9.61408615E-02
   71.2500000      -76.0702438       3.09553146E-02
   75.0000000      -76.0702438      -3.44743729E-02
   78.7500000      -76.0702438      -5.98649979E-02
   82.5000000      -76.0702438      -3.61833572E-02
   86.2500000      -76.0702438      -2.03142166E-02
   90.0000000      -76.0702438      -2.64177322E-02
   93.7500000      -76.0702438      -1.12810135E-02
   97.5000000      -76.0702438       1.90258026E-03
   101.250000      -76.0702438       6.54125214E-03
   105.000000      -76.0702438       2.92463303E-02
   108.750000      -76.0702438       3.77912521E-02
   112.500000      -76.0702438       2.14338303E-02
   116.250000      -76.0702438       8.49437714E-03
   120.000000      -76.0702438       1.17015839E-03
   123.750000      -76.0702438      -2.49195099E-03
   127.500000      -76.0702438       1.50861740E-02
   131.250000      -76.0702438       2.19221115E-02
   135.000000      -76.0702438       2.46076584E-02
   138.750000      -76.0702438       2.48517990E-02
   142.500000      -76.0702438       7.51781464E-03
   146.250000      -76.0702438       2.07014084E-02
   150.000000      -76.0702438       5.34162521E-02
   153.750000      -76.0702438       6.24494553E-02
   157.500000      -76.0702438      0.143504143    
   161.250000      -76.0702438      -3.59392166E-02
   165.000000      -76.0702438      -4.20427322E-02
   168.750000      -76.0702438      -5.03435135E-02
   172.500000      -76.0702438      -1.59196854E-02
   176.250000      -76.0702438      -6.67009354E-02
   180.000000      -76.0702438      -6.47478104E-02
   183.750000      -76.0702438      -5.10759354E-02
   187.500000      -76.0702438      -4.76579666E-02
   191.250000      -76.0702438     -0.117482185    
   195.000000      -76.0702438     -0.185353279    
   198.750000      -76.0702438     -0.145558357    
   202.500000      -76.0702438     -0.131154060    
   206.250000      -76.0702438      -7.81755447E-02
   210.000000      -76.0702438      -2.08024979E-02
   213.750000      -76.0702438      -6.15406036E-03
   217.500000      -76.0702438      -3.03239822E-02
   221.250000      -76.0702438       2.39086151E-03
   225.000000      -76.0702438       9.49201584E-02
   228.750000      -76.0702438      0.145457268    
   232.500000      -76.0702438      -7.42692947E-02
   236.250000      -76.0702438       8.36896896E-02
   240.000000      -76.0702438     -0.183644295    
   243.750000      -76.0702438     -0.366993904    
   247.500000      -76.0702438      -5.49821854E-02
   251.250000      -76.0702438      -9.33122635E-02
   255.000000      -76.0702438      -7.50017166E-02
   258.750000      -76.0702438      -2.76384354E-02
   262.500000      -76.0702438      -5.10759354E-02
   266.250000      -76.0702438      -3.27653885E-02
   270.000000      -76.0702438      -3.30095291E-02
   273.750000      -76.0702438      -4.42399979E-02
   277.500000      -76.0702438      -3.93571854E-02
   281.250000      -76.0702438       4.68244553E-02
   285.000000      -76.0702438      -1.27458572E-02
   288.750000      -76.0702438      -1.00603104E-02
   292.500000      -76.0702438       5.36603928E-02
   296.250000      -76.0702438       6.31818771E-02
   300.000000      -76.0702438      0.104441643    
   303.750000      -76.0702438      0.114207268    
   307.500000      -76.0702438       4.31623459E-02
   311.250000      -76.0702438      -8.54997635E-02
   315.000000      -76.0702438     -0.127247810    
   318.750000      -76.0702438      -9.47771072E-02
   322.500000      -76.0702438      -7.61890411E-03
   326.250000      -76.0702438       4.14533615E-02
   330.000000      -76.0702438       3.12328339E-03
   333.750000      -76.0702438      -2.64177322E-02
   337.500000      -76.0702438      -1.03044510E-02
   341.250000      -76.0702438      -1.64079666E-02
   345.000000      -76.0702438      -2.98357010E-02
   348.750000      -76.0702438       1.16682053E-02
   352.500000      -76.0702438       2.97346115E-02
   356.250000      -76.0702438       7.63654709E-02
   360.000000      -76.0702438      -2.00366974E-03
   0.00000000      -72.3615875     -0.129445076    
   3.75000000      -72.3615875     -0.119923592    
   7.50000000      -72.3615875      -3.64274979E-02
   11.2500000      -72.3615875       6.54125214E-03
   15.0000000      -72.3615875      -2.32439041E-02
   18.7500000      -72.3615875      -2.12907791E-02
   22.5000000      -72.3615875       6.54125214E-03
   26.2500000      -72.3615875      -6.01091385E-02
   30.0000000      -72.3615875      -7.06071854E-02
   33.7500000      -72.3615875      -6.40153885E-02
   37.5000000      -72.3615875      -8.35466385E-02
   41.2500000      -72.3615875      -5.74235916E-02
   45.0000000      -72.3615875      -2.56853104E-02
   48.7500000      -72.3615875      -2.00366974E-03
   52.5000000      -72.3615875       6.90412521E-02
   56.2500000      -72.3615875      0.117625237    
   60.0000000      -72.3615875       9.05256271E-02
   63.7500000      -72.3615875       2.38752365E-02
   67.5000000      -72.3615875      -4.42399979E-02
   71.2500000      -72.3615875      -2.91032791E-02
   75.0000000      -72.3615875      -6.74333572E-02
   78.7500000      -72.3615875      -3.10564041E-02
   82.5000000      -72.3615875     -0.108448982    
   86.2500000      -72.3615875      -1.83610916E-02
   90.0000000      -72.3615875       4.56037521E-02
   93.7500000      -72.3615875       9.32111740E-02
   97.5000000      -72.3615875      0.154002190    
   101.250000      -72.3615875      0.141795158    
   105.000000      -72.3615875      0.120310783    
   108.750000      -72.3615875      0.156931877    
   112.500000      -72.3615875      0.146189690    
   116.250000      -72.3615875       9.83381271E-02
   120.000000      -72.3615875       9.61408615E-02
   123.750000      -72.3615875      0.116404533    
   127.500000      -72.3615875       5.34162521E-02
   131.250000      -72.3615875       6.14728928E-02
   135.000000      -72.3615875       8.07600021E-02
   138.750000      -72.3615875       5.61017990E-02
   142.500000      -72.3615875       5.36603928E-02
   146.250000      -72.3615875       5.41486740E-02
   150.000000      -72.3615875       5.19514084E-02
   153.750000      -72.3615875       5.65900803E-02
   157.500000      -72.3615875       8.49103928E-02
   161.250000      -72.3615875       6.34260178E-02
   165.000000      -72.3615875      0.159617424    
   168.750000      -72.3615875       2.65607834E-02
   172.500000      -72.3615875      0.103465080    
   176.250000      -72.3615875       8.83283615E-02
   180.000000      -72.3615875      0.114939690    
   183.750000      -72.3615875      0.131785393    
   187.500000      -72.3615875       8.83283615E-02
   191.250000      -72.3615875       5.85432053E-02
   195.000000      -72.3615875       1.33771896E-02
   198.750000      -72.3615875      -1.29899979E-02
   202.500000      -72.3615875       4.92658615E-02
   206.250000      -72.3615875       9.51642990E-02
   210.000000      -72.3615875       3.85236740E-02
   213.750000      -72.3615875       7.68537521E-02
   217.500000      -72.3615875      0.132273674    
   221.250000      -72.3615875       3.02228928E-02
   225.000000      -72.3615875      -2.22673416E-02
   228.750000      -72.3615875      -1.49431229E-02
   232.500000      -72.3615875       5.43928146E-02
   236.250000      -72.3615875       5.73225021E-02
   240.000000      -72.3615875      -2.03142166E-02
   243.750000      -72.3615875      -6.74333572E-02
   247.500000      -72.3615875     -0.110646248    
   251.250000      -72.3615875     -0.141652107    
   255.000000      -72.3615875      -5.86442947E-02
   258.750000      -72.3615875       8.14924240E-02
   262.500000      -72.3615875      -3.47185135E-02
   266.250000      -72.3615875      -9.11149979E-02
   270.000000      -72.3615875      -7.42692947E-02
   273.750000      -72.3615875      -4.35075760E-02
   277.500000      -72.3615875      -8.40349197E-02
   281.250000      -72.3615875      -6.59685135E-02
   285.000000      -72.3615875      -4.05778885E-02
   288.750000      -72.3615875      -5.38825989E-04
   292.500000      -72.3615875      0.175974846    
   296.250000      -72.3615875      -2.94685364E-04
   300.000000      -72.3615875       2.21662521E-02
   303.750000      -72.3615875      -4.44507599E-03
   307.500000      -72.3615875      -2.12907791E-02
   311.250000      -72.3615875      -7.64665604E-02
   315.000000      -72.3615875      -1.68962479E-02
   318.750000      -72.3615875       1.63068771E-02
   322.500000      -72.3615875       6.26935959E-02
   326.250000      -72.3615875       6.92853928E-02
   330.000000      -72.3615875       5.09748459E-02
   333.750000      -72.3615875       5.39045334E-02
   337.500000      -72.3615875      -8.96501541E-02
   341.250000      -72.3615875     -0.125538826    
   345.000000      -72.3615875      -5.90991974E-03
   348.750000      -72.3615875      0.174510002    
   352.500000      -72.3615875       4.78010178E-02
   356.250000      -72.3615875       8.90607834E-02
   360.000000      -72.3615875     -0.129445076    
   0.00000000      -68.6520157       1.72834396E-02
   3.75000000      -68.6520157      -6.64234161E-03
   7.50000000      -68.6520157       5.80883026E-03
   11.2500000      -68.6520157       3.61156464E-03
   15.0000000      -68.6520157      -9.94157791E-02
   18.7500000      -68.6520157     -0.151661873    
   22.5000000      -68.6520157     -0.224659920    
   26.2500000      -68.6520157      -9.38005447E-02
   30.0000000      -68.6520157      -6.74333572E-02
   33.7500000      -68.6520157      -8.54997635E-02
   37.5000000      -68.6520157       7.78303146E-02
   41.2500000      -68.6520157      0.170115471    
   45.0000000      -68.6520157      -7.93962479E-02
   48.7500000      -68.6520157      -7.08513260E-02
   52.5000000      -68.6520157      -2.61735916E-02
   56.2500000      -68.6520157      -3.74040604E-02
   60.0000000      -68.6520157      -6.05974197E-02
   63.7500000      -68.6520157      -4.05778885E-02
   67.5000000      -68.6520157      -5.35173416E-02
   71.2500000      -68.6520157      -1.78728104E-02
   75.0000000      -68.6520157       6.68439865E-02
   78.7500000      -68.6520157       3.31525803E-02
   82.5000000      -68.6520157      0.107127190    
   86.2500000      -68.6520157       9.12580490E-02
   90.0000000      -68.6520157      -3.08122635E-02
   93.7500000      -68.6520157      -6.49919510E-02
   97.5000000      -68.6520157     -0.114796638    
   101.250000      -68.6520157      -8.18376541E-02
   105.000000      -68.6520157       4.43830490E-02
   108.750000      -68.6520157      0.211619377    
   112.500000      -68.6520157      0.134715080    
   116.250000      -68.6520157      0.173045158    
   120.000000      -68.6520157      0.112498283    
   123.750000      -68.6520157      0.100047112    
   127.500000      -68.6520157      0.125193596    
   131.250000      -68.6520157      0.116892815    
   135.000000      -68.6520157       1.02033615E-02
   138.750000      -68.6520157      0.132761955    
   142.500000      -68.6520157       9.63850021E-02
   146.250000      -68.6520157       2.58283615E-02
   150.000000      -68.6520157       4.63361740E-02
   153.750000      -68.6520157      -1.83610916E-02
   157.500000      -68.6520157      -6.30388260E-02
   161.250000      -68.6520157     -0.102345467    
   165.000000      -68.6520157      -5.59587479E-02
   168.750000      -68.6520157       2.65607834E-02
   172.500000      -68.6520157       8.02717209E-02
   176.250000      -68.6520157      0.120310783    
   180.000000      -68.6520157       5.31721115E-02
   183.750000      -68.6520157      -7.25603104E-02
   187.500000      -68.6520157       1.19123459E-02
   191.250000      -68.6520157      -1.32341385E-02
   195.000000      -68.6520157      -2.49528885E-02
   198.750000      -68.6520157      -5.17749786E-03
   202.500000      -68.6520157      -8.94060135E-02
   206.250000      -68.6520157      -1.07927322E-02
   210.000000      -68.6520157      -2.05583572E-02
   213.750000      -68.6520157       4.07209396E-02
   217.500000      -68.6520157       3.41291428E-02
   221.250000      -68.6520157       8.07600021E-02
   225.000000      -68.6520157      -2.61735916E-02
   228.750000      -68.6520157      -5.62028885E-02
   232.500000      -68.6520157       3.31525803E-02
   236.250000      -68.6520157       5.48810959E-02
   240.000000      -68.6520157       5.75666428E-02
   243.750000      -68.6520157      0.126902580    
   247.500000      -68.6520157       5.07307053E-02
   251.250000      -68.6520157      -4.59489822E-02
   255.000000      -68.6520157      -1.37224197E-02
   258.750000      -68.6520157      -7.98845291E-02
   262.500000      -68.6520157      -8.18376541E-02
   266.250000      -68.6520157     -0.122364998    
   270.000000      -68.6520157     -0.146290779    
   273.750000      -68.6520157      -9.01384354E-02
   277.500000      -68.6520157      -6.01091385E-02
   281.250000      -68.6520157      -9.57202911E-03
   285.000000      -68.6520157       9.15021896E-02
   288.750000      -68.6520157      0.164988518    
   292.500000      -68.6520157      0.113718987    
   296.250000      -68.6520157      0.101756096    
   300.000000      -68.6520157       3.55939865E-02
   303.750000      -68.6520157       7.80744553E-02
   307.500000      -68.6520157       5.58576584E-02
   311.250000      -68.6520157      -1.39665604E-02
   315.000000      -68.6520157      -1.12810135E-02
   318.750000      -68.6520157       7.44123459E-02
   322.500000      -68.6520157       4.31623459E-02
   326.250000      -68.6520157      -8.59546661E-03
   330.000000      -68.6520157     -0.147267342    
   333.750000      -68.6520157      -5.91325760E-02
   337.500000      -68.6520157      -7.54899979E-02
   341.250000      -68.6520157      -8.35466385E-02
   345.000000      -68.6520157      -5.81560135E-02
   348.750000      -68.6520157      -8.01286697E-02
   352.500000      -68.6520157      -2.78825760E-02
   356.250000      -68.6520157       2.65607834E-02
   360.000000      -68.6520157       1.72834396E-02
   0.00000000      -64.9419479      0.164256096    
   3.75000000      -64.9419479      0.113474846    
   7.50000000      -64.9419479      -2.08024979E-02
   11.2500000      -64.9419479      -9.08374786E-03
   15.0000000      -64.9419479      -3.47185135E-02
   18.7500000      -64.9419479      -8.15935135E-02
   22.5000000      -64.9419479       1.50861740E-02
   26.2500000      -64.9419479     -0.117482185    
   30.0000000      -64.9419479     -0.105519295    
   33.7500000      -64.9419479      -2.27556229E-02
   37.5000000      -64.9419479      -1.12810135E-02
   41.2500000      -64.9419479       5.80883026E-03
   45.0000000      -64.9419479       2.43635178E-02
   48.7500000      -64.9419479       9.47093964E-03
   52.5000000      -64.9419479      -6.62126541E-02
   56.2500000      -64.9419479      -2.10466385E-02
   60.0000000      -64.9419479      -5.76677322E-02
   63.7500000      -64.9419479     -0.199513435    
   67.5000000      -64.9419479      -3.83806229E-02
   71.2500000      -64.9419479       3.46174240E-02
   75.0000000      -64.9419479      -3.47185135E-02
   78.7500000      -64.9419479      0.131541252    
   82.5000000      -64.9419479      -3.46851349E-03
   86.2500000      -64.9419479      0.258738518    
   90.0000000      -64.9419479     -0.155079842    
   93.7500000      -64.9419479     -0.353810310    
   97.5000000      -64.9419479     -0.347218513    
   101.250000      -64.9419479     -0.267872810    
   105.000000      -64.9419479     -0.247609138    
   108.750000      -64.9419479      -6.67009354E-02
   112.500000      -64.9419479       1.16682053E-02
   116.250000      -64.9419479      0.154978752    
   120.000000      -64.9419479      0.266306877    
   123.750000      -64.9419479       3.51057053E-02
   127.500000      -64.9419479      -7.69548416E-02
   131.250000      -64.9419479       5.70783615E-02
   135.000000      -64.9419479      0.182322502    
   138.750000      -64.9419479      0.195261955    
   142.500000      -64.9419479       4.34064865E-02
   146.250000      -64.9419479      -2.24781036E-03
   150.000000      -64.9419479      -3.34978104E-02
   153.750000      -64.9419479      -2.00366974E-03
   157.500000      -64.9419479       3.19318771E-02
   161.250000      -64.9419479      -9.45329666E-02
   165.000000      -64.9419479     -0.128468513    
   168.750000      -64.9419479      -8.15935135E-02
   172.500000      -64.9419479     -0.122120857    
   176.250000      -64.9419479     -0.146534920    
   180.000000      -64.9419479       2.02131271E-02
   183.750000      -64.9419479      0.250926018    
   187.500000      -64.9419479      0.154002190    
   191.250000      -64.9419479       8.73851776E-03
   195.000000      -64.9419479      -3.71265411E-03
   198.750000      -64.9419479       6.78539276E-03
   202.500000      -64.9419479      0.223338127    
   206.250000      -64.9419479     -0.125050545    
   210.000000      -64.9419479     -0.210988045    
   213.750000      -64.9419479     -0.270314217    
   217.500000      -64.9419479     -0.112843513    
   221.250000      -64.9419479       7.63654709E-02
   225.000000      -64.9419479      -4.20093536E-03
   228.750000      -64.9419479       1.26447678E-02
   232.500000      -64.9419479      0.141306877    
   236.250000      -64.9419479       7.56330490E-02
   240.000000      -64.9419479       9.73615646E-02
   243.750000      -64.9419479       2.28986740E-02
   247.500000      -64.9419479      -2.98023224E-03
   251.250000      -64.9419479      -4.37517166E-02
   255.000000      -64.9419479     -0.278614998    
   258.750000      -64.9419479     -0.404591560    
   262.500000      -64.9419479      -9.86833572E-02
   266.250000      -64.9419479     -0.211720467    
   270.000000      -64.9419479      -8.20817947E-02
   273.750000      -64.9419479      -4.88786697E-02
   277.500000      -64.9419479      -3.96013260E-02
   281.250000      -64.9419479      0.169138908    
   285.000000      -64.9419479      0.217967033    
   288.750000      -64.9419479      0.241404533    
   292.500000      -64.9419479      0.143260002    
   296.250000      -64.9419479      0.129099846    
   300.000000      -64.9419479       8.75959396E-02
   303.750000      -64.9419479      -2.29997635E-02
   307.500000      -64.9419479      -2.34880447E-02
   311.250000      -64.9419479      -3.98454666E-02
   315.000000      -64.9419479      -2.12907791E-02
   318.750000      -64.9419479       5.02424240E-02
   322.500000      -64.9419479       4.21857834E-02
   326.250000      -64.9419479       7.02953339E-03
   330.000000      -64.9419479       7.00178146E-02
   333.750000      -64.9419479      0.173289299    
   337.500000      -64.9419479       6.34260178E-02
   341.250000      -64.9419479      0.181834221    
   345.000000      -64.9419479      0.347361565    
   348.750000      -64.9419479      0.381297112    
   352.500000      -64.9419479      0.226756096    
   356.250000      -64.9419479      0.197703362    
   360.000000      -64.9419479      0.164256096    
   0.00000000      -61.2315712      -7.15837479E-02
   3.75000000      -61.2315712     -0.107960701    
   7.50000000      -61.2315712     -0.137989998    
   11.2500000      -61.2315712     -0.270070076    
   15.0000000      -61.2315712      -1.81169510E-02
   18.7500000      -61.2315712      -9.94157791E-02
   22.5000000      -61.2315712       6.68439865E-02
   26.2500000      -61.2315712      -2.00366974E-03
   30.0000000      -61.2315712       3.70588303E-02
   33.7500000      -61.2315712       1.48420334E-02
   37.5000000      -61.2315712       2.21662521E-02
   41.2500000      -61.2315712       5.90314865E-02
   45.0000000      -61.2315712       6.19611740E-02
   48.7500000      -61.2315712      0.188914299    
   52.5000000      -61.2315712      0.232371330    
   56.2500000      -61.2315712      0.165232658    
   60.0000000      -61.2315712       7.85627365E-02
   63.7500000      -61.2315712      -6.47478104E-02
   67.5000000      -61.2315712     -0.154347420    
   71.2500000      -61.2315712      -4.91228104E-02
   75.0000000      -61.2315712       3.21760178E-02
   78.7500000      -61.2315712      -4.57048416E-02
   82.5000000      -61.2315712      -8.35466385E-02
   86.2500000      -61.2315712     -0.135548592    
   90.0000000      -61.2315712      -8.67204666E-02
   93.7500000      -61.2315712      -2.39763260E-02
   97.5000000      -61.2315712     -0.167286873    
   101.250000      -61.2315712     -0.189259529    
   105.000000      -61.2315712     -0.232472420    
   108.750000      -61.2315712       9.26017761E-04
   112.500000      -61.2315712       8.58869553E-02
   116.250000      -61.2315712       9.12580490E-02
   120.000000      -61.2315712      0.111765862    
   123.750000      -61.2315712       4.87775803E-02
   127.500000      -61.2315712      0.100535393    
   131.250000      -61.2315712      -2.86149979E-02
   135.000000      -61.2315712       9.34553146E-02
   138.750000      -61.2315712      0.242381096    
   142.500000      -61.2315712       9.61408615E-02
   146.250000      -61.2315712     -0.116993904    
   150.000000      -61.2315712      -9.57202911E-03
   153.750000      -61.2315712      -1.25017166E-02
   157.500000      -61.2315712      -1.15251541E-02
   161.250000      -61.2315712      -1.98259354E-02
   165.000000      -61.2315712      -8.59880447E-02
   168.750000      -61.2315712      -8.79411697E-02
   172.500000      -61.2315712       6.41584396E-02
   176.250000      -61.2315712      -9.30681229E-02
   180.000000      -61.2315712       6.05297089E-03
   183.750000      -61.2315712      0.106638908    
   187.500000      -61.2315712      0.202830315    
   191.250000      -61.2315712      0.146677971    
   195.000000      -61.2315712     -0.100148201    
   198.750000      -61.2315712      0.359568596    
   202.500000      -61.2315712      0.234812737    
   206.250000      -61.2315712       1.36213303E-02
   210.000000      -61.2315712     -0.223927498    
   213.750000      -61.2315712      -8.54997635E-02
   217.500000      -61.2315712      -7.08513260E-02
   221.250000      -61.2315712      -5.17749786E-03
   225.000000      -61.2315712       9.46760178E-02
   228.750000      -61.2315712       2.72932053E-02
   232.500000      -61.2315712      0.156199455    
   236.250000      -61.2315712       9.88264084E-02
   240.000000      -61.2315712       7.51447678E-02
   243.750000      -61.2315712       3.24201584E-02
   247.500000      -61.2315712       3.04670334E-02
   251.250000      -61.2315712       3.43732834E-02
   255.000000      -61.2315712       5.73225021E-02
   258.750000      -61.2315712      -1.12810135E-02
   262.500000      -61.2315712       8.10041428E-02
   266.250000      -61.2315712      -8.84294510E-02
   270.000000      -61.2315712     -0.298146248    
   273.750000      -61.2315712     -0.279347420    
   277.500000      -61.2315712      -7.74431229E-02
   281.250000      -61.2315712       3.07111740E-02
   285.000000      -61.2315712       8.73851776E-03
   288.750000      -61.2315712       7.27033615E-02
   292.500000      -61.2315712      0.114939690    
   296.250000      -61.2315712       1.33771896E-02
   300.000000      -61.2315712      -9.03825760E-02
   303.750000      -61.2315712       5.53693771E-02
   307.500000      -61.2315712     -0.217091560    
   311.250000      -61.2315712     -0.602833748    
   315.000000      -61.2315712      0.153269768    
   318.750000      -61.2315712      0.154246330    
   322.500000      -61.2315712      0.119090080    
   326.250000      -61.2315712      0.209422112    
   330.000000      -61.2315712      0.133982658    
   333.750000      -61.2315712       6.83088303E-02
   337.500000      -61.2315712      -8.84294510E-02
   341.250000      -61.2315712      -8.59880447E-02
   345.000000      -61.2315712     -0.112843513    
   348.750000      -61.2315712     -0.349904060    
   352.500000      -61.2315712      0.120554924    
   356.250000      -61.2315712     -0.120167732    
   360.000000      -61.2315712      -7.15837479E-02
   0.00000000      -57.5209885      -8.25700760E-02
   3.75000000      -57.5209885     -0.185109138    
   7.50000000      -57.5209885     -0.249806404    
   11.2500000      -57.5209885     -0.109181404    
   15.0000000      -57.5209885      -8.52556229E-02
   18.7500000      -57.5209885      0.117625237    
   22.5000000      -57.5209885      0.170115471    
   26.2500000      -57.5209885      0.312693596    
   30.0000000      -57.5209885      0.132517815    
   33.7500000      -57.5209885      0.114451408    
   37.5000000      -57.5209885      0.146433830    
   41.2500000      -57.5209885       9.73615646E-02
   45.0000000      -57.5209885      0.191111565    
   48.7500000      -57.5209885      0.159861565    
   52.5000000      -57.5209885      0.356883049    
   56.2500000      -57.5209885      0.292918205    
   60.0000000      -57.5209885      0.173045158    
   63.7500000      -57.5209885       7.27367401E-03
   67.5000000      -57.5209885      -7.47575760E-02
   71.2500000      -57.5209885      -9.32788849E-03
   75.0000000      -57.5209885       3.85236740E-02
   78.7500000      -57.5209885       3.36742401E-03
   82.5000000      -57.5209885       6.75764084E-02
   86.2500000      -57.5209885       3.14435959E-02
   90.0000000      -57.5209885      -1.42107010E-02
   93.7500000      -57.5209885       3.68146896E-02
   97.5000000      -57.5209885       4.41389084E-02
   101.250000      -57.5209885      -3.71265411E-03
   105.000000      -57.5209885     -0.229786873    
   108.750000      -57.5209885     -0.108937263    
   112.500000      -57.5209885      -1.07927322E-02
   116.250000      -57.5209885       3.61156464E-03
   120.000000      -57.5209885       2.50959396E-02
   123.750000      -57.5209885       4.56037521E-02
   127.500000      -57.5209885       1.24006271E-02
   131.250000      -57.5209885       5.70783615E-02
   135.000000      -57.5209885       2.14338303E-02
   138.750000      -57.5209885       6.31818771E-02
   142.500000      -57.5209885      -6.64234161E-03
   146.250000      -57.5209885      -7.35368729E-02
   150.000000      -57.5209885       1.77717209E-02
   153.750000      -57.5209885      -3.08122635E-02
   157.500000      -57.5209885      0.104197502    
   161.250000      -57.5209885       6.17170334E-02
   165.000000      -57.5209885      -5.20524979E-02
   168.750000      -57.5209885      -6.45036697E-02
   172.500000      -57.5209885      -1.88493729E-02
   176.250000      -57.5209885       4.73127365E-02
   180.000000      -57.5209885      0.102244377    
   183.750000      -57.5209885      0.112498283    
   187.500000      -57.5209885       5.07640839E-03
   191.250000      -57.5209885      -2.51970291E-02
   195.000000      -57.5209885      -6.18181229E-02
   198.750000      -57.5209885      0.296336174    
   202.500000      -57.5209885       2.87580490E-02
   206.250000      -57.5209885      -1.68962479E-02
   210.000000      -57.5209885       4.70685959E-02
   213.750000      -57.5209885      -7.23161697E-02
   217.500000      -57.5209885      -8.42790604E-02
   221.250000      -57.5209885     -0.153614998    
   225.000000      -57.5209885       3.63264084E-02
   228.750000      -57.5209885       8.61310959E-02
   232.500000      -57.5209885       9.88264084E-02
   236.250000      -57.5209885       6.78205490E-02
   240.000000      -57.5209885     -0.102589607    
   243.750000      -57.5209885       6.54125214E-03
   247.500000      -57.5209885       4.73127365E-02
   251.250000      -57.5209885      -1.56755447E-02
   255.000000      -57.5209885      -5.10759354E-02
   258.750000      -57.5209885       4.21857834E-02
   262.500000      -57.5209885       7.76195526E-03
   266.250000      -57.5209885     -0.187794685    
   270.000000      -57.5209885      -4.76579666E-02
   273.750000      -57.5209885      -7.86304474E-03
   277.500000      -57.5209885     -0.149464607    
   281.250000      -57.5209885       6.68439865E-02
   285.000000      -57.5209885      -2.61735916E-02
   288.750000      -57.5209885      -4.15544510E-02
   292.500000      -57.5209885      0.229685783    
   296.250000      -57.5209885       5.31721115E-02
   300.000000      -57.5209885       8.00609589E-03
   303.750000      -57.5209885     -0.306691170    
   307.500000      -57.5209885       2.41193771E-02
   311.250000      -57.5209885       5.14631271E-02
   315.000000      -57.5209885       6.14728928E-02
   318.750000      -57.5209885      -1.54668140    
   322.500000      -57.5209885      0.323191643    
   326.250000      -57.5209885      0.530711174    
   330.000000      -57.5209885      0.196238518    
   333.750000      -57.5209885      0.341990471    
   337.500000      -57.5209885       5.26838303E-02
   341.250000      -57.5209885     -0.300587654    
   345.000000      -57.5209885     -0.127736092    
   348.750000      -57.5209885     -0.207814217    
   352.500000      -57.5209885      -8.37907791E-02
   356.250000      -57.5209885      -1.64079666E-02
   360.000000      -57.5209885      -8.25700760E-02
   0.00000000      -53.8102722     -0.605275154    
   3.75000000      -53.8102722      -2.00700760E-02
   7.50000000      -53.8102722       5.85432053E-02
   11.2500000      -53.8102722      0.112010002    
   15.0000000      -53.8102722       5.53693771E-02
   18.7500000      -53.8102722      0.110545158    
   22.5000000      -53.8102722      0.167429924    
   26.2500000      -53.8102722      0.129099846    
   30.0000000      -53.8102722      -5.05447388E-05
   33.7500000      -53.8102722       7.07502365E-02
   37.5000000      -53.8102722      -1.03044510E-02
   41.2500000      -53.8102722       7.58771896E-02
   45.0000000      -53.8102722       9.68732834E-02
   48.7500000      -53.8102722       8.00609589E-03
   52.5000000      -53.8102722      0.116648674    
   56.2500000      -53.8102722      0.498972893    
   60.0000000      -53.8102722      0.252390862    
   63.7500000      -53.8102722      0.180613518    
   67.5000000      -53.8102722       7.56330490E-02
   71.2500000      -53.8102722      -1.51872635E-02
   75.0000000      -53.8102722      -4.32634354E-02
   78.7500000      -53.8102722      -7.98845291E-02
   82.5000000      -53.8102722      -8.81853104E-02
   86.2500000      -53.8102722      -2.20232010E-02
   90.0000000      -53.8102722       1.58185959E-02
   93.7500000      -53.8102722       1.02033615E-02
   97.5000000      -53.8102722      -3.78923416E-02
   101.250000      -53.8102722      -9.81950760E-02
   105.000000      -53.8102722     -0.125050545    
   108.750000      -53.8102722      -8.01286697E-02
   112.500000      -53.8102722      -3.39860916E-02
   116.250000      -53.8102722       3.48615646E-02
   120.000000      -53.8102722      -3.78923416E-02
   123.750000      -53.8102722      0.117625237    
   127.500000      -53.8102722      0.138621330    
   131.250000      -53.8102722      0.174754143    
   135.000000      -53.8102722      0.119578362    
   138.750000      -53.8102722       3.33967209E-02
   142.500000      -53.8102722      -4.08220291E-02
   146.250000      -53.8102722      -3.76482010E-02
   150.000000      -53.8102722      -4.98552322E-02
   153.750000      -53.8102722       6.48908615E-02
   157.500000      -53.8102722      0.174021721    
   161.250000      -53.8102722      -5.44939041E-02
   165.000000      -53.8102722       3.16877365E-02
   168.750000      -53.8102722      -5.40056229E-02
   172.500000      -53.8102722       1.31330490E-02
   176.250000      -53.8102722      -3.42302322E-02
   180.000000      -53.8102722      -6.37712479E-02
   183.750000      -53.8102722       5.07640839E-03
   187.500000      -53.8102722      -2.12907791E-02
   191.250000      -53.8102722     -0.110646248    
   195.000000      -53.8102722     -0.329396248    
   198.750000      -53.8102722      -5.32732010E-02
   202.500000      -53.8102722       2.77814865E-02
   206.250000      -53.8102722       6.00080490E-02
   210.000000      -53.8102722       4.02326584E-02
   213.750000      -53.8102722      -6.98747635E-02
   217.500000      -53.8102722      -5.27849197E-02
   221.250000      -53.8102722     -0.103810310    
   225.000000      -53.8102722       3.24201584E-02
   228.750000      -53.8102722      0.100291252    
   232.500000      -53.8102722       9.54084396E-02
   236.250000      -53.8102722      0.192576408    
   240.000000      -53.8102722       8.61310959E-02
   243.750000      -53.8102722       4.19416428E-02
   247.500000      -53.8102722      -7.61890411E-03
   251.250000      -53.8102722     -0.133107185    
   255.000000      -53.8102722      -7.42692947E-02
   258.750000      -53.8102722      -7.45134354E-02
   262.500000      -53.8102722      -7.06071854E-02
   266.250000      -53.8102722       5.19514084E-02
   270.000000      -53.8102722       5.29279709E-02
   273.750000      -53.8102722      -4.10661697E-02
   277.500000      -53.8102722      -8.57439041E-02
   281.250000      -53.8102722     -0.397023201    
   285.000000      -53.8102722       5.70783615E-02
   288.750000      -53.8102722      0.318064690    
   292.500000      -53.8102722     -0.461232185    
   296.250000      -53.8102722     -0.140187263    
   300.000000      -53.8102722       6.19611740E-02
   303.750000      -53.8102722      0.141795158    
   307.500000      -53.8102722       3.92560959E-02
   311.250000      -53.8102722      -1.27124786E-03
   315.000000      -53.8102722     -0.282277107    
   318.750000      -53.8102722     -0.465138435    
   322.500000      -53.8102722      0.299021721    
   326.250000      -53.8102722      -8.54997635E-02
   330.000000      -53.8102722       3.43732834E-02
   333.750000      -53.8102722      0.251902580    
   337.500000      -53.8102722      0.379099846    
   341.250000      -53.8102722      0.383494377    
   345.000000      -53.8102722       5.46369553E-02
   348.750000      -53.8102722       4.46271896E-02
   352.500000      -53.8102722      0.229929924    
   356.250000      -53.8102722     -0.100148201    
   360.000000      -53.8102722     -0.605275154    
   0.00000000      -50.0994530     -0.114796638    
   3.75000000      -50.0994530       4.83226776E-03
   7.50000000      -50.0994530       1.80158615E-02
   11.2500000      -50.0994530      0.283152580    
   15.0000000      -50.0994530      -1.32341385E-02
   18.7500000      -50.0994530      -2.17790604E-02
   22.5000000      -50.0994530      -4.69255447E-02
   26.2500000      -50.0994530     -0.159718513    
   30.0000000      -50.0994530      -1.23613453    
   33.7500000      -50.0994530     -0.460743904    
   37.5000000      -50.0994530     -0.277638435    
   41.2500000      -50.0994530     -0.125294685    
   45.0000000      -50.0994530       6.58674240E-02
   48.7500000      -50.0994530      -9.52653885E-02
   52.5000000      -50.0994530      -2.86149979E-02
   56.2500000      -50.0994530      0.132517815    
   60.0000000      -50.0994530      0.126902580    
   63.7500000      -50.0994530      0.287058830    
   67.5000000      -50.0994530      0.310740471    
   71.2500000      -50.0994530      0.187693596    
   75.0000000      -50.0994530     -0.166310310    
   78.7500000      -50.0994530     -0.415822029    
   82.5000000      -50.0994530     -0.172902107    
   86.2500000      -50.0994530     -0.259816170    
   90.0000000      -50.0994530      -6.13298416E-02
   93.7500000      -50.0994530       7.76195526E-03
   97.5000000      -50.0994530       4.75568771E-02
   101.250000      -50.0994530     -0.341114998    
   105.000000      -50.0994530      -9.72185135E-02
   108.750000      -50.0994530     -0.176808357    
   112.500000      -50.0994530     -0.157277107    
   116.250000      -50.0994530       2.87914276E-03
   120.000000      -50.0994530       4.51154709E-02
   123.750000      -50.0994530      0.195261955    
   127.500000      -50.0994530      0.116648674    
   131.250000      -50.0994530       8.68635178E-02
   135.000000      -50.0994530      0.104197502    
   138.750000      -50.0994530       2.21662521E-02
   142.500000      -50.0994530     -0.210499763    
   146.250000      -50.0994530       1.92365646E-02
   150.000000      -50.0994530      0.115183830    
   153.750000      -50.0994530      0.232615471    
   157.500000      -50.0994530      0.180125237    
   161.250000      -50.0994530     -0.164357185    
   165.000000      -50.0994530      -5.37614822E-02
   168.750000      -50.0994530     -0.128712654    
   172.500000      -50.0994530      -2.78825760E-02
   176.250000      -50.0994530       6.87971115E-02
   180.000000      -50.0994530      0.174754143    
   183.750000      -50.0994530       4.60920334E-02
   187.500000      -50.0994530       1.02033615E-02
   191.250000      -50.0994530      -2.42204666E-02
   195.000000      -50.0994530     -0.153859138    
   198.750000      -50.0994530      -4.91228104E-02
   202.500000      -50.0994530      0.112010002    
   206.250000      -50.0994530      0.132517815    
   210.000000      -50.0994530      0.137156487    
   213.750000      -50.0994530       5.58576584E-02
   217.500000      -50.0994530       9.71508026E-03
   221.250000      -50.0994530      -5.66911697E-02
   225.000000      -50.0994530      -7.37476349E-03
   228.750000      -50.0994530       5.17072678E-02
   232.500000      -50.0994530      -7.10954666E-02
   236.250000      -50.0994530      -4.64372635E-02
   240.000000      -50.0994530       5.07307053E-02
   243.750000      -50.0994530      0.332957268    
   247.500000      -50.0994530      -3.93571854E-02
   251.250000      -50.0994530     -0.113331795    
   255.000000      -50.0994530     -0.186573982    
   258.750000      -50.0994530      -4.52165604E-02
   262.500000      -50.0994530      -4.93335724E-03
   266.250000      -50.0994530      -4.93669510E-02
   270.000000      -50.0994530       2.14672089E-03
   273.750000      -50.0994530      -2.61735916E-02
   277.500000      -50.0994530      -1.25017166E-02
   281.250000      -50.0994530       6.58674240E-02
   285.000000      -50.0994530      0.218211174    
   288.750000      -50.0994530     -0.179493904    
   292.500000      -50.0994530      -2.12907791E-02
   296.250000      -50.0994530      0.167185783    
   300.000000      -50.0994530      0.199412346    
   303.750000      -50.0994530       1.36213303E-02
   307.500000      -50.0994530      -3.78923416E-02
   311.250000      -50.0994530       9.47093964E-03
   315.000000      -50.0994530     -0.264210701    
   318.750000      -50.0994530      -3.59392166E-02
   322.500000      -50.0994530      -1.51538849E-03
   326.250000      -50.0994530      -2.78825760E-02
   330.000000      -50.0994530       3.11994553E-02
   333.750000      -50.0994530      0.128611565    
   337.500000      -50.0994530      -4.15544510E-02
   341.250000      -50.0994530       4.83226776E-03
   345.000000      -50.0994530      -1.15251541E-02
   348.750000      -50.0994530      -4.93335724E-03
   352.500000      -50.0994530       6.63557053E-02
   356.250000      -50.0994530     -0.192189217    
   360.000000      -50.0994530     -0.114796638    
   0.00000000      -46.3885536     -0.101368904    
   3.75000000      -46.3885536      0.120554924    
   7.50000000      -46.3885536      0.154734612    
   11.2500000      -46.3885536      -4.00896072E-02
   15.0000000      -46.3885536      -7.30485916E-02
   18.7500000      -46.3885536      0.124461174    
   22.5000000      -46.3885536     -0.133107185    
   26.2500000      -46.3885536     -0.851124763    
   30.0000000      -46.3885536       5.41486740E-02
   33.7500000      -46.3885536     -0.294728279    
   37.5000000      -46.3885536     -0.470753670    
   41.2500000      -46.3885536      -9.59978104E-02
   45.0000000      -46.3885536     -0.228077888    
   48.7500000      -46.3885536      -2.12907791E-02
   52.5000000      -46.3885536      -5.15642166E-02
   56.2500000      -46.3885536       9.47093964E-03
   60.0000000      -46.3885536      -4.05778885E-02
   63.7500000      -46.3885536      -3.76482010E-02
   67.5000000      -46.3885536      -4.25310135E-02
   71.2500000      -46.3885536     -0.132618904    
   75.0000000      -46.3885536     -0.275929451    
   78.7500000      -46.3885536      -1.37224197E-02
   82.5000000      -46.3885536       1.77717209E-02
   86.2500000      -46.3885536      -2.88591385E-02
   90.0000000      -46.3885536       6.05297089E-03
   93.7500000      -46.3885536       8.27131271E-02
   97.5000000      -46.3885536      -1.00639820    
   101.250000      -46.3885536     -0.680226326    
   105.000000      -46.3885536     -0.124562263    
   108.750000      -46.3885536       4.80451584E-02
   112.500000      -46.3885536     -0.144093513    
   116.250000      -46.3885536     -0.105031013    
   120.000000      -46.3885536      -1.29899979E-02
   123.750000      -46.3885536       6.95295334E-02
   127.500000      -46.3885536       8.24689865E-02
   131.250000      -46.3885536       6.24494553E-02
   135.000000      -46.3885536      -2.05583572E-02
   138.750000      -46.3885536       5.82990646E-02
   142.500000      -46.3885536      -3.71599197E-02
   146.250000      -46.3885536      -5.17749786E-03
   150.000000      -46.3885536      0.161570549    
   153.750000      -46.3885536      -4.42399979E-02
   157.500000      -46.3885536     -0.124073982    
   161.250000      -46.3885536      -1.29899979E-02
   165.000000      -46.3885536       1.33771896E-02
   168.750000      -46.3885536     -0.427052498    
   172.500000      -46.3885536     -0.321827888    
   176.250000      -46.3885536      -2.95915604E-02
   180.000000      -46.3885536      -4.88786697E-02
   183.750000      -46.3885536       1.41429901E-03
   187.500000      -46.3885536     -0.939747810    
   191.250000      -46.3885536      -5.40056229E-02
   195.000000      -46.3885536      -3.83806229E-02
   198.750000      -46.3885536       9.85822678E-02
   202.500000      -46.3885536       8.56428146E-02
   206.250000      -46.3885536       2.21662521E-02
   210.000000      -46.3885536      -8.59880447E-02
   213.750000      -46.3885536       7.97834396E-02
   217.500000      -46.3885536       2.24103928E-02
   221.250000      -46.3885536       1.67951584E-02
   225.000000      -46.3885536       7.46564865E-02
   228.750000      -46.3885536      0.137644768    
   232.500000      -46.3885536      0.112498283    
   236.250000      -46.3885536       5.29279709E-02
   240.000000      -46.3885536       2.65607834E-02
   243.750000      -46.3885536      0.124217033    
   247.500000      -46.3885536      -1.42107010E-02
   251.250000      -46.3885536       1.82600021E-02
   255.000000      -46.3885536     -0.207570076    
   258.750000      -46.3885536      -5.74235916E-02
   262.500000      -46.3885536      0.162058830    
   266.250000      -46.3885536      -5.84001541E-02
   270.000000      -46.3885536       9.71508026E-03
   273.750000      -46.3885536       2.77814865E-02
   277.500000      -46.3885536       4.87775803E-02
   281.250000      -46.3885536       4.19416428E-02
   285.000000      -46.3885536      0.467967033    
   288.750000      -46.3885536     -0.814991951    
   292.500000      -46.3885536      0.314646721    
   296.250000      -46.3885536      -4.64372635E-02
   300.000000      -46.3885536       4.65803146E-02
   303.750000      -46.3885536       1.72834396E-02
   307.500000      -46.3885536     -0.215382576    
   311.250000      -46.3885536     -0.442433357    
   315.000000      -46.3885536      0.112742424    
   318.750000      -46.3885536      -3.30095291E-02
   322.500000      -46.3885536       4.24299240E-02
   326.250000      -46.3885536      0.152781487    
   330.000000      -46.3885536       7.39240646E-02
   333.750000      -46.3885536     -0.125538826    
   337.500000      -46.3885536      -2.61735916E-02
   341.250000      -46.3885536       7.41682053E-02
   345.000000      -46.3885536       5.12189865E-02
   348.750000      -46.3885536      -2.51970291E-02
   352.500000      -46.3885536      -6.27946854E-02
   356.250000      -46.3885536     -0.189747810    
   360.000000      -46.3885536     -0.101368904    
   0.00000000      -42.6776047      0.239207268    
   3.75000000      -42.6776047      0.382029533    
   7.50000000      -42.6776047      0.264597893    
   11.2500000      -42.6776047      -1.03044510E-02
   15.0000000      -42.6776047      -6.18181229E-02
   18.7500000      -42.6776047      0.265574455    
   22.5000000      -42.6776047      0.371775627    
   26.2500000      -42.6776047       3.92560959E-02
   30.0000000      -42.6776047      -8.64763260E-02
   33.7500000      -42.6776047      -4.00896072E-02
   37.5000000      -42.6776047      0.121287346    
   41.2500000      -42.6776047     -0.166310310    
   45.0000000      -42.6776047       5.46369553E-02
   48.7500000      -42.6776047      0.200877190    
   52.5000000      -42.6776047       4.80451584E-02
   56.2500000      -42.6776047      -2.08024979E-02
   60.0000000      -42.6776047      -4.42399979E-02
   63.7500000      -42.6776047      -3.00798416E-02
   67.5000000      -42.6776047      -1.51538849E-03
   71.2500000      -42.6776047       9.78498459E-02
   75.0000000      -42.6776047      0.156687737    
   78.7500000      -42.6776047      0.207224846    
   82.5000000      -42.6776047       2.77814865E-02
   86.2500000      -42.6776047      -5.35173416E-02
   90.0000000      -42.6776047       9.22346115E-02
   93.7500000      -42.6776047       9.56525803E-02
   97.5000000      -42.6776047      -1.12810135E-02
   101.250000      -42.6776047       4.41389084E-02
   105.000000      -42.6776047     -0.137013435    
   108.750000      -42.6776047     -0.346241951    
   112.500000      -42.6776047      -5.27849197E-02
   116.250000      -42.6776047      -7.71989822E-02
   120.000000      -42.6776047     -0.127003670    
   123.750000      -42.6776047      -3.34978104E-02
   127.500000      -42.6776047       4.97541428E-02
   131.250000      -42.6776047       2.53400803E-02
   135.000000      -42.6776047      -1.25017166E-02
   138.750000      -42.6776047      -3.13005447E-02
   142.500000      -42.6776047       2.28986740E-02
   146.250000      -42.6776047      0.267771721    
   150.000000      -42.6776047      0.220896721    
   153.750000      -42.6776047       5.97639084E-02
   157.500000      -42.6776047       9.46760178E-02
   161.250000      -42.6776047      -5.96208572E-02
   165.000000      -42.6776047      0.247019768    
   168.750000      -42.6776047     -0.768605232    
   172.500000      -42.6776047      0.186961174    
   176.250000      -42.6776047      0.153025627    
   180.000000      -42.6776047      0.222605705    
   183.750000      -42.6776047       8.63752365E-02
   187.500000      -42.6776047     -0.112843513    
   191.250000      -42.6776047       9.41877365E-02
   195.000000      -42.6776047      -3.25212479E-02
   198.750000      -42.6776047       4.46271896E-02
   202.500000      -42.6776047       5.41486740E-02
   206.250000      -42.6776047       3.51057053E-02
   210.000000      -42.6776047      -5.59587479E-02
   213.750000      -42.6776047      -6.84099197E-02
   217.500000      -42.6776047      -2.15349197E-02
   221.250000      -42.6776047      -1.15251541E-02
   225.000000      -42.6776047     -0.114552498    
   228.750000      -42.6776047      -9.38005447E-02
   232.500000      -42.6776047      -2.73942947E-02
   236.250000      -42.6776047       8.00609589E-03
   240.000000      -42.6776047      -2.32439041E-02
   243.750000      -42.6776047       1.77717209E-02
   247.500000      -42.6776047      0.107615471    
   251.250000      -42.6776047       5.75666428E-02
   255.000000      -42.6776047     -0.741749763    
   258.750000      -42.6776047      0.100779533    
   262.500000      -42.6776047       8.88166428E-02
   266.250000      -42.6776047       8.07600021E-02
   270.000000      -42.6776047      -2.00700760E-02
   273.750000      -42.6776047       9.90705490E-02
   277.500000      -42.6776047       4.90217209E-02
   281.250000      -42.6776047       7.78303146E-02
   285.000000      -42.6776047      0.137888908    
   288.750000      -42.6776047     -0.282521248    
   292.500000      -42.6776047      -1.86052322E-02
   296.250000      -42.6776047      0.474802971    
   300.000000      -42.6776047     -0.196339607    
   303.750000      -42.6776047     -0.161183357    
   307.500000      -42.6776047      -5.37614822E-02
   311.250000      -42.6776047      -2.24781036E-03
   315.000000      -42.6776047      -4.68921661E-03
   318.750000      -42.6776047       9.17463303E-02
   322.500000      -42.6776047       1.45978928E-02
   326.250000      -42.6776047      0.145457268    
   330.000000      -42.6776047      -2.49195099E-03
   333.750000      -42.6776047       4.02326584E-02
   337.500000      -42.6776047      -2.27556229E-02
   341.250000      -42.6776047       2.85139084E-02
   345.000000      -42.6776047       6.09846115E-02
   348.750000      -42.6776047       3.48615646E-02
   352.500000      -42.6776047      -9.45329666E-02
   356.250000      -42.6776047      0.140086174    
   360.000000      -42.6776047      0.239207268    
   0.00000000      -38.9666100      0.233103752    
   3.75000000      -38.9666100       6.87971115E-02
   7.50000000      -38.9666100       5.48810959E-02
   11.2500000      -38.9666100      -9.89274979E-02
   15.0000000      -38.9666100       8.73851776E-03
   18.7500000      -38.9666100      -9.81616974E-03
   22.5000000      -38.9666100      0.408885002    
   26.2500000      -38.9666100      0.268748283    
   30.0000000      -38.9666100      0.214793205    
   33.7500000      -38.9666100      0.122752190    
   37.5000000      -38.9666100      -8.89177322E-02
   41.2500000      -38.9666100       8.00275803E-02
   45.0000000      -38.9666100      0.363230705    
   48.7500000      -38.9666100      0.191355705    
   52.5000000      -38.9666100      -6.30388260E-02
   56.2500000      -38.9666100      -2.59294510E-02
   60.0000000      -38.9666100      -2.29997635E-02
   63.7500000      -38.9666100      -1.51872635E-02
   67.5000000      -38.9666100       2.36310959E-02
   71.2500000      -38.9666100       2.55842209E-02
   75.0000000      -38.9666100       3.70588303E-02
   78.7500000      -38.9666100      -2.71501541E-02
   82.5000000      -38.9666100       1.36213303E-02
   86.2500000      -38.9666100      -2.78825760E-02
   90.0000000      -38.9666100       7.41682053E-02
   93.7500000      -38.9666100      0.362742424    
   97.5000000      -38.9666100       9.78498459E-02
   101.250000      -38.9666100      0.115672112    
   105.000000      -38.9666100      -1.39665604E-02
   108.750000      -38.9666100       4.75568771E-02
   112.500000      -38.9666100      -5.88884354E-02
   116.250000      -38.9666100     -0.168751717    
   120.000000      -38.9666100      -5.54704666E-02
   123.750000      -38.9666100       4.85334396E-02
   127.500000      -38.9666100     -0.109425545    
   131.250000      -38.9666100      -1.68962479E-02
   135.000000      -38.9666100       5.34162521E-02
   138.750000      -38.9666100       4.87775803E-02
   142.500000      -38.9666100       5.39045334E-02
   146.250000      -38.9666100       6.54125214E-03
   150.000000      -38.9666100       9.95588303E-02
   153.750000      -38.9666100       6.58674240E-02
   157.500000      -38.9666100      0.155222893    
   161.250000      -38.9666100      0.239451408    
   165.000000      -38.9666100      0.118845940    
   168.750000      -38.9666100     -0.330128670    
   172.500000      -38.9666100     -0.125782967    
   176.250000      -38.9666100      0.523386955    
   180.000000      -38.9666100      -6.15406036E-03
   183.750000      -38.9666100       3.82795334E-02
   187.500000      -38.9666100     -0.376515388    
   191.250000      -38.9666100      -1.51538849E-03
   195.000000      -38.9666100      -8.25700760E-02
   198.750000      -38.9666100       1.16682053E-02
   202.500000      -38.9666100      0.155711174    
   206.250000      -38.9666100      -8.10718536E-03
   210.000000      -38.9666100      0.162547112    
   213.750000      -38.9666100       7.07502365E-02
   217.500000      -38.9666100      0.118845940    
   221.250000      -38.9666100       4.41389084E-02
   225.000000      -38.9666100       6.78539276E-03
   228.750000      -38.9666100      0.211863518    
   232.500000      -38.9666100       6.04963303E-02
   236.250000      -38.9666100      0.112498283    
   240.000000      -38.9666100       1.75275803E-02
   243.750000      -38.9666100      0.179392815    
   247.500000      -38.9666100      0.332713127    
   251.250000      -38.9666100      -7.54899979E-02
   255.000000      -38.9666100      -5.38825989E-04
   258.750000      -38.9666100       1.43537521E-02
   262.500000      -38.9666100       2.02131271E-02
   266.250000      -38.9666100     -0.111866951    
   270.000000      -38.9666100     -0.112355232    
   273.750000      -38.9666100       5.31721115E-02
   277.500000      -38.9666100       2.43635178E-02
   281.250000      -38.9666100      -3.22437286E-03
   285.000000      -38.9666100      0.116892815    
   288.750000      -38.9666100       6.29377365E-02
   292.500000      -38.9666100     -0.407277107    
   296.250000      -38.9666100       9.47093964E-03
   300.000000      -38.9666100      0.496531487    
   303.750000      -38.9666100     -0.494191170    
   307.500000      -38.9666100       1.14240646E-02
   311.250000      -38.9666100      0.120799065    
   315.000000      -38.9666100       9.47093964E-03
   318.750000      -38.9666100       2.82697678E-02
   322.500000      -38.9666100       1.26447678E-02
   326.250000      -38.9666100     -0.884572029    
   330.000000      -38.9666100      -9.30681229E-02
   333.750000      -38.9666100     -0.111866951    
   337.500000      -38.9666100       1.87482834E-02
   341.250000      -38.9666100      -7.15837479E-02
   345.000000      -38.9666100       7.12385178E-02
   348.750000      -38.9666100       6.24494553E-02
   352.500000      -38.9666100       7.70978928E-02
   356.250000      -38.9666100      0.203318596    
   360.000000      -38.9666100      0.233103752    
   0.00000000      -35.2555809       4.99982834E-02
   3.75000000      -35.2555809      -2.95915604E-02
   7.50000000      -35.2555809       6.51350021E-02
   11.2500000      -35.2555809      -5.69353104E-02
   15.0000000      -35.2555809       9.32111740E-02
   18.7500000      -35.2555809      0.158885002    
   22.5000000      -35.2555809     -0.106251717    
   26.2500000      -35.2555809      0.131541252    
   30.0000000      -35.2555809       4.58812714E-03
   33.7500000      -35.2555809      -6.79216385E-02
   37.5000000      -35.2555809       4.85334396E-02
   41.2500000      -35.2555809      0.187205315    
   45.0000000      -35.2555809      0.217234612    
   48.7500000      -35.2555809     -0.128468513    
   52.5000000      -35.2555809       6.78539276E-03
   56.2500000      -35.2555809     -0.108448982    
   60.0000000      -35.2555809     -0.108204842    
   63.7500000      -35.2555809      -3.46851349E-03
   67.5000000      -35.2555809       5.92756271E-02
   71.2500000      -35.2555809       9.51642990E-02
   75.0000000      -35.2555809       8.34455490E-02
   78.7500000      -35.2555809      -1.64079666E-02
   82.5000000      -35.2555809      0.101756096    
   86.2500000      -35.2555809      0.163035393    
   90.0000000      -35.2555809       6.68439865E-02
   93.7500000      -35.2555809      0.160838127    
   97.5000000      -35.2555809      0.263621330    
   101.250000      -35.2555809      -1.78728104E-02
   105.000000      -35.2555809      0.213084221    
   108.750000      -35.2555809     -0.561818123    
   112.500000      -35.2555809     -0.132374763    
   116.250000      -35.2555809     -0.272999763    
   120.000000      -35.2555809     -0.141896248    
   123.750000      -35.2555809       9.90705490E-02
   127.500000      -35.2555809       4.53596115E-02
   131.250000      -35.2555809      -9.33122635E-02
   135.000000      -35.2555809       1.14240646E-02
   138.750000      -35.2555809      -2.49195099E-03
   142.500000      -35.2555809       4.07209396E-02
   146.250000      -35.2555809       9.71174240E-02
   150.000000      -35.2555809       6.80646896E-02
   153.750000      -35.2555809       5.51252365E-02
   157.500000      -35.2555809      0.172556877    
   161.250000      -35.2555809      0.165720940    
   165.000000      -35.2555809       3.68146896E-02
   168.750000      -35.2555809      0.760935783    
   172.500000      -35.2555809      0.210642815    
   176.250000      -35.2555809     -0.207325935    
   180.000000      -35.2555809       4.80451584E-02
   183.750000      -35.2555809      -1.20134354E-02
   187.500000      -35.2555809       8.32014084E-02
   191.250000      -35.2555809       4.53596115E-02
   195.000000      -35.2555809      0.115672112    
   198.750000      -35.2555809      0.235301018    
   202.500000      -35.2555809      0.181101799    
   206.250000      -35.2555809       4.87775803E-02
   210.000000      -35.2555809      0.350047112    
   213.750000      -35.2555809      0.187937737    
   217.500000      -35.2555809      -3.22771072E-02
   221.250000      -35.2555809      -5.69353104E-02
   225.000000      -35.2555809      0.171824455    
   228.750000      -35.2555809     -0.538136482    
   232.500000      -35.2555809      -1.35429859    
   236.250000      -35.2555809     -0.448292732    
   240.000000      -35.2555809     -0.151661873    
   243.750000      -35.2555809      0.149607658    
   247.500000      -35.2555809      -1.81169510E-02
   251.250000      -35.2555809       9.29670334E-02
   255.000000      -35.2555809      -5.32732010E-02
   258.750000      -35.2555809       4.36506271E-02
   262.500000      -35.2555809      0.172068596    
   266.250000      -35.2555809      0.177195549    
   270.000000      -35.2555809       9.19904709E-02
   273.750000      -35.2555809     -0.126515388    
   277.500000      -35.2555809     -0.276173592    
   281.250000      -35.2555809       1.77717209E-02
   285.000000      -35.2555809      -1.81169510E-02
   288.750000      -35.2555809      0.102732658    
   292.500000      -35.2555809      0.214549065    
   296.250000      -35.2555809      -9.40446854E-02
   300.000000      -35.2555809      0.307566643    
   303.750000      -35.2555809     -0.207325935    
   307.500000      -35.2555809     -0.112843513    
   311.250000      -35.2555809      0.224802971    
   315.000000      -35.2555809       3.99885178E-02
   318.750000      -35.2555809     -0.276906013    
   322.500000      -35.2555809      -7.86638260E-02
   326.250000      -35.2555809      0.114939690    
   330.000000      -35.2555809     -0.144093513    
   333.750000      -35.2555809      -2.81267166E-02
   337.500000      -35.2555809      -1.32402515    
   341.250000      -35.2555809       1.28889084E-02
   345.000000      -35.2555809      0.197703362    
   348.750000      -35.2555809      0.138621330    
   352.500000      -35.2555809      0.166453362    
   356.250000      -35.2555809      0.158396721    
   360.000000      -35.2555809       4.99982834E-02
   0.00000000      -31.5445251      0.142771721    
   3.75000000      -31.5445251      -7.84196854E-02
   7.50000000      -31.5445251      -3.54509354E-02
   11.2500000      -31.5445251     -0.102345467    
   15.0000000      -31.5445251     -0.173390388    
   18.7500000      -31.5445251     -0.315968513    
   22.5000000      -31.5445251     -0.562550545    
   26.2500000      -31.5445251       4.37736511E-04
   30.0000000      -31.5445251       2.82697678E-02
   33.7500000      -31.5445251      0.348338127    
   37.5000000      -31.5445251      0.119090080    
   41.2500000      -31.5445251      0.122996330    
   45.0000000      -31.5445251     -0.560109138    
   48.7500000      -31.5445251       4.92658615E-02
   52.5000000      -31.5445251       1.63068771E-02
   56.2500000      -31.5445251      -9.33122635E-02
   60.0000000      -31.5445251     -0.119679451    
   63.7500000      -31.5445251     -0.103077888    
   67.5000000      -31.5445251       1.99689865E-02
   71.2500000      -31.5445251       5.31721115E-02
   75.0000000      -31.5445251       2.46076584E-02
   78.7500000      -31.5445251       2.14672089E-03
   82.5000000      -31.5445251       1.92365646E-02
   86.2500000      -31.5445251       7.24592209E-02
   90.0000000      -31.5445251      -1.27124786E-03
   93.7500000      -31.5445251       3.92560959E-02
   97.5000000      -31.5445251      0.109080315    
   101.250000      -31.5445251       6.85529709E-02
   105.000000      -31.5445251      0.205760002    
   108.750000      -31.5445251     -0.187550545    
   112.500000      -31.5445251     -0.273976326    
   116.250000      -31.5445251      -7.67107010E-02
   120.000000      -31.5445251       8.10041428E-02
   123.750000      -31.5445251      -6.74333572E-02
   127.500000      -31.5445251      0.124461174    
   131.250000      -31.5445251     -0.341847420    
   135.000000      -31.5445251     -0.103077888    
   138.750000      -31.5445251     -0.268361092    
   142.500000      -31.5445251      -6.10857010E-02
   146.250000      -31.5445251       7.70978928E-02
   150.000000      -31.5445251       4.56037521E-02
   153.750000      -31.5445251      -1.42107010E-02
   157.500000      -31.5445251      0.139109612    
   161.250000      -31.5445251      0.159617424    
   165.000000      -31.5445251      0.320750237    
   168.750000      -31.5445251       5.41486740E-02
   172.500000      -31.5445251     -0.103566170    
   176.250000      -31.5445251       4.07209396E-02
   180.000000      -31.5445251     -0.218068123    
   183.750000      -31.5445251     -0.267140388    
   187.500000      -31.5445251       3.92560959E-02
   191.250000      -31.5445251      -1.03044510E-02
   195.000000      -31.5445251       1.87482834E-02
   198.750000      -31.5445251       4.80451584E-02
   202.500000      -31.5445251       5.26838303E-02
   206.250000      -31.5445251       7.02953339E-03
   210.000000      -31.5445251       2.50959396E-02
   213.750000      -31.5445251       2.77814865E-02
   217.500000      -31.5445251     -0.187550545    
   221.250000      -31.5445251     -0.171925545    
   225.000000      -31.5445251      -2.59294510E-02
   228.750000      -31.5445251       6.56232834E-02
   232.500000      -31.5445251      -1.18413258    
   236.250000      -31.5445251      -1.88493729E-02
   240.000000      -31.5445251     -0.112355232    
   243.750000      -31.5445251      -3.00798416E-02
   247.500000      -31.5445251       5.80883026E-03
   251.250000      -31.5445251       7.02619553E-02
   255.000000      -31.5445251       5.04865646E-02
   258.750000      -31.5445251      0.173777580    
   262.500000      -31.5445251      0.318064690    
   266.250000      -31.5445251      0.440867424    
   270.000000      -31.5445251      0.189890862    
   273.750000      -31.5445251     -0.357472420    
   277.500000      -31.5445251     -0.282277107    
   281.250000      -31.5445251      -1.10368729E-02
   285.000000      -31.5445251       6.83088303E-02
   288.750000      -31.5445251       8.39338303E-02
   292.500000      -31.5445251     -0.834523201    
   296.250000      -31.5445251      0.366648674    
   300.000000      -31.5445251      0.277293205    
   303.750000      -31.5445251      0.142039299    
   307.500000      -31.5445251       7.73420334E-02
   311.250000      -31.5445251      0.147410393    
   315.000000      -31.5445251      0.277781487    
   318.750000      -31.5445251      0.270945549    
   322.500000      -31.5445251       6.53791428E-02
   326.250000      -31.5445251       7.76195526E-03
   330.000000      -31.5445251       9.39435959E-02
   333.750000      -31.5445251      -8.59880447E-02
   337.500000      -31.5445251     -0.285450935    
   341.250000      -31.5445251       7.19709396E-02
   345.000000      -31.5445251      0.170603752    
   348.750000      -31.5445251      0.318064690    
   352.500000      -31.5445251      0.252635002    
   356.250000      -31.5445251       3.38850021E-02
   360.000000      -31.5445251      0.142771721    
   0.00000000      -27.8334446      -1.17692947E-02
   3.75000000      -27.8334446      0.109568596    
   7.50000000      -27.8334446      0.294383049    
   11.2500000      -27.8334446       8.29572678E-02
   15.0000000      -27.8334446     -0.126271248    
   18.7500000      -27.8334446     -0.296193123    
   22.5000000      -27.8334446     -0.252980232    
   26.2500000      -27.8334446      -3.44743729E-02
   30.0000000      -27.8334446       3.53498459E-02
   33.7500000      -27.8334446       3.41291428E-02
   37.5000000      -27.8334446      0.166209221    
   41.2500000      -27.8334446       3.16877365E-02
   45.0000000      -27.8334446       8.68635178E-02
   48.7500000      -27.8334446      0.127635002    
   52.5000000      -27.8334446      -4.83903885E-02
   56.2500000      -27.8334446      -1.61638260E-02
   60.0000000      -27.8334446      -2.91032791E-02
   63.7500000      -27.8334446      -5.86442947E-02
   67.5000000      -27.8334446      -9.23357010E-02
   71.2500000      -27.8334446      -4.25310135E-02
   75.0000000      -27.8334446      -6.91423416E-02
   78.7500000      -27.8334446       5.26838303E-02
   82.5000000      -27.8334446       6.04963303E-02
   86.2500000      -27.8334446      0.102000237    
   90.0000000      -27.8334446      -4.13103104E-02
   93.7500000      -27.8334446     -0.129200935    
   97.5000000      -27.8334446       1.04475021E-02
   101.250000      -27.8334446       5.21955490E-02
   105.000000      -27.8334446      -1.29899979E-02
   108.750000      -27.8334446       8.51545334E-02
   112.500000      -27.8334446      -6.37712479E-02
   116.250000      -27.8334446      -6.88648224E-03
   120.000000      -27.8334446      -6.18181229E-02
   123.750000      -27.8334446      -5.15642166E-02
   127.500000      -27.8334446      0.123240471    
   131.250000      -27.8334446      -1.39140797    
   135.000000      -27.8334446      0.141306877    
   138.750000      -27.8334446      0.158396721    
   142.500000      -27.8334446     -0.154835701    
   146.250000      -27.8334446     -0.212697029    
   150.000000      -27.8334446       4.34398651E-03
   153.750000      -27.8334446      0.204783440    
   157.500000      -27.8334446       8.49103928E-02
   161.250000      -27.8334446      0.182078362    
   165.000000      -27.8334446      -1.22575760E-02
   168.750000      -27.8334446       7.76195526E-03
   172.500000      -27.8334446       8.85725021E-02
   176.250000      -27.8334446      0.236765862    
   180.000000      -27.8334446      -1.28862476    
   183.750000      -27.8334446       2.70490646E-02
   187.500000      -27.8334446       8.41779709E-02
   191.250000      -27.8334446       8.10041428E-02
   195.000000      -27.8334446       7.53889084E-02
   198.750000      -27.8334446     -0.155568123    
   202.500000      -27.8334446       1.72834396E-02
   206.250000      -27.8334446      0.219676018    
   210.000000      -27.8334446       9.51642990E-02
   213.750000      -27.8334446       4.58478928E-02
   217.500000      -27.8334446       9.32111740E-02
   221.250000      -27.8334446       1.94807053E-02
   225.000000      -27.8334446       6.41584396E-02
   228.750000      -27.8334446      -6.20622635E-02
   232.500000      -27.8334446     -0.269581795    
   236.250000      -27.8334446      0.164011955    
   240.000000      -27.8334446       1.77717209E-02
   243.750000      -27.8334446       2.68049240E-02
   247.500000      -27.8334446      -6.47478104E-02
   251.250000      -27.8334446       9.47093964E-03
   255.000000      -27.8334446      0.113718987    
   258.750000      -27.8334446      0.126902580    
   262.500000      -27.8334446      0.378611565    
   266.250000      -27.8334446      0.186717033    
   270.000000      -27.8334446       9.10139084E-02
   273.750000      -27.8334446      -8.20817947E-02
   277.500000      -27.8334446      -1.25017166E-02
   281.250000      -27.8334446     -0.108693123    
   285.000000      -27.8334446       5.21955490E-02
   288.750000      -27.8334446      0.159129143    
   292.500000      -27.8334446     -0.148976326    
   296.250000      -27.8334446      0.122752190    
   300.000000      -27.8334446     -0.180714607    
   303.750000      -27.8334446      -3.81364822E-02
   307.500000      -27.8334446       9.22346115E-02
   311.250000      -27.8334446       6.26935959E-02
   315.000000      -27.8334446      0.124949455    
   318.750000      -27.8334446     -0.139943123    
   322.500000      -27.8334446     -0.125050545    
   326.250000      -27.8334446       3.51057053E-02
   330.000000      -27.8334446     -0.282277107    
   333.750000      -27.8334446       8.44221115E-02
   337.500000      -27.8334446      0.187693596    
   341.250000      -27.8334446      0.148386955    
   345.000000      -27.8334446      0.147898674    
   348.750000      -27.8334446      0.152049065    
   352.500000      -27.8334446      0.154002190    
   356.250000      -27.8334446      -5.42497635E-02
   360.000000      -27.8334446      -1.17692947E-02
   0.00000000      -24.1223469     -0.195607185    
   3.75000000      -24.1223469     -0.102345467    
   7.50000000      -24.1223469     -0.182179451    
   11.2500000      -24.1223469     -0.106251717    
   15.0000000      -24.1223469     -0.210743904    
   18.7500000      -24.1223469      0.329295158    
   22.5000000      -24.1223469      -7.20720291E-02
   26.2500000      -24.1223469       6.29711151E-03
   30.0000000      -24.1223469       2.04572678E-02
   33.7500000      -24.1223469       5.14631271E-02
   37.5000000      -24.1223469      0.137156487    
   41.2500000      -24.1223469      -2.93474197E-02
   45.0000000      -24.1223469       3.26642990E-02
   48.7500000      -24.1223469     -0.418995857    
   52.5000000      -24.1223469       9.93146896E-02
   56.2500000      -24.1223469      -8.81853104E-02
   60.0000000      -24.1223469      -3.64274979E-02
   63.7500000      -24.1223469      -4.32634354E-02
   67.5000000      -24.1223469       9.36994553E-02
   71.2500000      -24.1223469     -0.314259529    
   75.0000000      -24.1223469      -3.74040604E-02
   78.7500000      -24.1223469       2.04572678E-02
   82.5000000      -24.1223469       3.70588303E-02
   86.2500000      -24.1223469      -4.15544510E-02
   90.0000000      -24.1223469      -5.15642166E-02
   93.7500000      -24.1223469       2.97346115E-02
   97.5000000      -24.1223469      -1.34782791E-02
   101.250000      -24.1223469     -0.151661873    
   105.000000      -24.1223469       3.77912521E-02
   108.750000      -24.1223469      -2.98023224E-03
   112.500000      -24.1223469       3.90119553E-02
   116.250000      -24.1223469     -0.115284920    
   120.000000      -24.1223469     -0.194630623    
   123.750000      -24.1223469     -0.244923592    
   127.500000      -24.1223469     -0.212697029    
   131.250000      -24.1223469       2.07014084E-02
   135.000000      -24.1223469     -0.143116951    
   138.750000      -24.1223469       5.56135178E-02
   142.500000      -24.1223469      -2.29997635E-02
   146.250000      -24.1223469     -0.270802498    
   150.000000      -24.1223469     -0.116261482    
   153.750000      -24.1223469       2.68049240E-02
   157.500000      -24.1223469       8.93049240E-02
   161.250000      -24.1223469       9.15021896E-02
   165.000000      -24.1223469       5.07640839E-03
   168.750000      -24.1223469       1.82600021E-02
   172.500000      -24.1223469      0.205760002    
   176.250000      -24.1223469      0.118601799    
   180.000000      -24.1223469       3.65705490E-02
   183.750000      -24.1223469       1.14240646E-02
   187.500000      -24.1223469       4.82892990E-02
   191.250000      -24.1223469       6.41584396E-02
   195.000000      -24.1223469      0.234080315    
   198.750000      -24.1223469      -4.79021072E-02
   202.500000      -24.1223469       1.45978928E-02
   206.250000      -24.1223469     -0.217335701    
   210.000000      -24.1223469      0.119334221    
   213.750000      -24.1223469      0.120310783    
   217.500000      -24.1223469      0.165965080    
   221.250000      -24.1223469     -0.328663826    
   225.000000      -24.1223469     -0.647023201    
   228.750000      -24.1223469     -0.598195076    
   232.500000      -24.1223469       9.61408615E-02
   236.250000      -24.1223469      0.146677971    
   240.000000      -24.1223469       5.75666428E-02
   243.750000      -24.1223469      -9.55095291E-02
   247.500000      -24.1223469      -2.59294510E-02
   251.250000      -24.1223469       4.83226776E-03
   255.000000      -24.1223469      0.112742424    
   258.750000      -24.1223469      0.126902580    
   262.500000      -24.1223469       8.56428146E-02
   266.250000      -24.1223469       6.29377365E-02
   270.000000      -24.1223469       6.39142990E-02
   273.750000      -24.1223469       8.36896896E-02
   277.500000      -24.1223469      -4.32634354E-02
   281.250000      -24.1223469      0.152293205    
   285.000000      -24.1223469       2.04572678E-02
   288.750000      -24.1223469       6.58674240E-02
   292.500000      -24.1223469      0.524607658    
   296.250000      -24.1223469       7.85627365E-02
   300.000000      -24.1223469     -0.173146248    
   303.750000      -24.1223469       4.92658615E-02
   307.500000      -24.1223469       7.44123459E-02
   311.250000      -24.1223469      0.190623283    
   315.000000      -24.1223469      0.143015862    
   318.750000      -24.1223469      0.218699455    
   322.500000      -24.1223469       8.78400803E-02
   326.250000      -24.1223469       2.53400803E-02
   330.000000      -24.1223469       8.61310959E-02
   333.750000      -24.1223469       4.97541428E-02
   337.500000      -24.1223469       6.78205490E-02
   341.250000      -24.1223469      0.182078362    
   345.000000      -24.1223469      0.127879143    
   348.750000      -24.1223469       4.78010178E-02
   352.500000      -24.1223469       7.00178146E-02
   356.250000      -24.1223469      -5.42497635E-02
   360.000000      -24.1223469     -0.195607185    
   0.00000000      -20.4112377      -5.98649979E-02
   3.75000000      -20.4112377     -0.143116951    
   7.50000000      -20.4112377     -0.149708748    
   11.2500000      -20.4112377       3.36408615E-02
   15.0000000      -20.4112377     -0.137257576    
   18.7500000      -20.4112377      0.428904533    
   22.5000000      -20.4112377      0.144236565    
   26.2500000      -20.4112377      -9.38005447E-02
   30.0000000      -20.4112377      -2.98357010E-02
   33.7500000      -20.4112377       9.98029709E-02
   37.5000000      -20.4112377     -0.184376717    
   41.2500000      -20.4112377     -0.127736092    
   45.0000000      -20.4112377      -6.64234161E-03
   48.7500000      -20.4112377      -9.64860916E-02
   52.5000000      -20.4112377       3.19318771E-02
   56.2500000      -20.4112377       7.78303146E-02
   60.0000000      -20.4112377      -3.44743729E-02
   63.7500000      -20.4112377       2.02131271E-02
   67.5000000      -20.4112377      -9.40446854E-02
   71.2500000      -20.4112377       1.17015839E-03
   75.0000000      -20.4112377       4.97541428E-02
   78.7500000      -20.4112377      -2.34880447E-02
   82.5000000      -20.4112377      -7.06071854E-02
   86.2500000      -20.4112377     -0.143605232    
   90.0000000      -20.4112377     -0.202931404    
   93.7500000      -20.4112377     -0.149708748    
   97.5000000      -20.4112377      -4.52165604E-02
   101.250000      -20.4112377       8.02717209E-02
   105.000000      -20.4112377       8.63752365E-02
   108.750000      -20.4112377      0.109324455    
   112.500000      -20.4112377       3.12328339E-03
   116.250000      -20.4112377      -1.51538849E-03
   120.000000      -20.4112377      0.133250237    
   123.750000      -20.4112377       1.77717209E-02
   127.500000      -20.4112377     -0.114552498    
   131.250000      -20.4112377       4.24299240E-02
   135.000000      -20.4112377      0.130320549    
   138.750000      -20.4112377      -2.00700760E-02
   142.500000      -20.4112377      -3.96013260E-02
   146.250000      -20.4112377      -6.32829666E-02
   150.000000      -20.4112377      0.244578362    
   153.750000      -20.4112377      -9.45329666E-02
   157.500000      -20.4112377      -2.76384354E-02
   161.250000      -20.4112377      -5.17749786E-03
   165.000000      -20.4112377      -5.91325760E-02
   168.750000      -20.4112377     -0.416798592    
   172.500000      -20.4112377      0.123972893    
   176.250000      -20.4112377      0.104929924    
   180.000000      -20.4112377      -8.94060135E-02
   183.750000      -20.4112377       2.77814865E-02
   187.500000      -20.4112377       1.38654709E-02
   191.250000      -20.4112377       5.56468964E-03
   195.000000      -20.4112377      0.153758049    
   198.750000      -20.4112377       1.04475021E-02
   202.500000      -20.4112377      0.220408440    
   206.250000      -20.4112377      -1.10698414    
   210.000000      -20.4112377     -0.460255623    
   213.750000      -20.4112377     -0.589650154    
   217.500000      -20.4112377     -0.831105232    
   221.250000      -20.4112377     -0.257374763    
   225.000000      -20.4112377      0.188914299    
   228.750000      -20.4112377       6.87971115E-02
   232.500000      -20.4112377      0.138377190    
   236.250000      -20.4112377       8.95490646E-02
   240.000000      -20.4112377       7.27033615E-02
   243.750000      -20.4112377      -4.61931229E-02
   247.500000      -20.4112377     -0.109913826    
   251.250000      -20.4112377       2.68049240E-02
   255.000000      -20.4112377      0.193797112    
   258.750000      -20.4112377      0.161570549    
   262.500000      -20.4112377      0.118601799    
   266.250000      -20.4112377       2.43635178E-02
   270.000000      -20.4112377       5.82990646E-02
   273.750000      -20.4112377      0.183787346    
   277.500000      -20.4112377       6.22053146E-02
   281.250000      -20.4112377      0.115672112    
   285.000000      -20.4112377       2.53400803E-02
   288.750000      -20.4112377      -1.17692947E-02
   292.500000      -20.4112377     -0.682667732    
   296.250000      -20.4112377       7.85627365E-02
   300.000000      -20.4112377      -4.47282791E-02
   303.750000      -20.4112377       1.92365646E-02
   307.500000      -20.4112377       6.12287521E-02
   311.250000      -20.4112377      -7.13396072E-02
   315.000000      -20.4112377      -3.27653885E-02
   318.750000      -20.4112377      0.143992424    
   322.500000      -20.4112377     -0.146534920    
   326.250000      -20.4112377       1.58185959E-02
   330.000000      -20.4112377       9.19904709E-02
   333.750000      -20.4112377      0.112986565    
   337.500000      -20.4112377       3.90119553E-02
   341.250000      -20.4112377      -3.98454666E-02
   345.000000      -20.4112377      -6.62126541E-02
   348.750000      -20.4112377     -0.104054451    
   352.500000      -20.4112377      -2.73942947E-02
   356.250000      -20.4112377      -2.10466385E-02
   360.000000      -20.4112377      -5.98649979E-02
   0.00000000      -16.7001171       5.09748459E-02
   3.75000000      -16.7001171      -8.30583572E-02
   7.50000000      -16.7001171       4.73127365E-02
   11.2500000      -16.7001171     -0.110157967    
   15.0000000      -16.7001171       1.24006271E-02
   18.7500000      -16.7001171       5.36603928E-02
   22.5000000      -16.7001171       4.87775803E-02
   26.2500000      -16.7001171       7.02953339E-03
   30.0000000      -16.7001171       4.41389084E-02
   33.7500000      -16.7001171      0.105174065    
   37.5000000      -16.7001171      -9.23357010E-02
   41.2500000      -16.7001171      -9.23357010E-02
   45.0000000      -16.7001171       3.48615646E-02
   48.7500000      -16.7001171      0.255320549    
   52.5000000      -16.7001171      0.206492424    
   56.2500000      -16.7001171      0.154978752    
   60.0000000      -16.7001171       5.68342209E-02
   63.7500000      -16.7001171      -1.73845291E-02
   67.5000000      -16.7001171       5.97639084E-02
   71.2500000      -16.7001171      -3.95679474E-03
   75.0000000      -16.7001171      -5.37614822E-02
   78.7500000      -16.7001171       4.65803146E-02
   82.5000000      -16.7001171       3.46174240E-02
   86.2500000      -16.7001171       3.16877365E-02
   90.0000000      -16.7001171       9.26017761E-04
   93.7500000      -16.7001171       9.15021896E-02
   97.5000000      -16.7001171       5.82990646E-02
   101.250000      -16.7001171      0.202097893    
   105.000000      -16.7001171      -5.38825989E-04
   108.750000      -16.7001171      -4.05778885E-02
   112.500000      -16.7001171       8.80842209E-02
   116.250000      -16.7001171      -2.05583572E-02
   120.000000      -16.7001171      -8.35132599E-03
   123.750000      -16.7001171      0.131785393    
   127.500000      -16.7001171       5.90314865E-02
   131.250000      -16.7001171      0.143015862    
   135.000000      -16.7001171       4.34398651E-03
   138.750000      -16.7001171       7.27367401E-03
   142.500000      -16.7001171     -0.121144295    
   146.250000      -16.7001171      0.174021721    
   150.000000      -16.7001171      -7.18278885E-02
   153.750000      -16.7001171       1.21564865E-02
   157.500000      -16.7001171      -3.15446854E-02
   161.250000      -16.7001171      -6.27946854E-02
   165.000000      -16.7001171     -0.100392342    
   168.750000      -16.7001171      -2.98357010E-02
   172.500000      -16.7001171     -0.574513435    
   176.250000      -16.7001171       7.24592209E-02
   180.000000      -16.7001171       1.53303146E-02
   183.750000      -16.7001171      0.102976799    
   187.500000      -16.7001171       3.95002365E-02
   191.250000      -16.7001171       2.82697678E-02
   195.000000      -16.7001171      0.155955315    
   198.750000      -16.7001171       3.12328339E-03
   202.500000      -16.7001171     -0.674122810    
   206.250000      -16.7001171     -0.319386482    
   210.000000      -16.7001171      -7.13062286E-03
   213.750000      -16.7001171       8.80842209E-02
   217.500000      -16.7001171       7.05060959E-02
   221.250000      -16.7001171      0.159861565    
   225.000000      -16.7001171       7.07502365E-02
   228.750000      -16.7001171      0.102732658    
   232.500000      -16.7001171      0.217967033    
   236.250000      -16.7001171       9.54084396E-02
   240.000000      -16.7001171       5.34162521E-02
   243.750000      -16.7001171      -2.54411697E-02
   247.500000      -16.7001171      -4.52165604E-02
   251.250000      -16.7001171      0.156931877    
   255.000000      -16.7001171      0.173777580    
   258.750000      -16.7001171      0.162791252    
   262.500000      -16.7001171       1.28889084E-02
   266.250000      -16.7001171      -2.56853104E-02
   270.000000      -16.7001171      -2.03142166E-02
   273.750000      -16.7001171      0.125193596    
   277.500000      -16.7001171       6.39142990E-02
   281.250000      -16.7001171       6.07404709E-02
   285.000000      -16.7001171       7.85627365E-02
   288.750000      -16.7001171       2.60725021E-02
   292.500000      -16.7001171      -2.81267166E-02
   296.250000      -16.7001171      -8.47673416E-02
   300.000000      -16.7001171      0.173045158    
   303.750000      -16.7001171     -0.169972420    
   307.500000      -16.7001171       3.63264084E-02
   311.250000      -16.7001171     -0.142872810    
   315.000000      -16.7001171       4.95100021E-02
   318.750000      -16.7001171     -0.192433357    
   322.500000      -16.7001171      -8.20817947E-02
   326.250000      -16.7001171       4.75568771E-02
   330.000000      -16.7001171       5.73225021E-02
   333.750000      -16.7001171      -1.76286697E-02
   337.500000      -16.7001171      -1.17692947E-02
   341.250000      -16.7001171      -1.95817947E-02
   345.000000      -16.7001171      -5.66911697E-02
   348.750000      -16.7001171      -5.69353104E-02
   352.500000      -16.7001171      -5.66577911E-03
   356.250000      -16.7001171       5.41486740E-02
   360.000000      -16.7001171       5.09748459E-02
   0.00000000      -12.9889879      -1.03044510E-02
   3.75000000      -12.9889879     -0.133351326    
   7.50000000      -12.9889879       2.68049240E-02
   11.2500000      -12.9889879      0.185740471    
   15.0000000      -12.9889879      -5.25407791E-02
   18.7500000      -12.9889879      -4.69255447E-02
   22.5000000      -12.9889879     -0.167775154    
   26.2500000      -12.9889879       1.94807053E-02
   30.0000000      -12.9889879      0.138377190    
   33.7500000      -12.9889879     -0.203419685    
   37.5000000      -12.9889879      -8.47673416E-02
   41.2500000      -12.9889879     -0.101613045    
   45.0000000      -12.9889879       2.50959396E-02
   48.7500000      -12.9889879       3.46174240E-02
   52.5000000      -12.9889879       7.73420334E-02
   56.2500000      -12.9889879       2.14338303E-02
   60.0000000      -12.9889879     -0.376271248    
   63.7500000      -12.9889879      -3.32536697E-02
   67.5000000      -12.9889879       9.39435959E-02
   71.2500000      -12.9889879       8.14924240E-02
   75.0000000      -12.9889879      0.102488518    
   78.7500000      -12.9889879      0.164988518    
   82.5000000      -12.9889879      0.115427971    
   86.2500000      -12.9889879      0.103220940    
   90.0000000      -12.9889879       8.80842209E-02
   93.7500000      -12.9889879       4.41389084E-02
   97.5000000      -12.9889879      0.247263908    
   101.250000      -12.9889879      0.164988518    
   105.000000      -12.9889879      -4.61931229E-02
   108.750000      -12.9889879      0.150828362    
   112.500000      -12.9889879       6.80646896E-02
   116.250000      -12.9889879      0.182810783    
   120.000000      -12.9889879       7.76195526E-03
   123.750000      -12.9889879       1.11799240E-02
   127.500000      -12.9889879       6.29711151E-03
   131.250000      -12.9889879      -3.32536697E-02
   135.000000      -12.9889879       1.19123459E-02
   138.750000      -12.9889879      -1.34782791E-02
   142.500000      -12.9889879       3.38850021E-02
   146.250000      -12.9889879      0.100779533    
   150.000000      -12.9889879       2.77814865E-02
   153.750000      -12.9889879      0.198191643    
   157.500000      -12.9889879      -5.37614822E-02
   161.250000      -12.9889879      0.135691643    
   165.000000      -12.9889879       3.33967209E-02
   168.750000      -12.9889879      -2.86149979E-02
   172.500000      -12.9889879      -8.83960724E-03
   176.250000      -12.9889879       9.19904709E-02
   180.000000      -12.9889879       8.51545334E-02
   183.750000      -12.9889879       1.80158615E-02
   187.500000      -12.9889879       3.90119553E-02
   191.250000      -12.9889879      0.141551018    
   195.000000      -12.9889879      0.136668205    
   198.750000      -12.9889879       4.56037521E-02
   202.500000      -12.9889879      0.125437737    
   206.250000      -12.9889879     -0.802540779    
   210.000000      -12.9889879      -3.30095291E-02
   213.750000      -12.9889879       3.26642990E-02
   217.500000      -12.9889879       2.09455490E-02
   221.250000      -12.9889879       8.88166428E-02
   225.000000      -12.9889879       7.44123459E-02
   228.750000      -12.9889879      0.121043205    
   232.500000      -12.9889879      -1.12810135E-02
   236.250000      -12.9889879      -9.32788849E-03
   240.000000      -12.9889879      -1.17692947E-02
   243.750000      -12.9889879      -1.42107010E-02
   247.500000      -12.9889879      -2.42204666E-02
   251.250000      -12.9889879       9.49201584E-02
   255.000000      -12.9889879       9.73615646E-02
   258.750000      -12.9889879      0.113963127    
   262.500000      -12.9889879      0.157420158    
   266.250000      -12.9889879       1.31330490E-02
   270.000000      -12.9889879       3.75471115E-02
   273.750000      -12.9889879       2.75373459E-02
   277.500000      -12.9889879       2.97346115E-02
   281.250000      -12.9889879       5.82990646E-02
   285.000000      -12.9889879      0.219920158    
   288.750000      -12.9889879     -0.293995857    
   292.500000      -12.9889879       6.53791428E-02
   296.250000      -12.9889879      -3.56950760E-02
   300.000000      -12.9889879       9.07697678E-02
   303.750000      -12.9889879      -3.39860916E-02
   307.500000      -12.9889879     -0.258595467    
   311.250000      -12.9889879      0.214060783    
   315.000000      -12.9889879     -0.482716560    
   318.750000      -12.9889879       6.78539276E-03
   322.500000      -12.9889879     -0.124806404    
   326.250000      -12.9889879      -2.86149979E-02
   330.000000      -12.9889879      -4.83903885E-02
   333.750000      -12.9889879      -2.78825760E-02
   337.500000      -12.9889879      -4.83903885E-02
   341.250000      -12.9889879      -5.08317947E-02
   345.000000      -12.9889879      -2.86149979E-02
   348.750000      -12.9889879      0.107859612    
   352.500000      -12.9889879      0.164011955    
   356.250000      -12.9889879       7.14826584E-02
   360.000000      -12.9889879      -1.03044510E-02
   0.00000000      -9.27785301      -6.84099197E-02
   3.75000000      -9.27785301     -0.125050545    
   7.50000000      -9.27785301      -6.37712479E-02
   11.2500000      -9.27785301       6.14728928E-02
   15.0000000      -9.27785301     -0.398488045    
   18.7500000      -9.27785301       7.61213303E-02
   22.5000000      -9.27785301       3.53498459E-02
   26.2500000      -9.27785301     -0.644093513    
   30.0000000      -9.27785301     -0.163624763    
   33.7500000      -9.27785301      -2.32439041E-02
   37.5000000      -9.27785301      -9.16032791E-02
   41.2500000      -9.27785301      -5.00993729E-02
   45.0000000      -9.27785301      -8.74528885E-02
   48.7500000      -9.27785301      -1.39665604E-02
   52.5000000      -9.27785301      0.138133049    
   56.2500000      -9.27785301      0.122263908    
   60.0000000      -9.27785301      0.145701408    
   63.7500000      -9.27785301     -0.250782967    
   67.5000000      -9.27785301      -2.32439041E-02
   71.2500000      -9.27785301     -0.166066170    
   75.0000000      -9.27785301     -0.332325935    
   78.7500000      -9.27785301       5.80549240E-02
   82.5000000      -9.27785301      0.162302971    
   86.2500000      -9.27785301     -0.190724373    
   90.0000000      -9.27785301       2.82697678E-02
   93.7500000      -9.27785301       1.53303146E-02
   97.5000000      -9.27785301     -0.174366951    
   101.250000      -9.27785301      0.127146721    
   105.000000      -9.27785301     -0.397999763    
   108.750000      -9.27785301      -2.17790604E-02
   112.500000      -9.27785301     -0.116261482    
   116.250000      -9.27785301     -0.239064217    
   120.000000      -9.27785301      -1.44548416E-02
   123.750000      -9.27785301      0.151072502    
   127.500000      -9.27785301       8.83283615E-02
   131.250000      -9.27785301      0.151072502    
   135.000000      -9.27785301      -2.29997635E-02
   138.750000      -9.27785301      0.203562737    
   142.500000      -9.27785301     -0.149464607    
   146.250000      -9.27785301       9.29670334E-02
   150.000000      -9.27785301      0.227976799    
   153.750000      -9.27785301      0.210398674    
   157.500000      -9.27785301      -6.84099197E-02
   161.250000      -9.27785301       9.47093964E-03
   165.000000      -9.27785301       7.73420334E-02
   168.750000      -9.27785301      -9.77067947E-02
   172.500000      -9.27785301     -0.207570076    
   176.250000      -9.27785301     -0.512989998    
   180.000000      -9.27785301      -7.74431229E-02
   183.750000      -9.27785301       3.41291428E-02
   187.500000      -9.27785301       4.02326584E-02
   191.250000      -9.27785301       7.05060959E-02
   195.000000      -9.27785301       3.46174240E-02
   198.750000      -9.27785301      0.101756096    
   202.500000      -9.27785301       2.82697678E-02
   206.250000      -9.27785301       4.65803146E-02
   210.000000      -9.27785301       4.80451584E-02
   213.750000      -9.27785301      -6.98747635E-02
   217.500000      -9.27785301      -2.29997635E-02
   221.250000      -9.27785301       6.29377365E-02
   225.000000      -9.27785301       6.70881271E-02
   228.750000      -9.27785301       2.99787521E-02
   232.500000      -9.27785301      -6.88982010E-02
   236.250000      -9.27785301      -2.03142166E-02
   240.000000      -9.27785301      -1.25017166E-02
   243.750000      -9.27785301      -4.91228104E-02
   247.500000      -9.27785301      -1.81169510E-02
   251.250000      -9.27785301       5.46369553E-02
   255.000000      -9.27785301       4.38947678E-02
   258.750000      -9.27785301      0.154002190    
   262.500000      -9.27785301      0.115183830    
   266.250000      -9.27785301      -2.20232010E-02
   270.000000      -9.27785301      0.200388908    
   273.750000      -9.27785301       3.16877365E-02
   277.500000      -9.27785301      0.164988518    
   281.250000      -9.27785301       4.68244553E-02
   285.000000      -9.27785301       8.49437714E-03
   288.750000      -9.27785301      0.172801018    
   292.500000      -9.27785301       7.24592209E-02
   296.250000      -9.27785301      -9.59978104E-02
   300.000000      -9.27785301     -0.186329842    
   303.750000      -9.27785301     -0.230031013    
   307.500000      -9.27785301      0.183299065    
   311.250000      -9.27785301      0.225779533    
   315.000000      -9.27785301      0.233347893    
   318.750000      -9.27785301       5.92756271E-02
   322.500000      -9.27785301       6.73322678E-02
   326.250000      -9.27785301      -4.42399979E-02
   330.000000      -9.27785301       1.55744553E-02
   333.750000      -9.27785301       4.63361740E-02
   337.500000      -9.27785301      -1.66521072E-02
   341.250000      -9.27785301      -5.17749786E-03
   345.000000      -9.27785301       1.58185959E-02
   348.750000      -9.27785301      0.147410393    
   352.500000      -9.27785301      0.144968987    
   356.250000      -9.27785301      0.164011955    
   360.000000      -9.27785301      -6.84099197E-02
   0.00000000      -5.56671333      -1.00603104E-02
   3.75000000      -5.56671333       2.94904709E-02
   7.50000000      -5.56671333       4.80451584E-02
   11.2500000      -5.56671333       4.29182053E-02
   15.0000000      -5.56671333      -8.06169510E-02
   18.7500000      -5.56671333      0.100535393    
   22.5000000      -5.56671333       9.47093964E-03
   26.2500000      -5.56671333      -2.08024979E-02
   30.0000000      -5.56671333     -0.507374763    
   33.7500000      -5.56671333     -0.334767342    
   37.5000000      -5.56671333      -7.57341385E-02
   41.2500000      -5.56671333     -0.114308357    
   45.0000000      -5.56671333     -0.128468513    
   48.7500000      -5.56671333      -3.05681229E-02
   52.5000000      -5.56671333      -6.35271072E-02
   56.2500000      -5.56671333      0.162302971    
   60.0000000      -5.56671333      0.159617424    
   63.7500000      -5.56671333     -0.149464607    
   67.5000000      -5.56671333      -2.81267166E-02
   71.2500000      -5.56671333      0.124705315    
   75.0000000      -5.56671333       3.46174240E-02
   78.7500000      -5.56671333     -0.320607185    
   82.5000000      -5.56671333      0.150340080    
   86.2500000      -5.56671333      0.334666252    
   90.0000000      -5.56671333       9.63850021E-02
   93.7500000      -5.56671333      -3.88689041E-02
   97.5000000      -5.56671333      -8.94060135E-02
   101.250000      -5.56671333     -0.607472420    
   105.000000      -5.56671333      0.226023674    
   108.750000      -5.56671333      0.132273674    
   112.500000      -5.56671333      0.308543205    
   116.250000      -5.56671333       5.97639084E-02
   120.000000      -5.56671333      -1.42192554    
   123.750000      -5.56671333     -0.858693123    
   127.500000      -5.56671333      -8.35132599E-03
   131.250000      -5.56671333     -0.828663826    
   135.000000      -5.56671333      0.183787346    
   138.750000      -5.56671333      -3.96013260E-02
   142.500000      -5.56671333      -6.13298416E-02
   146.250000      -5.56671333      0.173777580    
   150.000000      -5.56671333      0.216502190    
   153.750000      -5.56671333      0.191111565    
   157.500000      -5.56671333      0.152537346    
   161.250000      -5.56671333       7.02953339E-03
   165.000000      -5.56671333       1.28889084E-02
   168.750000      -5.56671333     -0.346974373    
   172.500000      -5.56671333      0.319285393    
   176.250000      -5.56671333      -4.44841385E-02
   180.000000      -5.56671333     -0.419239998    
   183.750000      -5.56671333     -0.135792732    
   187.500000      -5.56671333       4.31623459E-02
   191.250000      -5.56671333      -8.76970291E-02
   195.000000      -5.56671333      -5.40056229E-02
   198.750000      -5.56671333       7.73420334E-02
   202.500000      -5.56671333      0.119334221    
   206.250000      -5.56671333       5.80883026E-03
   210.000000      -5.56671333      -3.32536697E-02
   213.750000      -5.56671333       1.04475021E-02
   217.500000      -5.56671333      -3.08122635E-02
   221.250000      -5.56671333      0.137888908    
   225.000000      -5.56671333       7.51781464E-03
   228.750000      -5.56671333       7.46564865E-02
   232.500000      -5.56671333       2.14672089E-03
   236.250000      -5.56671333      -6.37712479E-02
   240.000000      -5.56671333       6.07404709E-02
   243.750000      -5.56671333       1.97248459E-02
   247.500000      -5.56671333      -3.39860916E-02
   251.250000      -5.56671333       7.85627365E-02
   255.000000      -5.56671333      0.106883049    
   258.750000      -5.56671333       4.97541428E-02
   262.500000      -5.56671333       4.83226776E-03
   266.250000      -5.56671333      -5.42497635E-02
   270.000000      -5.56671333       6.81877136E-04
   273.750000      -5.56671333       1.97248459E-02
   277.500000      -5.56671333       5.43928146E-02
   281.250000      -5.56671333      -2.94685364E-04
   285.000000      -5.56671333      -5.96208572E-02
   288.750000      -5.56671333     -0.263966560    
   292.500000      -5.56671333     -0.604054451    
   296.250000      -5.56671333     -0.283497810    
   300.000000      -5.56671333     -0.240040779    
   303.750000      -5.56671333     -0.353566170    
   307.500000      -5.56671333     -0.194142342    
   311.250000      -5.56671333      -9.96599197E-02
   315.000000      -5.56671333       3.29084396E-02
   318.750000      -5.56671333      0.119578362    
   322.500000      -5.56671333      -4.69255447E-02
   326.250000      -5.56671333       1.14240646E-02
   330.000000      -5.56671333       8.68635178E-02
   333.750000      -5.56671333       8.97932053E-02
   337.500000      -5.56671333       9.22679901E-03
   341.250000      -5.56671333      -3.56950760E-02
   345.000000      -5.56671333      -1.46989822E-02
   348.750000      -5.56671333       4.24299240E-02
   352.500000      -5.56671333      0.179392815    
   356.250000      -5.56671333      0.144968987    
   360.000000      -5.56671333      -1.00603104E-02
   0.00000000      -1.85557151      -5.90991974E-03
   3.75000000      -1.85557151     -0.108937263    
   7.50000000      -1.85557151       4.90217209E-02
   11.2500000      -1.85557151     -0.128468513    
   15.0000000      -1.85557151      -9.33122635E-02
   18.7500000      -1.85557151     -0.505909920    
   22.5000000      -1.85557151       5.78107834E-02
   26.2500000      -1.85557151      -1.25102711    
   30.0000000      -1.85557151     -0.856007576    
   33.7500000      -1.85557151      0.187937737    
   37.5000000      -1.85557151      -5.10759354E-02
   41.2500000      -1.85557151      -3.76482010E-02
   45.0000000      -1.85557151      -1.49431229E-02
   48.7500000      -1.85557151       4.02326584E-02
   52.5000000      -1.85557151       1.16682053E-02
   56.2500000      -1.85557151       2.41193771E-02
   60.0000000      -1.85557151      0.104929924    
   63.7500000      -1.85557151       8.88166428E-02
   67.5000000      -1.85557151       3.92560959E-02
   71.2500000      -1.85557151     -0.192189217    
   75.0000000      -1.85557151       5.26838303E-02
   78.7500000      -1.85557151      0.166697502    
   82.5000000      -1.85557151      0.134226799    
   86.2500000      -1.85557151      0.171092033    
   90.0000000      -1.85557151      0.214060783    
   93.7500000      -1.85557151      -5.79118729E-02
   97.5000000      -1.85557151     -0.371876717    
   101.250000      -1.85557151     -0.122364998    
   105.000000      -1.85557151      -2.98357010E-02
   108.750000      -1.85557151      -2.78825760E-02
   112.500000      -1.85557151      0.129099846    
   116.250000      -1.85557151       6.22053146E-02
   120.000000      -1.85557151      0.905222893    
   123.750000      -1.85557151      0.333933830    
   127.500000      -1.85557151      0.245310783    
   131.250000      -1.85557151      0.118845940    
   135.000000      -1.85557151      0.164744377    
   138.750000      -1.85557151       1.28889084E-02
   142.500000      -1.85557151      -8.18376541E-02
   146.250000      -1.85557151     -0.509083748    
   150.000000      -1.85557151      0.151316643    
   153.750000      -1.85557151      -7.13396072E-02
   157.500000      -1.85557151     -0.134327888    
   161.250000      -1.85557151      -9.20915604E-02
   165.000000      -1.85557151     -0.379689217    
   168.750000      -1.85557151       7.27367401E-03
   172.500000      -1.85557151      -5.57146072E-02
   176.250000      -1.85557151       6.46467209E-02
   180.000000      -1.85557151      -4.27751541E-02
   183.750000      -1.85557151       1.99689865E-02
   187.500000      -1.85557151       3.58381271E-02
   191.250000      -1.85557151      -4.88786697E-02
   195.000000      -1.85557151       7.75861740E-02
   198.750000      -1.85557151       1.16682053E-02
   202.500000      -1.85557151       1.70392990E-02
   206.250000      -1.85557151       2.39086151E-03
   210.000000      -1.85557151       2.43635178E-02
   213.750000      -1.85557151      -4.57048416E-02
   217.500000      -1.85557151       7.88068771E-02
   221.250000      -1.85557151       9.98029709E-02
   225.000000      -1.85557151      0.103220940    
   228.750000      -1.85557151       7.63654709E-02
   232.500000      -1.85557151       3.85236740E-02
   236.250000      -1.85557151       2.99787521E-02
   240.000000      -1.85557151       2.60725021E-02
   243.750000      -1.85557151       6.97736740E-02
   247.500000      -1.85557151       7.56330490E-02
   251.250000      -1.85557151       3.19318771E-02
   255.000000      -1.85557151       2.87914276E-03
   258.750000      -1.85557151      -5.84001541E-02
   262.500000      -1.85557151       1.24006271E-02
   266.250000      -1.85557151      0.100535393    
   270.000000      -1.85557151       2.72932053E-02
   273.750000      -1.85557151      -7.37810135E-02
   277.500000      -1.85557151      0.135691643    
   281.250000      -1.85557151      0.428660393    
   285.000000      -1.85557151     -0.170948982    
   288.750000      -1.85557151       3.36742401E-03
   292.500000      -1.85557151     -0.106984138    
   296.250000      -1.85557151       2.82697678E-02
   300.000000      -1.85557151     -0.203663826    
   303.750000      -1.85557151     -0.479054451    
   307.500000      -1.85557151      0.113230705    
   311.250000      -1.85557151       7.80744553E-02
   315.000000      -1.85557151       7.02953339E-03
   318.750000      -1.85557151       1.04475021E-02
   322.500000      -1.85557151      -8.89177322E-02
   326.250000      -1.85557151      0.114939690    
   330.000000      -1.85557151      0.102244377    
   333.750000      -1.85557151       6.97736740E-02
   337.500000      -1.85557151      0.102488518    
   341.250000      -1.85557151       6.09846115E-02
   345.000000      -1.85557151       8.00609589E-03
   348.750000      -1.85557151       1.55744553E-02
   352.500000      -1.85557151      -2.08024979E-02
   356.250000      -1.85557151       5.97639084E-02
   360.000000      -1.85557151      -5.90991974E-03
   0.00000000       1.85557151       2.28986740E-02
   3.75000000       1.85557151      -2.37321854E-02
   7.50000000       1.85557151       5.39045334E-02
   11.2500000       1.85557151      -1.59196854E-02
   15.0000000       1.85557151       9.41877365E-02
   18.7500000       1.85557151      -8.59880447E-02
   22.5000000       1.85557151      0.100291252    
   26.2500000       1.85557151       7.36799240E-02
   30.0000000       1.85557151      -4.32634354E-02
   33.7500000       1.85557151       8.14924240E-02
   37.5000000       1.85557151      0.131297112    
   41.2500000       1.85557151      -9.69743729E-02
   45.0000000       1.85557151      -2.34880447E-02
   48.7500000       1.85557151       5.61017990E-02
   52.5000000       1.85557151       1.33771896E-02
   56.2500000       1.85557151       5.26838303E-02
   60.0000000       1.85557151      -5.17749786E-03
   63.7500000       1.85557151       1.19123459E-02
   67.5000000       1.85557151     -0.121388435    
   71.2500000       1.85557151      -3.05681229E-02
   75.0000000       1.85557151       1.24006271E-02
   78.7500000       1.85557151       9.80939865E-02
   82.5000000       1.85557151      0.178660393    
   86.2500000       1.85557151      -2.24781036E-03
   90.0000000       1.85557151       2.77814865E-02
   93.7500000       1.85557151       2.26545334E-02
   97.5000000       1.85557151      -6.91423416E-02
   101.250000       1.85557151       1.65843964E-03
   105.000000       1.85557151       9.26017761E-04
   108.750000       1.85557151      0.188181877    
   112.500000       1.85557151       2.19221115E-02
   116.250000       1.85557151       6.61115646E-02
   120.000000       1.85557151       7.75861740E-02
   123.750000       1.85557151       6.46467209E-02
   127.500000       1.85557151     -0.484181404    
   131.250000       1.85557151     -0.535206795    
   135.000000       1.85557151      -5.15642166E-02
   138.750000       1.85557151     -0.195118904    
   142.500000       1.85557151     -0.181447029    
   146.250000       1.85557151     -0.325489998    
   150.000000       1.85557151      0.190623283    
   153.750000       1.85557151       5.87873459E-02
   157.500000       1.85557151      -5.35173416E-02
   161.250000       1.85557151       1.43537521E-02
   165.000000       1.85557151       2.90021896E-02
   168.750000       1.85557151       9.41877365E-02
   172.500000       1.85557151       8.00609589E-03
   176.250000       1.85557151       6.78205490E-02
   180.000000       1.85557151       6.78205490E-02
   183.750000       1.85557151      -1.29899979E-02
   187.500000       1.85557151       7.97834396E-02
   191.250000       1.85557151       5.48810959E-02
   195.000000       1.85557151      -6.81657791E-02
   198.750000       1.85557151       5.80549240E-02
   202.500000       1.85557151      -2.73609161E-03
   206.250000       1.85557151      -2.32439041E-02
   210.000000       1.85557151     -0.107960701    
   213.750000       1.85557151      -4.39958572E-02
   217.500000       1.85557151       3.29084396E-02
   221.250000       1.85557151       9.90705490E-02
   225.000000       1.85557151      0.122263908    
   228.750000       1.85557151      0.108592033    
   232.500000       1.85557151      -7.40251541E-02
   236.250000       1.85557151      -2.32439041E-02
   240.000000       1.85557151       3.80353928E-02
   243.750000       1.85557151       1.58185959E-02
   247.500000       1.85557151      -1.68962479E-02
   251.250000       1.85557151      -1.34782791E-02
   255.000000       1.85557151     -0.154103279    
   258.750000       1.85557151      -8.91618729E-02
   262.500000       1.85557151       6.81877136E-04
   266.250000       1.85557151       5.87873459E-02
   270.000000       1.85557151      -5.59587479E-02
   273.750000       1.85557151       8.25023651E-03
   277.500000       1.85557151      -3.95679474E-03
   281.250000       1.85557151       7.09943771E-02
   285.000000       1.85557151     -0.119435310    
   288.750000       1.85557151       4.34398651E-03
   292.500000       1.85557151      -1.07927322E-02
   296.250000       1.85557151     -0.148243904    
   300.000000       1.85557151     -0.112355232    
   303.750000       1.85557151      0.203806877    
   307.500000       1.85557151      -5.00346851    
   311.250000       1.85557151     -0.288624763    
   315.000000       1.85557151     -0.106739998    
   318.750000       1.85557151       2.50959396E-02
   322.500000       1.85557151       7.41682053E-02
   326.250000       1.85557151       6.29377365E-02
   330.000000       1.85557151      0.125193596    
   333.750000       1.85557151      -4.86345291E-02
   337.500000       1.85557151       3.92560959E-02
   341.250000       1.85557151       7.49006271E-02
   345.000000       1.85557151       5.26838303E-02
   348.750000       1.85557151      0.176218987    
   352.500000       1.85557151      -8.18376541E-02
   356.250000       1.85557151      -9.86833572E-02
   360.000000       1.85557151       2.28986740E-02
   0.00000000       5.56671333       6.29377365E-02
   3.75000000       5.56671333       7.27033615E-02
   7.50000000       5.56671333      -7.28044510E-02
   11.2500000       5.56671333     -0.227589607    
   15.0000000       5.56671333     -0.101857185    
   18.7500000       5.56671333      -6.18181229E-02
   22.5000000       5.56671333      0.234324455    
   26.2500000       5.56671333       6.07404709E-02
   30.0000000       5.56671333       8.98265839E-03
   33.7500000       5.56671333      0.151072502    
   37.5000000       5.56671333     -0.185353279    
   41.2500000       5.56671333      -7.01189041E-02
   45.0000000       5.56671333      -5.91325760E-02
   48.7500000       5.56671333      -2.64177322E-02
   52.5000000       5.56671333      -2.64177322E-02
   56.2500000       5.56671333       4.70685959E-02
   60.0000000       5.56671333      -2.56853104E-02
   63.7500000       5.56671333      0.177683830    
   67.5000000       5.56671333       2.55842209E-02
   71.2500000       5.56671333      0.110545158    
   75.0000000       5.56671333       4.65803146E-02
   78.7500000       5.56671333      -4.93335724E-03
   82.5000000       5.56671333      -4.93669510E-02
   86.2500000       5.56671333     -0.759083748    
   90.0000000       5.56671333     -0.204396248    
   93.7500000       5.56671333     -0.665577888    
   97.5000000       5.56671333     -0.751271248    
   101.250000       5.56671333     -0.169972420    
   105.000000       5.56671333       5.29279709E-02
   108.750000       5.56671333      0.156443596    
   112.500000       5.56671333     -0.288868904    
   116.250000       5.56671333      -8.59546661E-03
   120.000000       5.56671333      -4.25310135E-02
   123.750000       5.56671333     -0.387745857    
   127.500000       5.56671333     -0.168019295    
   131.250000       5.56671333      0.171092033    
   135.000000       5.56671333       9.29670334E-02
   138.750000       5.56671333      0.219187737    
   142.500000       5.56671333       5.09748459E-02
   146.250000       5.56671333       9.32111740E-02
   150.000000       5.56671333      0.205760002    
   153.750000       5.56671333       4.65803146E-02
   157.500000       5.56671333       1.19123459E-02
   161.250000       5.56671333       1.11799240E-02
   165.000000       5.56671333       9.98029709E-02
   168.750000       5.56671333       9.90705490E-02
   172.500000       5.56671333      -1.37224197E-02
   176.250000       5.56671333       2.48517990E-02
   180.000000       5.56671333      -6.52360916E-02
   183.750000       5.56671333       2.16779709E-02
   187.500000       5.56671333      0.145213127    
   191.250000       5.56671333      -3.32536697E-02
   195.000000       5.56671333      0.115183830    
   198.750000       5.56671333      -6.81657791E-02
   202.500000       5.56671333      0.129832268    
   206.250000       5.56671333     -0.126515388    
   210.000000       5.56671333     -0.317189217    
   213.750000       5.56671333       3.21760178E-02
   217.500000       5.56671333      -5.00993729E-02
   221.250000       5.56671333       6.58674240E-02
   225.000000       5.56671333       4.90217209E-02
   228.750000       5.56671333       6.75764084E-02
   232.500000       5.56671333       1.60627365E-02
   236.250000       5.56671333      -6.69450760E-02
   240.000000       5.56671333       2.77814865E-02
   243.750000       5.56671333       4.07209396E-02
   247.500000       5.56671333       1.06916428E-02
   251.250000       5.56671333       7.02619553E-02
   255.000000       5.56671333      -1.98259354E-02
   258.750000       5.56671333      -3.17888260E-02
   262.500000       5.56671333       8.88166428E-02
   266.250000       5.56671333      0.253611565    
   270.000000       5.56671333     -0.106007576    
   273.750000       5.56671333      -9.57202911E-03
   277.500000       5.56671333       7.19709396E-02
   281.250000       5.56671333      0.120310783    
   285.000000       5.56671333     -0.284230232    
   288.750000       5.56671333      0.103220940    
   292.500000       5.56671333      0.107127190    
   296.250000       5.56671333       3.11994553E-02
   300.000000       5.56671333      -6.45036697E-02
   303.750000       5.56671333       6.44025803E-02
   307.500000       5.56671333     -0.133107185    
   311.250000       5.56671333       4.99982834E-02
   315.000000       5.56671333       3.41291428E-02
   318.750000       5.56671333     -0.147267342    
   322.500000       5.56671333     -0.304738045    
   326.250000       5.56671333     -0.226857185    
   330.000000       5.56671333      -1.88493729E-02
   333.750000       5.56671333      -2.73942947E-02
   337.500000       5.56671333       4.16975021E-02
   341.250000       5.56671333     -0.187306404    
   345.000000       5.56671333     -0.100636482    
   348.750000       5.56671333       8.83283615E-02
   352.500000       5.56671333      0.221140862    
   356.250000       5.56671333      -6.81657791E-02
   360.000000       5.56671333       6.29377365E-02
   0.00000000       9.27785301      -2.39763260E-02
   3.75000000       9.27785301      -8.91618729E-02
   7.50000000       9.27785301       9.66291428E-02
   11.2500000       9.27785301       2.63500214E-03
   15.0000000       9.27785301      -6.39820099E-03
   18.7500000       9.27785301      -3.34978104E-02
   22.5000000       9.27785301       2.60725021E-02
   26.2500000       9.27785301       9.17463303E-02
   30.0000000       9.27785301      -6.27946854E-02
   33.7500000       9.27785301      -4.74138260E-02
   37.5000000       9.27785301      0.239939690    
   41.2500000       9.27785301       3.51057053E-02
   45.0000000       9.27785301       2.38752365E-02
   48.7500000       9.27785301       5.82990646E-02
   52.5000000       9.27785301       8.97932053E-02
   56.2500000       9.27785301       9.68732834E-02
   60.0000000       9.27785301      0.123972893    
   63.7500000       9.27785301      0.110056877    
   67.5000000       9.27785301       9.76057053E-02
   71.2500000       9.27785301       8.58869553E-02
   75.0000000       9.27785301      -8.15935135E-02
   78.7500000       9.27785301      -7.45134354E-02
   82.5000000       9.27785301       8.27131271E-02
   86.2500000       9.27785301     -0.886769295    
   90.0000000       9.27785301       4.36506271E-02
   93.7500000       9.27785301       5.26838303E-02
   97.5000000       9.27785301      0.219920158    
   101.250000       9.27785301       4.65803146E-02
   105.000000       9.27785301      -7.81755447E-02
   108.750000       9.27785301       1.65510178E-02
   112.500000       9.27785301      0.111765862    
   116.250000       9.27785301       2.02131271E-02
   120.000000       9.27785301       6.24494553E-02
   123.750000       9.27785301       3.24201584E-02
   127.500000       9.27785301       7.02619553E-02
   131.250000       9.27785301      0.141062737    
   135.000000       9.27785301       7.44123459E-02
   138.750000       9.27785301      0.101756096    
   142.500000       9.27785301       7.46564865E-02
   146.250000       9.27785301      -4.44507599E-03
   150.000000       9.27785301       7.97834396E-02
   153.750000       9.27785301       5.61017990E-02
   157.500000       9.27785301       9.80939865E-02
   161.250000       9.27785301       5.56135178E-02
   165.000000       9.27785301      0.138377190    
   168.750000       9.27785301       9.32111740E-02
   172.500000       9.27785301       2.21662521E-02
   176.250000       9.27785301       3.09553146E-02
   180.000000       9.27785301       2.43635178E-02
   183.750000       9.27785301      -5.62028885E-02
   187.500000       9.27785301       4.99982834E-02
   191.250000       9.27785301     -0.608204842    
   195.000000       9.27785301     -0.501759529    
   198.750000       9.27785301     -0.105763435    
   202.500000       9.27785301      -5.18083572E-02
   206.250000       9.27785301      -7.82966614E-04
   210.000000       9.27785301      -7.82966614E-04
   213.750000       9.27785301       6.80646896E-02
   217.500000       9.27785301      -1.27124786E-03
   221.250000       9.27785301      -1.29277515    
   225.000000       9.27785301       7.41682053E-02
   228.750000       9.27785301      -2.51970291E-02
   232.500000       9.27785301      -1.73845291E-02
   236.250000       9.27785301     -0.166798592    
   240.000000       9.27785301      -7.37476349E-03
   243.750000       9.27785301      0.181101799    
   247.500000       9.27785301      0.109324455    
   251.250000       9.27785301      0.140574455    
   255.000000       9.27785301      0.199412346    
   258.750000       9.27785301       7.80744553E-02
   262.500000       9.27785301       4.53596115E-02
   266.250000       9.27785301       9.02814865E-02
   270.000000       9.27785301       1.43537521E-02
   273.750000       9.27785301      -2.61735916E-02
   277.500000       9.27785301     -0.179493904    
   281.250000       9.27785301       3.85236740E-02
   285.000000       9.27785301      -9.94157791E-02
   288.750000       9.27785301      -4.05778885E-02
   292.500000       9.27785301       6.29711151E-03
   296.250000       9.27785301     -0.134572029    
   300.000000       9.27785301       8.51545334E-02
   303.750000       9.27785301      0.265330315    
   307.500000       9.27785301      0.111765862    
   311.250000       9.27785301       8.95490646E-02
   315.000000       9.27785301      0.130320549    
   318.750000       9.27785301      -6.88982010E-02
   322.500000       9.27785301      -4.30192947E-02
   326.250000       9.27785301      -3.46851349E-03
   330.000000       9.27785301      -1.51538849E-03
   333.750000       9.27785301      -1.29899979E-02
   337.500000       9.27785301      -3.71265411E-03
   341.250000       9.27785301       2.80256271E-02
   345.000000       9.27785301       6.36701584E-02
   348.750000       9.27785301      0.202830315    
   352.500000       9.27785301       9.56525803E-02
   356.250000       9.27785301       9.95922089E-03
   360.000000       9.27785301      -2.39763260E-02
   0.00000000       12.9889879      0.228709221    
   3.75000000       12.9889879       5.63459396E-02
   7.50000000       12.9889879     -0.175831795    
   11.2500000       12.9889879      -4.20427322E-02
   15.0000000       12.9889879      -7.61890411E-03
   18.7500000       12.9889879      -6.03532791E-02
   22.5000000       12.9889879      -4.30192947E-02
   26.2500000       12.9889879       6.34260178E-02
   30.0000000       12.9889879      0.130076408    
   33.7500000       12.9889879      -5.52263260E-02
   37.5000000       12.9889879      -3.15446854E-02
   41.2500000       12.9889879      -8.98942947E-02
   45.0000000       12.9889879       1.60627365E-02
   48.7500000       12.9889879      -6.88648224E-03
   52.5000000       12.9889879       3.63264084E-02
   56.2500000       12.9889879       2.33869553E-02
   60.0000000       12.9889879      -3.64274979E-02
   63.7500000       12.9889879       9.68732834E-02
   67.5000000       12.9889879      0.102976799    
   71.2500000       12.9889879      -4.39958572E-02
   75.0000000       12.9889879      -8.35132599E-03
   78.7500000       12.9889879     -0.177540779    
   82.5000000       12.9889879      0.159861565    
   86.2500000       12.9889879     -0.133107185    
   90.0000000       12.9889879       8.73851776E-03
   93.7500000       12.9889879      -8.25700760E-02
   97.5000000       12.9889879       9.05256271E-02
   101.250000       12.9889879     -0.154103279    
   105.000000       12.9889879       6.73322678E-02
   108.750000       12.9889879       2.97346115E-02
   112.500000       12.9889879       4.58812714E-03
   116.250000       12.9889879      -3.74040604E-02
   120.000000       12.9889879     -0.109669685    
   123.750000       12.9889879       2.46076584E-02
   127.500000       12.9889879      -9.57536697E-02
   131.250000       12.9889879      -4.30192947E-02
   135.000000       12.9889879      -7.18278885E-02
   138.750000       12.9889879       7.07502365E-02
   142.500000       12.9889879       9.24787521E-02
   146.250000       12.9889879       7.22150803E-02
   150.000000       12.9889879     -0.133595467    
   153.750000       12.9889879      -7.13396072E-02
   157.500000       12.9889879       5.21955490E-02
   161.250000       12.9889879      0.112498283    
   165.000000       12.9889879      0.177439690    
   168.750000       12.9889879      0.127146721    
   172.500000       12.9889879      0.129832268    
   176.250000       12.9889879      0.277537346    
   180.000000       12.9889879       6.87971115E-02
   183.750000       12.9889879      -9.52653885E-02
   187.500000       12.9889879     -0.292531013    
   191.250000       12.9889879       3.60822678E-02
   195.000000       12.9889879      0.267283440    
   198.750000       12.9889879      0.227976799    
   202.500000       12.9889879      -2.44646072E-02
   206.250000       12.9889879       4.60920334E-02
   210.000000       12.9889879      -2.76384354E-02
   213.750000       12.9889879      -5.66577911E-03
   217.500000       12.9889879      -2.29997635E-02
   221.250000       12.9889879      -6.62126541E-02
   225.000000       12.9889879      -1.75952911E-03
   228.750000       12.9889879      -9.13591385E-02
   232.500000       12.9889879       2.48517990E-02
   236.250000       12.9889879       8.07600021E-02
   240.000000       12.9889879     -0.234669685    
   243.750000       12.9889879      -4.13103104E-02
   247.500000       12.9889879      -9.81616974E-03
   251.250000       12.9889879      0.142283440    
   255.000000       12.9889879      0.217967033    
   258.750000       12.9889879       4.37736511E-04
   262.500000       12.9889879      -7.50017166E-02
   266.250000       12.9889879      -5.49821854E-02
   270.000000       12.9889879      0.188670158    
   273.750000       12.9889879      0.119334221    
   277.500000       12.9889879       6.00080490E-02
   281.250000       12.9889879      0.113963127    
   285.000000       12.9889879      0.178172112    
   288.750000       12.9889879      0.182322502    
   292.500000       12.9889879      0.112010002    
   296.250000       12.9889879      0.102976799    
   300.000000       12.9889879       9.32111740E-02
   303.750000       12.9889879       9.88264084E-02
   307.500000       12.9889879       2.24103928E-02
   311.250000       12.9889879       8.53986740E-02
   315.000000       12.9889879       8.32014084E-02
   318.750000       12.9889879      -8.28142166E-02
   322.500000       12.9889879       3.70588303E-02
   326.250000       12.9889879     -0.187794685    
   330.000000       12.9889879      -1.22575760E-02
   333.750000       12.9889879      -2.98023224E-03
   337.500000       12.9889879       2.85139084E-02
   341.250000       12.9889879       5.73225021E-02
   345.000000       12.9889879       5.19514084E-02
   348.750000       12.9889879      -2.37321854E-02
   352.500000       12.9889879      -1.03044510E-02
   356.250000       12.9889879      0.174510002    
   360.000000       12.9889879      0.228709221    
   0.00000000       16.7001171      0.177195549    
   3.75000000       16.7001171      -8.08610916E-02
   7.50000000       16.7001171       1.02033615E-02
   11.2500000       16.7001171       9.44318771E-02
   15.0000000       16.7001171      0.171336174    
   18.7500000       16.7001171      0.122019768    
   22.5000000       16.7001171       7.05060959E-02
   26.2500000       16.7001171       3.48615646E-02
   30.0000000       16.7001171      -1.71403885E-02
   33.7500000       16.7001171     -0.176075935    
   37.5000000       16.7001171     -0.121144295    
   41.2500000       16.7001171       8.95490646E-02
   45.0000000       16.7001171       1.65510178E-02
   48.7500000       16.7001171       3.77912521E-02
   52.5000000       16.7001171       4.80451584E-02
   56.2500000       16.7001171       5.31721115E-02
   60.0000000       16.7001171      -1.29899979E-02
   63.7500000       16.7001171       4.58812714E-03
   67.5000000       16.7001171      0.241892815    
   71.2500000       16.7001171      -6.27946854E-02
   75.0000000       16.7001171       4.14533615E-02
   78.7500000       16.7001171     -0.121388435    
   82.5000000       16.7001171       1.38654709E-02
   86.2500000       16.7001171      -4.69255447E-02
   90.0000000       16.7001171       4.14533615E-02
   93.7500000       16.7001171     -0.106251717    
   97.5000000       16.7001171      -3.32536697E-02
   101.250000       16.7001171      -2.27556229E-02
   105.000000       16.7001171       8.49103928E-02
   108.750000       16.7001171       4.48713303E-02
   112.500000       16.7001171       6.90412521E-02
   116.250000       16.7001171       7.00178146E-02
   120.000000       16.7001171      0.143260002    
   123.750000       16.7001171      0.297801018    
   127.500000       16.7001171       1.33771896E-02
   131.250000       16.7001171     -0.151906013    
   135.000000       16.7001171      -7.10954666E-02
   138.750000       16.7001171       1.26447678E-02
   142.500000       16.7001171       1.04475021E-02
   146.250000       16.7001171     -0.108204842    
   150.000000       16.7001171     -0.267384529    
   153.750000       16.7001171       1.75275803E-02
   157.500000       16.7001171       1.58185959E-02
   161.250000       16.7001171       1.50861740E-02
   165.000000       16.7001171      0.123728752    
   168.750000       16.7001171      0.175974846    
   172.500000       16.7001171      0.148875237    
   176.250000       16.7001171      0.276804924    
   180.000000       16.7001171      -4.00896072E-02
   183.750000       16.7001171     -0.216847420    
   187.500000       16.7001171      -3.83806229E-02
   191.250000       16.7001171      0.307566643    
   195.000000       16.7001171      0.131785393    
   198.750000       16.7001171     -0.137989998    
   202.500000       16.7001171      -2.32439041E-02
   206.250000       16.7001171       1.26447678E-02
   210.000000       16.7001171       3.36742401E-03
   213.750000       16.7001171       3.41291428E-02
   217.500000       16.7001171     -0.157765388    
   221.250000       16.7001171     -0.126759529    
   225.000000       16.7001171      -6.59685135E-02
   228.750000       16.7001171       1.65843964E-03
   232.500000       16.7001171      0.113474846    
   236.250000       16.7001171      -1.86052322E-02
   240.000000       16.7001171     -0.127980232    
   243.750000       16.7001171       2.16779709E-02
   247.500000       16.7001171      -9.77067947E-02
   251.250000       16.7001171     -0.113087654    
   255.000000       16.7001171       2.63500214E-03
   258.750000       16.7001171      -9.33122635E-02
   262.500000       16.7001171       5.36603928E-02
   266.250000       16.7001171       1.41429901E-03
   270.000000       16.7001171      0.192576408    
   273.750000       16.7001171       3.09553146E-02
   277.500000       16.7001171       5.26838303E-02
   281.250000       16.7001171       2.46076584E-02
   285.000000       16.7001171       8.00609589E-03
   288.750000       16.7001171       4.63361740E-02
   292.500000       16.7001171       4.31623459E-02
   296.250000       16.7001171      0.102488518    
   300.000000       16.7001171      0.190623283    
   303.750000       16.7001171      0.157664299    
   307.500000       16.7001171      0.219676018    
   311.250000       16.7001171      0.128123283    
   315.000000       16.7001171       3.41291428E-02
   318.750000       16.7001171     -0.198781013    
   322.500000       16.7001171      -7.01189041E-02
   326.250000       16.7001171      -4.54607010E-02
   330.000000       16.7001171       2.92463303E-02
   333.750000       16.7001171       3.90119553E-02
   337.500000       16.7001171       7.73420334E-02
   341.250000       16.7001171      0.168162346    
   345.000000       16.7001171       4.24299240E-02
   348.750000       16.7001171       7.00178146E-02
   352.500000       16.7001171      0.264353752    
   356.250000       16.7001171      -3.86247635E-02
   360.000000       16.7001171      0.177195549    
   0.00000000       20.4112377     -0.203663826    
   3.75000000       20.4112377      -8.06169510E-02
   7.50000000       20.4112377      0.138133049    
   11.2500000       20.4112377      0.114451408    
   15.0000000       20.4112377       2.55842209E-02
   18.7500000       20.4112377       7.80744553E-02
   22.5000000       20.4112377      0.215037346    
   26.2500000       20.4112377      0.196238518    
   30.0000000       20.4112377      0.131297112    
   33.7500000       20.4112377       8.71076584E-02
   37.5000000       20.4112377       5.92756271E-02
   41.2500000       20.4112377      0.231394768    
   45.0000000       20.4112377       1.19123459E-02
   48.7500000       20.4112377      0.116648674    
   52.5000000       20.4112377       9.93146896E-02
   56.2500000       20.4112377       6.41584396E-02
   60.0000000       20.4112377      -6.03532791E-02
   63.7500000       20.4112377      -4.37517166E-02
   67.5000000       20.4112377       7.61213303E-02
   71.2500000       20.4112377      0.134226799    
   75.0000000       20.4112377     -0.100636482    
   78.7500000       20.4112377      -9.42888260E-02
   82.5000000       20.4112377      -2.95915604E-02
   86.2500000       20.4112377      -1.27458572E-02
   90.0000000       20.4112377      -3.61833572E-02
   93.7500000       20.4112377      -6.93864822E-02
   97.5000000       20.4112377       9.71174240E-02
   101.250000       20.4112377      -7.74431229E-02
   105.000000       20.4112377      -1.15251541E-02
   108.750000       20.4112377       4.12092209E-02
   112.500000       20.4112377       2.97346115E-02
   116.250000       20.4112377      0.119334221    
   120.000000       20.4112377       7.61213303E-02
   123.750000       20.4112377     -0.186329842    
   127.500000       20.4112377       2.02131271E-02
   131.250000       20.4112377       9.05256271E-02
   135.000000       20.4112377      -9.79509354E-02
   138.750000       20.4112377       1.87482834E-02
   142.500000       20.4112377      -3.98454666E-02
   146.250000       20.4112377      -5.03435135E-02
   150.000000       20.4112377      -5.54704666E-02
   153.750000       20.4112377     -0.158741951    
   157.500000       20.4112377     -0.101124763    
   161.250000       20.4112377       2.04572678E-02
   165.000000       20.4112377      0.166697502    
   168.750000       20.4112377      0.223093987    
   172.500000       20.4112377       7.05060959E-02
   176.250000       20.4112377       7.88068771E-02
   180.000000       20.4112377       7.12385178E-02
   183.750000       20.4112377      -3.81364822E-02
   187.500000       20.4112377       1.31330490E-02
   191.250000       20.4112377      -1.88493729E-02
   195.000000       20.4112377       1.31330490E-02
   198.750000       20.4112377      0.113963127    
   202.500000       20.4112377     -0.182423592    
   206.250000       20.4112377       8.07600021E-02
   210.000000       20.4112377       3.33967209E-02
   213.750000       20.4112377       2.04572678E-02
   217.500000       20.4112377      -9.33122635E-02
   221.250000       20.4112377     -0.113820076    
   225.000000       20.4112377      -9.84392166E-02
   228.750000       20.4112377     -0.130665779    
   232.500000       20.4112377       9.22679901E-03
   236.250000       20.4112377      -1.83610916E-02
   240.000000       20.4112377       1.43537521E-02
   243.750000       20.4112377      0.105174065    
   247.500000       20.4112377      0.109568596    
   251.250000       20.4112377      -2.71501541E-02
   255.000000       20.4112377       7.14826584E-02
   258.750000       20.4112377       8.90607834E-02
   262.500000       20.4112377      0.249705315    
   266.250000       20.4112377     -0.133351326    
   270.000000       20.4112377      0.224314690    
   273.750000       20.4112377       8.36896896E-02
   277.500000       20.4112377      0.164500237    
   281.250000       20.4112377      0.187693596    
   285.000000       20.4112377      0.131297112    
   288.750000       20.4112377      -1.44548416E-02
   292.500000       20.4112377       2.38752365E-02
   296.250000       20.4112377       7.80744553E-02
   300.000000       20.4112377      0.205271721    
   303.750000       20.4112377      0.214060783    
   307.500000       20.4112377      0.100047112    
   311.250000       20.4112377      0.230662346    
   315.000000       20.4112377      -3.00798416E-02
   318.750000       20.4112377      -9.96599197E-02
   322.500000       20.4112377     -0.132618904    
   326.250000       20.4112377       7.27367401E-03
   330.000000       20.4112377       7.44123459E-02
   333.750000       20.4112377      0.171580315    
   337.500000       20.4112377      0.151072502    
   341.250000       20.4112377      -1.88493729E-02
   345.000000       20.4112377       9.26017761E-04
   348.750000       20.4112377       8.68635178E-02
   352.500000       20.4112377       4.09650803E-02
   356.250000       20.4112377     -0.125782967    
   360.000000       20.4112377     -0.203663826    
   0.00000000       24.1223469      0.179148674    
   3.75000000       24.1223469      -4.88786697E-02
   7.50000000       24.1223469      0.188181877    
   11.2500000       24.1223469       6.87971115E-02
   15.0000000       24.1223469      -7.13062286E-03
   18.7500000       24.1223469       1.89924240E-02
   22.5000000       24.1223469      0.225779533    
   26.2500000       24.1223469       2.41193771E-02
   30.0000000       24.1223469      0.147898674    
   33.7500000       24.1223469      0.143992424    
   37.5000000       24.1223469       6.00080490E-02
   41.2500000       24.1223469       8.78400803E-02
   45.0000000       24.1223469      0.159861565    
   48.7500000       24.1223469      -7.82966614E-04
   52.5000000       24.1223469       3.46174240E-02
   56.2500000       24.1223469      0.176218987    
   60.0000000       24.1223469      0.130808830    
   63.7500000       24.1223469      -9.81616974E-03
   67.5000000       24.1223469      0.174265862    
   71.2500000       24.1223469      0.222605705    
   75.0000000       24.1223469     -0.365284920    
   78.7500000       24.1223469     -0.168751717    
   82.5000000       24.1223469       6.29711151E-03
   86.2500000       24.1223469      -8.10718536E-03
   90.0000000       24.1223469       1.33771896E-02
   93.7500000       24.1223469      0.147410393    
   97.5000000       24.1223469      0.181590080    
   101.250000       24.1223469      -5.81560135E-02
   105.000000       24.1223469      0.267039299    
   108.750000       24.1223469       6.44025803E-02
   112.500000       24.1223469       7.24592209E-02
   116.250000       24.1223469       7.76195526E-03
   120.000000       24.1223469     -0.173146248    
   123.750000       24.1223469      0.398875237    
   127.500000       24.1223469     -0.205372810    
   131.250000       24.1223469       3.80353928E-02
   135.000000       24.1223469      0.296092033    
   138.750000       24.1223469      -2.81267166E-02
   142.500000       24.1223469     -0.243458748    
   146.250000       24.1223469     -0.114552498    
   150.000000       24.1223469      -8.89177322E-02
   153.750000       24.1223469       6.90412521E-02
   157.500000       24.1223469      -3.78923416E-02
   161.250000       24.1223469      -5.57146072E-02
   165.000000       24.1223469      -6.39820099E-03
   168.750000       24.1223469      0.137400627    
   172.500000       24.1223469       9.10139084E-02
   176.250000       24.1223469       3.80353928E-02
   180.000000       24.1223469      0.159861565    
   183.750000       24.1223469       3.68146896E-02
   187.500000       24.1223469      0.116404533    
   191.250000       24.1223469      -5.91325760E-02
   195.000000       24.1223469       7.12385178E-02
   198.750000       24.1223469       1.72834396E-02
   202.500000       24.1223469      0.145701408    
   206.250000       24.1223469     -0.135792732    
   210.000000       24.1223469       4.53596115E-02
   213.750000       24.1223469      0.284617424    
   217.500000       24.1223469      0.165965080    
   221.250000       24.1223469      -6.64567947E-02
   225.000000       24.1223469      -5.22966385E-02
   228.750000       24.1223469      -4.35075760E-02
   232.500000       24.1223469     -0.127247810    
   236.250000       24.1223469      -1.39665604E-02
   240.000000       24.1223469       3.04670334E-02
   243.750000       24.1223469      0.178904533    
   247.500000       24.1223469      0.135935783    
   251.250000       24.1223469     -0.139698982    
   255.000000       24.1223469      0.228465080    
   258.750000       24.1223469       6.83088303E-02
   262.500000       24.1223469       2.75373459E-02
   266.250000       24.1223469     -0.196583748    
   270.000000       24.1223469       8.00609589E-03
   273.750000       24.1223469      -5.71794510E-02
   277.500000       24.1223469      -6.15739822E-02
   281.250000       24.1223469      -1.71403885E-02
   285.000000       24.1223469     -0.135792732    
   288.750000       24.1223469       9.02814865E-02
   292.500000       24.1223469       7.90510178E-02
   296.250000       24.1223469      0.165720940    
   300.000000       24.1223469       5.95197678E-02
   303.750000       24.1223469      0.186472893    
   307.500000       24.1223469      0.139353752    
   311.250000       24.1223469     -0.546193123    
   315.000000       24.1223469      0.122263908    
   318.750000       24.1223469     -0.679982185    
   322.500000       24.1223469       8.00275803E-02
   326.250000       24.1223469       2.04572678E-02
   330.000000       24.1223469       3.95002365E-02
   333.750000       24.1223469      0.204051018    
   337.500000       24.1223469      0.168650627    
   341.250000       24.1223469      0.237986565    
   345.000000       24.1223469       8.34455490E-02
   348.750000       24.1223469      0.313670158    
   352.500000       24.1223469      0.177927971    
   356.250000       24.1223469      0.299998283    
   360.000000       24.1223469      0.179148674    
   0.00000000       27.8334446     -0.294484138    
   3.75000000       27.8334446      0.338572502    
   7.50000000       27.8334446     -0.164601326    
   11.2500000       27.8334446       1.26447678E-02
   15.0000000       27.8334446      -5.00993729E-02
   18.7500000       27.8334446      0.112498283    
   22.5000000       27.8334446      -1.44548416E-02
   26.2500000       27.8334446      -1.51538849E-03
   30.0000000       27.8334446      -8.96501541E-02
   33.7500000       27.8334446       8.10041428E-02
   37.5000000       27.8334446      0.305369377    
   41.2500000       27.8334446       7.27367401E-03
   45.0000000       27.8334446      -6.42595291E-02
   48.7500000       27.8334446      -9.86833572E-02
   52.5000000       27.8334446     -0.109181404    
   56.2500000       27.8334446      0.135447502    
   60.0000000       27.8334446      0.154002190    
   63.7500000       27.8334446       5.12189865E-02
   67.5000000       27.8334446     -0.197560310    
   71.2500000       27.8334446      -3.71599197E-02
   75.0000000       27.8334446      -4.88786697E-02
   78.7500000       27.8334446       8.63752365E-02
   82.5000000       27.8334446      0.140086174    
   86.2500000       27.8334446      0.164988518    
   90.0000000       27.8334446      0.372508049    
   93.7500000       27.8334446      0.198679924    
   97.5000000       27.8334446      0.476511955    
   101.250000       27.8334446      -8.54997635E-02
   105.000000       27.8334446      0.303660393    
   108.750000       27.8334446      -6.08415604E-02
   112.500000       27.8334446       6.46467209E-02
   116.250000       27.8334446      -7.06071854E-02
   120.000000       27.8334446      0.198924065    
   123.750000       27.8334446      0.206980705    
   127.500000       27.8334446       9.68732834E-02
   131.250000       27.8334446      0.207224846    
   135.000000       27.8334446      0.127146721    
   138.750000       27.8334446      -6.88982010E-02
   142.500000       27.8334446     -0.128712654    
   146.250000       27.8334446       7.78303146E-02
   150.000000       27.8334446      0.383006096    
   153.750000       27.8334446       4.21857834E-02
   157.500000       27.8334446      -5.79118729E-02
   161.250000       27.8334446      -7.69548416E-02
   165.000000       27.8334446      -5.25407791E-02
   168.750000       27.8334446      -4.66814041E-02
   172.500000       27.8334446       1.33771896E-02
   176.250000       27.8334446      -4.49724197E-02
   180.000000       27.8334446      0.150584221    
   183.750000       27.8334446      0.139353752    
   187.500000       27.8334446      0.123972893    
   191.250000       27.8334446       5.87873459E-02
   195.000000       27.8334446      -4.69255447E-02
   198.750000       27.8334446      -3.59392166E-02
   202.500000       27.8334446       7.68537521E-02
   206.250000       27.8334446      0.347605705    
   210.000000       27.8334446      0.133982658    
   213.750000       27.8334446      0.748484612    
   217.500000       27.8334446      0.443308830    
   221.250000       27.8334446     -0.256886482    
   225.000000       27.8334446     -0.169484138    
   228.750000       27.8334446     -0.198048592    
   232.500000       27.8334446      -9.33122635E-02
   236.250000       27.8334446      -3.93571854E-02
   240.000000       27.8334446       2.43635178E-02
   243.750000       27.8334446       2.43635178E-02
   247.500000       27.8334446       8.53986740E-02
   251.250000       27.8334446       6.78205490E-02
   255.000000       27.8334446      0.336619377    
   258.750000       27.8334446      0.604197502    
   262.500000       27.8334446     -0.245656013    
   266.250000       27.8334446      -7.79314041E-02
   270.000000       27.8334446     -0.113331795    
   273.750000       27.8334446      -1.56755447E-02
   277.500000       27.8334446       1.48420334E-02
   281.250000       27.8334446      -6.05974197E-02
   285.000000       27.8334446       3.53498459E-02
   288.750000       27.8334446      0.213328362    
   292.500000       27.8334446      0.166453362    
   296.250000       27.8334446      0.297312737    
   300.000000       27.8334446      0.134959221    
   303.750000       27.8334446      0.249217033    
   307.500000       27.8334446       4.19416428E-02
   311.250000       27.8334446      -6.30388260E-02
   315.000000       27.8334446     -0.407765388    
   318.750000       27.8334446      0.190623283    
   322.500000       27.8334446       7.97834396E-02
   326.250000       27.8334446       8.24689865E-02
   330.000000       27.8334446      0.143504143    
   333.750000       27.8334446       9.24787521E-02
   337.500000       27.8334446      -4.03337479E-02
   341.250000       27.8334446       4.07209396E-02
   345.000000       27.8334446      0.484812737    
   348.750000       27.8334446      0.504099846    
   352.500000       27.8334446      0.545603752    
   356.250000       27.8334446     -0.105519295    
   360.000000       27.8334446     -0.294484138    
   0.00000000       31.5445251     -0.272755623    
   3.75000000       31.5445251     -0.713185310    
   7.50000000       31.5445251      -3.08122635E-02
   11.2500000       31.5445251     -0.158986092    
   15.0000000       31.5445251       4.73127365E-02
   18.7500000       31.5445251       4.97541428E-02
   22.5000000       31.5445251       1.38654709E-02
   26.2500000       31.5445251      -5.54704666E-02
   30.0000000       31.5445251      -9.03825760E-02
   33.7500000       31.5445251      -6.49919510E-02
   37.5000000       31.5445251     -0.201466560    
   41.2500000       31.5445251     -0.105275154    
   45.0000000       31.5445251       7.46564865E-02
   48.7500000       31.5445251       8.90607834E-02
   52.5000000       31.5445251       1.80158615E-02
   56.2500000       31.5445251      0.164011955    
   60.0000000       31.5445251     -0.150929451    
   63.7500000       31.5445251       7.29475021E-02
   67.5000000       31.5445251      -8.08610916E-02
   71.2500000       31.5445251     -0.156544685    
   75.0000000       31.5445251      -8.98942947E-02
   78.7500000       31.5445251      0.165720940    
   82.5000000       31.5445251      -3.25212479E-02
   86.2500000       31.5445251      0.154490471    
   90.0000000       31.5445251      -5.49821854E-02
   93.7500000       31.5445251      0.235056877    
   97.5000000       31.5445251      0.343455315    
   101.250000       31.5445251      0.418406487    
   105.000000       31.5445251      0.640574455    
   108.750000       31.5445251      0.420115471    
   112.500000       31.5445251      0.101511955    
   116.250000       31.5445251       3.14435959E-02
   120.000000       31.5445251       8.32014084E-02
   123.750000       31.5445251       4.83226776E-03
   127.500000       31.5445251       4.78010178E-02
   131.250000       31.5445251       4.24299240E-02
   135.000000       31.5445251      0.385203362    
   138.750000       31.5445251      -2.71501541E-02
   142.500000       31.5445251       6.95295334E-02
   146.250000       31.5445251      0.132029533    
   150.000000       31.5445251      0.141795158    
   153.750000       31.5445251     -0.182667732    
   157.500000       31.5445251     -0.251271248    
   161.250000       31.5445251     -0.359181404    
   165.000000       31.5445251       1.90258026E-03
   168.750000       31.5445251      -7.67107010E-02
   172.500000       31.5445251     -0.100392342    
   176.250000       31.5445251      -9.81616974E-03
   180.000000       31.5445251      -4.10661697E-02
   183.750000       31.5445251      0.375926018    
   187.500000       31.5445251      -6.15406036E-03
   191.250000       31.5445251       3.36408615E-02
   195.000000       31.5445251       8.51545334E-02
   198.750000       31.5445251       1.63068771E-02
   202.500000       31.5445251      0.263865471    
   206.250000       31.5445251      0.145457268    
   210.000000       31.5445251      0.359812737    
   213.750000       31.5445251       1.63068771E-02
   217.500000       31.5445251      0.268992424    
   221.250000       31.5445251     -0.470997810    
   225.000000       31.5445251     -0.129445076    
   228.750000       31.5445251     -0.240529060    
   232.500000       31.5445251     -0.275685310    
   236.250000       31.5445251      -6.79216385E-02
   240.000000       31.5445251      0.102976799    
   243.750000       31.5445251      0.152781487    
   247.500000       31.5445251       2.80256271E-02
   251.250000       31.5445251      0.234080315    
   255.000000       31.5445251      0.337840080    
   258.750000       31.5445251      0.163035393    
   262.500000       31.5445251     -0.266407967    
   266.250000       31.5445251       4.58478928E-02
   270.000000       31.5445251       9.76057053E-02
   273.750000       31.5445251       1.45978928E-02
   277.500000       31.5445251      0.111521721    
   281.250000       31.5445251       7.31916428E-02
   285.000000       31.5445251      0.192820549    
   288.750000       31.5445251      0.177195549    
   292.500000       31.5445251       7.92951584E-02
   296.250000       31.5445251       3.04670334E-02
   300.000000       31.5445251       6.48908615E-02
   303.750000       31.5445251      0.328318596    
   307.500000       31.5445251      0.290720940    
   311.250000       31.5445251      -4.83903885E-02
   315.000000       31.5445251     -0.208302498    
   318.750000       31.5445251     -0.816456795    
   322.500000       31.5445251      -5.79118729E-02
   326.250000       31.5445251       1.04475021E-02
   330.000000       31.5445251       6.12287521E-02
   333.750000       31.5445251       8.19807053E-02
   337.500000       31.5445251       5.97639084E-02
   341.250000       31.5445251       2.87914276E-03
   345.000000       31.5445251       9.34553146E-02
   348.750000       31.5445251       4.97541428E-02
   352.500000       31.5445251       5.26838303E-02
   356.250000       31.5445251      0.243845940    
   360.000000       31.5445251     -0.272755623    
   0.00000000       35.2555809      0.178172112    
   3.75000000       35.2555809      -1.06303883    
   7.50000000       35.2555809     -0.454884529    
   11.2500000       35.2555809       5.65900803E-02
   15.0000000       35.2555809     -0.126515388    
   18.7500000       35.2555809      0.118357658    
   22.5000000       35.2555809      0.107127190    
   26.2500000       35.2555809      0.224558830    
   30.0000000       35.2555809       1.48420334E-02
   33.7500000       35.2555809      -4.00896072E-02
   37.5000000       35.2555809      -6.45036697E-02
   41.2500000       35.2555809      0.133738518    
   45.0000000       35.2555809      0.279490471    
   48.7500000       35.2555809      0.214060783    
   52.5000000       35.2555809      0.250193596    
   56.2500000       35.2555809      0.320994377    
   60.0000000       35.2555809      0.111521721    
   63.7500000       35.2555809      -6.40153885E-02
   67.5000000       35.2555809      -2.03142166E-02
   71.2500000       35.2555809     -0.193409920    
   75.0000000       35.2555809     -0.107472420    
   78.7500000       35.2555809      0.137156487    
   82.5000000       35.2555809      0.545847893    
   86.2500000       35.2555809      -8.13493729E-02
   90.0000000       35.2555809       8.93049240E-02
   93.7500000       35.2555809       5.24396896E-02
   97.5000000       35.2555809      0.389842033    
   101.250000       35.2555809     -0.293263435    
   105.000000       35.2555809      0.114939690    
   108.750000       35.2555809     -0.101368904    
   112.500000       35.2555809     -0.212452888    
   116.250000       35.2555809       2.09455490E-02
   120.000000       35.2555809      -1.95817947E-02
   123.750000       35.2555809       9.71174240E-02
   127.500000       35.2555809      0.377879143    
   131.250000       35.2555809      0.271433830    
   135.000000       35.2555809      0.215037346    
   138.750000       35.2555809      0.292918205    
   142.500000       35.2555809      0.128123283    
   146.250000       35.2555809       9.83381271E-02
   150.000000       35.2555809      0.201121330    
   153.750000       35.2555809      0.382273674    
   157.500000       35.2555809     -0.227589607    
   161.250000       35.2555809      -5.86442947E-02
   165.000000       35.2555809      -8.79411697E-02
   168.750000       35.2555809     -0.205372810    
   172.500000       35.2555809       3.43732834E-02
   176.250000       35.2555809     -0.510304451    
   180.000000       35.2555809       7.95392990E-02
   183.750000       35.2555809      -9.81950760E-02
   187.500000       35.2555809       9.22346115E-02
   191.250000       35.2555809     -0.237599373    
   195.000000       35.2555809      -1.54314041E-02
   198.750000       35.2555809      -2.56853104E-02
   202.500000       35.2555809       8.63752365E-02
   206.250000       35.2555809      -4.81462479E-02
   210.000000       35.2555809      0.126902580    
   213.750000       35.2555809      0.518015862    
   217.500000       35.2555809     -0.183400154    
   221.250000       35.2555809       7.73420334E-02
   225.000000       35.2555809      -8.59880447E-02
   228.750000       35.2555809      -1.07927322E-02
   232.500000       35.2555809       1.50861740E-02
   236.250000       35.2555809      0.106883049    
   240.000000       35.2555809      0.178172112    
   243.750000       35.2555809      0.300730705    
   247.500000       35.2555809      -4.44841385E-02
   251.250000       35.2555809      0.592478752    
   255.000000       35.2555809      0.842234612    
   258.750000       35.2555809      0.644236565    
   262.500000       35.2555809     -0.113331795    
   266.250000       35.2555809     -0.281544685    
   270.000000       35.2555809     -0.781056404    
   273.750000       35.2555809      0.126902580    
   277.500000       35.2555809      -1.17692947E-02
   281.250000       35.2555809     -0.239796638    
   285.000000       35.2555809       8.98265839E-03
   288.750000       35.2555809      -9.06267166E-02
   292.500000       35.2555809      0.242136955    
   296.250000       35.2555809       2.97346115E-02
   300.000000       35.2555809      0.124705315    
   303.750000       35.2555809      0.253123283    
   307.500000       35.2555809       3.51057053E-02
   311.250000       35.2555809      -1.24980640    
   315.000000       35.2555809     -0.989552498    
   318.750000       35.2555809     -0.304982185    
   322.500000       35.2555809     -0.874562263    
   326.250000       35.2555809      -2.29997635E-02
   330.000000       35.2555809       6.70881271E-02
   333.750000       35.2555809      0.200877190    
   337.500000       35.2555809       6.97736740E-02
   341.250000       35.2555809       3.58381271E-02
   345.000000       35.2555809       9.85822678E-02
   348.750000       35.2555809      -4.49724197E-02
   352.500000       35.2555809      -5.66911697E-02
   356.250000       35.2555809      0.261668205    
   360.000000       35.2555809      0.178172112    
   0.00000000       38.9666100     -0.115773201    
   3.75000000       38.9666100     -0.857960701    
   7.50000000       38.9666100     -0.526661873    
   11.2500000       38.9666100      -6.74333572E-02
   15.0000000       38.9666100       5.85432053E-02
   18.7500000       38.9666100      -3.03239822E-02
   22.5000000       38.9666100     -0.109669685    
   26.2500000       38.9666100       5.58576584E-02
   30.0000000       38.9666100     -0.103322029    
   33.7500000       38.9666100     -0.121632576    
   37.5000000       38.9666100     -0.197072029    
   41.2500000       38.9666100      -2.71501541E-02
   45.0000000       38.9666100      -1.11406422    
   48.7500000       38.9666100       3.19318771E-02
   52.5000000       38.9666100       3.95002365E-02
   56.2500000       38.9666100       2.92463303E-02
   60.0000000       38.9666100     -0.102101326    
   63.7500000       38.9666100      0.249461174    
   67.5000000       38.9666100     -0.681202888    
   71.2500000       38.9666100     -0.809620857    
   75.0000000       38.9666100      0.627146721    
   78.7500000       38.9666100     -0.183644295    
   82.5000000       38.9666100      0.231638908    
   86.2500000       38.9666100     -0.192677498    
   90.0000000       38.9666100      -5.05876541E-02
   93.7500000       38.9666100      0.614207268    
   97.5000000       38.9666100      0.146189690    
   101.250000       38.9666100      0.216013908    
   105.000000       38.9666100      -7.86304474E-03
   108.750000       38.9666100     -0.142628670    
   112.500000       38.9666100      -8.84294510E-02
   116.250000       38.9666100       4.75568771E-02
   120.000000       38.9666100       7.92951584E-02
   123.750000       38.9666100       3.12328339E-03
   127.500000       38.9666100      0.164256096    
   131.250000       38.9666100      0.194529533    
   135.000000       38.9666100       8.90607834E-02
   138.750000       38.9666100      0.152049065    
   142.500000       38.9666100       8.46662521E-02
   146.250000       38.9666100      0.214060783    
   150.000000       38.9666100      0.252879143    
   153.750000       38.9666100      0.239451408    
   157.500000       38.9666100       2.11896896E-02
   161.250000       38.9666100     -0.361866951    
   165.000000       38.9666100      -8.35132599E-03
   168.750000       38.9666100      -8.57439041E-02
   172.500000       38.9666100     -0.645070076    
   176.250000       38.9666100      0.506052971    
   180.000000       38.9666100      -5.66911697E-02
   183.750000       38.9666100     -0.110646248    
   187.500000       38.9666100      -1.54314041E-02
   191.250000       38.9666100      0.323191643    
   195.000000       38.9666100       6.12287521E-02
   198.750000       38.9666100      0.122996330    
   202.500000       38.9666100       8.17365646E-02
   206.250000       38.9666100      -2.42204666E-02
   210.000000       38.9666100      -2.95915604E-02
   213.750000       38.9666100     -0.297902107    
   217.500000       38.9666100       1.01923656    
   221.250000       38.9666100     -0.302296638    
   225.000000       38.9666100      0.157908440    
   228.750000       38.9666100      0.126658440    
   232.500000       38.9666100      0.181345940    
   236.250000       38.9666100      -9.28239822E-02
   240.000000       38.9666100      -8.35466385E-02
   243.750000       38.9666100       2.50959396E-02
   247.500000       38.9666100      0.172801018    
   251.250000       38.9666100      0.718699455    
   255.000000       38.9666100       1.63032055    
   258.750000       38.9666100      0.257517815    
   262.500000       38.9666100       6.41584396E-02
   266.250000       38.9666100      0.885203362    
   270.000000       38.9666100     -0.333546638    
   273.750000       38.9666100     -0.558156013    
   277.500000       38.9666100     -0.437794685    
   281.250000       38.9666100     -0.879200935    
   285.000000       38.9666100     -0.501027107    
   288.750000       38.9666100     -0.675343513    
   292.500000       38.9666100      0.238963127    
   296.250000       38.9666100       7.46564865E-02
   300.000000       38.9666100      0.342478752    
   303.750000       38.9666100      -5.32732010E-02
   307.500000       38.9666100      0.277049065    
   311.250000       38.9666100       7.19709396E-02
   315.000000       38.9666100       1.89924240E-02
   318.750000       38.9666100     -0.711720467    
   322.500000       38.9666100     -0.187794685    
   326.250000       38.9666100       2.87914276E-03
   330.000000       38.9666100      -6.57243729E-02
   333.750000       38.9666100      0.243357658    
   337.500000       38.9666100      0.204295158    
   341.250000       38.9666100       9.66291428E-02
   345.000000       38.9666100       1.21564865E-02
   348.750000       38.9666100       2.53400803E-02
   352.500000       38.9666100     -0.106984138    
   356.250000       38.9666100      0.384226799    
   360.000000       38.9666100     -0.115773201    
   0.00000000       42.6776047      0.564402580    
   3.75000000       42.6776047       8.66193771E-02
   7.50000000       42.6776047     -0.553273201    
   11.2500000       42.6776047      0.182078362    
   15.0000000       42.6776047       4.37736511E-04
   18.7500000       42.6776047       9.32111740E-02
   22.5000000       42.6776047      0.194529533    
   26.2500000       42.6776047      -7.64665604E-02
   30.0000000       42.6776047      0.146677971    
   33.7500000       42.6776047      0.196482658    
   37.5000000       42.6776047     -0.338185310    
   41.2500000       42.6776047     -0.290822029    
   45.0000000       42.6776047     -0.261769295    
   48.7500000       42.6776047     -0.104298592    
   52.5000000       42.6776047      0.168406487    
   56.2500000       42.6776047      0.195506096    
   60.0000000       42.6776047       4.58812714E-03
   63.7500000       42.6776047      -7.57341385E-02
   67.5000000       42.6776047      0.109568596    
   71.2500000       42.6776047     -0.231251717    
   75.0000000       42.6776047      0.132761955    
   78.7500000       42.6776047       5.70783615E-02
   82.5000000       42.6776047     -0.201710701    
   86.2500000       42.6776047       5.46369553E-02
   90.0000000       42.6776047      0.258982658    
   93.7500000       42.6776047      0.265330315    
   97.5000000       42.6776047       7.09943771E-02
   101.250000       42.6776047     -0.149464607    
   105.000000       42.6776047     -0.233937263    
   108.750000       42.6776047     -0.114308357    
   112.500000       42.6776047      -9.79509354E-02
   116.250000       42.6776047      -5.76677322E-02
   120.000000       42.6776047      -3.64274979E-02
   123.750000       42.6776047      -3.05681229E-02
   127.500000       42.6776047       9.17463303E-02
   131.250000       42.6776047       2.43635178E-02
   135.000000       42.6776047      0.119090080    
   138.750000       42.6776047       3.24201584E-02
   142.500000       42.6776047      -8.91618729E-02
   146.250000       42.6776047       2.14672089E-03
   150.000000       42.6776047      0.154002190    
   153.750000       42.6776047      0.112254143    
   157.500000       42.6776047     -0.147511482    
   161.250000       42.6776047      -3.98454666E-02
   165.000000       42.6776047      -2.69060135E-02
   168.750000       42.6776047     -0.421437263    
   172.500000       42.6776047      -9.42888260E-02
   176.250000       42.6776047     -0.876515388    
   180.000000       42.6776047      0.157420158    
   183.750000       42.6776047      0.176218987    
   187.500000       42.6776047     -0.129689217    
   191.250000       42.6776047      -2.49528885E-02
   195.000000       42.6776047      -2.32439041E-02
   198.750000       42.6776047       7.75861740E-02
   202.500000       42.6776047      0.133006096    
   206.250000       42.6776047       6.51350021E-02
   210.000000       42.6776047       9.78498459E-02
   213.750000       42.6776047       6.75764084E-02
   217.500000       42.6776047      0.270945549    
   221.250000       42.6776047      0.109080315    
   225.000000       42.6776047      0.308787346    
   228.750000       42.6776047       2.36310959E-02
   232.500000       42.6776047     -0.187794685    
   236.250000       42.6776047     -0.204396248    
   240.000000       42.6776047     -0.265919685    
   243.750000       42.6776047       4.34064865E-02
   247.500000       42.6776047      0.442820549    
   251.250000       42.6776047      -1.14751148    
   255.000000       42.6776047       5.80883026E-03
   258.750000       42.6776047       9.88264084E-02
   262.500000       42.6776047      0.364695549    
   266.250000       42.6776047      -3.10564041E-02
   270.000000       42.6776047      0.364695549    
   273.750000       42.6776047      0.290232658    
   277.500000       42.6776047     -0.355519295    
   281.250000       42.6776047     -0.211720467    
   285.000000       42.6776047     -0.191700935    
   288.750000       42.6776047      0.121531487    
   292.500000       42.6776047      -9.08708572E-02
   296.250000       42.6776047      0.518015862    
   300.000000       42.6776047      0.389842033    
   303.750000       42.6776047       5.46369553E-02
   307.500000       42.6776047      -1.66521072E-02
   311.250000       42.6776047      -4.47282791E-02
   315.000000       42.6776047      0.297556877    
   318.750000       42.6776047     -0.875538826    
   322.500000       42.6776047      0.159373283    
   326.250000       42.6776047       6.78539276E-03
   330.000000       42.6776047     -0.130421638    
   333.750000       42.6776047      0.125926018    
   337.500000       42.6776047      0.291941643    
   341.250000       42.6776047       8.75959396E-02
   345.000000       42.6776047      0.208201408    
   348.750000       42.6776047     -0.435353279    
   352.500000       42.6776047       4.70685959E-02
   356.250000       42.6776047      0.248484612    
   360.000000       42.6776047      0.564402580    
   0.00000000       46.3885536     -0.618947029    
   3.75000000       46.3885536      -1.00200367    
   7.50000000       46.3885536       1.75275803E-02
   11.2500000       46.3885536       9.46760178E-02
   15.0000000       46.3885536      0.156443596    
   18.7500000       46.3885536     -0.148976326    
   22.5000000       46.3885536      0.109568596    
   26.2500000       46.3885536     -0.237111092    
   30.0000000       46.3885536       3.60822678E-02
   33.7500000       46.3885536      -5.13200760E-02
   37.5000000       46.3885536      -8.94060135E-02
   41.2500000       46.3885536     -0.112599373    
   45.0000000       46.3885536       7.97834396E-02
   48.7500000       46.3885536     -0.289601326    
   52.5000000       46.3885536      -9.32788849E-03
   56.2500000       46.3885536     -0.426564217    
   60.0000000       46.3885536     -0.206349373    
   63.7500000       46.3885536      0.232615471    
   67.5000000       46.3885536      0.114451408    
   71.2500000       46.3885536     -0.117970467    
   75.0000000       46.3885536      -1.61638260E-02
   78.7500000       46.3885536      -2.25114822E-02
   82.5000000       46.3885536      0.380320549    
   86.2500000       46.3885536     -0.621144295    
   90.0000000       46.3885536       5.80883026E-03
   93.7500000       46.3885536      0.144236565    
   97.5000000       46.3885536      -9.35564041E-02
   101.250000       46.3885536      -8.62321854E-02
   105.000000       46.3885536      0.222117424    
   108.750000       46.3885536      0.549998283    
   112.500000       46.3885536      0.316111565    
   116.250000       46.3885536      0.172068596    
   120.000000       46.3885536       7.41682053E-02
   123.750000       46.3885536       7.49006271E-02
   127.500000       46.3885536      -4.61931229E-02
   131.250000       46.3885536     -0.182423592    
   135.000000       46.3885536      0.133006096    
   138.750000       46.3885536      -4.68921661E-03
   142.500000       46.3885536      0.275584221    
   146.250000       46.3885536       6.80646896E-02
   150.000000       46.3885536      0.154246330    
   153.750000       46.3885536       1.58185959E-02
   157.500000       46.3885536      -2.27556229E-02
   161.250000       46.3885536     -0.378712654    
   165.000000       46.3885536     -0.724171638    
   168.750000       46.3885536     -0.144581795    
   172.500000       46.3885536     -0.236622810    
   176.250000       46.3885536     -0.176075935    
   180.000000       46.3885536     -0.171681404    
   183.750000       46.3885536     -0.207081795    
   187.500000       46.3885536       6.04963303E-02
   191.250000       46.3885536      -8.25700760E-02
   195.000000       46.3885536      -2.17790604E-02
   198.750000       46.3885536     -0.179005623    
   202.500000       46.3885536       2.82697678E-02
   206.250000       46.3885536      -4.69255447E-02
   210.000000       46.3885536      0.135447502    
   213.750000       46.3885536      -9.11149979E-02
   217.500000       46.3885536      -3.56950760E-02
   221.250000       46.3885536      0.101511955    
   225.000000       46.3885536       5.39045334E-02
   228.750000       46.3885536       5.24396896E-02
   232.500000       46.3885536      0.466013908    
   236.250000       46.3885536      0.393748283    
   240.000000       46.3885536      0.227976799    
   243.750000       46.3885536       9.93146896E-02
   247.500000       46.3885536      0.472361565    
   251.250000       46.3885536      0.484080315    
   255.000000       46.3885536      0.144480705    
   258.750000       46.3885536      -4.68921661E-03
   262.500000       46.3885536      -9.86833572E-02
   266.250000       46.3885536      -1.61638260E-02
   270.000000       46.3885536      -8.91618729E-02
   273.750000       46.3885536     -0.589406013    
   277.500000       46.3885536     -0.663624763    
   281.250000       46.3885536     -0.938771248    
   285.000000       46.3885536      0.376414299    
   288.750000       46.3885536     -0.101124763    
   292.500000       46.3885536      0.127390862    
   296.250000       46.3885536       7.19709396E-02
   300.000000       46.3885536     -0.404835701    
   303.750000       46.3885536      0.403025627    
   307.500000       46.3885536      -2.51970291E-02
   311.250000       46.3885536      0.206980705    
   315.000000       46.3885536      0.581492424    
   318.750000       46.3885536     -0.532765388    
   322.500000       46.3885536       5.14631271E-02
   326.250000       46.3885536     -0.107228279    
   330.000000       46.3885536     -0.701954842    
   333.750000       46.3885536       1.82600021E-02
   337.500000       46.3885536      0.181590080    
   341.250000       46.3885536      0.243357658    
   345.000000       46.3885536       7.02953339E-03
   348.750000       46.3885536      -2.64177322E-02
   352.500000       46.3885536      0.203318596    
   356.250000       46.3885536      -5.44939041E-02
   360.000000       46.3885536     -0.618947029    
   0.00000000       50.0994530      0.488474846    
   3.75000000       50.0994530      0.124949455    
   7.50000000       50.0994530       8.19807053E-02
   11.2500000       50.0994530      0.360301018    
   15.0000000       50.0994530       3.07111740E-02
   18.7500000       50.0994530      0.151560783    
   22.5000000       50.0994530      -9.42888260E-02
   26.2500000       50.0994530      -3.03239822E-02
   30.0000000       50.0994530     -0.109425545    
   33.7500000       50.0994530     -0.208058357    
   37.5000000       50.0994530      0.378855705    
   41.2500000       50.0994530      0.219920158    
   45.0000000       50.0994530      0.122996330    
   48.7500000       50.0994530      0.110056877    
   52.5000000       50.0994530       9.47093964E-03
   56.2500000       50.0994530      0.107127190    
   60.0000000       50.0994530     -0.388234138    
   63.7500000       50.0994530      -8.18376541E-02
   67.5000000       50.0994530      0.112010002    
   71.2500000       50.0994530     -0.135548592    
   75.0000000       50.0994530      -5.98649979E-02
   78.7500000       50.0994530      0.775340080    
   82.5000000       50.0994530     -0.552296638    
   86.2500000       50.0994530      0.264597893    
   90.0000000       50.0994530      -1.00603104E-02
   93.7500000       50.0994530      0.249217033    
   97.5000000       50.0994530      -4.57048416E-02
   101.250000       50.0994530       7.66096115E-02
   105.000000       50.0994530      -7.42692947E-02
   108.750000       50.0994530      0.155467033    
   112.500000       50.0994530      0.227000237    
   116.250000       50.0994530      0.117625237    
   120.000000       50.0994530       4.16975021E-02
   123.750000       50.0994530      0.126414299    
   127.500000       50.0994530       9.78498459E-02
   131.250000       50.0994530      0.158640862    
   135.000000       50.0994530     -0.745167732    
   138.750000       50.0994530      0.188914299    
   142.500000       50.0994530     -0.392872810    
   146.250000       50.0994530       5.68342209E-02
   150.000000       50.0994530       4.70685959E-02
   153.750000       50.0994530     -0.241749763    
   157.500000       50.0994530      0.165720940    
   161.250000       50.0994530      -4.93669510E-02
   165.000000       50.0994530     -0.308644295    
   168.750000       50.0994530     -0.461232185    
   172.500000       50.0994530     -0.425099373    
   176.250000       50.0994530     -0.274464607    
   180.000000       50.0994530     -0.122853279    
   183.750000       50.0994530      -2.88591385E-02
   187.500000       50.0994530      0.112986565    
   191.250000       50.0994530      0.218699455    
   195.000000       50.0994530      0.203318596    
   198.750000       50.0994530      0.214060783    
   202.500000       50.0994530      -9.32788849E-03
   206.250000       50.0994530     -0.202443123    
   210.000000       50.0994530     -0.106984138    
   213.750000       50.0994530      -4.20093536E-03
   217.500000       50.0994530       6.90412521E-02
   221.250000       50.0994530       3.51057053E-02
   225.000000       50.0994530     -0.188527107    
   228.750000       50.0994530     -0.468068123    
   232.500000       50.0994530      -1.63945484    
   236.250000       50.0994530      -1.12578297    
   240.000000       50.0994530     -0.920460701    
   243.750000       50.0994530       1.52070141    
   247.500000       50.0994530       1.02875805    
   251.250000       50.0994530      0.385935783    
   255.000000       50.0994530      0.318064690    
   258.750000       50.0994530      -1.93376541E-02
   262.500000       50.0994530     -0.109181404    
   266.250000       50.0994530       9.66291428E-02
   270.000000       50.0994530       2.65607834E-02
   273.750000       50.0994530      0.136179924    
   277.500000       50.0994530       8.85725021E-02
   281.250000       50.0994530       6.97736740E-02
   285.000000       50.0994530     -0.209034920    
   288.750000       50.0994530      -5.40056229E-02
   292.500000       50.0994530     -0.445607185    
   296.250000       50.0994530       1.50898266    
   300.000000       50.0994530       7.36799240E-02
   303.750000       50.0994530       3.95002365E-02
   307.500000       50.0994530      0.165720940    
   311.250000       50.0994530     -0.213429451    
   315.000000       50.0994530     -0.901906013    
   318.750000       50.0994530     -0.162648201    
   322.500000       50.0994530       1.75275803E-02
   326.250000       50.0994530       6.17170334E-02
   330.000000       50.0994530     -0.113820076    
   333.750000       50.0994530       4.97541428E-02
   337.500000       50.0994530       2.16779709E-02
   341.250000       50.0994530     -0.128224373    
   345.000000       50.0994530      -3.10564041E-02
   348.750000       50.0994530       2.11896896E-02
   352.500000       50.0994530     -0.175099373    
   356.250000       50.0994530      0.356394768    
   360.000000       50.0994530      0.488474846    
   0.00000000       53.8102722      0.126414299    
   3.75000000       53.8102722      -7.54899979E-02
   7.50000000       53.8102722       3.82795334E-02
   11.2500000       53.8102722     -0.171681404    
   15.0000000       53.8102722      -3.83806229E-02
   18.7500000       53.8102722      -4.44507599E-03
   22.5000000       53.8102722       4.09650803E-02
   26.2500000       53.8102722     -0.147023201    
   30.0000000       53.8102722      0.260935783    
   33.7500000       53.8102722       7.61213303E-02
   37.5000000       53.8102722     -0.114796638    
   41.2500000       53.8102722      0.190135002    
   45.0000000       53.8102722      0.202830315    
   48.7500000       53.8102722       1.99689865E-02
   52.5000000       53.8102722      -2.32439041E-02
   56.2500000       53.8102722      -9.18474197E-02
   60.0000000       53.8102722     -0.225148201    
   63.7500000       53.8102722       8.07600021E-02
   67.5000000       53.8102722       2.75373459E-02
   71.2500000       53.8102722      0.228220940    
   75.0000000       53.8102722       1.63068771E-02
   78.7500000       53.8102722      0.321726799    
   82.5000000       53.8102722      -8.33024979E-02
   86.2500000       53.8102722      -5.81560135E-02
   90.0000000       53.8102722     -0.589161873    
   93.7500000       53.8102722       3.21760178E-02
   97.5000000       53.8102722      0.346873283    
   101.250000       53.8102722     -0.110646248    
   105.000000       53.8102722     -0.129200935    
   108.750000       53.8102722     -0.133595467    
   112.500000       53.8102722      0.435252190    
   116.250000       53.8102722     -0.163380623    
   120.000000       53.8102722      0.227976799    
   123.750000       53.8102722      0.270457268    
   127.500000       53.8102722      0.527537346    
   131.250000       53.8102722     -0.194386482    
   135.000000       53.8102722     -0.479054451    
   138.750000       53.8102722      0.580760002    
   142.500000       53.8102722      0.125193596    
   146.250000       53.8102722      -7.37476349E-03
   150.000000       53.8102722      0.100047112    
   153.750000       53.8102722     -0.191945076    
   157.500000       53.8102722      -3.05681229E-02
   161.250000       53.8102722      -8.50114822E-02
   165.000000       53.8102722      -3.03239822E-02
   168.750000       53.8102722      0.118845940    
   172.500000       53.8102722      0.258738518    
   176.250000       53.8102722      0.288279533    
   180.000000       53.8102722      0.902537346    
   183.750000       53.8102722      0.752390862    
   187.500000       53.8102722       2.24103928E-02
   191.250000       53.8102722      0.787547112    
   195.000000       53.8102722      0.821726799    
   198.750000       53.8102722      -1.38090992    
   202.500000       53.8102722     -0.219532967    
   206.250000       53.8102722     -0.414845467    
   210.000000       53.8102722     -0.158009529    
   213.750000       53.8102722      0.187449455    
   217.500000       53.8102722       8.49103928E-02
   221.250000       53.8102722      0.380808830    
   225.000000       53.8102722       3.65705490E-02
   228.750000       53.8102722      -6.52360916E-02
   232.500000       53.8102722      0.349802971    
   236.250000       53.8102722     -0.381398201    
   240.000000       53.8102722      -1.20049000    
   243.750000       53.8102722     -0.775685310    
   247.500000       53.8102722       1.13349438    
   251.250000       53.8102722       6.48908615E-02
   255.000000       53.8102722      -4.05778885E-02
   258.750000       53.8102722      -3.78923416E-02
   262.500000       53.8102722     -0.131398201    
   266.250000       53.8102722       2.07014084E-02
   270.000000       53.8102722      0.106883049    
   273.750000       53.8102722      0.328318596    
   277.500000       53.8102722     -0.112843513    
   281.250000       53.8102722     -0.255665779    
   285.000000       53.8102722      -4.74138260E-02
   288.750000       53.8102722      0.216990471    
   292.500000       53.8102722      0.223093987    
   296.250000       53.8102722      0.123972893    
   300.000000       53.8102722     -0.132374763    
   303.750000       53.8102722      -4.22868729E-02
   307.500000       53.8102722     -0.216114998    
   311.250000       53.8102722     -0.156544685    
   315.000000       53.8102722     -0.300343513    
   318.750000       53.8102722     -0.484181404    
   322.500000       53.8102722     -0.206593513    
   326.250000       53.8102722       3.53498459E-02
   330.000000       53.8102722      0.178416252    
   333.750000       53.8102722       5.95197678E-02
   337.500000       53.8102722     -0.114064217    
   341.250000       53.8102722       7.70978928E-02
   345.000000       53.8102722      0.102976799    
   348.750000       53.8102722      0.209177971    
   352.500000       53.8102722     -0.297902107    
   356.250000       53.8102722      -6.30388260E-02
   360.000000       53.8102722      0.126414299    
   0.00000000       57.5209885       4.31623459E-02
   3.75000000       57.5209885       5.24396896E-02
   7.50000000       57.5209885     -0.134572029    
   11.2500000       57.5209885      -1.90935135E-02
   15.0000000       57.5209885      -4.47282791E-02
   18.7500000       57.5209885      0.102244377    
   22.5000000       57.5209885      0.350779533    
   26.2500000       57.5209885       9.83381271E-02
   30.0000000       57.5209885      0.368845940    
   33.7500000       57.5209885       2.02131271E-02
   37.5000000       57.5209885       7.17267990E-02
   41.2500000       57.5209885       6.56232834E-02
   45.0000000       57.5209885       5.92756271E-02
   48.7500000       57.5209885      0.119822502    
   52.5000000       57.5209885      -7.82966614E-04
   56.2500000       57.5209885      -5.30290604E-02
   60.0000000       57.5209885      -8.10718536E-03
   63.7500000       57.5209885       3.92560959E-02
   67.5000000       57.5209885       7.19709396E-02
   71.2500000       57.5209885       2.31428146E-02
   75.0000000       57.5209885      -4.83903885E-02
   78.7500000       57.5209885     -0.371876717    
   82.5000000       57.5209885     -0.700734138    
   86.2500000       57.5209885       7.56330490E-02
   90.0000000       57.5209885     -0.183644295    
   93.7500000       57.5209885      0.113718987    
   97.5000000       57.5209885       6.44025803E-02
   101.250000       57.5209885     -0.132374763    
   105.000000       57.5209885     -0.307423592    
   108.750000       57.5209885       3.70588303E-02
   112.500000       57.5209885      0.348338127    
   116.250000       57.5209885     -0.199513435    
   120.000000       57.5209885      0.372752190    
   123.750000       57.5209885      0.103953362    
   127.500000       57.5209885      0.785349846    
   131.250000       57.5209885      0.179636955    
   135.000000       57.5209885     -0.160206795    
   138.750000       57.5209885     -0.792775154    
   142.500000       57.5209885      0.187937737    
   146.250000       57.5209885      0.119334221    
   150.000000       57.5209885      -2.61735916E-02
   153.750000       57.5209885     -0.158497810    
   157.500000       57.5209885     -0.164845467    
   161.250000       57.5209885       6.24494553E-02
   165.000000       57.5209885      -1.71403885E-02
   168.750000       57.5209885       4.80451584E-02
   172.500000       57.5209885      0.139109612    
   176.250000       57.5209885      0.189890862    
   180.000000       57.5209885      0.310984612    
   183.750000       57.5209885      0.184031487    
   187.500000       57.5209885     -0.400441170    
   191.250000       57.5209885      -1.04277515    
   195.000000       57.5209885     -0.699269295    
   198.750000       57.5209885     -0.292531013    
   202.500000       57.5209885     -0.782277107    
   206.250000       57.5209885     -0.146534920    
   210.000000       57.5209885      -6.18181229E-02
   213.750000       57.5209885      0.633250237    
   217.500000       57.5209885      0.458445549    
   221.250000       57.5209885     -0.103322029    
   225.000000       57.5209885      -9.77067947E-02
   228.750000       57.5209885      -3.96013260E-02
   232.500000       57.5209885      0.649119377    
   236.250000       57.5209885      0.126170158    
   240.000000       57.5209885     -0.814991951    
   243.750000       57.5209885       2.87580490E-02
   247.500000       57.5209885     -0.599904060    
   251.250000       57.5209885      0.364695549    
   255.000000       57.5209885       8.25023651E-03
   258.750000       57.5209885     -0.137745857    
   262.500000       57.5209885     -0.424611092    
   266.250000       57.5209885      -3.61833572E-02
   270.000000       57.5209885      -3.98454666E-02
   273.750000       57.5209885       5.63459396E-02
   277.500000       57.5209885      0.126658440    
   281.250000       57.5209885      -5.42163849E-03
   285.000000       57.5209885       5.92756271E-02
   288.750000       57.5209885       5.70783615E-02
   292.500000       57.5209885       4.85334396E-02
   296.250000       57.5209885     -0.412159920    
   300.000000       57.5209885     -0.551320076    
   303.750000       57.5209885       6.95295334E-02
   307.500000       57.5209885     -0.795460701    
   311.250000       57.5209885      -1.91753101    
   315.000000       57.5209885     -0.484425545    
   318.750000       57.5209885     -0.244435310    
   322.500000       57.5209885     -0.146779060    
   326.250000       57.5209885       9.32111740E-02
   330.000000       57.5209885       2.75373459E-02
   333.750000       57.5209885      -2.24781036E-03
   337.500000       57.5209885      0.704539299    
   341.250000       57.5209885      0.160349846    
   345.000000       57.5209885      0.144724846    
   348.750000       57.5209885      0.144480705    
   352.500000       57.5209885     -0.233693123    
   356.250000       57.5209885     -0.752003670    
   360.000000       57.5209885       4.31623459E-02
   0.00000000       61.2315712     -0.115040779    
   3.75000000       61.2315712      -4.00896072E-02
   7.50000000       61.2315712       9.56525803E-02
   11.2500000       61.2315712      -4.20427322E-02
   15.0000000       61.2315712      -7.86304474E-03
   18.7500000       61.2315712       6.70881271E-02
   22.5000000       61.2315712      0.372019768    
   26.2500000       61.2315712      0.290965080    
   30.0000000       61.2315712      0.483592033    
   33.7500000       61.2315712       7.09943771E-02
   37.5000000       61.2315712      0.134470940    
   41.2500000       61.2315712      0.211863518    
   45.0000000       61.2315712       3.29084396E-02
   48.7500000       61.2315712     -0.108693123    
   52.5000000       61.2315712       4.29182053E-02
   56.2500000       61.2315712      0.214793205    
   60.0000000       61.2315712      0.229197502    
   63.7500000       61.2315712      -9.72185135E-02
   67.5000000       61.2315712     -0.207081795    
   71.2500000       61.2315712     -0.606251717    
   75.0000000       61.2315712     -0.950978279    
   78.7500000       61.2315712     -0.251759529    
   82.5000000       61.2315712       3.92560959E-02
   86.2500000       61.2315712      -6.93864822E-02
   90.0000000       61.2315712      -4.49724197E-02
   93.7500000       61.2315712      -3.00798416E-02
   97.5000000       61.2315712     -0.107228279    
   101.250000       61.2315712       8.56428146E-02
   105.000000       61.2315712      -3.78923416E-02
   108.750000       61.2315712      -9.23357010E-02
   112.500000       61.2315712     -0.215626717    
   116.250000       61.2315712     -0.227833748    
   120.000000       61.2315712      -4.03337479E-02
   123.750000       61.2315712      -2.61735916E-02
   127.500000       61.2315712     -0.113820076    
   131.250000       61.2315712       6.87971115E-02
   135.000000       61.2315712       9.93146896E-02
   138.750000       61.2315712      0.229197502    
   142.500000       61.2315712       6.65998459E-02
   146.250000       61.2315712       5.78107834E-02
   150.000000       61.2315712      -7.15837479E-02
   153.750000       61.2315712     -0.166554451    
   157.500000       61.2315712     -0.459034920    
   161.250000       61.2315712     -0.255909920    
   165.000000       61.2315712      0.105418205    
   168.750000       61.2315712       2.87914276E-03
   172.500000       61.2315712      0.389353752    
   176.250000       61.2315712      -6.64234161E-03
   180.000000       61.2315712       4.14533615E-02
   183.750000       61.2315712       9.22679901E-03
   187.500000       61.2315712     -0.359425545    
   191.250000       61.2315712     -0.306447029    
   195.000000       61.2315712      -9.38005447E-02
   198.750000       61.2315712       6.22053146E-02
   202.500000       61.2315712      0.304148674    
   206.250000       61.2315712      0.418406487    
   210.000000       61.2315712      0.449656487    
   213.750000       61.2315712      0.846140862    
   217.500000       61.2315712      0.265574455    
   221.250000       61.2315712     -0.404103279    
   225.000000       61.2315712      -8.50114822E-02
   228.750000       61.2315712     -0.114552498    
   232.500000       61.2315712     -0.784230232    
   236.250000       61.2315712     -0.231739998    
   240.000000       61.2315712     -0.438282967    
   243.750000       61.2315712     -0.334767342    
   247.500000       61.2315712       8.73851776E-03
   251.250000       61.2315712     -0.243214607    
   255.000000       61.2315712       7.73420334E-02
   258.750000       61.2315712       6.29711151E-03
   262.500000       61.2315712     -0.293507576    
   266.250000       61.2315712     -0.103322029    
   270.000000       61.2315712       1.70392990E-02
   273.750000       61.2315712      0.155711174    
   277.500000       61.2315712      0.379099846    
   281.250000       61.2315712       6.39142990E-02
   285.000000       61.2315712      0.176218987    
   288.750000       61.2315712      0.127635002    
   292.500000       61.2315712      0.232859612    
   296.250000       61.2315712      -2.17790604E-02
   300.000000       61.2315712     -0.288136482    
   303.750000       61.2315712     -0.625294685    
   307.500000       61.2315712     -0.305226326    
   311.250000       61.2315712       1.16376781    
   315.000000       61.2315712      -1.33501148    
   318.750000       61.2315712     -0.250294685    
   322.500000       61.2315712      0.109080315    
   326.250000       61.2315712      0.188426018    
   330.000000       61.2315712      0.267771721    
   333.750000       61.2315712     -0.357960701    
   337.500000       61.2315712      0.685984612    
   341.250000       61.2315712      0.277781487    
   345.000000       61.2315712      0.452342033    
   348.750000       61.2315712     -0.132618904    
   352.500000       61.2315712      0.147898674    
   356.250000       61.2315712      -1.20134354E-02
   360.000000       61.2315712     -0.115040779    
   0.00000000       64.9419479      -8.20817947E-02
   3.75000000       64.9419479     -0.209034920    
   7.50000000       64.9419479       2.50959396E-02
   11.2500000       64.9419479      -2.69060135E-02
   15.0000000       64.9419479     -0.199757576    
   18.7500000       64.9419479      -8.50114822E-02
   22.5000000       64.9419479       1.53303146E-02
   26.2500000       64.9419479      0.153269768    
   30.0000000       64.9419479      0.302439690    
   33.7500000       64.9419479      0.148875237    
   37.5000000       64.9419479       1.92365646E-02
   41.2500000       64.9419479      -3.39860916E-02
   45.0000000       64.9419479      -4.03337479E-02
   48.7500000       64.9419479       2.53400803E-02
   52.5000000       64.9419479      -2.78825760E-02
   56.2500000       64.9419479      -8.83960724E-03
   60.0000000       64.9419479       4.63361740E-02
   63.7500000       64.9419479       3.31525803E-02
   67.5000000       64.9419479      -2.56853104E-02
   71.2500000       64.9419479      -1.86052322E-02
   75.0000000       64.9419479       1.36213303E-02
   78.7500000       64.9419479       6.41584396E-02
   82.5000000       64.9419479      0.120310783    
   86.2500000       64.9419479       7.27033615E-02
   90.0000000       64.9419479       7.63654709E-02
   93.7500000       64.9419479     -0.280812263    
   97.5000000       64.9419479     -0.381154060    
   101.250000       64.9419479     -0.136281013    
   105.000000       64.9419479     -0.221974373    
   108.750000       64.9419479      -6.35271072E-02
   112.500000       64.9419479      -8.79411697E-02
   116.250000       64.9419479       3.12328339E-03
   120.000000       64.9419479       2.53400803E-02
   123.750000       64.9419479       7.07502365E-02
   127.500000       64.9419479       6.19611740E-02
   131.250000       64.9419479       3.51057053E-02
   135.000000       64.9419479       1.67951584E-02
   138.750000       64.9419479       9.34553146E-02
   142.500000       64.9419479       8.17365646E-02
   146.250000       64.9419479       6.22053146E-02
   150.000000       64.9419479      -1.66521072E-02
   153.750000       64.9419479      -6.30388260E-02
   157.500000       64.9419479     -0.119435310    
   161.250000       64.9419479      -4.22868729E-02
   165.000000       64.9419479      0.138865471    
   168.750000       64.9419479      -6.62126541E-02
   172.500000       64.9419479       4.63361740E-02
   176.250000       64.9419479       6.36701584E-02
   180.000000       64.9419479       1.41096115E-02
   183.750000       64.9419479     -0.142628670    
   187.500000       64.9419479      0.139109612    
   191.250000       64.9419479      -9.57536697E-02
   195.000000       64.9419479      -7.69548416E-02
   198.750000       64.9419479     -0.221974373    
   202.500000       64.9419479      0.146922112    
   206.250000       64.9419479      -3.20329666E-02
   210.000000       64.9419479      -8.08610916E-02
   213.750000       64.9419479       9.07697678E-02
   217.500000       64.9419479     -0.361378670    
   221.250000       64.9419479     -0.159962654    
   225.000000       64.9419479     -0.148976326    
   228.750000       64.9419479      -6.20622635E-02
   232.500000       64.9419479      0.502635002    
   236.250000       64.9419479      0.438181877    
   240.000000       64.9419479      0.263377190    
   243.750000       64.9419479      0.391795158    
   247.500000       64.9419479      0.671336174    
   251.250000       64.9419479       8.61310959E-02
   255.000000       64.9419479      -2.88591385E-02
   258.750000       64.9419479      0.129832268    
   262.500000       64.9419479      -2.44646072E-02
   266.250000       64.9419479     -0.117482185    
   270.000000       64.9419479      0.117869377    
   273.750000       64.9419479       6.68439865E-02
   277.500000       64.9419479       2.26545334E-02
   281.250000       64.9419479      0.360056877    
   285.000000       64.9419479       7.00178146E-02
   288.750000       64.9419479       7.19709396E-02
   292.500000       64.9419479       5.04865646E-02
   296.250000       64.9419479      -8.59880447E-02
   300.000000       64.9419479     -0.724415779    
   303.750000       64.9419479     -0.928761482    
   307.500000       64.9419479     -0.639943123    
   311.250000       64.9419479      0.876170158    
   315.000000       64.9419479     -0.196827888    
   318.750000       64.9419479      -3.00798416E-02
   322.500000       64.9419479      -5.84001541E-02
   326.250000       64.9419479      0.127390862    
   330.000000       64.9419479       4.43830490E-02
   333.750000       64.9419479      0.115916252    
   337.500000       64.9419479      0.352732658    
   341.250000       64.9419479      0.227244377    
   345.000000       64.9419479      -2.22673416E-02
   348.750000       64.9419479      0.230906487    
   352.500000       64.9419479      0.105418205    
   356.250000       64.9419479      0.317088127    
   360.000000       64.9419479      -8.20817947E-02
   0.00000000       68.6520157      0.217234612    
   3.75000000       68.6520157     -0.267140388    
   7.50000000       68.6520157     -0.555226326    
   11.2500000       68.6520157     -0.356984138    
   15.0000000       68.6520157     -0.421437263    
   18.7500000       68.6520157       9.32111740E-02
   22.5000000       68.6520157      -6.76774979E-02
   26.2500000       68.6520157      0.124705315    
   30.0000000       68.6520157       5.09748459E-02
   33.7500000       68.6520157      0.288523674    
   37.5000000       68.6520157      0.390330315    
   41.2500000       68.6520157       6.07404709E-02
   45.0000000       68.6520157      -7.81755447E-02
   48.7500000       68.6520157      -8.10718536E-03
   52.5000000       68.6520157      -1.59196854E-02
   56.2500000       68.6520157     -0.175587654    
   60.0000000       68.6520157     -0.252247810    
   63.7500000       68.6520157     -0.115529060    
   67.5000000       68.6520157     -0.157277107    
   71.2500000       68.6520157       1.72834396E-02
   75.0000000       68.6520157      0.134959221    
   78.7500000       68.6520157      0.224070549    
   82.5000000       68.6520157      0.331248283    
   86.2500000       68.6520157       6.31818771E-02
   90.0000000       68.6520157       3.70588303E-02
   93.7500000       68.6520157       6.39142990E-02
   97.5000000       68.6520157       6.51350021E-02
   101.250000       68.6520157       9.24787521E-02
   105.000000       68.6520157       2.72932053E-02
   108.750000       68.6520157      -2.03142166E-02
   112.500000       68.6520157       3.19318771E-02
   116.250000       68.6520157       7.56330490E-02
   120.000000       68.6520157       2.80256271E-02
   123.750000       68.6520157       3.51057053E-02
   127.500000       68.6520157      -6.64567947E-02
   131.250000       68.6520157       9.12580490E-02
   135.000000       68.6520157       1.75275803E-02
   138.750000       68.6520157      -9.40446854E-02
   142.500000       68.6520157     -0.110646248    
   146.250000       68.6520157      -3.27653885E-02
   150.000000       68.6520157       4.37736511E-04
   153.750000       68.6520157       3.24201584E-02
   157.500000       68.6520157       5.63459396E-02
   161.250000       68.6520157      0.139353752    
   165.000000       68.6520157      -4.76579666E-02
   168.750000       68.6520157       1.14240646E-02
   172.500000       68.6520157       3.36408615E-02
   176.250000       68.6520157      -1.71403885E-02
   180.000000       68.6520157      -1.73845291E-02
   183.750000       68.6520157       2.39086151E-03
   187.500000       68.6520157       2.24103928E-02
   191.250000       68.6520157      -4.44841385E-02
   195.000000       68.6520157      -7.50017166E-02
   198.750000       68.6520157      -3.86247635E-02
   202.500000       68.6520157      -9.47771072E-02
   206.250000       68.6520157       7.78303146E-02
   210.000000       68.6520157       1.85041428E-02
   213.750000       68.6520157      -1.68962479E-02
   217.500000       68.6520157       6.63557053E-02
   221.250000       68.6520157       1.75275803E-02
   225.000000       68.6520157       3.33967209E-02
   228.750000       68.6520157       2.46076584E-02
   232.500000       68.6520157       4.34064865E-02
   236.250000       68.6520157       1.99689865E-02
   240.000000       68.6520157       1.75275803E-02
   243.750000       68.6520157      -2.91032791E-02
   247.500000       68.6520157       3.16877365E-02
   251.250000       68.6520157       3.97443771E-02
   255.000000       68.6520157       5.36603928E-02
   258.750000       68.6520157      0.212595940    
   262.500000       68.6520157     -0.183400154    
   266.250000       68.6520157      -9.52653885E-02
   270.000000       68.6520157       1.72834396E-02
   273.750000       68.6520157       3.68146896E-02
   277.500000       68.6520157     -0.101857185    
   281.250000       68.6520157       8.71076584E-02
   285.000000       68.6520157       5.32054901E-03
   288.750000       68.6520157     -0.409230232    
   292.500000       68.6520157     -0.741749763    
   296.250000       68.6520157     -0.804005623    
   300.000000       68.6520157     -0.672902107    
   303.750000       68.6520157     -0.502003670    
   307.500000       68.6520157      -5.74235916E-02
   311.250000       68.6520157       7.27033615E-02
   315.000000       68.6520157     -0.464161873    
   318.750000       68.6520157      0.182322502    
   322.500000       68.6520157     -0.236378670    
   326.250000       68.6520157     -0.179005623    
   330.000000       68.6520157      0.721629143    
   333.750000       68.6520157       4.34064865E-02
   337.500000       68.6520157      0.168162346    
   341.250000       68.6520157      0.146433830    
   345.000000       68.6520157      0.225779533    
   348.750000       68.6520157       7.34357834E-02
   352.500000       68.6520157      -3.08122635E-02
   356.250000       68.6520157      0.107859612    
   360.000000       68.6520157      0.217234612    
   0.00000000       72.3615875       2.80256271E-02
   3.75000000       72.3615875      0.261912346    
   7.50000000       72.3615875       1.14240646E-02
   11.2500000       72.3615875       6.75764084E-02
   15.0000000       72.3615875       4.92658615E-02
   18.7500000       72.3615875     -0.173390388    
   22.5000000       72.3615875     -0.425587654    
   26.2500000       72.3615875     -0.308644295    
   30.0000000       72.3615875      -1.32341385E-02
   33.7500000       72.3615875       6.02521896E-02
   37.5000000       72.3615875      0.516795158    
   41.2500000       72.3615875      0.345164299    
   45.0000000       72.3615875      0.147654533    
   48.7500000       72.3615875      -7.28044510E-02
   52.5000000       72.3615875     -0.162404060    
   56.2500000       72.3615875     -0.246388435    
   60.0000000       72.3615875     -0.187062263    
   63.7500000       72.3615875     -0.113820076    
   67.5000000       72.3615875      -8.79411697E-02
   71.2500000       72.3615875      -1.56755447E-02
   75.0000000       72.3615875      0.156199455    
   78.7500000       72.3615875      0.135203362    
   82.5000000       72.3615875      0.136179924    
   86.2500000       72.3615875       2.36310959E-02
   90.0000000       72.3615875       6.92853928E-02
   93.7500000       72.3615875      0.134959221    
   97.5000000       72.3615875      0.125681877    
   101.250000       72.3615875      0.129343987    
   105.000000       72.3615875      0.118601799    
   108.750000       72.3615875      0.107371330    
   112.500000       72.3615875       5.97639084E-02
   116.250000       72.3615875       3.65705490E-02
   120.000000       72.3615875       3.16877365E-02
   123.750000       72.3615875      -4.25310135E-02
   127.500000       72.3615875      -6.52360916E-02
   131.250000       72.3615875       3.36742401E-03
   135.000000       72.3615875      -1.51872635E-02
   138.750000       72.3615875       6.54125214E-03
   142.500000       72.3615875      -3.66716385E-02
   146.250000       72.3615875      -4.15544510E-02
   150.000000       72.3615875      -3.15446854E-02
   153.750000       72.3615875       5.12189865E-02
   157.500000       72.3615875      0.140818596    
   161.250000       72.3615875       6.02521896E-02
   165.000000       72.3615875       6.63557053E-02
   168.750000       72.3615875       3.70588303E-02
   172.500000       72.3615875       2.82697678E-02
   176.250000       72.3615875      -7.61890411E-03
   180.000000       72.3615875      -2.76384354E-02
   183.750000       72.3615875      -2.98023224E-03
   187.500000       72.3615875       2.50959396E-02
   191.250000       72.3615875       5.51252365E-02
   195.000000       72.3615875       8.14924240E-02
   198.750000       72.3615875      0.174265862    
   202.500000       72.3615875      0.159129143    
   206.250000       72.3615875      0.114207268    
   210.000000       72.3615875       1.04475021E-02
   213.750000       72.3615875      -2.20232010E-02
   217.500000       72.3615875       3.51057053E-02
   221.250000       72.3615875      0.120066643    
   225.000000       72.3615875      -1.83610916E-02
   228.750000       72.3615875       5.02424240E-02
   232.500000       72.3615875       6.09846115E-02
   236.250000       72.3615875       3.33967209E-02
   240.000000       72.3615875      0.123728752    
   243.750000       72.3615875       4.92658615E-02
   247.500000       72.3615875      -3.71265411E-03
   251.250000       72.3615875     -0.206837654    
   255.000000       72.3615875     -0.253712654    
   258.750000       72.3615875     -0.361134529    
   262.500000       72.3615875       7.53889084E-02
   266.250000       72.3615875       6.29711151E-03
   270.000000       72.3615875     -0.103566170    
   273.750000       72.3615875       5.09748459E-02
   277.500000       72.3615875       7.14826584E-02
   281.250000       72.3615875       7.05060959E-02
   285.000000       72.3615875      -1.04301929    
   288.750000       72.3615875       2.38752365E-02
   292.500000       72.3615875      0.200877190    
   296.250000       72.3615875      0.413279533    
   300.000000       72.3615875      0.448191643    
   303.750000       72.3615875      0.373484612    
   307.500000       72.3615875      0.453318596    
   311.250000       72.3615875      0.343699455    
   315.000000       72.3615875      0.132517815    
   318.750000       72.3615875      -6.05974197E-02
   322.500000       72.3615875      0.348826408    
   326.250000       72.3615875      0.126170158    
   330.000000       72.3615875      0.131297112    
   333.750000       72.3615875      0.219431877    
   337.500000       72.3615875       8.02717209E-02
   341.250000       72.3615875       9.66291428E-02
   345.000000       72.3615875       9.27228928E-02
   348.750000       72.3615875      0.195506096    
   352.500000       72.3615875       7.83185959E-02
   356.250000       72.3615875      -9.13591385E-02
   360.000000       72.3615875       2.80256271E-02
   0.00000000       76.0702438       7.51781464E-03
   3.75000000       76.0702438     -0.151906013    
   7.50000000       76.0702438     -0.157765388    
   11.2500000       76.0702438     -0.104054451    
   15.0000000       76.0702438     -0.249073982    
   18.7500000       76.0702438     -0.377736092    
   22.5000000       76.0702438     -0.283253670    
   26.2500000       76.0702438     -0.129689217    
   30.0000000       76.0702438      -7.71989822E-02
   33.7500000       76.0702438      -5.88884354E-02
   37.5000000       76.0702438      0.129343987    
   41.2500000       76.0702438      0.341990471    
   45.0000000       76.0702438      0.234568596    
   48.7500000       76.0702438      0.137644768    
   52.5000000       76.0702438       1.70392990E-02
   56.2500000       76.0702438      -1.90935135E-02
   60.0000000       76.0702438       1.43537521E-02
   63.7500000       76.0702438       2.97346115E-02
   67.5000000       76.0702438       3.95002365E-02
   71.2500000       76.0702438       4.34064865E-02
   75.0000000       76.0702438      0.106883049    
   78.7500000       76.0702438       5.07307053E-02
   82.5000000       76.0702438       1.43537521E-02
   86.2500000       76.0702438      -3.13005447E-02
   90.0000000       76.0702438      -6.03532791E-02
   93.7500000       76.0702438      -1.49431229E-02
   97.5000000       76.0702438       3.43732834E-02
   101.250000       76.0702438       6.17170334E-02
   105.000000       76.0702438       5.56468964E-03
   108.750000       76.0702438      -5.62028885E-02
   112.500000       76.0702438      -8.81853104E-02
   116.250000       76.0702438      -4.20427322E-02
   120.000000       76.0702438      -1.76286697E-02
   123.750000       76.0702438      -1.51538849E-03
   127.500000       76.0702438      -8.10718536E-03
   131.250000       76.0702438      -9.81616974E-03
   135.000000       76.0702438      -9.57202911E-03
   138.750000       76.0702438      -2.37321854E-02
   142.500000       76.0702438       2.87914276E-03
   146.250000       76.0702438      -1.88493729E-02
   150.000000       76.0702438      -2.66618729E-02
   153.750000       76.0702438      -5.90991974E-03
   157.500000       76.0702438      -4.44507599E-03
   161.250000       76.0702438       2.58283615E-02
   165.000000       76.0702438       8.71076584E-02
   168.750000       76.0702438       6.92853928E-02
   172.500000       76.0702438       4.16975021E-02
   176.250000       76.0702438       2.65607834E-02
   180.000000       76.0702438       3.12328339E-03
   183.750000       76.0702438       3.16877365E-02
   187.500000       76.0702438       4.14533615E-02
   191.250000       76.0702438      -7.82966614E-04
   195.000000       76.0702438       1.11799240E-02
   198.750000       76.0702438       1.41096115E-02
   202.500000       76.0702438       2.04572678E-02
   206.250000       76.0702438       1.93595886E-04
   210.000000       76.0702438       9.95922089E-03
   213.750000       76.0702438       1.31330490E-02
   217.500000       76.0702438       2.60725021E-02
   221.250000       76.0702438       6.02521896E-02
   225.000000       76.0702438       8.95490646E-02
   228.750000       76.0702438      0.162547112    
   232.500000       76.0702438      0.192332268    
   236.250000       76.0702438      0.121043205    
   240.000000       76.0702438      -2.42204666E-02
   243.750000       76.0702438     -0.121876717    
   247.500000       76.0702438     -0.188527107    
   251.250000       76.0702438     -0.159230232    
   255.000000       76.0702438     -0.166066170    
   258.750000       76.0702438       1.60627365E-02
   262.500000       76.0702438      -1.59196854E-02
   266.250000       76.0702438      -5.10759354E-02
   270.000000       76.0702438      -7.96403885E-02
   273.750000       76.0702438      -5.62028885E-02
   277.500000       76.0702438      0.371775627    
   281.250000       76.0702438     -0.300099373    
   285.000000       76.0702438      -5.59587479E-02
   288.750000       76.0702438      0.369822502    
   292.500000       76.0702438      0.213328362    
   296.250000       76.0702438     -0.917531013    
   300.000000       76.0702438      -1.15654469    
   303.750000       76.0702438     -0.523732185    
   307.500000       76.0702438     -0.119923592    
   311.250000       76.0702438      -8.11052322E-02
   315.000000       76.0702438      0.261179924    
   318.750000       76.0702438      0.228709221    
   322.500000       76.0702438      0.276804924    
   326.250000       76.0702438       5.34162521E-02
   330.000000       76.0702438       6.78539276E-03
   333.750000       76.0702438       7.05060959E-02
   337.500000       76.0702438      0.360056877    
   341.250000       76.0702438      0.124705315    
   345.000000       76.0702438      0.234812737    
   348.750000       76.0702438      0.234568596    
   352.500000       76.0702438      0.229441643    
   356.250000       76.0702438       5.87873459E-02
   360.000000       76.0702438       7.51781464E-03
   0.00000000       79.7770462      0.191355705    
   3.75000000       79.7770462      0.125193596    
   7.50000000       79.7770462       6.36701584E-02
   11.2500000       79.7770462       3.04670334E-02
   15.0000000       79.7770462      -6.64567947E-02
   18.7500000       79.7770462     -0.218556404    
   22.5000000       79.7770462     -0.340626717    
   26.2500000       79.7770462     -0.437794685    
   30.0000000       79.7770462     -0.368214607    
   33.7500000       79.7770462     -0.341114998    
   37.5000000       79.7770462     -0.147267342    
   41.2500000       79.7770462      -9.25798416E-02
   45.0000000       79.7770462     -0.133595467    
   48.7500000       79.7770462      -5.10759354E-02
   52.5000000       79.7770462      -7.86304474E-03
   56.2500000       79.7770462      -4.13103104E-02
   60.0000000       79.7770462     -0.140675545    
   63.7500000       79.7770462      -2.20232010E-02
   67.5000000       79.7770462       1.70392990E-02
   71.2500000       79.7770462       6.78539276E-03
   75.0000000       79.7770462       1.17015839E-03
   78.7500000       79.7770462      -1.88493729E-02
   82.5000000       79.7770462      -2.64177322E-02
   86.2500000       79.7770462      -3.03239822E-02
   90.0000000       79.7770462       2.97346115E-02
   93.7500000       79.7770462     -0.126271248    
   97.5000000       79.7770462       6.81877136E-04
   101.250000       79.7770462     -0.110890388    
   105.000000       79.7770462      -2.42204666E-02
   108.750000       79.7770462      -3.93571854E-02
   112.500000       79.7770462      -2.27556229E-02
   116.250000       79.7770462      -1.44548416E-02
   120.000000       79.7770462      -2.00366974E-03
   123.750000       79.7770462      -4.20427322E-02
   127.500000       79.7770462      -4.27751541E-02
   131.250000       79.7770462      -4.22868729E-02
   135.000000       79.7770462     -0.101124763    
   138.750000       79.7770462     -0.106007576    
   142.500000       79.7770462      -3.44743729E-02
   146.250000       79.7770462      -8.10718536E-03
   150.000000       79.7770462       1.36213303E-02
   153.750000       79.7770462       2.63500214E-03
   157.500000       79.7770462       1.26447678E-02
   161.250000       79.7770462      -6.64234161E-03
   165.000000       79.7770462      -3.03239822E-02
   168.750000       79.7770462      -1.32341385E-02
   172.500000       79.7770462       1.65510178E-02
   176.250000       79.7770462       4.12092209E-02
   180.000000       79.7770462       4.51154709E-02
   183.750000       79.7770462       3.46174240E-02
   187.500000       79.7770462       2.16779709E-02
   191.250000       79.7770462       1.75275803E-02
   195.000000       79.7770462       3.63264084E-02
   198.750000       79.7770462       3.58381271E-02
   202.500000       79.7770462       4.46271896E-02
   206.250000       79.7770462       7.80744553E-02
   210.000000       79.7770462       6.51350021E-02
   213.750000       79.7770462       8.41779709E-02
   217.500000       79.7770462       8.25023651E-03
   221.250000       79.7770462       4.02326584E-02
   225.000000       79.7770462      0.115183830    
   228.750000       79.7770462       8.51545334E-02
   232.500000       79.7770462       2.28986740E-02
   236.250000       79.7770462      -1.17692947E-02
   240.000000       79.7770462     -0.135792732    
   243.750000       79.7770462     -0.128224373    
   247.500000       79.7770462      -9.89274979E-02
   251.250000       79.7770462      -3.74040604E-02
   255.000000       79.7770462     -0.113820076    
   258.750000       79.7770462      -7.13396072E-02
   262.500000       79.7770462       8.25023651E-03
   266.250000       79.7770462      -3.69157791E-02
   270.000000       79.7770462       4.87775803E-02
   273.750000       79.7770462       2.80256271E-02
   277.500000       79.7770462       7.17267990E-02
   281.250000       79.7770462       5.63459396E-02
   285.000000       79.7770462      0.152781487    
   288.750000       79.7770462      -6.76774979E-02
   292.500000       79.7770462     -0.137501717    
   296.250000       79.7770462     -0.274464607    
   300.000000       79.7770462     -0.225880623    
   303.750000       79.7770462     -0.519581795    
   307.500000       79.7770462     -0.188038826    
   311.250000       79.7770462     -0.200734138    
   315.000000       79.7770462     -0.354542732    
   318.750000       79.7770462      -5.81560135E-02
   322.500000       79.7770462      -1.29899979E-02
   326.250000       79.7770462      -7.61890411E-03
   330.000000       79.7770462       6.31818771E-02
   333.750000       79.7770462      0.314890862    
   337.500000       79.7770462       3.31525803E-02
   341.250000       79.7770462      -1.78728104E-02
   345.000000       79.7770462       1.55744553E-02
   348.750000       79.7770462       2.99787521E-02
   352.500000       79.7770462      0.171580315    
   356.250000       79.7770462      0.189646721    
   360.000000       79.7770462      0.191355705    
   0.00000000       83.4789200      0.154734612    
   3.75000000       83.4789200      0.129588127    
   7.50000000       83.4789200      0.107859612    
   11.2500000       83.4789200      0.111521721    
   15.0000000       83.4789200      0.107859612    
   18.7500000       83.4789200       7.41682053E-02
   22.5000000       83.4789200       3.24201584E-02
   26.2500000       83.4789200       3.16877365E-02
   30.0000000       83.4789200       5.75666428E-02
   33.7500000       83.4789200       5.34162521E-02
   37.5000000       83.4789200       5.14631271E-02
   41.2500000       83.4789200       3.53498459E-02
   45.0000000       83.4789200       1.36213303E-02
   48.7500000       83.4789200      -2.03142166E-02
   52.5000000       83.4789200      -4.25310135E-02
   56.2500000       83.4789200      -5.91325760E-02
   60.0000000       83.4789200      -5.47380447E-02
   63.7500000       83.4789200      -6.37712479E-02
   67.5000000       83.4789200      -6.86540604E-02
   71.2500000       83.4789200      -7.06071854E-02
   75.0000000       83.4789200      -7.57341385E-02
   78.7500000       83.4789200      -6.37712479E-02
   82.5000000       83.4789200      -5.81560135E-02
   86.2500000       83.4789200      -1.68962479E-02
   90.0000000       83.4789200       2.24103928E-02
   93.7500000       83.4789200       4.65803146E-02
   97.5000000       83.4789200       3.92560959E-02
   101.250000       83.4789200       1.77717209E-02
   105.000000       83.4789200       5.80883026E-03
   108.750000       83.4789200      -1.64079666E-02
   112.500000       83.4789200      -2.51970291E-02
   116.250000       83.4789200      -4.68921661E-03
   120.000000       83.4789200      -1.17692947E-02
   123.750000       83.4789200      -7.59782791E-02
   127.500000       83.4789200      -7.28044510E-02
   131.250000       83.4789200      -3.96013260E-02
   135.000000       83.4789200      -8.62321854E-02
   138.750000       83.4789200     -0.116261482    
   142.500000       83.4789200      -3.13005447E-02
   146.250000       83.4789200       6.02521896E-02
   150.000000       83.4789200       8.22248459E-02
   153.750000       83.4789200       5.12189865E-02
   157.500000       83.4789200       9.95922089E-03
   161.250000       83.4789200       2.14672089E-03
   165.000000       83.4789200       6.54125214E-03
   168.750000       83.4789200       7.02953339E-03
   172.500000       83.4789200      -1.22575760E-02
   176.250000       83.4789200      -2.69060135E-02
   180.000000       83.4789200      -2.93474197E-02
   183.750000       83.4789200      -2.05583572E-02
   187.500000       83.4789200      -1.42107010E-02
   191.250000       83.4789200       2.63500214E-03
   195.000000       83.4789200       3.80353928E-02
   198.750000       83.4789200       6.97736740E-02
   202.500000       83.4789200       9.24787521E-02
   206.250000       83.4789200       7.75861740E-02
   210.000000       83.4789200       6.04963303E-02
   213.750000       83.4789200       6.73322678E-02
   217.500000       83.4789200       7.70978928E-02
   221.250000       83.4789200      0.111277580    
   225.000000       83.4789200       9.73615646E-02
   228.750000       83.4789200       4.34398651E-03
   232.500000       83.4789200      -6.76774979E-02
   236.250000       83.4789200      -8.15935135E-02
   240.000000       83.4789200     -0.119923592    
   243.750000       83.4789200     -0.146290779    
   247.500000       83.4789200      -5.64470291E-02
   251.250000       83.4789200       2.46076584E-02
   255.000000       83.4789200      -3.66716385E-02
   258.750000       83.4789200     -0.155812263    
   262.500000       83.4789200     -0.114064217    
   266.250000       83.4789200      -5.00993729E-02
   270.000000       83.4789200      -4.30192947E-02
   273.750000       83.4789200      -4.79021072E-02
   277.500000       83.4789200       1.65843964E-03
   281.250000       83.4789200      -1.32341385E-02
   285.000000       83.4789200      -8.89177322E-02
   288.750000       83.4789200      -2.17790604E-02
   292.500000       83.4789200       3.53498459E-02
   296.250000       83.4789200      0.106638908    
   300.000000       83.4789200      0.208933830    
   303.750000       83.4789200      0.287058830    
   307.500000       83.4789200      0.333201408    
   311.250000       83.4789200      0.312693596    
   315.000000       83.4789200      0.280222893    
   318.750000       83.4789200      0.144968987    
   322.500000       83.4789200      0.163279533    
   326.250000       83.4789200       5.92756271E-02
   330.000000       83.4789200       4.07209396E-02
   333.750000       83.4789200      -3.56950760E-02
   337.500000       83.4789200       6.29711151E-03
   341.250000       83.4789200       6.70881271E-02
   345.000000       83.4789200       9.73615646E-02
   348.750000       83.4789200       9.66291428E-02
   352.500000       83.4789200      0.112010002    
   356.250000       83.4789200      0.149607658    
   360.000000       83.4789200      0.154734612    
   0.00000000       87.1590958      0.143015862    
   3.75000000       87.1590958      0.135691643    
   7.50000000       87.1590958      0.149363518    
   11.2500000       87.1590958      0.148875237    
   15.0000000       87.1590958      0.138377190    
   18.7500000       87.1590958      0.144968987    
   22.5000000       87.1590958      0.137644768    
   26.2500000       87.1590958      0.127635002    
   30.0000000       87.1590958      0.133006096    
   33.7500000       87.1590958      0.124705315    
   37.5000000       87.1590958      0.115672112    
   41.2500000       87.1590958      0.121287346    
   45.0000000       87.1590958      0.115916252    
   48.7500000       87.1590958      0.103220940    
   52.5000000       87.1590958      0.103465080    
   56.2500000       87.1590958      0.102976799    
   60.0000000       87.1590958       9.63850021E-02
   63.7500000       87.1590958       9.51642990E-02
   67.5000000       87.1590958       9.17463303E-02
   71.2500000       87.1590958       8.17365646E-02
   75.0000000       87.1590958       6.87971115E-02
   78.7500000       87.1590958       4.82892990E-02
   82.5000000       87.1590958       2.46076584E-02
   86.2500000       87.1590958       9.71508026E-03
   90.0000000       87.1590958       1.41429901E-03
   93.7500000       87.1590958      -4.20093536E-03
   97.5000000       87.1590958      -4.20093536E-03
   101.250000       87.1590958       6.78539276E-03
   105.000000       87.1590958       3.04670334E-02
   108.750000       87.1590958       4.95100021E-02
   112.500000       87.1590958       4.87775803E-02
   116.250000       87.1590958       3.14435959E-02
   120.000000       87.1590958       4.34398651E-03
   123.750000       87.1590958      -2.32439041E-02
   127.500000       87.1590958      -4.71696854E-02
   131.250000       87.1590958      -6.37712479E-02
   135.000000       87.1590958      -6.93864822E-02
   138.750000       87.1590958      -7.23161697E-02
   142.500000       87.1590958      -7.62224197E-02
   146.250000       87.1590958      -8.18376541E-02
   150.000000       87.1590958      -8.57439041E-02
   153.750000       87.1590958      -8.54997635E-02
   157.500000       87.1590958      -8.18376541E-02
   161.250000       87.1590958      -6.27946854E-02
   165.000000       87.1590958      -3.93571854E-02
   168.750000       87.1590958      -3.32536697E-02
   172.500000       87.1590958      -3.91130447E-02
   176.250000       87.1590958      -5.10759354E-02
   180.000000       87.1590958      -6.49919510E-02
   183.750000       87.1590958      -7.96403885E-02
   187.500000       87.1590958      -9.23357010E-02
   191.250000       87.1590958     -0.106739998    
   195.000000       87.1590958     -0.140431404    
   198.750000       87.1590958     -0.175831795    
   202.500000       87.1590958     -0.189991951    
   206.250000       87.1590958     -0.191212654    
   210.000000       87.1590958     -0.179493904    
   213.750000       87.1590958     -0.168019295    
   217.500000       87.1590958     -0.167042732    
   221.250000       87.1590958     -0.151417732    
   225.000000       87.1590958     -0.119923592    
   228.750000       87.1590958      -9.03825760E-02
   232.500000       87.1590958      -5.74235916E-02
   236.250000       87.1590958      -2.56853104E-02
   240.000000       87.1590958      -1.59196854E-02
   243.750000       87.1590958      -3.32536697E-02
   247.500000       87.1590958      -5.74235916E-02
   251.250000       87.1590958      -7.52458572E-02
   255.000000       87.1590958     -0.100392342    
   258.750000       87.1590958     -0.133595467    
   262.500000       87.1590958     -0.155323982    
   266.250000       87.1590958     -0.155323982    
   270.000000       87.1590958     -0.131886482    
   273.750000       87.1590958      -9.84392166E-02
   277.500000       87.1590958      -9.11149979E-02
   281.250000       87.1590958     -0.117726326    
   285.000000       87.1590958     -0.144093513    
   288.750000       87.1590958     -0.148732185    
   292.500000       87.1590958     -0.128956795    
   296.250000       87.1590958      -8.13493729E-02
   300.000000       87.1590958      -2.76384354E-02
   303.750000       87.1590958       8.25023651E-03
   307.500000       87.1590958       3.85236740E-02
   311.250000       87.1590958       7.00178146E-02
   315.000000       87.1590958       9.07697678E-02
   318.750000       87.1590958      0.105174065    
   322.500000       87.1590958      0.117869377    
   326.250000       87.1590958      0.124949455    
   330.000000       87.1590958      0.133494377    
   333.750000       87.1590958      0.144480705    
   337.500000       87.1590958      0.141795158    
   341.250000       87.1590958      0.136179924    
   345.000000       87.1590958      0.143260002    
   348.750000       87.1590958      0.139353752    
   352.500000       87.1590958      0.130076408    
   356.250000       87.1590958      0.141795158    
   360.000000       87.1590958      0.143015862    
