   0.00000000      -87.1590958      -1.26380920E-02
   3.75000000      -87.1590958      -1.52626038E-02
   7.50000000      -87.1590958      -1.73988342E-02
   11.2500000      -87.1590958      -1.84974670E-02
   15.0000000      -87.1590958      -1.92909241E-02
   18.7500000      -87.1590958      -1.97792053E-02
   22.5000000      -87.1590958      -1.94740295E-02
   26.2500000      -87.1590958      -1.86805725E-02
   30.0000000      -87.1590958      -1.77650452E-02
   33.7500000      -87.1590958      -1.67274475E-02
   37.5000000      -87.1590958      -1.58119202E-02
   41.2500000      -87.1590958      -1.52626038E-02
   45.0000000      -87.1590958      -1.50794983E-02
   48.7500000      -87.1590958      -1.55677795E-02
   52.5000000      -87.1590958      -1.66053772E-02
   56.2500000      -87.1590958      -1.69715881E-02
   60.0000000      -87.1590958      -1.66053772E-02
   63.7500000      -87.1590958      -1.59339905E-02
   67.5000000      -87.1590958      -1.48353577E-02
   71.2500000      -87.1590958      -1.34925842E-02
   75.0000000      -87.1590958      -1.27601624E-02
   78.7500000      -87.1590958      -1.26380920E-02
   82.5000000      -87.1590958      -1.31874084E-02
   86.2500000      -87.1590958      -1.45912170E-02
   90.0000000      -87.1590958      -1.62391663E-02
   93.7500000      -87.1590958      -1.77650452E-02
   97.5000000      -87.1590958      -1.92298889E-02
   101.250000      -87.1590958      -1.94129944E-02
   105.000000      -87.1590958      -1.73377991E-02
   108.750000      -87.1590958      -1.45301819E-02
   112.500000      -87.1590958      -1.18446350E-02
   116.250000      -87.1590958      -8.97598267E-03
   120.000000      -87.1590958      -6.83975220E-03
   123.750000      -87.1590958      -5.43594360E-03
   127.500000      -87.1590958      -3.36074829E-03
   131.250000      -87.1590958      -6.75201416E-04
   135.000000      -87.1590958       1.70516968E-03
   138.750000      -87.1590958       4.02450562E-03
   142.500000      -87.1590958       5.85556030E-03
   146.250000      -87.1590958       6.64901733E-03
   150.000000      -87.1590958       7.44247437E-03
   153.750000      -87.1590958       9.21249390E-03
   157.500000      -87.1590958       1.09825134E-02
   161.250000      -87.1590958       1.17759705E-02
   165.000000      -87.1590958       1.22642517E-02
   168.750000      -87.1590958       1.29356384E-02
   172.500000      -87.1590958       1.31797791E-02
   176.250000      -87.1590958       1.34849548E-02
   180.000000      -87.1590958       1.51939392E-02
   183.750000      -87.1590958       1.76353455E-02
   187.500000      -87.1590958       1.76963806E-02
   191.250000      -87.1590958       1.56822205E-02
   195.000000      -87.1590958       1.56822205E-02
   198.750000      -87.1590958       1.75132751E-02
   202.500000      -87.1590958       1.70860291E-02
   206.250000      -87.1590958       1.44004822E-02
   210.000000      -87.1590958       1.30577087E-02
   213.750000      -87.1590958       1.37901306E-02
   217.500000      -87.1590958       1.45225525E-02
   221.250000      -87.1590958       1.34849548E-02
   225.000000      -87.1590958       1.10435486E-02
   228.750000      -87.1590958       9.94491577E-03
   232.500000      -87.1590958       1.02500916E-02
   236.250000      -87.1590958       9.27352905E-03
   240.000000      -87.1590958       7.93075562E-03
   243.750000      -87.1590958       8.23593140E-03
   247.500000      -87.1590958       9.33456421E-03
   251.250000      -87.1590958       1.12876892E-02
   255.000000      -87.1590958       1.39732361E-02
   258.750000      -87.1590958       1.53160095E-02
   262.500000      -87.1590958       1.53770447E-02
   266.250000      -87.1590958       1.51329041E-02
   270.000000      -87.1590958       1.38511658E-02
   273.750000      -87.1590958       1.18980408E-02
   277.500000      -87.1590958       1.00669861E-02
   281.250000      -87.1590958       7.74765015E-03
   285.000000      -87.1590958       5.36727905E-03
   288.750000      -87.1590958       3.65829468E-03
   292.500000      -87.1590958       1.58309937E-03
   296.250000      -87.1590958      -8.58306885E-04
   300.000000      -87.1590958      -2.81143188E-03
   303.750000      -87.1590958      -3.97109985E-03
   307.500000      -87.1590958      -3.97109985E-03
   311.250000      -87.1590958      -2.87246704E-03
   315.000000      -87.1590958      -2.01797485E-03
   318.750000      -87.1590958      -2.26211548E-03
   322.500000      -87.1590958      -3.23867798E-03
   326.250000      -87.1590958      -4.45938110E-03
   330.000000      -87.1590958      -6.29043579E-03
   333.750000      -87.1590958      -8.12149048E-03
   337.500000      -87.1590958      -8.97598267E-03
   341.250000      -87.1590958      -9.09805298E-03
   345.000000      -87.1590958      -8.60977173E-03
   348.750000      -87.1590958      -7.81631470E-03
   352.500000      -87.1590958      -8.12149048E-03
   356.250000      -87.1590958      -1.00135803E-02
   360.000000      -87.1590958      -1.26380920E-02
   0.00000000      -83.4789200      -3.84902954E-03
   3.75000000      -83.4789200       7.89642334E-04
   7.50000000      -83.4789200       7.56454468E-03
   11.2500000      -83.4789200       1.28746033E-02
   15.0000000      -83.4789200       1.49497986E-02
   18.7500000      -83.4789200       1.38511658E-02
   22.5000000      -83.4789200       1.39122009E-02
   26.2500000      -83.4789200       1.54991150E-02
   30.0000000      -83.4789200       1.87950134E-02
   33.7500000      -83.4789200       1.87339783E-02
   37.5000000      -83.4789200       1.64146423E-02
   41.2500000      -83.4789200       1.38511658E-02
   45.0000000      -83.4789200       1.14097595E-02
   48.7500000      -83.4789200       1.09825134E-02
   52.5000000      -83.4789200       1.22032166E-02
   56.2500000      -83.4789200       1.20811462E-02
   60.0000000      -83.4789200       1.13487244E-02
   63.7500000      -83.4789200       1.18980408E-02
   67.5000000      -83.4789200       1.14707947E-02
   71.2500000      -83.4789200       9.45663452E-03
   75.0000000      -83.4789200       7.99179077E-03
   78.7500000      -83.4789200       5.30624390E-03
   82.5000000      -83.4789200       1.70516968E-03
   86.2500000      -83.4789200       1.79290771E-04
   90.0000000      -83.4789200       4.23431396E-04
   93.7500000      -83.4789200       2.80380249E-03
   97.5000000      -83.4789200       8.29696655E-03
   101.250000      -83.4789200       1.21421814E-02
   105.000000      -83.4789200       1.07994080E-02
   108.750000      -83.4789200       6.58798218E-03
   112.500000      -83.4789200       3.10897827E-03
   116.250000      -83.4789200       1.15585327E-03
   120.000000      -83.4789200      -1.86920166E-04
   123.750000      -83.4789200       4.23431396E-04
   127.500000      -83.4789200       2.49862671E-03
   131.250000      -83.4789200      -6.48498535E-05
   135.000000      -83.4789200      -5.74111938E-03
   138.750000      -83.4789200      -8.48770142E-03
   142.500000      -83.4789200      -7.45010376E-03
   146.250000      -83.4789200      -7.99942017E-03
   150.000000      -83.4789200      -9.83047485E-03
   153.750000      -83.4789200      -2.38418579E-03
   157.500000      -83.4789200      -8.18252563E-03
   161.250000      -83.4789200      -6.29043579E-03
   165.000000      -83.4789200      -1.31263733E-02
   168.750000      -83.4789200      -2.16102600E-02
   172.500000      -83.4789200      -6.83975220E-03
   176.250000      -83.4789200      -3.11660767E-03
   180.000000      -83.4789200      -8.30459595E-03
   183.750000      -83.4789200      -1.03187561E-02
   187.500000      -83.4789200      -1.00746155E-02
   191.250000      -83.4789200      -5.00869751E-03
   195.000000      -83.4789200       1.79290771E-04
   198.750000      -83.4789200      -1.10244751E-03
   202.500000      -83.4789200      -4.82559204E-03
   206.250000      -83.4789200      -5.06973267E-03
   210.000000      -83.4789200      -1.22451782E-03
   213.750000      -83.4789200       1.58309937E-03
   217.500000      -83.4789200      -5.25283813E-03
   221.250000      -83.4789200      -8.60977173E-03
   225.000000      -83.4789200      -8.18252563E-03
   228.750000      -83.4789200      -1.00135803E-02
   232.500000      -83.4789200      -8.85391235E-03
   236.250000      -83.4789200      -8.36563110E-03
   240.000000      -83.4789200      -7.57217407E-03
   243.750000      -83.4789200      -7.45010376E-03
   247.500000      -83.4789200      -1.19667053E-02
   251.250000      -83.4789200      -1.60560608E-02
   255.000000      -83.4789200      -1.81312561E-02
   258.750000      -83.4789200      -1.68495178E-02
   262.500000      -83.4789200      -1.54457092E-02
   266.250000      -83.4789200      -1.23939514E-02
   270.000000      -83.4789200      -1.50794983E-02
   273.750000      -83.4789200      -1.37977600E-02
   277.500000      -83.4789200      -1.42250061E-02
   281.250000      -83.4789200      -9.22012329E-03
   285.000000      -83.4789200      -8.58306885E-04
   288.750000      -83.4789200       8.05282593E-03
   292.500000      -83.4789200       4.51278687E-03
   296.250000      -83.4789200      -3.72695923E-03
   300.000000      -83.4789200      -9.58633423E-03
   303.750000      -83.4789200      -9.52529907E-03
   307.500000      -83.4789200       1.46102905E-03
   311.250000      -83.4789200       5.61141968E-03
   315.000000      -83.4789200       7.44247437E-03
   318.750000      -83.4789200       1.39732361E-02
   322.500000      -83.4789200       1.59263611E-02
   326.250000      -83.4789200       1.17149353E-02
   330.000000      -83.4789200       3.29208374E-03
   333.750000      -83.4789200      -1.86920166E-04
   337.500000      -83.4789200       2.01034546E-03
   341.250000      -83.4789200      -7.36236572E-04
   345.000000      -83.4789200      -7.69424438E-03
   348.750000      -83.4789200      -1.23939514E-02
   352.500000      -83.4789200      -1.02577209E-02
   356.250000      -83.4789200      -6.71768188E-03
   360.000000      -83.4789200      -3.84902954E-03
   0.00000000      -79.7770462       6.06536865E-04
   3.75000000      -79.7770462      -2.00233459E-02
   7.50000000      -79.7770462      -2.05726624E-02
   11.2500000      -79.7770462      -1.28822327E-02
   15.0000000      -79.7770462      -7.38906860E-03
   18.7500000      -79.7770462      -3.72695923E-03
   22.5000000      -79.7770462      -1.95693970E-03
   26.2500000      -79.7770462      -3.97109985E-03
   30.0000000      -79.7770462      -3.70025635E-04
   33.7500000      -79.7770462       7.68661499E-03
   37.5000000      -79.7770462       1.14097595E-02
   41.2500000      -79.7770462       1.42173767E-02
   45.0000000      -79.7770462       1.24473572E-02
   48.7500000      -79.7770462       9.57870483E-03
   52.5000000      -79.7770462       7.32040405E-03
   56.2500000      -79.7770462       4.51278687E-03
   60.0000000      -79.7770462       1.15585327E-03
   63.7500000      -79.7770462      -2.93350220E-03
   67.5000000      -79.7770462      -6.65664673E-03
   71.2500000      -79.7770462      -7.57217407E-03
   75.0000000      -79.7770462      -5.06973267E-03
   78.7500000      -79.7770462       4.84466553E-04
   82.5000000      -79.7770462       4.69589233E-03
   86.2500000      -79.7770462       7.99179077E-03
   90.0000000      -79.7770462       9.27352905E-03
   93.7500000      -79.7770462       9.45663452E-03
   97.5000000      -79.7770462       1.08604431E-02
   101.250000      -79.7770462       1.14707947E-02
   105.000000      -79.7770462       1.39122009E-02
   108.750000      -79.7770462       1.66587830E-02
   112.500000      -79.7770462       1.77574158E-02
   116.250000      -79.7770462       1.74522400E-02
   120.000000      -79.7770462       1.64756775E-02
   123.750000      -79.7770462       1.65977478E-02
   127.500000      -79.7770462       1.17149353E-02
   131.250000      -79.7770462       6.77108765E-03
   135.000000      -79.7770462       7.56454468E-03
   138.750000      -79.7770462       2.55966187E-03
   142.500000      -79.7770462       3.01361084E-04
   146.250000      -79.7770462       2.74276733E-03
   150.000000      -79.7770462       7.38143921E-03
   153.750000      -79.7770462       5.61141968E-03
   157.500000      -79.7770462       1.46102905E-03
   161.250000      -79.7770462      -8.48770142E-03
   165.000000      -79.7770462      -1.44691467E-02
   168.750000      -79.7770462      -8.58306885E-04
   172.500000      -79.7770462       8.96835327E-03
   176.250000      -79.7770462       1.04942322E-02
   180.000000      -79.7770462       5.48934937E-03
   183.750000      -79.7770462       7.19833374E-03
   187.500000      -79.7770462       1.25083923E-02
   191.250000      -79.7770462       1.04331970E-02
   195.000000      -79.7770462       1.61094666E-02
   198.750000      -79.7770462       1.44615173E-02
   202.500000      -79.7770462       1.48277283E-02
   206.250000      -79.7770462       3.29208374E-03
   210.000000      -79.7770462      -3.08990479E-04
   213.750000      -79.7770462       4.81796265E-03
   217.500000      -79.7770462      -8.54873657E-03
   221.250000      -79.7770462      -6.75201416E-04
   225.000000      -79.7770462       3.59725952E-03
   228.750000      -79.7770462      -3.78799438E-03
   232.500000      -79.7770462      -1.64222717E-02
   236.250000      -79.7770462      -1.22718811E-02
   240.000000      -79.7770462      -1.86805725E-02
   243.750000      -79.7770462      -1.20277405E-02
   247.500000      -79.7770462      -7.93838501E-03
   251.250000      -79.7770462      -1.17225647E-02
   255.000000      -79.7770462      -9.22012329E-03
   258.750000      -79.7770462      -9.64736938E-03
   262.500000      -79.7770462      -2.14881897E-02
   266.250000      -79.7770462      -3.09486389E-02
   270.000000      -79.7770462      -3.29971313E-03
   273.750000      -79.7770462      -5.82313538E-02
   277.500000      -79.7770462      -6.18324280E-02
   281.250000      -79.7770462       1.26914978E-02
   285.000000      -79.7770462      -2.24037170E-02
   288.750000      -79.7770462      -4.34608459E-02
   292.500000      -79.7770462      -5.67054749E-02
   296.250000      -79.7770462      -1.72767639E-02
   300.000000      -79.7770462      -2.44522095E-03
   303.750000      -79.7770462       1.03378296E-03
   307.500000      -79.7770462       9.21249390E-03
   311.250000      -79.7770462       1.32408142E-02
   315.000000      -79.7770462       5.73348999E-03
   318.750000      -79.7770462       1.19590759E-02
   322.500000      -79.7770462       1.82723999E-03
   326.250000      -79.7770462      -2.01797485E-03
   330.000000      -79.7770462      -1.23939514E-02
   333.750000      -79.7770462      -2.30140686E-02
   337.500000      -79.7770462      -2.58216858E-02
   341.250000      -79.7770462      -2.38075256E-02
   345.000000      -79.7770462      -2.50892639E-02
   348.750000      -79.7770462      -1.39198303E-02
   352.500000      -79.7770462       6.46591187E-03
   356.250000      -79.7770462       1.69029236E-02
   360.000000      -79.7770462       6.06536865E-04
   0.00000000      -76.0702438       2.18467712E-02
   3.75000000      -76.0702438       1.71470642E-02
   7.50000000      -76.0702438       6.34384155E-03
   11.2500000      -76.0702438       1.15585327E-03
   15.0000000      -76.0702438       1.45225525E-02
   18.7500000      -76.0702438       9.09042358E-03
   22.5000000      -76.0702438       4.32968140E-03
   26.2500000      -76.0702438       4.84466553E-04
   30.0000000      -76.0702438       4.26864624E-03
   33.7500000      -76.0702438       6.46591187E-03
   37.5000000      -76.0702438       8.35800171E-03
   41.2500000      -76.0702438       7.62557983E-03
   45.0000000      -76.0702438       9.82284546E-03
   48.7500000      -76.0702438       1.11045837E-02
   52.5000000      -76.0702438       8.84628296E-03
   56.2500000      -76.0702438       1.05552673E-02
   60.0000000      -76.0702438       1.11045837E-02
   63.7500000      -76.0702438       6.16073608E-03
   67.5000000      -76.0702438      -1.10244751E-03
   71.2500000      -76.0702438      -3.91006470E-03
   75.0000000      -76.0702438      -3.60488892E-03
   78.7500000      -76.0702438      -3.60488892E-03
   82.5000000      -76.0702438      -3.42178345E-03
   86.2500000      -76.0702438      -4.15420532E-03
   90.0000000      -76.0702438      -4.45938110E-03
   93.7500000      -76.0702438      -6.47354126E-03
   97.5000000      -76.0702438      -4.82559204E-03
   101.250000      -76.0702438      -3.84902954E-03
   105.000000      -76.0702438      -1.52969360E-03
   108.750000      -76.0702438      -4.21524048E-03
   112.500000      -76.0702438      -9.19342041E-04
   116.250000      -76.0702438       5.30624390E-03
   120.000000      -76.0702438       8.54110718E-03
   123.750000      -76.0702438       1.42173767E-02
   127.500000      -76.0702438       1.57432556E-02
   131.250000      -76.0702438       1.01280212E-02
   135.000000      -76.0702438       6.71005249E-03
   138.750000      -76.0702438       1.31187439E-02
   142.500000      -76.0702438       1.78184509E-02
   146.250000      -76.0702438       5.97763062E-03
   150.000000      -76.0702438      -1.73377991E-02
   153.750000      -76.0702438      -1.93519592E-02
   157.500000      -76.0702438       1.32408142E-02
   161.250000      -76.0702438       2.45323181E-02
   165.000000      -76.0702438       8.05282593E-03
   168.750000      -76.0702438      -3.29971313E-03
   172.500000      -76.0702438       2.13584900E-02
   176.250000      -76.0702438       8.90731812E-03
   180.000000      -76.0702438       2.92587280E-03
   183.750000      -76.0702438      -4.82559204E-03
   187.500000      -76.0702438      -1.12342834E-02
   191.250000      -76.0702438      -7.32803345E-03
   195.000000      -76.0702438      -3.11660767E-03
   198.750000      -76.0702438       1.15928650E-02
   202.500000      -76.0702438      -5.49697876E-03
   206.250000      -76.0702438       8.78524780E-03
   210.000000      -76.0702438      -1.20277405E-02
   213.750000      -76.0702438       3.53622437E-03
   217.500000      -76.0702438       1.25694275E-02
   221.250000      -76.0702438       3.04527283E-02
   225.000000      -76.0702438       1.38511658E-02
   228.750000      -76.0702438      -9.28115845E-03
   232.500000      -76.0702438      -3.00331116E-02
   236.250000      -76.0702438      -2.50282288E-02
   240.000000      -76.0702438      -6.35147095E-03
   243.750000      -76.0702438      -2.88734436E-02
   247.500000      -76.0702438      -7.32803345E-03
   251.250000      -76.0702438       1.80015564E-02
   255.000000      -76.0702438       5.85556030E-03
   258.750000      -76.0702438       2.64854431E-02
   262.500000      -76.0702438       2.34336853E-02
   266.250000      -76.0702438       8.35800171E-03
   270.000000      -76.0702438       6.83212280E-03
   273.750000      -76.0702438       2.25448608E-03
   277.500000      -76.0702438      -1.03797913E-02
   281.250000      -76.0702438      -8.12149048E-03
   285.000000      -76.0702438       2.09922791E-02
   288.750000      -76.0702438      -5.19180298E-03
   292.500000      -76.0702438      -7.20596313E-03
   296.250000      -76.0702438      -6.10733032E-03
   300.000000      -76.0702438      -1.92909241E-02
   303.750000      -76.0702438      -1.65176392E-03
   307.500000      -76.0702438       4.81796265E-03
   311.250000      -76.0702438       2.52647400E-02
   315.000000      -76.0702438      -1.34315491E-02
   318.750000      -76.0702438       5.48934937E-03
   322.500000      -76.0702438       8.50677490E-04
   326.250000      -76.0702438       4.69589233E-03
   330.000000      -76.0702438      -5.53131104E-04
   333.750000      -76.0702438      -3.11660767E-03
   337.500000      -76.0702438      -1.17225647E-02
   341.250000      -76.0702438       9.21249390E-03
   345.000000      -76.0702438       2.19345093E-03
   348.750000      -76.0702438       8.35800171E-03
   352.500000      -76.0702438       2.30674744E-02
   356.250000      -76.0702438       2.70957947E-02
   360.000000      -76.0702438       2.18467712E-02
   0.00000000      -72.3615875       1.44004822E-02
   3.75000000      -72.3615875      -1.92298889E-02
   7.50000000      -72.3615875       6.40487671E-03
   11.2500000      -72.3615875       4.94003296E-03
   15.0000000      -72.3615875       5.00106812E-03
   18.7500000      -72.3615875       2.19345093E-03
   22.5000000      -72.3615875       8.11386108E-03
   26.2500000      -72.3615875       2.37655640E-03
   30.0000000      -72.3615875      -5.31387329E-03
   33.7500000      -72.3615875      -4.52041626E-03
   37.5000000      -72.3615875      -3.05557251E-03
   41.2500000      -72.3615875      -5.80215454E-03
   45.0000000      -72.3615875      -2.47955322E-04
   48.7500000      -72.3615875      -6.77871704E-03
   52.5000000      -72.3615875       2.66685486E-02
   56.2500000      -72.3615875       2.34947205E-02
   60.0000000      -72.3615875       4.71153259E-02
   63.7500000      -72.3615875       3.99131775E-02
   67.5000000      -72.3615875       9.70077515E-03
   71.2500000      -72.3615875       1.46446228E-02
   75.0000000      -72.3615875      -1.00135803E-02
   78.7500000      -72.3615875      -2.01797485E-03
   82.5000000      -72.3615875       1.26914978E-02
   86.2500000      -72.3615875       2.35557556E-02
   90.0000000      -72.3615875       1.88560486E-02
   93.7500000      -72.3615875      -1.14173889E-02
   97.5000000      -72.3615875      -1.61170959E-02
   101.250000      -72.3615875       2.19345093E-03
   105.000000      -72.3615875      -2.17933655E-02
   108.750000      -72.3615875       4.14657593E-03
   112.500000      -72.3615875       8.48007202E-03
   116.250000      -72.3615875       3.01475525E-02
   120.000000      -72.3615875       2.41661072E-02
   123.750000      -72.3615875       1.39732361E-02
   127.500000      -72.3615875       2.19688416E-02
   131.250000      -72.3615875       2.01988220E-02
   135.000000      -72.3615875       7.99179077E-03
   138.750000      -72.3615875       1.26914978E-02
   142.500000      -72.3615875       1.36070251E-02
   146.250000      -72.3615875       1.17759705E-02
   150.000000      -72.3615875      -8.58306885E-04
   153.750000      -72.3615875      -1.16004944E-02
   157.500000      -72.3615875       1.17759705E-02
   161.250000      -72.3615875      -1.08070374E-02
   165.000000      -72.3615875      -3.63807678E-02
   168.750000      -72.3615875      -3.18031311E-02
   172.500000      -72.3615875      -2.11830139E-02
   176.250000      -72.3615875      -6.16836548E-03
   180.000000      -72.3615875      -2.20108032E-03
   183.750000      -72.3615875      -3.84902954E-03
   187.500000      -72.3615875      -3.29971313E-03
   191.250000      -72.3615875      -1.14173889E-02
   195.000000      -72.3615875      -5.98526001E-03
   198.750000      -72.3615875      -7.32803345E-03
   202.500000      -72.3615875      -1.86195374E-02
   206.250000      -72.3615875      -1.65176392E-03
   210.000000      -72.3615875      -4.70352173E-03
   213.750000      -72.3615875       8.54110718E-03
   217.500000      -72.3615875       9.70077515E-03
   221.250000      -72.3615875      -7.63320923E-03
   225.000000      -72.3615875       9.72747803E-04
   228.750000      -72.3615875      -1.59339905E-02
   232.500000      -72.3615875       7.19833374E-03
   236.250000      -72.3615875      -1.47743225E-02
   240.000000      -72.3615875       2.94151306E-02
   243.750000      -72.3615875      -2.87246704E-03
   247.500000      -72.3615875       5.06210327E-03
   251.250000      -72.3615875       3.96347046E-03
   255.000000      -72.3615875       1.31187439E-02
   258.750000      -72.3615875       6.34384155E-03
   262.500000      -72.3615875       6.67572021E-04
   266.250000      -72.3615875      -9.28115845E-03
   270.000000      -72.3615875      -3.61976624E-02
   273.750000      -72.3615875      -4.18739319E-02
   277.500000      -72.3615875      -9.09805298E-03
   281.250000      -72.3615875      -1.95350647E-02
   285.000000      -72.3615875      -1.92909241E-02
   288.750000      -72.3615875      -1.48353577E-02
   292.500000      -72.3615875      -1.01966858E-02
   296.250000      -72.3615875       8.01963806E-02
   300.000000      -72.3615875       2.09922791E-02
   303.750000      -72.3615875       1.91001892E-02
   307.500000      -72.3615875       2.36167908E-02
   311.250000      -72.3615875       2.19345093E-03
   315.000000      -72.3615875       9.94491577E-03
   318.750000      -72.3615875       1.84898376E-02
   322.500000      -72.3615875       1.87950134E-02
   326.250000      -72.3615875       1.72080994E-02
   330.000000      -72.3615875       1.50108337E-02
   333.750000      -72.3615875       2.12974548E-02
   337.500000      -72.3615875       3.71932983E-03
   341.250000      -72.3615875      -2.32315063E-03
   345.000000      -72.3615875       1.15928650E-02
   348.750000      -72.3615875       3.41758728E-02
   352.500000      -72.3615875       1.12266541E-02
   356.250000      -72.3615875       1.15318298E-02
   360.000000      -72.3615875       1.44004822E-02
   0.00000000      -68.6520157       4.27207947E-02
   3.75000000      -68.6520157       1.54380798E-02
   7.50000000      -68.6520157       1.25694275E-02
   11.2500000      -68.6520157       6.40487671E-03
   15.0000000      -68.6520157       9.76181030E-03
   18.7500000      -68.6520157       1.34239197E-02
   22.5000000      -68.6520157       1.46446228E-02
   26.2500000      -68.6520157       8.78524780E-03
   30.0000000      -68.6520157      -7.38906860E-03
   33.7500000      -68.6520157      -2.09388733E-02
   37.5000000      -68.6520157      -2.61878967E-02
   41.2500000      -68.6520157      -5.59120178E-02
   45.0000000      -68.6520157      -3.31459045E-02
   48.7500000      -68.6520157      -1.98402405E-02
   52.5000000      -68.6520157       3.01361084E-04
   56.2500000      -68.6520157      -1.39198303E-02
   60.0000000      -68.6520157      -1.87416077E-02
   63.7500000      -68.6520157       3.29208374E-03
   67.5000000      -68.6520157       1.14097595E-02
   71.2500000      -68.6520157       3.45420837E-02
   75.0000000      -68.6520157       3.78036499E-03
   78.7500000      -68.6520157       1.64756775E-02
   82.5000000      -68.6520157      -3.78799438E-03
   86.2500000      -68.6520157       9.57870483E-03
   90.0000000      -68.6520157      -4.64248657E-03
   93.7500000      -68.6520157      -1.23939514E-02
   97.5000000      -68.6520157      -1.34315491E-02
   101.250000      -68.6520157      -8.48770142E-03
   105.000000      -68.6520157       3.06968689E-02
   108.750000      -68.6520157       9.21249390E-03
   112.500000      -68.6520157      -3.13758850E-02
   116.250000      -68.6520157      -2.47955322E-04
   120.000000      -68.6520157      -2.36244202E-02
   123.750000      -68.6520157       9.82284546E-03
   127.500000      -68.6520157       1.98326111E-02
   131.250000      -68.6520157       2.31895447E-02
   135.000000      -68.6520157       1.44615173E-02
   138.750000      -68.6520157      -1.10511780E-02
   142.500000      -68.6520157       1.92832947E-02
   146.250000      -68.6520157      -1.09901428E-02
   150.000000      -68.6520157       1.26914978E-02
   153.750000      -68.6520157      -1.93519592E-02
   157.500000      -68.6520157       9.63973999E-03
   161.250000      -68.6520157       9.02938843E-03
   165.000000      -68.6520157       1.91612244E-02
   168.750000      -68.6520157       9.27352905E-03
   172.500000      -68.6520157       3.96347046E-03
   176.250000      -68.6520157       1.31187439E-02
   180.000000      -68.6520157       1.69029236E-02
   183.750000      -68.6520157       1.04942322E-02
   187.500000      -68.6520157      -4.52041626E-03
   191.250000      -68.6520157      -2.75039673E-03
   195.000000      -68.6520157      -5.37490845E-03
   198.750000      -68.6520157      -2.25257874E-02
   202.500000      -68.6520157      -1.80702209E-02
   206.250000      -68.6520157       2.40325928E-04
   210.000000      -68.6520157       1.14707947E-02
   213.750000      -68.6520157      -1.09901428E-02
   217.500000      -68.6520157       7.68661499E-03
   221.250000      -68.6520157       1.12266541E-02
   225.000000      -68.6520157       1.21688843E-03
   228.750000      -68.6520157       4.57382202E-03
   232.500000      -68.6520157       2.62069702E-03
   236.250000      -68.6520157      -5.37490845E-03
   240.000000      -68.6520157      -1.79481506E-02
   243.750000      -68.6520157       1.64146423E-02
   247.500000      -68.6520157      -1.95350647E-02
   251.250000      -68.6520157       5.67245483E-03
   255.000000      -68.6520157       1.26914978E-02
   258.750000      -68.6520157       2.31552124E-03
   262.500000      -68.6520157      -5.25283813E-03
   266.250000      -68.6520157      -2.62489319E-02
   270.000000      -68.6520157      -3.28407288E-02
   273.750000      -68.6520157      -3.02162170E-02
   277.500000      -68.6520157      -2.91175842E-02
   281.250000      -68.6520157       2.25448608E-03
   285.000000      -68.6520157      -1.16004944E-02
   288.750000      -68.6520157       4.69589233E-03
   292.500000      -68.6520157       1.46446228E-02
   296.250000      -68.6520157       3.14292908E-02
   300.000000      -68.6520157       6.28280640E-03
   303.750000      -68.6520157       8.66317749E-03
   307.500000      -68.6520157       3.04794312E-03
   311.250000      -68.6520157      -2.75039673E-03
   315.000000      -68.6520157       1.28135681E-02
   318.750000      -68.6520157       4.84466553E-04
   322.500000      -68.6520157      -1.86920166E-04
   326.250000      -68.6520157      -1.88026428E-02
   330.000000      -68.6520157      -2.99453735E-03
   333.750000      -68.6520157       1.01890564E-02
   337.500000      -68.6520157      -5.49697876E-03
   341.250000      -68.6520157       3.23104858E-03
   345.000000      -68.6520157      -8.97598267E-03
   348.750000      -68.6520157      -1.20277405E-02
   352.500000      -68.6520157      -1.48963928E-02
   356.250000      -68.6520157       2.08091736E-02
   360.000000      -68.6520157       4.27207947E-02
   0.00000000      -64.9419479       6.28280640E-03
   3.75000000      -64.9419479       9.15145874E-03
   7.50000000      -64.9419479      -3.54385376E-03
   11.2500000      -64.9419479      -1.95960999E-02
   15.0000000      -64.9419479      -1.76429749E-02
   18.7500000      -64.9419479      -3.97109985E-03
   22.5000000      -64.9419479       1.23252869E-02
   26.2500000      -64.9419479      -4.03213501E-03
   30.0000000      -64.9419479       5.55038452E-03
   33.7500000      -64.9419479      -3.08265686E-02
   37.5000000      -64.9419479      -2.10609436E-02
   41.2500000      -64.9419479       1.64413452E-03
   45.0000000      -64.9419479      -1.28822327E-02
   48.7500000      -64.9419479      -7.57217407E-03
   52.5000000      -64.9419479       6.16073608E-03
   56.2500000      -64.9419479       9.72747803E-04
   60.0000000      -64.9419479      -1.97181702E-02
   63.7500000      -64.9419479       4.51278687E-03
   67.5000000      -64.9419479       1.88827515E-03
   71.2500000      -64.9419479       1.48887634E-02
   75.0000000      -64.9419479       8.11386108E-03
   78.7500000      -64.9419479       3.16123962E-02
   82.5000000      -64.9419479      -9.95254517E-03
   86.2500000      -64.9419479       3.96347046E-03
   90.0000000      -64.9419479      -2.42347717E-02
   93.7500000      -64.9419479      -3.86390686E-02
   97.5000000      -64.9419479      -4.63905334E-02
   101.250000      -64.9419479      -2.78968811E-02
   105.000000      -64.9419479      -6.41250610E-03
   108.750000      -64.9419479      -1.49574280E-02
   112.500000      -64.9419479      -1.90467834E-02
   116.250000      -64.9419479       1.15928650E-02
   120.000000      -64.9419479       2.80380249E-03
   123.750000      -64.9419479      -2.62832642E-03
   127.500000      -64.9419479       4.69589233E-03
   131.250000      -64.9419479      -6.59561157E-03
   135.000000      -64.9419479      -9.03701782E-03
   138.750000      -64.9419479       9.45663452E-03
   142.500000      -64.9419479      -4.76455688E-03
   146.250000      -64.9419479      -1.89590454E-03
   150.000000      -64.9419479      -2.99453735E-03
   153.750000      -64.9419479       4.23431396E-04
   157.500000      -64.9419479       4.75692749E-03
   161.250000      -64.9419479       1.94931030E-03
   165.000000      -64.9419479      -6.48498535E-05
   168.750000      -64.9419479      -9.58633423E-03
   172.500000      -64.9419479      -1.22718811E-02
   176.250000      -64.9419479       5.61141968E-03
   180.000000      -64.9419479       1.51329041E-02
   183.750000      -64.9419479      -1.05018616E-02
   187.500000      -64.9419479      -6.47354126E-03
   191.250000      -64.9419479       2.98690796E-03
   195.000000      -64.9419479       1.85508728E-02
   198.750000      -64.9419479       9.51766968E-03
   202.500000      -64.9419479       2.50816345E-02
   206.250000      -64.9419479      -1.70326233E-02
   210.000000      -64.9419479       1.16539001E-02
   213.750000      -64.9419479      -1.85585022E-02
   217.500000      -64.9419479       3.96347046E-03
   221.250000      -64.9419479      -1.80091858E-02
   225.000000      -64.9419479      -1.22108459E-02
   228.750000      -64.9419479       5.18417358E-03
   232.500000      -64.9419479      -6.90078735E-03
   236.250000      -64.9419479      -2.55775452E-02
   240.000000      -64.9419479      -5.61904907E-03
   243.750000      -64.9419479       6.06536865E-04
   247.500000      -64.9419479      -1.05018616E-02
   251.250000      -64.9419479      -8.42666626E-03
   255.000000      -64.9419479      -2.43568420E-02
   258.750000      -64.9419479      -5.92422485E-03
   262.500000      -64.9419479      -4.18739319E-02
   266.250000      -64.9419479      -6.37855530E-02
   270.000000      -64.9419479      -4.36439514E-02
   273.750000      -64.9419479      -2.17933655E-02
   277.500000      -64.9419479      -3.91273499E-02
   281.250000      -64.9419479      -1.13563538E-02
   285.000000      -64.9419479      -1.08680725E-02
   288.750000      -64.9419479       1.27792358E-03
   292.500000      -64.9419479      -1.29432678E-02
   296.250000      -64.9419479      -1.25160217E-02
   300.000000      -64.9419479       7.68661499E-03
   303.750000      -64.9419479       3.47251892E-02
   307.500000      -64.9419479       1.06163025E-02
   311.250000      -64.9419479       1.06163025E-02
   315.000000      -64.9419479       2.39219666E-02
   318.750000      -64.9419479       2.80113220E-02
   322.500000      -64.9419479       1.07383728E-02
   326.250000      -64.9419479       3.78036499E-03
   330.000000      -64.9419479       1.30577087E-02
   333.750000      -64.9419479       2.81333923E-02
   337.500000      -64.9419479       1.46446228E-02
   341.250000      -64.9419479      -1.47743225E-02
   345.000000      -64.9419479       9.27352905E-03
   348.750000      -64.9419479      -6.22940063E-03
   352.500000      -64.9419479      -2.00233459E-02
   356.250000      -64.9419479      -4.27627563E-03
   360.000000      -64.9419479       6.28280640E-03
   0.00000000      -61.2315712      -3.97987366E-02
   3.75000000      -61.2315712      -1.71279907E-03
   7.50000000      -61.2315712      -3.89442444E-02
   11.2500000      -61.2315712       3.02085876E-02
   15.0000000      -61.2315712      -1.55067444E-02
   18.7500000      -61.2315712      -7.93838501E-03
   22.5000000      -61.2315712      -1.55067444E-02
   26.2500000      -61.2315712       2.75840759E-02
   30.0000000      -61.2315712      -6.10733032E-03
   33.7500000      -61.2315712      -6.47354126E-03
   37.5000000      -61.2315712       1.33628845E-02
   41.2500000      -61.2315712       4.32968140E-03
   45.0000000      -61.2315712       2.86483765E-03
   48.7500000      -61.2315712      -2.00843811E-02
   52.5000000      -61.2315712      -2.93350220E-03
   56.2500000      -61.2315712      -8.06045532E-03
   60.0000000      -61.2315712      -1.50184631E-02
   63.7500000      -61.2315712      -8.48770142E-03
   67.5000000      -61.2315712      -1.49574280E-02
   71.2500000      -61.2315712      -2.33802795E-02
   75.0000000      -61.2315712       3.90243530E-03
   78.7500000      -61.2315712      -1.95960999E-02
   82.5000000      -61.2315712      -6.48498535E-05
   86.2500000      -61.2315712       6.67572021E-04
   90.0000000      -61.2315712       6.83212280E-03
   93.7500000      -61.2315712      -7.02285767E-03
   97.5000000      -61.2315712       1.27525330E-02
   101.250000      -61.2315712       1.64413452E-03
   105.000000      -61.2315712       2.64854431E-02
   108.750000      -61.2315712      -6.47354126E-03
   112.500000      -61.2315712      -4.52041626E-03
   116.250000      -61.2315712      -3.40614319E-02
   120.000000      -61.2315712      -4.23011780E-02
   123.750000      -61.2315712      -4.29725647E-02
   127.500000      -61.2315712       7.32040405E-03
   131.250000      -61.2315712       1.41563416E-02
   135.000000      -61.2315712      -1.83486938E-03
   138.750000      -61.2315712       3.23104858E-03
   142.500000      -61.2315712       1.92832947E-02
   146.250000      -61.2315712       1.09825134E-02
   150.000000      -61.2315712      -8.12149048E-03
   153.750000      -61.2315712       2.67295837E-02
   157.500000      -61.2315712      -3.48281860E-03
   161.250000      -61.2315712      -1.09291077E-02
   165.000000      -61.2315712      -1.08680725E-02
   168.750000      -61.2315712      -2.69203186E-02
   172.500000      -61.2315712      -3.37562561E-02
   176.250000      -61.2315712      -1.77383423E-03
   180.000000      -61.2315712      -8.54873657E-03
   183.750000      -61.2315712       3.35311890E-03
   187.500000      -61.2315712       3.71932983E-03
   191.250000      -61.2315712       7.56454468E-03
   195.000000      -61.2315712       2.05650330E-02
   198.750000      -61.2315712       3.37486267E-02
   202.500000      -61.2315712      -1.68495178E-02
   206.250000      -61.2315712      -1.07460022E-02
   210.000000      -61.2315712      -3.19862366E-02
   213.750000      -61.2315712      -6.11000061E-02
   217.500000      -61.2315712       1.98326111E-02
   221.250000      -61.2315712      -3.57704163E-02
   225.000000      -61.2315712       1.88827515E-03
   228.750000      -61.2315712      -3.11660767E-03
   232.500000      -61.2315712      -1.06849670E-02
   236.250000      -61.2315712      -1.14173889E-02
   240.000000      -61.2315712       1.42784119E-02
   243.750000      -61.2315712      -1.52015686E-02
   247.500000      -61.2315712       3.90243530E-03
   251.250000      -61.2315712      -1.58119202E-02
   255.000000      -61.2315712      -2.72865295E-02
   258.750000      -61.2315712      -1.94129944E-02
   262.500000      -61.2315712      -3.13758850E-02
   266.250000      -61.2315712      -2.81410217E-02
   270.000000      -61.2315712      -5.06629944E-02
   273.750000      -61.2315712      -2.62489319E-02
   277.500000      -61.2315712      -4.71229553E-02
   281.250000      -61.2315712      -1.88636780E-02
   285.000000      -61.2315712       3.69224548E-02
   288.750000      -61.2315712       2.02598572E-02
   292.500000      -61.2315712      -3.86390686E-02
   296.250000      -61.2315712       7.01522827E-03
   300.000000      -61.2315712       2.74009705E-02
   303.750000      -61.2315712       2.99644470E-02
   307.500000      -61.2315712       2.48985291E-02
   311.250000      -61.2315712       2.11753845E-02
   315.000000      -61.2315712      -8.58306885E-04
   318.750000      -61.2315712      -7.57217407E-03
   322.500000      -61.2315712      -7.02285767E-03
   326.250000      -61.2315712       1.07994080E-02
   330.000000      -61.2315712       1.88827515E-03
   333.750000      -61.2315712      -1.20277405E-02
   337.500000      -61.2315712       1.36680603E-02
   341.250000      -61.2315712      -1.10244751E-03
   345.000000      -61.2315712       6.95419312E-03
   348.750000      -61.2315712       3.62396240E-04
   352.500000      -61.2315712      -5.00869751E-03
   356.250000      -61.2315712      -1.30653381E-02
   360.000000      -61.2315712      -3.97987366E-02
   0.00000000      -57.5209885       1.88827515E-03
   3.75000000      -57.5209885       3.71932983E-03
   7.50000000      -57.5209885      -7.08389282E-03
   11.2500000      -57.5209885       3.29208374E-03
   15.0000000      -57.5209885       2.73399353E-02
   18.7500000      -57.5209885       5.61141968E-03
   22.5000000      -57.5209885      -2.09388733E-02
   26.2500000      -57.5209885       2.91099548E-02
   30.0000000      -57.5209885       6.67572021E-04
   33.7500000      -57.5209885       3.78036499E-03
   37.5000000      -57.5209885      -3.08990479E-04
   41.2500000      -57.5209885       1.70249939E-02
   45.0000000      -57.5209885       9.15145874E-03
   48.7500000      -57.5209885      -1.46865845E-03
   52.5000000      -57.5209885      -4.45938110E-03
   56.2500000      -57.5209885      -1.19667053E-02
   60.0000000      -57.5209885      -4.03213501E-03
   63.7500000      -57.5209885      -2.08168030E-02
   67.5000000      -57.5209885       4.20761108E-03
   71.2500000      -57.5209885       3.29208374E-03
   75.0000000      -57.5209885      -4.70352173E-03
   78.7500000      -57.5209885       7.56454468E-03
   82.5000000      -57.5209885       1.44615173E-02
   86.2500000      -57.5209885       5.73348999E-03
   90.0000000      -57.5209885       4.08554077E-03
   93.7500000      -57.5209885       3.83872986E-02
   97.5000000      -57.5209885       2.51426697E-02
   101.250000      -57.5209885       2.94151306E-02
   105.000000      -57.5209885       3.98521423E-02
   108.750000      -57.5209885       3.63731384E-02
   112.500000      -57.5209885       7.99179077E-03
   116.250000      -57.5209885       9.70077515E-03
   120.000000      -57.5209885      -2.87513733E-02
   123.750000      -57.5209885      -3.10096741E-02
   127.500000      -57.5209885      -1.86805725E-02
   131.250000      -57.5209885      -9.15908813E-03
   135.000000      -57.5209885       9.45663452E-03
   138.750000      -57.5209885       2.20298767E-02
   142.500000      -57.5209885       1.65977478E-02
   146.250000      -57.5209885      -6.16836548E-03
   150.000000      -57.5209885       1.24473572E-02
   153.750000      -57.5209885       2.20298767E-02
   157.500000      -57.5209885      -9.09805298E-03
   161.250000      -57.5209885       1.99546814E-02
   165.000000      -57.5209885      -4.82559204E-03
   168.750000      -57.5209885       1.42784119E-02
   172.500000      -57.5209885      -3.11660767E-03
   176.250000      -57.5209885       1.81846619E-02
   180.000000      -57.5209885      -5.19180298E-03
   183.750000      -57.5209885      -2.75306702E-02
   187.500000      -57.5209885       1.76620483E-03
   191.250000      -57.5209885      -2.38075256E-02
   195.000000      -57.5209885       9.70077515E-03
   198.750000      -57.5209885       2.30064392E-02
   202.500000      -57.5209885      -3.82728577E-02
   206.250000      -57.5209885      -1.02577209E-02
   210.000000      -57.5209885      -3.10707092E-02
   213.750000      -57.5209885      -3.53431702E-02
   217.500000      -57.5209885      -3.40003967E-02
   221.250000      -57.5209885      -5.86318970E-03
   225.000000      -57.5209885      -2.39906311E-02
   228.750000      -57.5209885      -1.92909241E-02
   232.500000      -57.5209885      -6.10733032E-03
   236.250000      -57.5209885      -7.81631470E-03
   240.000000      -57.5209885      -2.75917053E-02
   243.750000      -57.5209885       7.68661499E-03
   247.500000      -57.5209885      -1.83143616E-02
   251.250000      -57.5209885      -1.46522522E-02
   255.000000      -57.5209885       7.50350952E-03
   258.750000      -57.5209885      -2.55775452E-02
   262.500000      -57.5209885      -2.87513733E-02
   266.250000      -57.5209885      -4.54750061E-02
   270.000000      -57.5209885      -1.06239319E-02
   273.750000      -57.5209885      -1.60560608E-02
   277.500000      -57.5209885      -2.24647522E-02
   281.250000      -57.5209885      -6.77871704E-03
   285.000000      -57.5209885       5.43785095E-02
   288.750000      -57.5209885       3.23448181E-02
   292.500000      -57.5209885      -6.75201416E-04
   296.250000      -57.5209885      -1.94740295E-02
   300.000000      -57.5209885       4.23431396E-04
   303.750000      -57.5209885       1.11045837E-02
   307.500000      -57.5209885      -2.71034241E-02
   311.250000      -57.5209885      -9.80377197E-04
   315.000000      -57.5209885       1.73912048E-02
   318.750000      -57.5209885       9.77134705E-02
   322.500000      -57.5209885      -1.59072876E-03
   326.250000      -57.5209885      -1.33705139E-02
   330.000000      -57.5209885       4.42466736E-02
   333.750000      -57.5209885       6.20079041E-02
   337.500000      -57.5209885      -8.97598267E-03
   341.250000      -57.5209885       2.80380249E-03
   345.000000      -57.5209885       2.64244080E-02
   348.750000      -57.5209885       3.84140015E-03
   352.500000      -57.5209885      -1.54457092E-02
   356.250000      -57.5209885      -2.15492249E-02
   360.000000      -57.5209885       1.88827515E-03
   0.00000000      -53.8102722       3.90586853E-02
   3.75000000      -53.8102722       2.42271423E-02
   7.50000000      -53.8102722      -4.64248657E-03
   11.2500000      -53.8102722       4.69322205E-02
   15.0000000      -53.8102722      -4.56581116E-02
   18.7500000      -53.8102722      -3.12538147E-02
   22.5000000      -53.8102722       1.27792358E-03
   26.2500000      -53.8102722      -5.46913147E-02
   30.0000000      -53.8102722      -6.70814514E-02
   33.7500000      -53.8102722      -6.84852600E-02
   37.5000000      -53.8102722      -7.19032288E-02
   41.2500000      -53.8102722      -4.95033264E-02
   45.0000000      -53.8102722      -8.00209045E-02
   48.7500000      -53.8102722       2.83775330E-02
   52.5000000      -53.8102722      -4.18128967E-02
   56.2500000      -53.8102722      -1.03797913E-02
   60.0000000      -53.8102722      -3.05557251E-03
   63.7500000      -53.8102722       1.94664001E-02
   67.5000000      -53.8102722       6.67572021E-04
   71.2500000      -53.8102722       6.03866577E-03
   75.0000000      -53.8102722       1.49497986E-02
   78.7500000      -53.8102722       1.50108337E-02
   82.5000000      -53.8102722       1.53160095E-02
   86.2500000      -53.8102722       1.70860291E-02
   90.0000000      -53.8102722       1.76353455E-02
   93.7500000      -53.8102722       1.95274353E-02
   97.5000000      -53.8102722      -2.32315063E-03
   101.250000      -53.8102722       1.78794861E-02
   105.000000      -53.8102722       1.23863220E-02
   108.750000      -53.8102722       4.04014587E-02
   112.500000      -53.8102722       1.62925720E-02
   116.250000      -53.8102722       8.84628296E-03
   120.000000      -53.8102722      -1.04141235E-03
   123.750000      -53.8102722      -1.04141235E-03
   127.500000      -53.8102722      -3.72962952E-02
   131.250000      -53.8102722      -2.67372131E-02
   135.000000      -53.8102722       1.36680603E-02
   138.750000      -53.8102722       2.70347595E-02
   142.500000      -53.8102722       1.15928650E-02
   146.250000      -53.8102722       2.50816345E-02
   150.000000      -53.8102722       1.60484314E-02
   153.750000      -53.8102722      -3.97109985E-03
   157.500000      -53.8102722      -2.47840881E-02
   161.250000      -53.8102722      -3.36952209E-02
   165.000000      -53.8102722       2.78282166E-02
   168.750000      -53.8102722       3.17001343E-03
   172.500000      -53.8102722       3.74717712E-02
   176.250000      -53.8102722      -2.38418579E-03
   180.000000      -53.8102722       4.14657593E-03
   183.750000      -53.8102722       7.25936890E-03
   187.500000      -53.8102722      -1.77040100E-02
   191.250000      -53.8102722      -3.73573303E-02
   195.000000      -53.8102722       8.59947205E-02
   198.750000      -53.8102722      -9.89151001E-03
   202.500000      -53.8102722      -2.30751038E-02
   206.250000      -53.8102722       7.44247437E-03
   210.000000      -53.8102722       1.11045837E-02
   213.750000      -53.8102722      -1.36756897E-02
   217.500000      -53.8102722       4.50401306E-02
   221.250000      -53.8102722      -3.55262756E-02
   225.000000      -53.8102722      -1.50184631E-02
   228.750000      -53.8102722      -2.57606506E-02
   232.500000      -53.8102722      -2.88734436E-02
   236.250000      -53.8102722      -3.91006470E-03
   240.000000      -53.8102722      -2.41737366E-02
   243.750000      -53.8102722       2.45323181E-02
   247.500000      -53.8102722      -3.88832092E-02
   251.250000      -53.8102722       4.14657593E-03
   255.000000      -53.8102722       2.73399353E-02
   258.750000      -53.8102722      -2.97279358E-02
   262.500000      -53.8102722      -3.01551819E-02
   266.250000      -53.8102722      -2.06947327E-02
   270.000000      -53.8102722      -5.49697876E-03
   273.750000      -53.8102722      -2.30751038E-02
   277.500000      -53.8102722       2.66685486E-02
   281.250000      -53.8102722      -1.11122131E-02
   285.000000      -53.8102722       3.59458923E-02
   288.750000      -53.8102722      -2.56996155E-02
   292.500000      -53.8102722      0.247249603    
   296.250000      -53.8102722      -7.91053772E-02
   300.000000      -53.8102722      -2.33802795E-02
   303.750000      -53.8102722       6.09970093E-03
   307.500000      -53.8102722       5.06210327E-03
   311.250000      -53.8102722      -2.40516663E-02
   315.000000      -53.8102722       1.93443298E-02
   318.750000      -53.8102722       5.16929626E-02
   322.500000      -53.8102722      -2.85072327E-02
   326.250000      -53.8102722       6.28013611E-02
   330.000000      -53.8102722       5.81626892E-02
   333.750000      -53.8102722       4.63218689E-02
   337.500000      -53.8102722       2.05039978E-02
   341.250000      -53.8102722      0.124507904    
   345.000000      -53.8102722       1.73912048E-02
   348.750000      -53.8102722       1.23252869E-02
   352.500000      -53.8102722       4.52232361E-02
   356.250000      -53.8102722       3.13072205E-02
   360.000000      -53.8102722       3.90586853E-02
   0.00000000      -50.0994530      -3.25965881E-02
   3.75000000      -50.0994530       2.46543884E-02
   7.50000000      -50.0994530       5.82237244E-02
   11.2500000      -50.0994530      -3.81469727E-06
   15.0000000      -50.0994530       4.23431396E-04
   18.7500000      -50.0994530      -2.93350220E-03
   22.5000000      -50.0994530      -1.01966858E-02
   26.2500000      -50.0994530       8.47740173E-02
   30.0000000      -50.0994530       5.13877869E-02
   33.7500000      -50.0994530     -0.120609283    
   37.5000000      -50.0994530      -2.06336975E-02
   41.2500000      -50.0994530      0.106990814    
   45.0000000      -50.0994530      -3.58924866E-02
   48.7500000      -50.0994530      -5.32875061E-02
   52.5000000      -50.0994530     -0.145938873    
   56.2500000      -50.0994530      -6.01234436E-02
   60.0000000      -50.0994530      -2.42958069E-02
   63.7500000      -50.0994530       2.07138062E-03
   67.5000000      -50.0994530      -2.64930725E-02
   71.2500000      -50.0994530       9.94491577E-03
   75.0000000      -50.0994530       1.14707947E-02
   78.7500000      -50.0994530       8.50181580E-02
   82.5000000      -50.0994530      -1.17835999E-02
   86.2500000      -50.0994530      -2.06947327E-02
   90.0000000      -50.0994530       1.28135681E-02
   93.7500000      -50.0994530      -2.81143188E-03
   97.5000000      -50.0994530       5.73348999E-03
   101.250000      -50.0994530       3.73497009E-02
   105.000000      -50.0994530       1.60484314E-02
   108.750000      -50.0994530       3.69224548E-02
   112.500000      -50.0994530       1.33628845E-02
   116.250000      -50.0994530       3.69224548E-02
   120.000000      -50.0994530      -5.55801392E-03
   123.750000      -50.0994530      -2.53334045E-02
   127.500000      -50.0994530      -4.35218811E-02
   131.250000      -50.0994530      -4.80995178E-02
   135.000000      -50.0994530      -5.87196350E-02
   138.750000      -50.0994530       8.11386108E-03
   142.500000      -50.0994530      -1.66664124E-02
   146.250000      -50.0994530       1.05552673E-02
   150.000000      -50.0994530       2.62069702E-03
   153.750000      -50.0994530      -3.68080139E-02
   157.500000      -50.0994530      -4.15077209E-02
   161.250000      -50.0994530       5.97763062E-03
   165.000000      -50.0994530      -1.16348267E-03
   168.750000      -50.0994530      -1.23329163E-02
   172.500000      -50.0994530      -1.53236389E-02
   176.250000      -50.0994530      -1.36756897E-02
   180.000000      -50.0994530      -3.59535217E-02
   183.750000      -50.0994530       3.65829468E-03
   187.500000      -50.0994530       3.17344666E-02
   191.250000      -50.0994530      -1.11122131E-02
   195.000000      -50.0994530      -1.95693970E-03
   198.750000      -50.0994530      -9.09805298E-03
   202.500000      -50.0994530       2.84385681E-02
   206.250000      -50.0994530       1.89781189E-02
   210.000000      -50.0994530       6.55479431E-02
   213.750000      -50.0994530      -3.87611389E-02
   217.500000      -50.0994530      -2.30751038E-02
   221.250000      -50.0994530      -3.98597717E-02
   225.000000      -50.0994530      -1.92909241E-02
   228.750000      -50.0994530      -4.44374084E-02
   232.500000      -50.0994530       2.25448608E-03
   236.250000      -50.0994530       2.38609314E-02
   240.000000      -50.0994530       2.72789001E-02
   243.750000      -50.0994530       3.10897827E-03
   247.500000      -50.0994530      -2.66761780E-02
   251.250000      -50.0994530      -1.86195374E-02
   255.000000      -50.0994530      -2.74085999E-02
   258.750000      -50.0994530      -3.97109985E-03
   262.500000      -50.0994530      -1.02577209E-02
   266.250000      -50.0994530       3.47251892E-02
   270.000000      -50.0994530      -1.04141235E-03
   273.750000      -50.0994530      -1.62391663E-02
   277.500000      -50.0994530       1.66587830E-02
   281.250000      -50.0994530      -5.13076782E-03
   285.000000      -50.0994530       1.35459900E-02
   288.750000      -50.0994530      0.224910736    
   292.500000      -50.0994530      0.107357025    
   296.250000      -50.0994530      -5.56678772E-02
   300.000000      -50.0994530      -3.56483459E-02
   303.750000      -50.0994530       2.51426697E-02
   307.500000      -50.0994530      -6.62879944E-02
   311.250000      -50.0994530       1.86119080E-02
   315.000000      -50.0994530      -9.54627991E-02
   318.750000      -50.0994530       1.18255615E-04
   322.500000      -50.0994530      -1.26380920E-02
   326.250000      -50.0994530      -2.20108032E-03
   330.000000      -50.0994530      -2.63099670E-02
   333.750000      -50.0994530       8.05282593E-03
   337.500000      -50.0994530       5.47447205E-02
   341.250000      -50.0994530       2.95982361E-02
   345.000000      -50.0994530       5.77354431E-02
   348.750000      -50.0994530      -1.68495178E-02
   352.500000      -50.0994530      -3.03993225E-02
   356.250000      -50.0994530      -8.07533264E-02
   360.000000      -50.0994530      -3.25965881E-02
   0.00000000      -46.3885536       8.21495056E-02
   3.75000000      -46.3885536       8.35800171E-03
   7.50000000      -46.3885536      -1.51405334E-02
   11.2500000      -46.3885536      -1.35536194E-02
   15.0000000      -46.3885536       9.09042358E-03
   18.7500000      -46.3885536      -2.27699280E-02
   22.5000000      -46.3885536      -4.58145142E-03
   26.2500000      -46.3885536      0.135005951    
   30.0000000      -46.3885536      -5.95741272E-02
   33.7500000      -46.3885536     -0.110538483    
   37.5000000      -46.3885536       7.81822205E-02
   41.2500000      -46.3885536       1.75132751E-02
   45.0000000      -46.3885536       5.19371033E-02
   48.7500000      -46.3885536       1.76620483E-03
   52.5000000      -46.3885536       4.08554077E-03
   56.2500000      -46.3885536      -2.44522095E-03
   60.0000000      -46.3885536      -3.41835022E-02
   63.7500000      -46.3885536      -7.00111389E-02
   67.5000000      -46.3885536      -6.10389709E-02
   71.2500000      -46.3885536      -3.38172913E-02
   75.0000000      -46.3885536       2.33116150E-02
   78.7500000      -46.3885536      -2.27088928E-02
   82.5000000      -46.3885536       6.67572021E-04
   86.2500000      -46.3885536       3.53622437E-03
   90.0000000      -46.3885536       6.35337830E-02
   93.7500000      -46.3885536      -5.55801392E-03
   97.5000000      -46.3885536      -2.19154358E-02
   101.250000      -46.3885536       2.38609314E-02
   105.000000      -46.3885536      -2.87246704E-03
   108.750000      -46.3885536       2.68516541E-02
   112.500000      -46.3885536       1.44615173E-02
   116.250000      -46.3885536       3.20396423E-02
   120.000000      -46.3885536       1.96495056E-02
   123.750000      -46.3885536       3.41758728E-02
   127.500000      -46.3885536      -1.52626038E-02
   131.250000      -46.3885536      -1.39198303E-02
   135.000000      -46.3885536       2.89268494E-02
   138.750000      -46.3885536       3.41148376E-02
   142.500000      -46.3885536      -6.77871704E-03
   146.250000      -46.3885536       2.96592712E-02
   150.000000      -46.3885536       4.45175171E-03
   153.750000      -46.3885536       5.04722595E-02
   157.500000      -46.3885536       2.09922791E-02
   161.250000      -46.3885536      -1.66053772E-02
   165.000000      -46.3885536       3.21617126E-02
   168.750000      -46.3885536      -5.90248108E-02
   172.500000      -46.3885536       4.81796265E-03
   176.250000      -46.3885536       1.42784119E-02
   180.000000      -46.3885536       7.31773376E-02
   183.750000      -46.3885536      -9.86976624E-02
   187.500000      -46.3885536      -9.28115845E-03
   191.250000      -46.3885536      -4.52041626E-03
   195.000000      -46.3885536       1.13487244E-02
   198.750000      -46.3885536      -3.07044983E-02
   202.500000      -46.3885536      -2.60047913E-02
   206.250000      -46.3885536       1.74522400E-02
   210.000000      -46.3885536       1.61705017E-02
   213.750000      -46.3885536       4.60777283E-02
   217.500000      -46.3885536       4.69589233E-03
   221.250000      -46.3885536       3.93028259E-02
   225.000000      -46.3885536       1.52206421E-03
   228.750000      -46.3885536      -3.81507874E-02
   232.500000      -46.3885536       2.00767517E-02
   236.250000      -46.3885536       3.71932983E-03
   240.000000      -46.3885536       3.59725952E-03
   243.750000      -46.3885536       1.76353455E-02
   247.500000      -46.3885536       3.48472595E-02
   251.250000      -46.3885536      -2.58827209E-02
   255.000000      -46.3885536      -2.93350220E-03
   258.750000      -46.3885536       2.55966187E-03
   262.500000      -46.3885536      -4.15077209E-02
   266.250000      -46.3885536      -2.85682678E-02
   270.000000      -46.3885536       4.57382202E-03
   273.750000      -46.3885536       2.15415955E-02
   277.500000      -46.3885536       1.81846619E-02
   281.250000      -46.3885536      -2.30751038E-02
   285.000000      -46.3885536      -5.72547913E-02
   288.750000      -46.3885536      0.377925873    
   292.500000      -46.3885536      -7.40394592E-02
   296.250000      -46.3885536       7.03086853E-02
   300.000000      -46.3885536       8.73374939E-02
   303.750000      -46.3885536       2.18467712E-02
   307.500000      -46.3885536      -7.72132874E-02
   311.250000      -46.3885536      -8.42666626E-03
   315.000000      -46.3885536      -7.51113892E-03
   318.750000      -46.3885536      -1.67274475E-02
   322.500000      -46.3885536       2.55699158E-02
   326.250000      -46.3885536       2.34336853E-02
   330.000000      -46.3885536       5.21812439E-02
   333.750000      -46.3885536       3.44200134E-02
   337.500000      -46.3885536      -4.30335999E-02
   341.250000      -46.3885536      -4.55360413E-02
   345.000000      -46.3885536      -1.62391663E-02
   348.750000      -46.3885536      -7.97767639E-02
   352.500000      -46.3885536     -0.121280670    
   356.250000      -46.3885536      -1.46865845E-03
   360.000000      -46.3885536       8.21495056E-02
   0.00000000      -42.6776047       9.57870483E-03
   3.75000000      -42.6776047      -4.50477600E-02
   7.50000000      -42.6776047       4.23431396E-04
   11.2500000      -42.6776047      -4.09584045E-02
   15.0000000      -42.6776047      -1.30043030E-02
   18.7500000      -42.6776047       6.12754822E-02
   22.5000000      -42.6776047       9.44786072E-02
   26.2500000      -42.6776047       1.55601501E-02
   30.0000000      -42.6776047       5.06553650E-02
   33.7500000      -42.6776047       7.51914978E-02
   37.5000000      -42.6776047       1.47056580E-02
   41.2500000      -42.6776047      -1.39198303E-02
   45.0000000      -42.6776047       6.89315796E-03
   48.7500000      -42.6776047       3.04527283E-02
   52.5000000      -42.6776047       4.24766541E-02
   56.2500000      -42.6776047       8.48007202E-03
   60.0000000      -42.6776047      -4.95033264E-02
   63.7500000      -42.6776047      -6.26258850E-02
   67.5000000      -42.6776047      -6.98280334E-02
   71.2500000      -42.6776047     -0.132328033    
   75.0000000      -42.6776047      -6.87904358E-02
   78.7500000      -42.6776047      -1.75209045E-02
   82.5000000      -42.6776047       1.64756775E-02
   86.2500000      -42.6776047      -2.61878967E-02
   90.0000000      -42.6776047      -2.74696350E-02
   93.7500000      -42.6776047       5.01060486E-02
   97.5000000      -42.6776047       7.62290955E-02
   101.250000      -42.6776047       2.86216736E-02
   105.000000      -42.6776047       2.25181580E-02
   108.750000      -42.6776047       3.41148376E-02
   112.500000      -42.6776047      -2.44789124E-02
   116.250000      -42.6776047       2.79502869E-02
   120.000000      -42.6776047       2.25791931E-02
   123.750000      -42.6776047       4.49790955E-02
   127.500000      -42.6776047       1.65977478E-02
   131.250000      -42.6776047       2.77061462E-02
   135.000000      -42.6776047       1.80015564E-02
   138.750000      -42.6776047      -1.61170959E-02
   142.500000      -42.6776047      -5.19180298E-03
   146.250000      -42.6776047     -0.152957916    
   150.000000      -42.6776047      -8.34999084E-02
   153.750000      -42.6776047       1.36680603E-02
   157.500000      -42.6776047       2.55699158E-02
   161.250000      -42.6776047       1.82456970E-02
   165.000000      -42.6776047      -5.76820374E-02
   168.750000      -42.6776047       3.63121033E-02
   172.500000      -42.6776047     -0.369205475    
   176.250000      -42.6776047     -0.156070709    
   180.000000      -42.6776047      -6.20765686E-02
   183.750000      -42.6776047      -3.34510803E-02
   187.500000      -42.6776047     -0.121829987    
   191.250000      -42.6776047     -0.114200592    
   195.000000      -42.6776047       4.03404236E-02
   198.750000      -42.6776047      -9.58633423E-03
   202.500000      -42.6776047       5.68199158E-02
   206.250000      -42.6776047      -1.04408264E-02
   210.000000      -42.6776047       3.89976501E-02
   213.750000      -42.6776047       2.64244080E-02
   217.500000      -42.6776047       2.41050720E-02
   221.250000      -42.6776047       5.55992126E-02
   225.000000      -42.6776047      -2.27088928E-02
   228.750000      -42.6776047      -8.58306885E-04
   232.500000      -42.6776047      -7.35511780E-02
   236.250000      -42.6776047      -5.65223694E-02
   240.000000      -42.6776047      -2.24037170E-02
   243.750000      -42.6776047      -1.71546936E-02
   247.500000      -42.6776047      -9.81483459E-02
   251.250000      -42.6776047      0.156246185    
   255.000000      -42.6776047     -0.101627350    
   258.750000      -42.6776047      -1.56288147E-02
   262.500000      -42.6776047      -2.11219788E-02
   266.250000      -42.6776047      -5.49354553E-02
   270.000000      -42.6776047      -1.52969360E-03
   273.750000      -42.6776047       1.09214783E-02
   277.500000      -42.6776047       9.45663452E-03
   281.250000      -42.6776047       1.46102905E-03
   285.000000      -42.6776047      -2.88124084E-02
   288.750000      -42.6776047      0.284236908    
   292.500000      -42.6776047       9.96055603E-02
   296.250000      -42.6776047     -0.249210358    
   300.000000      -42.6776047      -5.19447327E-02
   303.750000      -42.6776047       1.92222595E-02
   307.500000      -42.6776047       8.88633728E-02
   311.250000      -42.6776047      -3.68690491E-02
   315.000000      -42.6776047       3.84140015E-03
   318.750000      -42.6776047       2.47154236E-02
   322.500000      -42.6776047      -6.37855530E-02
   326.250000      -42.6776047      -2.89955139E-02
   330.000000      -42.6776047       2.40440369E-02
   333.750000      -42.6776047      -1.16348267E-03
   337.500000      -42.6776047       1.59873962E-02
   341.250000      -42.6776047       2.92587280E-03
   345.000000      -42.6776047      -2.01797485E-03
   348.750000      -42.6776047       1.87950134E-02
   352.500000      -42.6776047     -0.100833893    
   356.250000      -42.6776047       1.74522400E-02
   360.000000      -42.6776047       9.57870483E-03
   0.00000000      -38.9666100       7.37266541E-02
   3.75000000      -38.9666100      -9.64736938E-03
   7.50000000      -38.9666100      -1.11732483E-02
   11.2500000      -38.9666100      -2.01797485E-03
   15.0000000      -38.9666100       3.35311890E-03
   18.7500000      -38.9666100      -4.27627563E-03
   22.5000000      -38.9666100       5.30967712E-02
   26.2500000      -38.9666100       9.00230408E-02
   30.0000000      -38.9666100      -1.03797913E-02
   33.7500000      -38.9666100     -0.106510162    
   37.5000000      -38.9666100      -7.86170959E-02
   41.2500000      -38.9666100       8.73985291E-02
   45.0000000      -38.9666100       5.03501892E-02
   48.7500000      -38.9666100       3.88145447E-02
   52.5000000      -38.9666100       4.75425720E-02
   56.2500000      -38.9666100      -1.30653381E-02
   60.0000000      -38.9666100       1.06163025E-02
   63.7500000      -38.9666100      -2.28309631E-02
   67.5000000      -38.9666100      -3.11660767E-03
   71.2500000      -38.9666100       3.74717712E-02
   75.0000000      -38.9666100       4.74815369E-02
   78.7500000      -38.9666100       2.79502869E-02
   82.5000000      -38.9666100       6.22177124E-03
   86.2500000      -38.9666100      -3.18031311E-02
   90.0000000      -38.9666100      -3.27186584E-02
   93.7500000      -38.9666100      -4.77333069E-02
   97.5000000      -38.9666100       1.37901306E-02
   101.250000      -38.9666100       8.48007202E-03
   105.000000      -38.9666100       3.59458923E-02
   108.750000      -38.9666100      -4.09317017E-03
   112.500000      -38.9666100      -1.70936584E-02
   116.250000      -38.9666100       9.82284546E-03
   120.000000      -38.9666100      -3.41835022E-02
   123.750000      -38.9666100       8.48007202E-03
   127.500000      -38.9666100       2.61192322E-02
   131.250000      -38.9666100       8.54110718E-03
   135.000000      -38.9666100       7.32040405E-03
   138.750000      -38.9666100      -1.71546936E-02
   142.500000      -38.9666100       3.69834900E-02
   146.250000      -38.9666100      -3.76014709E-02
   150.000000      -38.9666100      -2.36244202E-02
   153.750000      -38.9666100       2.14805603E-02
   157.500000      -38.9666100      -3.24745178E-02
   161.250000      -38.9666100       2.56919861E-02
   165.000000      -38.9666100       4.39071655E-03
   168.750000      -38.9666100       8.34922791E-02
   172.500000      -38.9666100      -2.05726624E-02
   176.250000      -38.9666100       2.54478455E-02
   180.000000      -38.9666100      -2.46620178E-02
   183.750000      -38.9666100      -5.58509827E-02
   187.500000      -38.9666100      -1.41029358E-02
   191.250000      -38.9666100      -5.44471741E-02
   195.000000      -38.9666100       5.45616150E-02
   198.750000      -38.9666100       4.19883728E-02
   202.500000      -38.9666100       1.64146423E-02
   206.250000      -38.9666100       5.70030212E-02
   210.000000      -38.9666100       1.92832947E-02
   213.750000      -38.9666100       2.92587280E-03
   217.500000      -38.9666100      -1.06849670E-02
   221.250000      -38.9666100       2.39219666E-02
   225.000000      -38.9666100      -6.52503967E-02
   228.750000      -38.9666100      -8.75282288E-02
   232.500000      -38.9666100      -2.61268616E-02
   236.250000      -38.9666100       8.55064392E-02
   240.000000      -38.9666100       4.00352478E-02
   243.750000      -38.9666100       3.01475525E-02
   247.500000      -38.9666100     -0.111087799    
   251.250000      -38.9666100      -3.05824280E-02
   255.000000      -38.9666100      -6.77871704E-03
   258.750000      -38.9666100       4.04624939E-02
   262.500000      -38.9666100       5.77354431E-02
   266.250000      -38.9666100       5.61141968E-03
   270.000000      -38.9666100       6.05430603E-02
   273.750000      -38.9666100       1.70249939E-02
   277.500000      -38.9666100       5.45501709E-04
   281.250000      -38.9666100       1.84288025E-02
   285.000000      -38.9666100       1.47056580E-02
   288.750000      -38.9666100       2.06871033E-02
   292.500000      -38.9666100       6.52427673E-02
   296.250000      -38.9666100      -4.79164124E-02
   300.000000      -38.9666100      0.244197845    
   303.750000      -38.9666100      0.379207611    
   307.500000      -38.9666100      -8.99696350E-02
   311.250000      -38.9666100       3.16123962E-02
   315.000000      -38.9666100       8.54454041E-02
   318.750000      -38.9666100      -2.24037170E-02
   322.500000      -38.9666100      -3.34510803E-02
   326.250000      -38.9666100      -3.57093811E-02
   330.000000      -38.9666100      -7.27577209E-02
   333.750000      -38.9666100      -8.88710022E-02
   337.500000      -38.9666100      -5.62782288E-02
   341.250000      -38.9666100      -3.41224670E-02
   345.000000      -38.9666100      -3.93714905E-02
   348.750000      -38.9666100       8.39805603E-02
   352.500000      -38.9666100      0.127498627    
   356.250000      -38.9666100       3.30162048E-02
   360.000000      -38.9666100       7.37266541E-02
   0.00000000      -35.2555809       1.18980408E-02
   3.75000000      -35.2555809      -1.57508850E-02
   7.50000000      -35.2555809       2.84996033E-02
   11.2500000      -35.2555809       2.34336853E-02
   15.0000000      -35.2555809      -2.29530334E-02
   18.7500000      -35.2555809      -2.41737366E-02
   22.5000000      -35.2555809       7.20787048E-02
   26.2500000      -35.2555809     -0.180362701    
   30.0000000      -35.2555809      -4.31060791E-04
   33.7500000      -35.2555809       6.95762634E-02
   37.5000000      -35.2555809       2.27012634E-02
   41.2500000      -35.2555809       2.36167908E-02
   45.0000000      -35.2555809      -1.34658813E-03
   48.7500000      -35.2555809       4.07676697E-02
   52.5000000      -35.2555809       1.45835876E-02
   56.2500000      -35.2555809      -1.59072876E-03
   60.0000000      -35.2555809       2.80380249E-03
   63.7500000      -35.2555809       8.17489624E-03
   67.5000000      -35.2555809       3.80821228E-02
   71.2500000      -35.2555809      -2.62832642E-03
   75.0000000      -35.2555809      -4.50477600E-02
   78.7500000      -35.2555809      -4.03213501E-03
   82.5000000      -35.2555809       5.73348999E-03
   86.2500000      -35.2555809       6.54869080E-02
   90.0000000      -35.2555809       8.66050720E-02
   93.7500000      -35.2555809       5.05943298E-02
   97.5000000      -35.2555809       1.01280212E-02
   101.250000      -35.2555809       4.08897400E-02
   105.000000      -35.2555809       4.88853455E-02
   108.750000      -35.2555809       4.44908142E-02
   112.500000      -35.2555809      -1.50794983E-02
   116.250000      -35.2555809      -5.24940491E-02
   120.000000      -35.2555809       5.41343689E-02
   123.750000      -35.2555809      -3.02772522E-02
   127.500000      -35.2555809      -1.95350647E-02
   131.250000      -35.2555809      -5.21278381E-02
   135.000000      -35.2555809      -3.72352600E-02
   138.750000      -35.2555809      -1.17835999E-02
   142.500000      -35.2555809       1.79290771E-04
   146.250000      -35.2555809      -1.90467834E-02
   150.000000      -35.2555809       2.49595642E-02
   153.750000      -35.2555809       4.24766541E-02
   157.500000      -35.2555809       3.55186462E-02
   161.250000      -35.2555809      0.106868744    
   165.000000      -35.2555809       9.38682556E-02
   168.750000      -35.2555809      -1.35536194E-02
   172.500000      -35.2555809      -4.70352173E-03
   176.250000      -35.2555809      -4.32167053E-02
   180.000000      -35.2555809      -1.41639709E-02
   183.750000      -35.2555809      -2.53334045E-02
   187.500000      -35.2555809      -7.95326233E-02
   191.250000      -35.2555809      -2.52723694E-02
   195.000000      -35.2555809       6.51817322E-02
   198.750000      -35.2555809       7.00035095E-02
   202.500000      -35.2555809      -4.39834595E-03
   206.250000      -35.2555809      -2.93350220E-03
   210.000000      -35.2555809      -8.97598267E-03
   213.750000      -35.2555809       1.54991150E-02
   217.500000      -35.2555809       1.06773376E-02
   221.250000      -35.2555809       5.41954041E-02
   225.000000      -35.2555809     -0.100162506    
   228.750000      -35.2555809       1.69639587E-02
   232.500000      -35.2555809      -5.34706116E-02
   236.250000      -35.2555809      -4.38880920E-02
   240.000000      -35.2555809     -0.143314362    
   243.750000      -35.2555809      -1.47743225E-02
   247.500000      -35.2555809      -5.12123108E-02
   251.250000      -35.2555809      -1.36146545E-02
   255.000000      -35.2555809       9.57870483E-03
   258.750000      -35.2555809       3.69224548E-02
   262.500000      -35.2555809       2.89268494E-02
   266.250000      -35.2555809       9.01451111E-02
   270.000000      -35.2555809       2.33726501E-02
   273.750000      -35.2555809      -1.77040100E-02
   277.500000      -35.2555809       3.52745056E-02
   281.250000      -35.2555809       4.69589233E-03
   285.000000      -35.2555809       6.61582947E-02
   288.750000      -35.2555809      -2.42347717E-02
   292.500000      -35.2555809     -0.439456940    
   296.250000      -35.2555809      -7.39784241E-02
   300.000000      -35.2555809       4.89463806E-02
   303.750000      -35.2555809       4.29649353E-02
   307.500000      -35.2555809       3.65829468E-03
   311.250000      -35.2555809       5.85289001E-02
   315.000000      -35.2555809      -1.78871155E-02
   318.750000      -35.2555809       3.64952087E-02
   322.500000      -35.2555809       6.49375916E-02
   326.250000      -35.2555809       1.68418884E-02
   330.000000      -35.2555809     -0.110904694    
   333.750000      -35.2555809      0.154476166    
   337.500000      -35.2555809      -7.17811584E-02
   341.250000      -35.2555809      -5.84754944E-02
   345.000000      -35.2555809     -0.189395905    
   348.750000      -35.2555809       2.00767517E-02
   352.500000      -35.2555809       9.43565369E-02
   356.250000      -35.2555809      -2.06336975E-02
   360.000000      -35.2555809       1.18980408E-02
   0.00000000      -31.5445251      -1.81922913E-02
   3.75000000      -31.5445251       4.17442322E-02
   7.50000000      -31.5445251       4.39071655E-03
   11.2500000      -31.5445251      -2.00233459E-02
   15.0000000      -31.5445251      -2.90565491E-02
   18.7500000      -31.5445251      -4.59022522E-02
   22.5000000      -31.5445251     -0.126712799    
   26.2500000      -31.5445251       2.58140564E-02
   30.0000000      -31.5445251      -4.89540100E-02
   33.7500000      -31.5445251      -4.26673889E-02
   37.5000000      -31.5445251      0.112178802    
   41.2500000      -31.5445251       5.63926697E-02
   45.0000000      -31.5445251      -1.84974670E-02
   48.7500000      -31.5445251      -4.95033264E-02
   52.5000000      -31.5445251       3.69224548E-02
   56.2500000      -31.5445251      -1.06239319E-02
   60.0000000      -31.5445251      -2.02674866E-02
   63.7500000      -31.5445251       3.59725952E-03
   67.5000000      -31.5445251       2.00767517E-02
   71.2500000      -31.5445251       1.64413452E-03
   75.0000000      -31.5445251      -1.93519592E-02
   78.7500000      -31.5445251      -2.36244202E-02
   82.5000000      -31.5445251       8.17489624E-03
   86.2500000      -31.5445251      -1.13563538E-02
   90.0000000      -31.5445251       8.54110718E-03
   93.7500000      -31.5445251       5.08384705E-02
   97.5000000      -31.5445251      0.150203705    
   101.250000      -31.5445251       5.48934937E-03
   105.000000      -31.5445251      -8.66127014E-02
   108.750000      -31.5445251       2.13584900E-02
   112.500000      -31.5445251       8.03794861E-02
   116.250000      -31.5445251     -0.162174225    
   120.000000      -31.5445251      -2.49061584E-02
   123.750000      -31.5445251       2.34336853E-02
   127.500000      -31.5445251       5.95054626E-02
   131.250000      -31.5445251      -1.75209045E-02
   135.000000      -31.5445251     -0.110355377    
   138.750000      -31.5445251      -1.93519592E-02
   142.500000      -31.5445251       3.33213806E-02
   146.250000      -31.5445251       2.34947205E-02
   150.000000      -31.5445251       8.62998962E-02
   153.750000      -31.5445251       2.98423767E-02
   157.500000      -31.5445251       9.60044861E-02
   161.250000      -31.5445251      0.110713959    
   165.000000      -31.5445251       3.98521423E-02
   168.750000      -31.5445251      -2.80799866E-02
   172.500000      -31.5445251       9.88388062E-03
   176.250000      -31.5445251      -4.35218811E-02
   180.000000      -31.5445251       5.37071228E-02
   183.750000      -31.5445251       2.42881775E-02
   187.500000      -31.5445251      -6.77528381E-02
   191.250000      -31.5445251      -7.69424438E-03
   195.000000      -31.5445251       7.16514587E-02
   198.750000      -31.5445251     -0.132083893    
   202.500000      -31.5445251      -4.79164124E-02
   206.250000      -31.5445251       3.78036499E-03
   210.000000      -31.5445251      -2.83851624E-02
   213.750000      -31.5445251       2.16026306E-02
   217.500000      -31.5445251      0.132076263    
   221.250000      -31.5445251       7.49473572E-02
   225.000000      -31.5445251      -4.11415100E-02
   228.750000      -31.5445251     -0.135074615    
   232.500000      -31.5445251      -4.92095947E-04
   236.250000      -31.5445251     -0.161869049    
   240.000000      -31.5445251      0.124080658    
   243.750000      -31.5445251       2.98423767E-02
   247.500000      -31.5445251      -5.06019592E-02
   251.250000      -31.5445251       2.06260681E-02
   255.000000      -31.5445251       7.81211853E-02
   258.750000      -31.5445251       3.52134705E-02
   262.500000      -31.5445251       7.62290955E-02
   266.250000      -31.5445251       2.38609314E-02
   270.000000      -31.5445251       6.45103455E-02
   273.750000      -31.5445251       1.66587830E-02
   277.500000      -31.5445251      -3.12538147E-02
   281.250000      -31.5445251      -5.95130920E-02
   285.000000      -31.5445251       4.41856384E-02
   288.750000      -31.5445251      0.103328705    
   292.500000      -31.5445251      -8.92372131E-02
   296.250000      -31.5445251      0.273311615    
   300.000000      -31.5445251      -1.60560608E-02
   303.750000      -31.5445251     -0.107059479    
   307.500000      -31.5445251      -2.60047913E-02
   311.250000      -31.5445251      -2.38418579E-03
   315.000000      -31.5445251       1.25083923E-02
   318.750000      -31.5445251       1.06163025E-02
   322.500000      -31.5445251      -1.69715881E-02
   326.250000      -31.5445251      -8.17909241E-02
   330.000000      -31.5445251      -8.56361389E-02
   333.750000      -31.5445251     -0.104862213    
   337.500000      -31.5445251       7.78160095E-02
   341.250000      -31.5445251       8.84628296E-03
   345.000000      -31.5445251      0.234066010    
   348.750000      -31.5445251     -0.116764069    
   352.500000      -31.5445251      -8.55751038E-02
   356.250000      -31.5445251       6.20689392E-02
   360.000000      -31.5445251      -1.81922913E-02
   0.00000000      -27.8334446      0.108638763    
   3.75000000      -27.8334446      -4.06532288E-02
   7.50000000      -27.8334446       7.07626343E-03
   11.2500000      -27.8334446       1.20811462E-02
   15.0000000      -27.8334446      -3.21693420E-02
   18.7500000      -27.8334446      0.134883881    
   22.5000000      -27.8334446     -0.171756744    
   26.2500000      -27.8334446       2.58140564E-02
   30.0000000      -27.8334446      0.187618256    
   33.7500000      -27.8334446      0.143550873    
   37.5000000      -27.8334446       7.13729858E-03
   41.2500000      -27.8334446      -5.48133850E-02
   45.0000000      -27.8334446     -0.146610260    
   48.7500000      -27.8334446     -0.276126862    
   52.5000000      -27.8334446     -0.186588287    
   56.2500000      -27.8334446      -2.28919983E-02
   60.0000000      -27.8334446       2.30674744E-02
   63.7500000      -27.8334446       3.62510681E-02
   67.5000000      -27.8334446       2.67906189E-02
   71.2500000      -27.8334446       4.41246033E-02
   75.0000000      -27.8334446       4.52842712E-02
   78.7500000      -27.8334446       1.90391541E-02
   82.5000000      -27.8334446      -1.20887756E-02
   86.2500000      -27.8334446       2.31895447E-02
   90.0000000      -27.8334446       3.53965759E-02
   93.7500000      -27.8334446       4.67491150E-02
   97.5000000      -27.8334446       6.39610291E-02
   101.250000      -27.8334446      -1.45912170E-02
   105.000000      -27.8334446      -1.88026428E-02
   108.750000      -27.8334446      -6.91566467E-02
   112.500000      -27.8334446      -1.72157288E-02
   116.250000      -27.8334446      -9.13734436E-02
   120.000000      -27.8334446       3.20396423E-02
   123.750000      -27.8334446       7.10411072E-02
   127.500000      -27.8334446       3.84483337E-02
   131.250000      -27.8334446     -0.427066803    
   135.000000      -27.8334446     -0.156192780    
   138.750000      -27.8334446      -2.32315063E-03
   142.500000      -27.8334446       6.94541931E-02
   146.250000      -27.8334446      -5.85365295E-02
   150.000000      -27.8334446      0.173824310    
   153.750000      -27.8334446       2.92930603E-02
   157.500000      -27.8334446       6.02378845E-02
   161.250000      -27.8334446       2.70957947E-02
   165.000000      -27.8334446       1.34239197E-02
   168.750000      -27.8334446      -8.81996155E-02
   172.500000      -27.8334446      -2.67372131E-02
   176.250000      -27.8334446     -0.112796783    
   180.000000      -27.8334446     -0.140079498    
   183.750000      -27.8334446      -5.18836975E-02
   187.500000      -27.8334446     -0.162662506    
   191.250000      -27.8334446      -3.93714905E-02
   195.000000      -27.8334446      -3.23867798E-03
   198.750000      -27.8334446       9.15145874E-03
   202.500000      -27.8334446       3.02696228E-02
   206.250000      -27.8334446       5.56602478E-02
   210.000000      -27.8334446      -2.50282288E-02
   213.750000      -27.8334446       7.58018494E-02
   217.500000      -27.8334446       5.27915955E-02
   221.250000      -27.8334446       2.80380249E-03
   225.000000      -27.8334446       1.82456970E-02
   228.750000      -27.8334446     -0.122867584    
   232.500000      -27.8334446     -0.302860260    
   236.250000      -27.8334446       9.38682556E-02
   240.000000      -27.8334446       6.40487671E-03
   243.750000      -27.8334446      -2.66761780E-02
   247.500000      -27.8334446       2.58140564E-02
   251.250000      -27.8334446       5.68809509E-02
   255.000000      -27.8334446       8.48960876E-02
   258.750000      -27.8334446       3.68003845E-02
   262.500000      -27.8334446       5.64537048E-02
   266.250000      -27.8334446       3.88755798E-02
   270.000000      -27.8334446       4.95567322E-02
   273.750000      -27.8334446       7.28607178E-04
   277.500000      -27.8334446      -1.83486938E-03
   281.250000      -27.8334446      -1.33094788E-02
   285.000000      -27.8334446       2.78892517E-02
   288.750000      -27.8334446       3.24058533E-02
   292.500000      -27.8334446       6.76231384E-02
   296.250000      -27.8334446       4.22935486E-02
   300.000000      -27.8334446       3.73497009E-02
   303.750000      -27.8334446      0.104122162    
   307.500000      -27.8334446       3.59458923E-02
   311.250000      -27.8334446      -3.00331116E-02
   315.000000      -27.8334446       3.35311890E-03
   318.750000      -27.8334446       2.34947205E-02
   322.500000      -27.8334446      -2.21595764E-02
   326.250000      -27.8334446       4.71153259E-02
   330.000000      -27.8334446      -2.46009827E-02
   333.750000      -27.8334446     -0.186222076    
   337.500000      -27.8334446      -8.18519592E-02
   341.250000      -27.8334446      -3.82118225E-02
   345.000000      -27.8334446       1.43394470E-02
   348.750000      -27.8334446      0.119197845    
   352.500000      -27.8334446      0.109249115    
   356.250000      -27.8334446       3.68614197E-02
   360.000000      -27.8334446      0.108638763    
   0.00000000      -24.1223469      0.113033295    
   3.75000000      -24.1223469       3.42369080E-02
   7.50000000      -24.1223469       3.30772400E-02
   11.2500000      -24.1223469       5.34019470E-02
   15.0000000      -24.1223469      -1.76429749E-02
   18.7500000      -24.1223469      -4.76455688E-03
   22.5000000      -24.1223469     -0.107059479    
   26.2500000      -24.1223469      -3.97377014E-02
   30.0000000      -24.1223469       3.52745056E-02
   33.7500000      -24.1223469       2.14195251E-02
   37.5000000      -24.1223469       5.47447205E-02
   41.2500000      -24.1223469     -0.128482819    
   45.0000000      -24.1223469      -5.82313538E-02
   48.7500000      -24.1223469       8.05282593E-03
   52.5000000      -24.1223469     -0.120059967    
   56.2500000      -24.1223469       7.33604431E-02
   60.0000000      -24.1223469      0.123165131    
   63.7500000      -24.1223469      0.187923431    
   67.5000000      -24.1223469      -5.20057678E-02
   71.2500000      -24.1223469       7.29331970E-02
   75.0000000      -24.1223469      -2.18544006E-02
   78.7500000      -24.1223469       4.43687439E-02
   82.5000000      -24.1223469       4.93125916E-02
   86.2500000      -24.1223469      0.111629486    
   90.0000000      -24.1223469      0.127254486    
   93.7500000      -24.1223469       7.75718689E-02
   97.5000000      -24.1223469      -2.80189514E-02
   101.250000      -24.1223469       6.98204041E-02
   105.000000      -24.1223469      -3.61366272E-02
   108.750000      -24.1223469      -1.08070374E-02
   112.500000      -24.1223469       2.28843689E-02
   116.250000      -24.1223469       8.59336853E-02
   120.000000      -24.1223469       5.42831421E-03
   123.750000      -24.1223469       5.08384705E-02
   127.500000      -24.1223469      0.168148041    
   131.250000      -24.1223469      -3.07655334E-02
   135.000000      -24.1223469      0.301509857    
   138.750000      -24.1223469     -0.216617584    
   142.500000      -24.1223469       4.58335876E-02
   146.250000      -24.1223469       6.67076111E-02
   150.000000      -24.1223469      -5.19180298E-03
   153.750000      -24.1223469       2.78892517E-02
   157.500000      -24.1223469      -1.82533264E-02
   161.250000      -24.1223469       4.09507751E-02
   165.000000      -24.1223469      -5.10902405E-02
   168.750000      -24.1223469       9.05113220E-02
   172.500000      -24.1223469      0.163875580    
   176.250000      -24.1223469       7.49473572E-02
   180.000000      -24.1223469     -0.115360260    
   183.750000      -24.1223469      -1.52015686E-02
   187.500000      -24.1223469      -5.80482483E-02
   191.250000      -24.1223469      -4.64248657E-03
   195.000000      -24.1223469       4.93736267E-02
   198.750000      -24.1223469      0.152767181    
   202.500000      -24.1223469      -1.11732483E-02
   206.250000      -24.1223469       2.22129822E-02
   210.000000      -24.1223469     -0.101322174    
   213.750000      -24.1223469     -0.129154205    
   217.500000      -24.1223469       4.84580994E-02
   221.250000      -24.1223469      -2.06947327E-02
   225.000000      -24.1223469     -0.110294342    
   228.750000      -24.1223469     -0.170841217    
   232.500000      -24.1223469      0.146846771    
   236.250000      -24.1223469       8.45909119E-02
   240.000000      -24.1223469      -5.76210022E-02
   243.750000      -24.1223469      -2.20985413E-02
   247.500000      -24.1223469       6.14585876E-02
   251.250000      -24.1223469      -1.46865845E-03
   255.000000      -24.1223469       3.37486267E-02
   258.750000      -24.1223469       6.78062439E-02
   262.500000      -24.1223469       5.32798767E-02
   266.250000      -24.1223469       3.08189392E-02
   270.000000      -24.1223469       5.80406189E-02
   273.750000      -24.1223469       4.76646423E-02
   277.500000      -24.1223469       4.61997986E-02
   281.250000      -24.1223469      -2.84461975E-02
   285.000000      -24.1223469      -4.60853577E-02
   288.750000      -24.1223469       4.02793884E-02
   292.500000      -24.1223469       2.92320251E-02
   296.250000      -24.1223469      -1.28822327E-02
   300.000000      -24.1223469       1.34239197E-02
   303.750000      -24.1223469       9.35020447E-02
   307.500000      -24.1223469       7.23228455E-02
   311.250000      -24.1223469      -1.25770569E-02
   315.000000      -24.1223469       1.33628845E-02
   318.750000      -24.1223469      -4.82559204E-03
   322.500000      -24.1223469      0.106990814    
   326.250000      -24.1223469       7.11631775E-02
   330.000000      -24.1223469      -3.68690491E-02
   333.750000      -24.1223469      -5.15174866E-02
   337.500000      -24.1223469       7.99179077E-03
   341.250000      -24.1223469      -1.25770569E-02
   345.000000      -24.1223469       7.72056580E-02
   348.750000      -24.1223469      -9.29603577E-02
   352.500000      -24.1223469      -1.28822327E-02
   356.250000      -24.1223469       3.33213806E-02
   360.000000      -24.1223469      0.113033295    
   0.00000000      -20.4112377      -6.46400452E-02
   3.75000000      -20.4112377       4.26864624E-03
   7.50000000      -20.4112377      -2.00233459E-02
   11.2500000      -20.4112377     -0.132266998    
   15.0000000      -20.4112377      -6.25648499E-02
   18.7500000      -20.4112377      -5.63392639E-02
   22.5000000      -20.4112377      -1.05018616E-02
   26.2500000      -20.4112377      0.138973236    
   30.0000000      -20.4112377       1.47056580E-02
   33.7500000      -20.4112377       4.74205017E-02
   37.5000000      -20.4112377      0.150264740    
   41.2500000      -20.4112377      0.442073822    
   45.0000000      -20.4112377       4.09507751E-02
   48.7500000      -20.4112377      -3.24745178E-02
   52.5000000      -20.4112377      -8.41712952E-02
   56.2500000      -20.4112377      0.185359955    
   60.0000000      -20.4112377       7.49473572E-02
   63.7500000      -20.4112377      -4.95033264E-02
   67.5000000      -20.4112377      -6.77871704E-03
   71.2500000      -20.4112377      -2.22816467E-02
   75.0000000      -20.4112377       2.66685486E-02
   78.7500000      -20.4112377       1.58042908E-02
   82.5000000      -20.4112377      -2.08168030E-02
   86.2500000      -20.4112377       7.03697205E-02
   90.0000000      -20.4112377     -0.115787506    
   93.7500000      -20.4112377      -6.78138733E-02
   97.5000000      -20.4112377      -7.59925842E-02
   101.250000      -20.4112377      -5.49697876E-03
   105.000000      -20.4112377      -1.07460022E-02
   108.750000      -20.4112377       8.90731812E-03
   112.500000      -20.4112377      -6.11610413E-02
   116.250000      -20.4112377       5.22422791E-02
   120.000000      -20.4112377      -2.93617249E-02
   123.750000      -20.4112377       5.56602478E-02
   127.500000      -20.4112377       4.19883728E-02
   131.250000      -20.4112377       7.93075562E-03
   135.000000      -20.4112377       5.68809509E-02
   138.750000      -20.4112377       3.19786072E-02
   142.500000      -20.4112377       5.12313843E-03
   146.250000      -20.4112377      -6.50672913E-02
   150.000000      -20.4112377      -1.55067444E-02
   153.750000      -20.4112377      -8.11805725E-02
   157.500000      -20.4112377     -0.152469635    
   161.250000      -20.4112377       5.87120056E-02
   165.000000      -20.4112377       2.16636658E-02
   168.750000      -20.4112377      -2.81143188E-03
   172.500000      -20.4112377      -6.50672913E-02
   176.250000      -20.4112377      -1.76429749E-02
   180.000000      -20.4112377      -1.78260803E-02
   183.750000      -20.4112377       4.93736267E-02
   187.500000      -20.4112377      -9.83047485E-03
   191.250000      -20.4112377       5.91659546E-03
   195.000000      -20.4112377       2.45933533E-02
   198.750000      -20.4112377       2.36778259E-02
   202.500000      -20.4112377      0.167598724    
   206.250000      -20.4112377     -0.332523346    
   210.000000      -20.4112377      -7.99598694E-02
   213.750000      -20.4112377     -0.185977936    
   217.500000      -20.4112377      0.173519135    
   221.250000      -20.4112377       8.17222595E-02
   225.000000      -20.4112377      -1.62391663E-02
   228.750000      -20.4112377      -2.23426819E-02
   232.500000      -20.4112377      0.136714935    
   236.250000      -20.4112377      0.101253510    
   240.000000      -20.4112377      -5.55801392E-03
   243.750000      -20.4112377      -2.03895569E-02
   247.500000      -20.4112377      -3.30848694E-02
   251.250000      -20.4112377       6.62803650E-02
   255.000000      -20.4112377       6.10923767E-02
   258.750000      -20.4112377       5.90782166E-02
   262.500000      -20.4112377       7.66563416E-02
   266.250000      -20.4112377       8.59947205E-02
   270.000000      -20.4112377       6.98814392E-02
   273.750000      -20.4112377      -2.48451233E-02
   277.500000      -20.4112377      -3.57093811E-02
   281.250000      -20.4112377      -2.75039673E-03
   285.000000      -20.4112377       9.09385681E-02
   288.750000      -20.4112377      0.162410736    
   292.500000      -20.4112377      -7.00111389E-02
   296.250000      -20.4112377     -0.110111237    
   300.000000      -20.4112377      -4.29725647E-02
   303.750000      -20.4112377       6.02378845E-02
   307.500000      -20.4112377       3.77159119E-02
   311.250000      -20.4112377       1.02500916E-02
   315.000000      -20.4112377     -0.120365143    
   318.750000      -20.4112377       2.01377869E-02
   322.500000      -20.4112377      0.134090424    
   326.250000      -20.4112377      -2.66151428E-02
   330.000000      -20.4112377       4.63485718E-03
   333.750000      -20.4112377      -4.54139709E-02
   337.500000      -20.4112377      -8.12149048E-03
   341.250000      -20.4112377       4.88853455E-02
   345.000000      -20.4112377       2.08702087E-02
   348.750000      -20.4112377       5.95054626E-02
   352.500000      -20.4112377       4.35752869E-02
   356.250000      -20.4112377      -1.80091858E-02
   360.000000      -20.4112377      -6.46400452E-02
   0.00000000      -16.7001171      -1.64222717E-02
   3.75000000      -16.7001171      -9.22279358E-02
   7.50000000      -16.7001171      -3.71742249E-02
   11.2500000      -16.7001171       7.50350952E-03
   15.0000000      -16.7001171      -2.82020569E-02
   18.7500000      -16.7001171      -9.47303772E-02
   22.5000000      -16.7001171       5.15708923E-02
   26.2500000      -16.7001171      0.121273041    
   30.0000000      -16.7001171       1.86729431E-02
   33.7500000      -16.7001171      0.105037689    
   37.5000000      -16.7001171      0.136348724    
   41.2500000      -16.7001171      0.162532806    
   45.0000000      -16.7001171      0.196773529    
   48.7500000      -16.7001171       3.96347046E-03
   52.5000000      -16.7001171       7.03086853E-02
   56.2500000      -16.7001171      -9.09805298E-03
   60.0000000      -16.7001171       9.70420837E-02
   63.7500000      -16.7001171      -6.28089905E-02
   67.5000000      -16.7001171       1.80015564E-02
   71.2500000      -16.7001171      -4.85267639E-02
   75.0000000      -16.7001171       8.01963806E-02
   78.7500000      -16.7001171      -9.89418030E-02
   82.5000000      -16.7001171      -4.29115295E-02
   86.2500000      -16.7001171      -9.07630920E-02
   90.0000000      -16.7001171      -5.59730530E-02
   93.7500000      -16.7001171      -1.70936584E-02
   97.5000000      -16.7001171     -0.109134674    
   101.250000      -16.7001171      -6.90345764E-02
   105.000000      -16.7001171       2.41661072E-02
   108.750000      -16.7001171       8.97178650E-02
   112.500000      -16.7001171      -3.55873108E-02
   116.250000      -16.7001171       6.06536865E-04
   120.000000      -16.7001171       5.92002869E-02
   123.750000      -16.7001171      -4.87098694E-02
   127.500000      -16.7001171       6.93321228E-02
   131.250000      -16.7001171       7.62557983E-03
   135.000000      -16.7001171      0.115047455    
   138.750000      -16.7001171      -3.99208069E-02
   142.500000      -16.7001171      -1.58729553E-02
   146.250000      -16.7001171     -0.108097076    
   150.000000      -16.7001171     -0.122806549    
   153.750000      -16.7001171      -7.13539124E-02
   157.500000      -16.7001171      -9.03968811E-02
   161.250000      -16.7001171      -5.73768616E-02
   165.000000      -16.7001171       1.78184509E-02
   168.750000      -16.7001171     -0.109500885    
   172.500000      -16.7001171       6.11534119E-02
   176.250000      -16.7001171       6.93321228E-02
   180.000000      -16.7001171       8.32481384E-02
   183.750000      -16.7001171       9.15145874E-03
   187.500000      -16.7001171      -6.68373108E-02
   191.250000      -16.7001171       1.12876892E-02
   195.000000      -16.7001171      -1.71279907E-03
   198.750000      -16.7001171      -7.56874084E-02
   202.500000      -16.7001171     -0.293460846    
   206.250000      -16.7001171     -0.300968170    
   210.000000      -16.7001171     -0.313968658    
   213.750000      -16.7001171      0.202754974    
   217.500000      -16.7001171      0.122432709    
   221.250000      -16.7001171       6.83212280E-03
   225.000000      -16.7001171      -3.08265686E-02
   228.750000      -16.7001171       9.36241150E-02
   232.500000      -16.7001171       9.52110291E-02
   236.250000      -16.7001171      -1.65443420E-02
   240.000000      -16.7001171      -2.72865295E-02
   243.750000      -16.7001171      -2.89955139E-02
   247.500000      -16.7001171       2.69126892E-02
   251.250000      -16.7001171       1.29356384E-02
   255.000000      -16.7001171      -8.48770142E-03
   258.750000      -16.7001171       4.98619080E-02
   262.500000      -16.7001171       6.70738220E-02
   266.250000      -16.7001171       1.25694275E-02
   270.000000      -16.7001171       2.62069702E-03
   273.750000      -16.7001171       4.42466736E-02
   277.500000      -16.7001171       4.10118103E-02
   281.250000      -16.7001171       5.10826111E-02
   285.000000      -16.7001171       3.74717712E-02
   288.750000      -16.7001171      -3.08265686E-02
   292.500000      -16.7001171     -0.183231354    
   296.250000      -16.7001171      -3.44886780E-02
   300.000000      -16.7001171      -3.69300842E-02
   303.750000      -16.7001171      -9.68666077E-02
   307.500000      -16.7001171     -0.103214264    
   311.250000      -16.7001171      0.141231537    
   315.000000      -16.7001171      -4.96253967E-02
   318.750000      -16.7001171     -0.210575104    
   322.500000      -16.7001171     -0.109317780    
   326.250000      -16.7001171       6.11534119E-02
   330.000000      -16.7001171      -7.20863342E-02
   333.750000      -16.7001171      -3.36074829E-03
   337.500000      -16.7001171      -5.69496155E-02
   341.250000      -16.7001171      -2.83241272E-02
   345.000000      -16.7001171      -5.24940491E-02
   348.750000      -16.7001171      -4.04090881E-02
   352.500000      -16.7001171      -4.49867249E-02
   356.250000      -16.7001171       1.64146423E-02
   360.000000      -16.7001171      -1.64222717E-02
   0.00000000      -12.9889879      -2.71034241E-02
   3.75000000      -12.9889879       1.14097595E-02
   7.50000000      -12.9889879       1.58309937E-03
   11.2500000      -12.9889879      -3.48281860E-03
   15.0000000      -12.9889879       3.67393494E-02
   18.7500000      -12.9889879      -5.16395569E-02
   22.5000000      -12.9889879      -7.97271729E-04
   26.2500000      -12.9889879      -8.81385803E-02
   30.0000000      -12.9889879      -8.41102600E-02
   33.7500000      -12.9889879     -0.225223541    
   37.5000000      -12.9889879     -0.534793854    
   41.2500000      -12.9889879       5.36460876E-02
   45.0000000      -12.9889879     -0.111209869    
   48.7500000      -12.9889879      -9.82093811E-02
   52.5000000      -12.9889879      -5.18226624E-02
   56.2500000      -12.9889879       1.68418884E-02
   60.0000000      -12.9889879      0.144527435    
   63.7500000      -12.9889879      -2.47840881E-02
   67.5000000      -12.9889879      0.189632416    
   71.2500000      -12.9889879       9.05113220E-02
   75.0000000      -12.9889879      -3.73573303E-02
   78.7500000      -12.9889879      -9.22012329E-03
   82.5000000      -12.9889879       2.75230408E-02
   86.2500000      -12.9889879      -2.87513733E-02
   90.0000000      -12.9889879     -0.317874908    
   93.7500000      -12.9889879       1.70860291E-02
   97.5000000      -12.9889879      0.103023529    
   101.250000      -12.9889879     -0.184879303    
   105.000000      -12.9889879      -6.84852600E-02
   108.750000      -12.9889879      -8.63685608E-02
   112.500000      -12.9889879       1.98936462E-02
   116.250000      -12.9889879      -4.85877991E-02
   120.000000      -12.9889879       2.14805603E-02
   123.750000      -12.9889879      -6.75201416E-04
   127.500000      -12.9889879      -6.16493225E-02
   131.250000      -12.9889879      -5.21888733E-02
   135.000000      -12.9889879       8.92295837E-02
   138.750000      -12.9889879      -1.65443420E-02
   142.500000      -12.9889879     -0.119937897    
   146.250000      -12.9889879       1.12266541E-02
   150.000000      -12.9889879     -0.180179596    
   153.750000      -12.9889879      -1.84974670E-02
   157.500000      -12.9889879       2.01034546E-03
   161.250000      -12.9889879     -0.225650787    
   165.000000      -12.9889879      0.174495697    
   168.750000      -12.9889879       2.06260681E-02
   172.500000      -12.9889879      -1.33705139E-02
   176.250000      -12.9889879       6.58798218E-03
   180.000000      -12.9889879       1.51939392E-02
   183.750000      -12.9889879       9.00840759E-02
   187.500000      -12.9889879      -9.46083069E-02
   191.250000      -12.9889879       3.50914001E-02
   195.000000      -12.9889879     -0.122074127    
   198.750000      -12.9889879     -0.170475006    
   202.500000      -12.9889879       7.65953064E-02
   206.250000      -12.9889879     -0.325809479    
   210.000000      -12.9889879     -0.149051666    
   213.750000      -12.9889879     -0.130374908    
   217.500000      -12.9889879      -3.40003967E-02
   221.250000      -12.9889879      -3.81507874E-02
   225.000000      -12.9889879       3.45420837E-02
   228.750000      -12.9889879       4.01573181E-02
   232.500000      -12.9889879       4.39414978E-02
   236.250000      -12.9889879      -3.87001038E-02
   240.000000      -12.9889879      -2.50892639E-02
   243.750000      -12.9889879      -7.97157288E-02
   247.500000      -12.9889879      -2.96058655E-02
   251.250000      -12.9889879       5.85556030E-03
   255.000000      -12.9889879       6.51817322E-02
   258.750000      -12.9889879       6.53648376E-02
   262.500000      -12.9889879       7.30552673E-02
   266.250000      -12.9889879       2.61192322E-02
   270.000000      -12.9889879       2.19078064E-02
   273.750000      -12.9889879       7.56454468E-03
   277.500000      -12.9889879       2.97203064E-02
   281.250000      -12.9889879       2.71568298E-02
   285.000000      -12.9889879       4.63485718E-03
   288.750000      -12.9889879      -1.28822327E-02
   292.500000      -12.9889879     -0.174198151    
   296.250000      -12.9889879       5.63926697E-02
   300.000000      -12.9889879       3.27110291E-02
   303.750000      -12.9889879      -6.09779358E-02
   307.500000      -12.9889879      -1.68495178E-02
   311.250000      -12.9889879       5.48057556E-02
   315.000000      -12.9889879     -0.204837799    
   318.750000      -12.9889879       7.68661499E-03
   322.500000      -12.9889879       7.65953064E-02
   326.250000      -12.9889879      -1.21498108E-02
   330.000000      -12.9889879       3.46641541E-02
   333.750000      -12.9889879       9.76181030E-03
   337.500000      -12.9889879       5.87730408E-02
   341.250000      -12.9889879       4.20761108E-03
   345.000000      -12.9889879       2.52647400E-02
   348.750000      -12.9889879      -2.44522095E-03
   352.500000      -12.9889879       6.06651306E-02
   356.250000      -12.9889879       2.23350525E-02
   360.000000      -12.9889879      -2.71034241E-02
   0.00000000      -9.27785301      -3.16200256E-02
   3.75000000      -9.27785301       5.16929626E-02
   7.50000000      -9.27785301       3.50303650E-02
   11.2500000      -9.27785301      -6.48231506E-02
   15.0000000      -9.27785301       7.85484314E-02
   18.7500000      -9.27785301      -1.67884827E-02
   22.5000000      -9.27785301     -0.227115631    
   26.2500000      -9.27785301     -0.158817291    
   30.0000000      -9.27785301      -5.60340881E-02
   33.7500000      -9.27785301      0.330135345    
   37.5000000      -9.27785301       1.44615173E-02
   41.2500000      -9.27785301       9.55772400E-02
   45.0000000      -9.27785301      -5.59730530E-02
   48.7500000      -9.27785301       3.60679626E-02
   52.5000000      -9.27785301       7.16514587E-02
   56.2500000      -9.27785301      -5.21278381E-02
   60.0000000      -9.27785301      -1.31874084E-02
   63.7500000      -9.27785301      -8.46595764E-02
   67.5000000      -9.27785301       9.15489197E-02
   71.2500000      -9.27785301      0.272823334    
   75.0000000      -9.27785301      0.223140717    
   78.7500000      -9.27785301       2.54478455E-02
   82.5000000      -9.27785301       6.47544861E-02
   86.2500000      -9.27785301     -0.244815826    
   90.0000000      -9.27785301      -7.24525452E-02
   93.7500000      -9.27785301      0.334774017    
   97.5000000      -9.27785301      0.136226654    
   101.250000      -9.27785301     -0.372806549    
   105.000000      -9.27785301     -0.102542877    
   108.750000      -9.27785301      0.111080170    
   112.500000      -9.27785301      -1.91078186E-02
   116.250000      -9.27785301     -0.159549713    
   120.000000      -9.27785301       7.47032166E-02
   123.750000      -9.27785301      0.124507904    
   127.500000      -9.27785301      0.128780365    
   131.250000      -9.27785301       5.51109314E-02
   135.000000      -9.27785301      -5.18226624E-02
   138.750000      -9.27785301       5.08384705E-02
   142.500000      -9.27785301      -2.87246704E-03
   146.250000      -9.27785301      0.168575287    
   150.000000      -9.27785301      0.259883881    
   153.750000      -9.27785301     -0.255619049    
   157.500000      -9.27785301      0.306514740    
   161.250000      -9.27785301       9.22203064E-02
   165.000000      -9.27785301      0.123409271    
   168.750000      -9.27785301      -4.32167053E-02
   172.500000      -9.27785301       3.85704041E-02
   176.250000      -9.27785301       1.81236267E-02
   180.000000      -9.27785301     -0.157108307    
   183.750000      -9.27785301       8.00132751E-02
   187.500000      -9.27785301       6.40220642E-02
   191.250000      -9.27785301       7.84873962E-02
   195.000000      -9.27785301      0.137752533    
   198.750000      -9.27785301      -9.66224670E-02
   202.500000      -9.27785301       1.18980408E-02
   206.250000      -9.27785301       5.10826111E-02
   210.000000      -9.27785301       4.47349548E-02
   213.750000      -9.27785301     -0.113285065    
   217.500000      -9.27785301       5.48667908E-02
   221.250000      -9.27785301       5.11436462E-02
   225.000000      -9.27785301       2.85606384E-02
   228.750000      -9.27785301       7.96470642E-02
   232.500000      -9.27785301       8.80699158E-02
   236.250000      -9.27785301      -3.65028381E-02
   240.000000      -9.27785301       2.77671814E-02
   243.750000      -9.27785301       9.51766968E-03
   247.500000      -9.27785301      -2.51502991E-02
   251.250000      -9.27785301       5.68199158E-02
   255.000000      -9.27785301       4.56504822E-02
   258.750000      -9.27785301       2.47764587E-02
   262.500000      -9.27785301      0.104549408    
   266.250000      -9.27785301       5.96275330E-02
   270.000000      -9.27785301      -4.45594788E-02
   273.750000      -9.27785301      -5.64613342E-02
   277.500000      -9.27785301       8.28208923E-02
   281.250000      -9.27785301      -3.69300842E-02
   285.000000      -9.27785301     -0.180179596    
   288.750000      -9.27785301      -1.52626038E-02
   292.500000      -9.27785301     -0.262088776    
   296.250000      -9.27785301      -5.84754944E-02
   300.000000      -9.27785301      -3.87001038E-02
   303.750000      -9.27785301     -0.117984772    
   307.500000      -9.27785301       8.01353455E-02
   311.250000      -9.27785301      -8.58802795E-02
   315.000000      -9.27785301     -0.244693756    
   318.750000      -9.27785301       9.24034119E-02
   322.500000      -9.27785301      0.124263763    
   326.250000      -9.27785301      -2.08168030E-02
   330.000000      -9.27785301       5.76744080E-02
   333.750000      -9.27785301      -6.10733032E-03
   337.500000      -9.27785301       9.70077515E-03
   341.250000      -9.27785301       3.13682556E-02
   345.000000      -9.27785301       4.19883728E-02
   348.750000      -9.27785301       7.53746033E-02
   352.500000      -9.27785301       1.11045837E-02
   356.250000      -9.27785301       5.54161072E-02
   360.000000      -9.27785301      -3.16200256E-02
   0.00000000      -5.56671333      -2.38075256E-02
   3.75000000      -5.56671333      -2.81410217E-02
   7.50000000      -5.56671333      -4.58412170E-02
   11.2500000      -5.56671333       1.18980408E-02
   15.0000000      -5.56671333      -6.90345764E-02
   18.7500000      -5.56671333     -0.175846100    
   22.5000000      -5.56671333      -5.20057678E-02
   26.2500000      -5.56671333      -6.66542053E-02
   30.0000000      -5.56671333       2.44712830E-02
   33.7500000      -5.56671333      -7.45887756E-02
   37.5000000      -5.56671333       8.50677490E-04
   41.2500000      -5.56671333      -5.54847717E-02
   45.0000000      -5.56671333      0.109676361    
   48.7500000      -5.56671333      -1.50184631E-02
   52.5000000      -5.56671333       3.68003845E-02
   56.2500000      -5.56671333     -0.108890533    
   60.0000000      -5.56671333       1.39122009E-02
   63.7500000      -5.56671333      0.166683197    
   67.5000000      -5.56671333     -0.139713287    
   71.2500000      -5.56671333       9.27352905E-03
   75.0000000      -5.56671333       2.62413025E-02
   78.7500000      -5.56671333       9.67979431E-02
   82.5000000      -5.56671333      -3.44276428E-02
   86.2500000      -5.56671333      0.286922455    
   90.0000000      -5.56671333      -4.47425842E-02
   93.7500000      -5.56671333     -0.115360260    
   97.5000000      -5.56671333     -0.366153717    
   101.250000      -5.56671333      -9.03701782E-03
   105.000000      -5.56671333     -0.356693268    
   108.750000      -5.56671333       9.58213806E-02
   112.500000      -5.56671333     -0.214420319    
   116.250000      -5.56671333      -2.35633850E-02
   120.000000      -5.56671333     -0.732242584    
   123.750000      -5.56671333     -0.212589264    
   127.500000      -5.56671333       4.58335876E-02
   131.250000      -5.56671333     -0.361454010    
   135.000000      -5.56671333      0.261043549    
   138.750000      -5.56671333       7.52525330E-02
   142.500000      -5.56671333      -7.25135803E-02
   146.250000      -5.56671333     -0.201908112    
   150.000000      -5.56671333     -0.149662018    
   153.750000      -5.56671333     -0.130374908    
   157.500000      -5.56671333       8.96835327E-03
   161.250000      -5.56671333       7.63511658E-02
   165.000000      -5.56671333      -2.24037170E-02
   168.750000      -5.56671333       4.38194275E-02
   172.500000      -5.56671333     -0.337711334    
   176.250000      -5.56671333       1.79290771E-04
   180.000000      -5.56671333      -5.43861389E-02
   183.750000      -5.56671333       3.36265564E-02
   187.500000      -5.56671333      0.106014252    
   191.250000      -5.56671333       4.33921814E-02
   195.000000      -5.56671333       2.31285095E-02
   198.750000      -5.56671333       7.34825134E-02
   202.500000      -5.56671333       4.84466553E-04
   206.250000      -5.56671333       8.45298767E-02
   210.000000      -5.56671333      -9.48524475E-02
   213.750000      -5.56671333       4.98008728E-02
   217.500000      -5.56671333       2.71568298E-02
   221.250000      -5.56671333       1.19590759E-02
   225.000000      -5.56671333       3.06358337E-02
   228.750000      -5.56671333      -1.36756897E-02
   232.500000      -5.56671333      -2.50625610E-03
   236.250000      -5.56671333      -2.94227600E-02
   240.000000      -5.56671333       1.36070251E-02
   243.750000      -5.56671333      -2.30140686E-02
   247.500000      -5.56671333       3.68003845E-02
   251.250000      -5.56671333       2.95372009E-02
   255.000000      -5.56671333       8.66317749E-03
   258.750000      -5.56671333       1.60484314E-02
   262.500000      -5.56671333       2.43492126E-02
   266.250000      -5.56671333       1.15585327E-03
   270.000000      -5.56671333       9.45663452E-03
   273.750000      -5.56671333      -2.80799866E-02
   277.500000      -5.56671333       6.82945251E-02
   281.250000      -5.56671333      -7.11708069E-02
   285.000000      -5.56671333     -0.170413971    
   288.750000      -5.56671333     -0.211856842    
   292.500000      -5.56671333      -7.30628967E-02
   296.250000      -5.56671333      -6.96182251E-03
   300.000000      -5.56671333      -8.73184204E-03
   303.750000      -5.56671333     -0.113224030    
   307.500000      -5.56671333      -8.96644592E-02
   311.250000      -5.56671333     -0.168155670    
   315.000000      -5.56671333      -5.52406311E-02
   318.750000      -5.56671333       5.45616150E-02
   322.500000      -5.56671333       3.06358337E-02
   326.250000      -5.56671333       4.24766541E-02
   330.000000      -5.56671333       9.19151306E-02
   333.750000      -5.56671333      -6.00013733E-02
   337.500000      -5.56671333      -6.10389709E-02
   341.250000      -5.56671333      -8.25233459E-02
   345.000000      -5.56671333      -4.33731079E-03
   348.750000      -5.56671333       2.23960876E-02
   352.500000      -5.56671333       3.13682556E-02
   356.250000      -5.56671333       4.10118103E-02
   360.000000      -5.56671333      -2.38075256E-02
   0.00000000      -1.85557151       1.46102905E-03
   3.75000000      -1.85557151      -4.73060608E-02
   7.50000000      -1.85557151       4.36973572E-02
   11.2500000      -1.85557151      -7.22084045E-02
   15.0000000      -1.85557151      -1.45912170E-02
   18.7500000      -1.85557151     -0.202640533    
   22.5000000      -1.85557151      -7.47718811E-02
   26.2500000      -1.85557151     -0.337039948    
   30.0000000      -1.85557151       8.78257751E-02
   33.7500000      -1.85557151       9.41734314E-02
   37.5000000      -1.85557151      -5.13343811E-02
   41.2500000      -1.85557151      -8.16688538E-02
   45.0000000      -1.85557151       4.88243103E-02
   48.7500000      -1.85557151      -2.63710022E-02
   52.5000000      -1.85557151      -3.85169983E-02
   56.2500000      -1.85557151      -2.14004517E-03
   60.0000000      -1.85557151       3.35655212E-02
   63.7500000      -1.85557151       3.21006775E-02
   67.5000000      -1.85557151      -1.71279907E-03
   71.2500000      -1.85557151       1.96495056E-02
   75.0000000      -1.85557151       1.35459900E-02
   78.7500000      -1.85557151       2.32505798E-02
   82.5000000      -1.85557151       5.01060486E-02
   86.2500000      -1.85557151       2.80380249E-03
   90.0000000      -1.85557151       4.94003296E-03
   93.7500000      -1.85557151      0.164058685    
   97.5000000      -1.85557151       1.92222595E-02
   101.250000      -1.85557151      0.128841400    
   105.000000      -1.85557151     -0.473758698    
   108.750000      -1.85557151      0.190853119    
   112.500000      -1.85557151      -4.98085022E-02
   116.250000      -1.85557151     -0.354251862    
   120.000000      -1.85557151     -0.173221588    
   123.750000      -1.85557151     -0.260318756    
   127.500000      -1.85557151      0.207210541    
   131.250000      -1.85557151     -0.245914459    
   135.000000      -1.85557151      0.415828705    
   138.750000      -1.85557151     -0.144779205    
   142.500000      -1.85557151     -0.349369049    
   146.250000      -1.85557151      -8.62464905E-02
   150.000000      -1.85557151      0.200374603    
   153.750000      -1.85557151      -8.58802795E-02
   157.500000      -1.85557151      -2.32582092E-02
   161.250000      -1.85557151       2.84385681E-02
   165.000000      -1.85557151       4.01573181E-02
   168.750000      -1.85557151     -0.130069733    
   172.500000      -1.85557151      0.168087006    
   176.250000      -1.85557151       3.31382751E-02
   180.000000      -1.85557151      -7.92274475E-02
   183.750000      -1.85557151     -0.163333893    
   187.500000      -1.85557151     -0.156070709    
   191.250000      -1.85557151       7.79380798E-02
   195.000000      -1.85557151       6.29234314E-02
   198.750000      -1.85557151       2.02598572E-02
   202.500000      -1.85557151       3.49693298E-02
   206.250000      -1.85557151       1.01280212E-02
   210.000000      -1.85557151       5.63316345E-02
   213.750000      -1.85557151       8.43467712E-02
   217.500000      -1.85557151       7.00035095E-02
   221.250000      -1.85557151      -7.20596313E-03
   225.000000      -1.85557151       1.53160095E-02
   228.750000      -1.85557151       3.59458923E-02
   232.500000      -1.85557151      -4.22401428E-02
   236.250000      -1.85557151       3.43589783E-02
   240.000000      -1.85557151       1.20201111E-02
   243.750000      -1.85557151       5.29136658E-02
   247.500000      -1.85557151       1.71470642E-02
   251.250000      -1.85557151       2.41050720E-02
   255.000000      -1.85557151       5.99327087E-02
   258.750000      -1.85557151       2.33726501E-02
   262.500000      -1.85557151       5.60264587E-02
   266.250000      -1.85557151       2.34947205E-02
   270.000000      -1.85557151      -5.25283813E-03
   273.750000      -1.85557151       6.77108765E-03
   277.500000      -1.85557151      -4.16297913E-02
   281.250000      -1.85557151      0.226924896    
   285.000000      -1.85557151      -4.37660217E-02
   288.750000      -1.85557151     -0.165531158    
   292.500000      -1.85557151       2.74276733E-03
   296.250000      -1.85557151       1.76963806E-02
   300.000000      -1.85557151       1.01890564E-02
   303.750000      -1.85557151      0.114864349    
   307.500000      -1.85557151     -0.370182037    
   311.250000      -1.85557151     -0.244266510    
   315.000000      -1.85557151      0.151851654    
   318.750000      -1.85557151      -8.54873657E-03
   322.500000      -1.85557151       3.97911072E-02
   326.250000      -1.85557151       8.42247009E-02
   330.000000      -1.85557151       3.71055603E-02
   333.750000      -1.85557151      -5.16395569E-02
   337.500000      -1.85557151      -7.88612366E-02
   341.250000      -1.85557151      -3.10096741E-02
   345.000000      -1.85557151      -5.06973267E-03
   348.750000      -1.85557151       6.56700134E-02
   352.500000      -1.85557151       6.01768494E-02
   356.250000      -1.85557151       1.98936462E-02
   360.000000      -1.85557151       1.46102905E-03
   0.00000000       1.85557151      -1.64833069E-02
   3.75000000       1.85557151      -7.45277405E-02
   7.50000000       1.85557151       1.59873962E-02
   11.2500000       1.85557151      -7.36236572E-04
   15.0000000       1.85557151      -1.27601624E-02
   18.7500000       1.85557151      -6.33583069E-02
   22.5000000       1.85557151      -9.69886780E-02
   26.2500000       1.85557151      -6.68373108E-02
   30.0000000       1.85557151       3.49082947E-02
   33.7500000       1.85557151       3.47518921E-03
   37.5000000       1.85557151      -9.52529907E-03
   41.2500000       1.85557151       4.63485718E-03
   45.0000000       1.85557151       1.21688843E-03
   48.7500000       1.85557151      -2.54554749E-02
   52.5000000       1.85557151      -3.44276428E-02
   56.2500000       1.85557151      -6.50062561E-02
   60.0000000       1.85557151      -2.41737366E-02
   63.7500000       1.85557151       7.01522827E-03
   67.5000000       1.85557151       2.98690796E-03
   71.2500000       1.85557151      -4.16908264E-02
   75.0000000       1.85557151       5.86509705E-02
   78.7500000       1.85557151       3.75328064E-02
   82.5000000       1.85557151      -8.45985413E-02
   86.2500000       1.85557151      0.133052826    
   90.0000000       1.85557151      -6.97059631E-02
   93.7500000       1.85557151     -0.147159576    
   97.5000000       1.85557151      -8.64906311E-02
   101.250000       1.85557151       2.41050720E-02
   105.000000       1.85557151      0.240230560    
   108.750000       1.85557151      -5.63392639E-02
   112.500000       1.85557151      -4.34608459E-02
   116.250000       1.85557151     -0.125858307    
   120.000000       1.85557151      0.149532318    
   123.750000       1.85557151       2.06871033E-02
   127.500000       1.85557151       5.02281189E-02
   131.250000       1.85557151     -0.187808990    
   135.000000       1.85557151     -0.306156158    
   138.750000       1.85557151       4.33921814E-02
   142.500000       1.85557151      0.119014740    
   146.250000       1.85557151     -0.176273346    
   150.000000       1.85557151      0.169857025    
   153.750000       1.85557151       5.18760681E-02
   157.500000       1.85557151      0.199337006    
   161.250000       1.85557151       9.26475525E-02
   165.000000       1.85557151       6.74400330E-02
   168.750000       1.85557151      -3.71742249E-02
   172.500000       1.85557151       5.19981384E-02
   176.250000       1.85557151       7.17735291E-02
   180.000000       1.85557151       6.40220642E-02
   183.750000       1.85557151       2.63633728E-02
   187.500000       1.85557151       8.23326111E-02
   191.250000       1.85557151      -9.63783264E-02
   195.000000       1.85557151       5.19371033E-02
   198.750000       1.85557151       3.94859314E-02
   202.500000       1.85557151       5.30357361E-02
   206.250000       1.85557151      0.112239838    
   210.000000       1.85557151       6.48765564E-02
   213.750000       1.85557151      -1.70936584E-02
   217.500000       1.85557151       5.18760681E-02
   221.250000       1.85557151       1.42784119E-02
   225.000000       1.85557151       8.77647400E-02
   228.750000       1.85557151      -1.97181702E-02
   232.500000       1.85557151      -1.20277405E-02
   236.250000       1.85557151      -3.85169983E-02
   240.000000       1.85557151      -1.42860413E-02
   243.750000       1.85557151       2.28233337E-02
   247.500000       1.85557151      -1.94740295E-02
   251.250000       1.85557151       5.12657166E-02
   255.000000       1.85557151       2.14805603E-02
   258.750000       1.85557151       6.08482361E-02
   262.500000       1.85557151      -3.78799438E-03
   266.250000       1.85557151       2.62069702E-03
   270.000000       1.85557151      -8.06922913E-02
   273.750000       1.85557151      0.141902924    
   277.500000       1.85557151      0.108882904    
   281.250000       1.85557151       3.85704041E-02
   285.000000       1.85557151       8.97178650E-02
   288.750000       1.85557151      0.251705170    
   292.500000       1.85557151       6.68296814E-02
   296.250000       1.85557151       5.28526306E-02
   300.000000       1.85557151       5.06210327E-03
   303.750000       1.85557151       6.38999939E-02
   307.500000       1.85557151      0.157527924    
   311.250000       1.85557151      -9.60121155E-02
   315.000000       1.85557151      0.114742279    
   318.750000       1.85557151      -1.24549866E-02
   322.500000       1.85557151      -1.95350647E-02
   326.250000       1.85557151      -1.48963928E-02
   330.000000       1.85557151      -5.02357483E-02
   333.750000       1.85557151       3.77769470E-02
   337.500000       1.85557151      -3.31459045E-02
   341.250000       1.85557151      -2.59437561E-02
   345.000000       1.85557151       1.64413452E-03
   348.750000       1.85557151       8.33091736E-02
   352.500000       1.85557151       6.86607361E-02
   356.250000       1.85557151       7.70225525E-02
   360.000000       1.85557151      -1.64833069E-02
   0.00000000       5.56671333      -2.96669006E-02
   3.75000000       5.56671333       8.64830017E-02
   7.50000000       5.56671333       1.07994080E-02
   11.2500000       5.56671333       8.50181580E-02
   15.0000000       5.56671333       8.73374939E-02
   18.7500000       5.56671333     -0.161563873    
   22.5000000       5.56671333       9.99107361E-02
   26.2500000       5.56671333       4.97398376E-02
   30.0000000       5.56671333       5.40122986E-02
   33.7500000       5.56671333       9.07554626E-02
   37.5000000       5.56671333      -3.44886780E-02
   41.2500000       5.56671333      -2.28309631E-02
   45.0000000       5.56671333       6.75010681E-02
   48.7500000       5.56671333       4.50401306E-02
   52.5000000       5.56671333       2.84996033E-02
   56.2500000       5.56671333      -2.44178772E-02
   60.0000000       5.56671333       3.83262634E-02
   63.7500000       5.56671333      -3.18641663E-02
   67.5000000       5.56671333      -2.58216858E-02
   71.2500000       5.56671333      -6.45790100E-02
   75.0000000       5.56671333      0.110897064    
   78.7500000       5.56671333       2.63633728E-02
   82.5000000       5.56671333       5.11436462E-02
   86.2500000       5.56671333      -5.38978577E-02
   90.0000000       5.56671333      -8.71009827E-02
   93.7500000       5.56671333     -0.116458893    
   97.5000000       5.56671333     -0.144657135    
   101.250000       5.56671333       4.57725525E-02
   105.000000       5.56671333      -2.55775452E-02
   108.750000       5.56671333     -0.124820709    
   112.500000       5.56671333      -2.69813538E-02
   116.250000       5.56671333       4.06455994E-02
   120.000000       5.56671333      -3.46107483E-02
   123.750000       5.56671333     -0.276065826    
   127.500000       5.56671333     -0.170291901    
   131.250000       5.56671333      -2.20108032E-03
   135.000000       5.56671333       7.12242126E-02
   138.750000       5.56671333      0.113826752    
   142.500000       5.56671333       6.58798218E-03
   146.250000       5.56671333       2.28233337E-02
   150.000000       5.56671333       1.97715759E-02
   153.750000       5.56671333      0.121273041    
   157.500000       5.56671333      -5.01747131E-02
   161.250000       5.56671333       5.09605408E-02
   165.000000       5.56671333       3.45420837E-02
   168.750000       5.56671333       4.02450562E-03
   172.500000       5.56671333      0.155513763    
   176.250000       5.56671333      0.115840912    
   180.000000       5.56671333      -2.20985413E-02
   183.750000       5.56671333      -1.71546936E-02
   187.500000       5.56671333       1.14707947E-02
   191.250000       5.56671333      -3.35121155E-02
   195.000000       5.56671333     -0.339969635    
   198.750000       5.56671333     -0.138553619    
   202.500000       5.56671333      -7.62977600E-02
   206.250000       5.56671333      -1.58729553E-02
   210.000000       5.56671333     -0.124942780    
   213.750000       5.56671333       3.96690369E-02
   217.500000       5.56671333      0.136043549    
   221.250000       5.56671333      0.150325775    
   225.000000       5.56671333       7.50694275E-02
   228.750000       5.56671333      -3.55262756E-02
   232.500000       5.56671333      -9.44862366E-02
   236.250000       5.56671333      -7.20596313E-03
   240.000000       5.56671333       3.13682556E-02
   243.750000       5.56671333       2.01988220E-02
   247.500000       5.56671333      -3.08990479E-04
   251.250000       5.56671333      -2.20375061E-02
   255.000000       5.56671333       4.36973572E-02
   258.750000       5.56671333       3.47518921E-03
   262.500000       5.56671333       4.40025330E-02
   266.250000       5.56671333      -2.00233459E-02
   270.000000       5.56671333      -5.60951233E-02
   273.750000       5.56671333       4.61997986E-02
   277.500000       5.56671333       2.10533142E-02
   281.250000       5.56671333       9.66148376E-02
   285.000000       5.56671333       6.92100525E-02
   288.750000       5.56671333       7.81822205E-02
   292.500000       5.56671333      0.108821869    
   296.250000       5.56671333       4.93736267E-02
   300.000000       5.56671333       4.85801697E-02
   303.750000       5.56671333      0.131893158    
   307.500000       5.56671333      -3.04603577E-02
   311.250000       5.56671333      -3.11317444E-02
   315.000000       5.56671333      -1.22108459E-02
   318.750000       5.56671333       5.38902283E-02
   322.500000       5.56671333      -2.88124084E-02
   326.250000       5.56671333      -4.46815491E-02
   330.000000       5.56671333       2.00767517E-02
   333.750000       5.56671333       3.21617126E-02
   337.500000       5.56671333       5.18150330E-02
   341.250000       5.56671333      -8.27674866E-02
   345.000000       5.56671333       5.48934937E-03
   348.750000       5.56671333       4.94956970E-02
   352.500000       5.56671333      0.133907318    
   356.250000       5.56671333      -6.65664673E-03
   360.000000       5.56671333      -2.96669006E-02
   0.00000000       9.27785301      -6.39076233E-02
   3.75000000       9.27785301      -1.99623108E-02
   7.50000000       9.27785301      -2.11219788E-02
   11.2500000       9.27785301       2.96592712E-02
   15.0000000       9.27785301      0.168941498    
   18.7500000       9.27785301      -2.22816467E-02
   22.5000000       9.27785301      -2.77748108E-02
   26.2500000       9.27785301      -1.84364319E-02
   30.0000000       9.27785301       2.19688416E-02
   33.7500000       9.27785301       2.56309509E-02
   37.5000000       9.27785301      -1.91078186E-02
   41.2500000       9.27785301     -0.146183014    
   45.0000000       9.27785301       3.49082947E-02
   48.7500000       9.27785301      -6.13441467E-02
   52.5000000       9.27785301      -7.26966858E-02
   56.2500000       9.27785301      -1.28822327E-02
   60.0000000       9.27785301       8.52012634E-02
   63.7500000       9.27785301       6.93321228E-02
   67.5000000       9.27785301       3.82652283E-02
   71.2500000       9.27785301      -1.78871155E-02
   75.0000000       9.27785301       6.90879822E-02
   78.7500000       9.27785301       6.63414001E-02
   82.5000000       9.27785301      0.323787689    
   86.2500000       9.27785301      -1.64222717E-02
   90.0000000       9.27785301     -0.181400299    
   93.7500000       9.27785301       3.47251892E-02
   97.5000000       9.27785301      -2.50892639E-02
   101.250000       9.27785301      -8.74061584E-02
   105.000000       9.27785301      -4.71839905E-02
   108.750000       9.27785301       1.39122009E-02
   112.500000       9.27785301      -7.03163147E-02
   116.250000       9.27785301      -2.91786194E-02
   120.000000       9.27785301       5.07164001E-02
   123.750000       9.27785301       5.45616150E-02
   127.500000       9.27785301      -9.09805298E-03
   131.250000       9.27785301       3.11851501E-02
   135.000000       9.27785301       2.49862671E-03
   138.750000       9.27785301      -5.37490845E-03
   142.500000       9.27785301      -1.52626038E-02
   146.250000       9.27785301      0.114559174    
   150.000000       9.27785301      -2.91175842E-02
   153.750000       9.27785301      -8.92982483E-02
   157.500000       9.27785301       2.11143494E-02
   161.250000       9.27785301      -3.21083069E-02
   165.000000       9.27785301       2.51426697E-02
   168.750000       9.27785301      -4.88662720E-03
   172.500000       9.27785301      -8.45985413E-02
   176.250000       9.27785301       2.75230408E-02
   180.000000       9.27785301      -1.31874084E-02
   183.750000       9.27785301      -9.38758850E-02
   187.500000       9.27785301      -6.83975220E-03
   191.250000       9.27785301     -0.222049713    
   195.000000       9.27785301     -0.325992584    
   198.750000       9.27785301     -0.105106354    
   202.500000       9.27785301      0.108028412    
   206.250000       9.27785301       8.08677673E-02
   210.000000       9.27785301      0.190120697    
   213.750000       9.27785301       2.90489197E-02
   217.500000       9.27785301       8.09288025E-02
   221.250000       9.27785301       5.00450134E-02
   225.000000       9.27785301       2.57530212E-02
   228.750000       9.27785301      -2.89344788E-02
   232.500000       9.27785301      -2.44789124E-02
   236.250000       9.27785301      -6.12831116E-02
   240.000000       9.27785301      -4.04701233E-02
   243.750000       9.27785301      -7.81631470E-03
   247.500000       9.27785301      -6.50672913E-02
   251.250000       9.27785301     -0.127750397    
   255.000000       9.27785301       1.45225525E-02
   258.750000       9.27785301      -5.01747131E-02
   262.500000       9.27785301      -2.08778381E-02
   266.250000       9.27785301       2.06260681E-02
   270.000000       9.27785301      -2.89955139E-02
   273.750000       9.27785301       2.26402283E-02
   277.500000       9.27785301       7.00645447E-02
   281.250000       9.27785301       8.20884705E-02
   285.000000       9.27785301      -8.79287720E-03
   288.750000       9.27785301      -1.99012756E-02
   292.500000       9.27785301       5.93223572E-02
   296.250000       9.27785301       7.78770447E-02
   300.000000       9.27785301       9.65538025E-02
   303.750000       9.27785301      -3.61976624E-02
   307.500000       9.27785301     -0.168155670    
   311.250000       9.27785301      -1.72157288E-02
   315.000000       9.27785301       8.96568298E-02
   318.750000       9.27785301      -4.21180725E-02
   322.500000       9.27785301     -0.110355377    
   326.250000       9.27785301      -4.40101624E-02
   330.000000       9.27785301       2.98423767E-02
   333.750000       9.27785301       3.01361084E-04
   337.500000       9.27785301      -1.00746155E-02
   341.250000       9.27785301       2.95982361E-02
   345.000000       9.27785301      -2.08168030E-02
   348.750000       9.27785301      -4.28504944E-02
   352.500000       9.27785301      0.269100189    
   356.250000       9.27785301       6.96372986E-02
   360.000000       9.27785301      -6.39076233E-02
   0.00000000       12.9889879      -8.09364319E-02
   3.75000000       12.9889879      0.193904877    
   7.50000000       12.9889879      -3.35731506E-02
   11.2500000       12.9889879      -8.27674866E-02
   15.0000000       12.9889879       1.28135681E-02
   18.7500000       12.9889879       9.94834900E-02
   22.5000000       12.9889879       4.24156189E-02
   26.2500000       12.9889879       7.85484314E-02
   30.0000000       12.9889879       4.72373962E-02
   33.7500000       12.9889879      -3.40003967E-02
   37.5000000       12.9889879       1.26914978E-02
   41.2500000       12.9889879      -1.12342834E-02
   45.0000000       12.9889879      -9.00917053E-02
   48.7500000       12.9889879       1.28746033E-02
   52.5000000       12.9889879       4.18052673E-02
   56.2500000       12.9889879      -7.97157288E-02
   60.0000000       12.9889879      -5.20057678E-02
   63.7500000       12.9889879      0.114009857    
   67.5000000       12.9889879       4.08287048E-02
   71.2500000       12.9889879       7.47032166E-02
   75.0000000       12.9889879      -7.94715881E-02
   78.7500000       12.9889879       3.64952087E-02
   82.5000000       12.9889879      -1.06849670E-02
   86.2500000       12.9889879      0.243526459    
   90.0000000       12.9889879      -1.88636780E-02
   93.7500000       12.9889879      -7.75184631E-02
   97.5000000       12.9889879     -0.104251862    
   101.250000       12.9889879       3.65562439E-02
   105.000000       12.9889879       3.61289978E-02
   108.750000       12.9889879       2.42881775E-02
   112.500000       12.9889879       5.91659546E-03
   116.250000       12.9889879       4.22325134E-02
   120.000000       12.9889879      -4.07752991E-02
   123.750000       12.9889879       7.25936890E-03
   127.500000       12.9889879      -2.03895569E-02
   131.250000       12.9889879       3.78036499E-03
   135.000000       12.9889879      -6.21986389E-02
   138.750000       12.9889879      0.131954193    
   142.500000       12.9889879      0.118587494    
   146.250000       12.9889879      -2.02064514E-02
   150.000000       12.9889879      -5.15785217E-02
   153.750000       12.9889879      -7.97157288E-02
   157.500000       12.9889879       1.00059509E-02
   161.250000       12.9889879       2.17857361E-02
   165.000000       12.9889879       5.88951111E-02
   168.750000       12.9889879      -9.05189514E-02
   172.500000       12.9889879       3.83262634E-02
   176.250000       12.9889879      -4.35829163E-02
   180.000000       12.9889879      -8.28895569E-02
   183.750000       12.9889879     -0.147342682    
   187.500000       12.9889879     -0.136844635    
   191.250000       12.9889879       2.75840759E-02
   195.000000       12.9889879       2.66685486E-02
   198.750000       12.9889879      -8.91494751E-03
   202.500000       12.9889879      -4.08363342E-02
   206.250000       12.9889879       2.99034119E-02
   210.000000       12.9889879     -0.139530182    
   213.750000       12.9889879      -2.42958069E-02
   217.500000       12.9889879      -2.46009827E-02
   221.250000       12.9889879       7.01522827E-03
   225.000000       12.9889879     -0.103824615    
   228.750000       12.9889879     -0.207767487    
   232.500000       12.9889879       2.13241577E-03
   236.250000       12.9889879      0.173641205    
   240.000000       12.9889879       2.66685486E-02
   243.750000       12.9889879      -7.47718811E-02
   247.500000       12.9889879      -8.74061584E-02
   251.250000       12.9889879      -6.83631897E-02
   255.000000       12.9889879      -2.71034241E-02
   258.750000       12.9889879      -3.05213928E-02
   262.500000       12.9889879      -3.49769592E-02
   266.250000       12.9889879      -1.58119202E-02
   270.000000       12.9889879      -2.33802795E-02
   273.750000       12.9889879     -0.110904694    
   277.500000       12.9889879      -1.73988342E-02
   281.250000       12.9889879       2.06260681E-02
   285.000000       12.9889879      -3.58314514E-02
   288.750000       12.9889879       8.90731812E-03
   292.500000       12.9889879      -4.75502014E-02
   296.250000       12.9889879       3.78036499E-03
   300.000000       12.9889879      -2.78968811E-02
   303.750000       12.9889879      -8.91151428E-02
   307.500000       12.9889879      -5.10292053E-02
   311.250000       12.9889879      -6.06727600E-02
   315.000000       12.9889879      -3.94935608E-02
   318.750000       12.9889879      -5.24330139E-02
   322.500000       12.9889879       7.20176697E-02
   326.250000       12.9889879       2.34336853E-02
   330.000000       12.9889879      -7.51113892E-03
   333.750000       12.9889879       2.04429626E-02
   337.500000       12.9889879       4.44908142E-02
   341.250000       12.9889879       8.66050720E-02
   345.000000       12.9889879       7.93075562E-03
   348.750000       12.9889879     -0.153324127    
   352.500000       12.9889879      -1.90467834E-02
   356.250000       12.9889879       3.14292908E-02
   360.000000       12.9889879      -8.09364319E-02
   0.00000000       16.7001171      -3.42178345E-03
   3.75000000       16.7001171      -5.94520569E-02
   7.50000000       16.7001171      0.281429291    
   11.2500000       16.7001171       2.22740173E-02
   15.0000000       16.7001171      -7.88002014E-02
   18.7500000       16.7001171      -4.03480530E-02
   22.5000000       16.7001171      -2.55775452E-02
   26.2500000       16.7001171       3.91197205E-02
   30.0000000       16.7001171      0.124080658    
   33.7500000       16.7001171      0.247127533    
   37.5000000       16.7001171       5.38291931E-02
   41.2500000       16.7001171       1.07383728E-02
   45.0000000       16.7001171       1.74522400E-02
   48.7500000       16.7001171     -0.117496490    
   52.5000000       16.7001171      -6.23817444E-02
   56.2500000       16.7001171      -5.70716858E-02
   60.0000000       16.7001171      -1.95960999E-02
   63.7500000       16.7001171     -0.107730865    
   67.5000000       16.7001171      -2.25257874E-02
   71.2500000       16.7001171       5.07164001E-02
   75.0000000       16.7001171      -6.70204163E-02
   78.7500000       16.7001171      0.121517181    
   82.5000000       16.7001171       7.38143921E-03
   86.2500000       16.7001171      -6.34193420E-02
   90.0000000       16.7001171      -1.88026428E-02
   93.7500000       16.7001171       4.51622009E-02
   97.5000000       16.7001171       4.07066345E-02
   101.250000       16.7001171       2.02598572E-02
   105.000000       16.7001171       8.22105408E-02
   108.750000       16.7001171       7.64122009E-02
   112.500000       16.7001171      -2.77137756E-02
   116.250000       16.7001171       2.91099548E-02
   120.000000       16.7001171      -9.95254517E-03
   123.750000       16.7001171      0.243526459    
   127.500000       16.7001171      -4.42543030E-02
   131.250000       16.7001171      -7.01332092E-02
   135.000000       16.7001171       7.26280212E-02
   138.750000       16.7001171       5.35240173E-02
   142.500000       16.7001171       9.27352905E-03
   146.250000       16.7001171      -4.52308655E-02
   150.000000       16.7001171      -5.74378967E-02
   153.750000       16.7001171      -1.47132874E-02
   157.500000       16.7001171      -2.86903381E-02
   161.250000       16.7001171      -1.42250061E-02
   165.000000       16.7001171      -5.56068420E-02
   168.750000       16.7001171      -6.53114319E-02
   172.500000       16.7001171      -5.25283813E-03
   176.250000       16.7001171      -4.64248657E-03
   180.000000       16.7001171      -3.89442444E-02
   183.750000       16.7001171     -0.102542877    
   187.500000       16.7001171     -0.168338776    
   191.250000       16.7001171      -1.64222717E-02
   195.000000       16.7001171      -1.00746155E-02
   198.750000       16.7001171       3.53965759E-02
   202.500000       16.7001171       3.46641541E-02
   206.250000       16.7001171       3.75938416E-02
   210.000000       16.7001171       5.79795837E-02
   213.750000       16.7001171      -2.06947327E-02
   217.500000       16.7001171      -1.79481506E-02
   221.250000       16.7001171      -9.80873108E-02
   225.000000       16.7001171      -3.16810608E-02
   228.750000       16.7001171       8.91685486E-02
   232.500000       16.7001171       7.99179077E-03
   236.250000       16.7001171       8.78524780E-03
   240.000000       16.7001171     -0.131839752    
   243.750000       16.7001171      0.141658783    
   247.500000       16.7001171      -6.95228577E-02
   251.250000       16.7001171     -0.134464264    
   255.000000       16.7001171      -3.67469788E-02
   258.750000       16.7001171       2.94761658E-02
   262.500000       16.7001171       4.18663025E-02
   266.250000       16.7001171       7.09800720E-02
   270.000000       16.7001171      -2.36244202E-02
   273.750000       16.7001171      -4.21524048E-03
   277.500000       16.7001171      -2.31361389E-02
   281.250000       16.7001171       5.07774353E-02
   285.000000       16.7001171       1.79405212E-02
   288.750000       16.7001171       3.08189392E-02
   292.500000       16.7001171       1.88827515E-03
   296.250000       16.7001171       8.07456970E-02
   300.000000       16.7001171      0.144161224    
   303.750000       16.7001171       8.98399353E-02
   307.500000       16.7001171      -8.16688538E-02
   311.250000       16.7001171       1.20201111E-02
   315.000000       16.7001171       3.05137634E-02
   318.750000       16.7001171      -2.30751038E-02
   322.500000       16.7001171      -5.42030334E-02
   326.250000       16.7001171       4.94003296E-03
   330.000000       16.7001171       1.12876892E-02
   333.750000       16.7001171       3.67393494E-02
   337.500000       16.7001171       3.75328064E-02
   341.250000       16.7001171       1.85508728E-02
   345.000000       16.7001171      -3.08990479E-04
   348.750000       16.7001171       1.62315369E-02
   352.500000       16.7001171      -6.28089905E-02
   356.250000       16.7001171       2.74620056E-02
   360.000000       16.7001171      -3.42178345E-03
   0.00000000       20.4112377      -4.30335999E-02
   3.75000000       20.4112377       3.79600525E-02
   7.50000000       20.4112377      -4.27894592E-02
   11.2500000       20.4112377      0.111324310    
   15.0000000       20.4112377      0.150264740    
   18.7500000       20.4112377      0.117061615    
   22.5000000       20.4112377       8.90731812E-03
   26.2500000       20.4112377      0.101070404    
   30.0000000       20.4112377      0.166927338    
   33.7500000       20.4112377      0.110530853    
   37.5000000       20.4112377      0.116146088    
   41.2500000       20.4112377       7.32040405E-03
   45.0000000       20.4112377       9.09042358E-03
   48.7500000       20.4112377      -1.13563538E-02
   52.5000000       20.4112377      -3.88832092E-02
   56.2500000       20.4112377     -0.159549713    
   60.0000000       20.4112377      -1.75209045E-02
   63.7500000       20.4112377       8.84628296E-03
   67.5000000       20.4112377      -8.19129944E-02
   71.2500000       20.4112377     -0.225772858    
   75.0000000       20.4112377       2.86216736E-02
   78.7500000       20.4112377     -0.105716705    
   82.5000000       20.4112377       5.00450134E-02
   86.2500000       20.4112377       1.64146423E-02
   90.0000000       20.4112377       2.84996033E-02
   93.7500000       20.4112377       7.28111267E-02
   97.5000000       20.4112377      -7.08389282E-03
   101.250000       20.4112377       8.86192322E-02
   105.000000       20.4112377      -4.94766235E-03
   108.750000       20.4112377      0.167964935    
   112.500000       20.4112377      0.194271088    
   116.250000       20.4112377       6.00547791E-02
   120.000000       20.4112377       1.48887634E-02
   123.750000       20.4112377       5.13877869E-02
   127.500000       20.4112377      -7.22084045E-02
   131.250000       20.4112377       6.08482361E-02
   135.000000       20.4112377       1.32408142E-02
   138.750000       20.4112377      -7.55043030E-02
   142.500000       20.4112377       1.12876892E-02
   146.250000       20.4112377       7.32040405E-03
   150.000000       20.4112377      -8.22181702E-02
   153.750000       20.4112377       1.67198181E-02
   157.500000       20.4112377      -2.62832642E-03
   161.250000       20.4112377       4.90074158E-02
   165.000000       20.4112377       2.41050720E-02
   168.750000       20.4112377       4.05845642E-02
   172.500000       20.4112377     -0.121463776    
   176.250000       20.4112377       7.35435486E-02
   180.000000       20.4112377       5.42831421E-03
   183.750000       20.4112377      -7.98988342E-02
   187.500000       20.4112377       9.15145874E-03
   191.250000       20.4112377      -6.92787170E-02
   195.000000       20.4112377     -0.125370026    
   198.750000       20.4112377      -7.55653381E-02
   202.500000       20.4112377      0.102169037    
   206.250000       20.4112377       4.91905212E-02
   210.000000       20.4112377       5.21202087E-02
   213.750000       20.4112377     -0.109806061    
   217.500000       20.4112377      -2.46620178E-02
   221.250000       20.4112377      -4.94422913E-02
   225.000000       20.4112377      -2.61268616E-02
   228.750000       20.4112377       4.04624939E-02
   232.500000       20.4112377       4.58946228E-02
   236.250000       20.4112377      -8.41102600E-02
   240.000000       20.4112377       5.93223572E-02
   243.750000       20.4112377       1.46446228E-02
   247.500000       20.4112377      0.181758881    
   251.250000       20.4112377     -0.105960846    
   255.000000       20.4112377      -1.89247131E-02
   258.750000       20.4112377      -1.41029358E-02
   262.500000       20.4112377      -1.30043030E-02
   266.250000       20.4112377       2.86216736E-02
   270.000000       20.4112377       2.86216736E-02
   273.750000       20.4112377       4.81529236E-02
   277.500000       20.4112377      -2.00233459E-02
   281.250000       20.4112377       4.57382202E-03
   285.000000       20.4112377       3.88145447E-02
   288.750000       20.4112377      -6.55555725E-02
   292.500000       20.4112377       7.41539001E-02
   296.250000       20.4112377       6.64901733E-03
   300.000000       20.4112377      -1.75209045E-02
   303.750000       20.4112377      0.194759369    
   307.500000       20.4112377      0.343563080    
   311.250000       20.4112377      0.281551361    
   315.000000       20.4112377      -4.37049866E-02
   318.750000       20.4112377       1.62315369E-02
   322.500000       20.4112377       3.14903259E-02
   326.250000       20.4112377      -3.36074829E-03
   330.000000       20.4112377      -4.94766235E-03
   333.750000       20.4112377       9.44175720E-02
   337.500000       20.4112377      0.139156342    
   341.250000       20.4112377      -6.55555725E-02
   345.000000       20.4112377       6.87828064E-02
   348.750000       20.4112377      -9.51576233E-02
   352.500000       20.4112377      -8.16688538E-02
   356.250000       20.4112377      -5.24330139E-02
   360.000000       20.4112377      -4.30335999E-02
   0.00000000       24.1223469      -4.48646545E-02
   3.75000000       24.1223469      0.131221771    
   7.50000000       24.1223469      -4.10194397E-02
   11.2500000       24.1223469      0.130245209    
   15.0000000       24.1223469      0.119564056    
   18.7500000       24.1223469       9.65538025E-02
   22.5000000       24.1223469      -9.58633423E-03
   26.2500000       24.1223469       6.71348572E-02
   30.0000000       24.1223469       6.43272400E-02
   33.7500000       24.1223469      -3.08990479E-04
   37.5000000       24.1223469       7.98912048E-02
   41.2500000       24.1223469       5.60264587E-02
   45.0000000       24.1223469       4.24156189E-02
   48.7500000       24.1223469       2.86827087E-02
   52.5000000       24.1223469       1.33018494E-02
   56.2500000       24.1223469      -7.55043030E-02
   60.0000000       24.1223469      -6.36024475E-02
   63.7500000       24.1223469      -5.04798889E-02
   67.5000000       24.1223469      -4.40101624E-02
   71.2500000       24.1223469     -0.169620514    
   75.0000000       24.1223469      -9.70497131E-02
   78.7500000       24.1223469       2.67906189E-02
   82.5000000       24.1223469      -9.46693420E-02
   86.2500000       24.1223469       5.16929626E-02
   90.0000000       24.1223469      -2.69813538E-02
   93.7500000       24.1223469     -0.101932526    
   97.5000000       24.1223469     -0.101566315    
   101.250000       24.1223469     -0.140933990    
   105.000000       24.1223469     -0.133182526    
   108.750000       24.1223469       5.23643494E-02
   112.500000       24.1223469       2.66075134E-02
   116.250000       24.1223469      -2.43568420E-02
   120.000000       24.1223469     -0.151126862    
   123.750000       24.1223469      0.171504974    
   127.500000       24.1223469      -2.89955139E-02
   131.250000       24.1223469      0.153682709    
   135.000000       24.1223469      -1.00135803E-02
   138.750000       24.1223469       9.48448181E-02
   142.500000       24.1223469       4.54063416E-02
   146.250000       24.1223469       1.04942322E-02
   150.000000       24.1223469      -3.72352600E-02
   153.750000       24.1223469       4.51622009E-02
   157.500000       24.1223469       2.17857361E-02
   161.250000       24.1223469       4.94956970E-02
   165.000000       24.1223469      -7.93838501E-03
   168.750000       24.1223469      -3.04603577E-02
   172.500000       24.1223469       7.25669861E-02
   176.250000       24.1223469       2.95372009E-02
   180.000000       24.1223469       1.80015564E-02
   183.750000       24.1223469       4.84580994E-02
   187.500000       24.1223469      -7.36236572E-04
   191.250000       24.1223469      -5.25283813E-03
   195.000000       24.1223469       1.90391541E-02
   198.750000       24.1223469       1.61705017E-02
   202.500000       24.1223469       7.86094666E-02
   206.250000       24.1223469       7.22618103E-02
   210.000000       24.1223469       8.55674744E-02
   213.750000       24.1223469       3.66783142E-02
   217.500000       24.1223469       5.06210327E-03
   221.250000       24.1223469      -5.59120178E-02
   225.000000       24.1223469      -2.64930725E-02
   228.750000       24.1223469     -0.109378815    
   232.500000       24.1223469       5.01060486E-02
   236.250000       24.1223469      -2.20108032E-03
   240.000000       24.1223469       6.35337830E-02
   243.750000       24.1223469      0.151973724    
   247.500000       24.1223469      0.136592865    
   251.250000       24.1223469      0.197994232    
   255.000000       24.1223469     -0.278141022    
   258.750000       24.1223469      0.167232513    
   262.500000       24.1223469       4.18663025E-02
   266.250000       24.1223469       7.82432556E-02
   270.000000       24.1223469       3.52745056E-02
   273.750000       24.1223469       4.42466736E-02
   277.500000       24.1223469       3.65562439E-02
   281.250000       24.1223469      -1.75209045E-02
   285.000000       24.1223469       3.57627869E-02
   288.750000       24.1223469       6.76231384E-02
   292.500000       24.1223469      0.144100189    
   296.250000       24.1223469      0.206295013    
   300.000000       24.1223469      0.225704193    
   303.750000       24.1223469      0.386653900    
   307.500000       24.1223469       4.75692749E-03
   311.250000       24.1223469      0.153316498    
   315.000000       24.1223469       4.38804626E-02
   318.750000       24.1223469      -1.00746155E-02
   322.500000       24.1223469      -1.67274475E-02
   326.250000       24.1223469      -3.36341858E-02
   330.000000       24.1223469       3.17955017E-02
   333.750000       24.1223469      0.133113861    
   337.500000       24.1223469       4.44297791E-02
   341.250000       24.1223469       6.37779236E-02
   345.000000       24.1223469       3.31993103E-02
   348.750000       24.1223469      -7.93838501E-03
   352.500000       24.1223469       2.17247009E-02
   356.250000       24.1223469       1.42173767E-02
   360.000000       24.1223469      -4.48646545E-02
   0.00000000       27.8334446      -1.31874084E-02
   3.75000000       27.8334446      -5.48744202E-02
   7.50000000       27.8334446       4.21714783E-02
   11.2500000       27.8334446       5.16929626E-02
   15.0000000       27.8334446       8.35533142E-02
   18.7500000       27.8334446      -3.60488892E-03
   22.5000000       27.8334446       5.04722595E-02
   26.2500000       27.8334446       8.76426697E-02
   30.0000000       27.8334446       8.70933533E-02
   33.7500000       27.8334446      -1.31263733E-02
   37.5000000       27.8334446      -3.63807678E-02
   41.2500000       27.8334446      -5.53131104E-04
   45.0000000       27.8334446       4.58335876E-02
   48.7500000       27.8334446      0.131649017    
   52.5000000       27.8334446       7.77549744E-02
   56.2500000       27.8334446       3.86314392E-02
   60.0000000       27.8334446       5.15098572E-02
   63.7500000       27.8334446       2.74276733E-03
   67.5000000       27.8334446       3.94859314E-02
   71.2500000       27.8334446      -6.23817444E-02
   75.0000000       27.8334446      -6.75086975E-02
   78.7500000       27.8334446      -7.92274475E-02
   82.5000000       27.8334446      -4.32777405E-02
   86.2500000       27.8334446     -0.225223541    
   90.0000000       27.8334446     -0.363712311    
   93.7500000       27.8334446       7.56454468E-03
   97.5000000       27.8334446      0.127132416    
   101.250000       27.8334446       5.18417358E-03
   105.000000       27.8334446       9.52720642E-02
   108.750000       27.8334446      0.100093842    
   112.500000       27.8334446      -6.56166077E-02
   116.250000       27.8334446      0.132808685    
   120.000000       27.8334446       6.29234314E-02
   123.750000       27.8334446      0.123775482    
   127.500000       27.8334446       2.45323181E-02
   131.250000       27.8334446       3.47862244E-02
   135.000000       27.8334446       2.48985291E-02
   138.750000       27.8334446     -0.166263580    
   142.500000       27.8334446       1.67808533E-02
   146.250000       27.8334446      0.124263763    
   150.000000       27.8334446      -3.61976624E-02
   153.750000       27.8334446      -2.24647522E-02
   157.500000       27.8334446      -3.24134827E-02
   161.250000       27.8334446      0.102718353    
   165.000000       27.8334446     -0.109622955    
   168.750000       27.8334446       1.28746033E-02
   172.500000       27.8334446      -5.74989319E-02
   176.250000       27.8334446      -7.93838501E-03
   180.000000       27.8334446       1.60484314E-02
   183.750000       27.8334446       2.50205994E-02
   187.500000       27.8334446      -3.77235413E-02
   191.250000       27.8334446       6.28280640E-03
   195.000000       27.8334446       5.10826111E-02
   198.750000       27.8334446       3.49693298E-02
   202.500000       27.8334446      -1.25770569E-02
   206.250000       27.8334446       2.55088806E-02
   210.000000       27.8334446       3.49693298E-02
   213.750000       27.8334446       1.89781189E-02
   217.500000       27.8334446       4.20761108E-03
   221.250000       27.8334446       2.75230408E-02
   225.000000       27.8334446      -9.15565491E-02
   228.750000       27.8334446      -3.09486389E-02
   232.500000       27.8334446      -1.25160217E-02
   236.250000       27.8334446      -1.24549866E-02
   240.000000       27.8334446      0.144954681    
   243.750000       27.8334446       6.28013611E-02
   247.500000       27.8334446      0.132686615    
   251.250000       27.8334446      0.140132904    
   255.000000       27.8334446      0.148494720    
   258.750000       27.8334446     -0.110111237    
   262.500000       27.8334446       9.06944275E-02
   266.250000       27.8334446      -8.86268616E-02
   270.000000       27.8334446       3.80821228E-02
   273.750000       27.8334446       2.85606384E-02
   277.500000       27.8334446      -1.96571350E-02
   281.250000       27.8334446      -1.14784241E-02
   285.000000       27.8334446     -0.100284576    
   288.750000       27.8334446     -0.116519928    
   292.500000       27.8334446       6.51817322E-02
   296.250000       27.8334446      -3.68690491E-02
   300.000000       27.8334446       1.53770447E-02
   303.750000       27.8334446       9.72747803E-04
   307.500000       27.8334446      0.193904877    
   311.250000       27.8334446      -5.91468811E-02
   315.000000       27.8334446      -9.19227600E-02
   318.750000       27.8334446       2.45933533E-02
   322.500000       27.8334446      -3.43055725E-02
   326.250000       27.8334446       1.39999390E-03
   330.000000       27.8334446       5.15098572E-02
   333.750000       27.8334446       1.11656189E-02
   337.500000       27.8334446       4.58335876E-02
   341.250000       27.8334446      -4.58145142E-03
   345.000000       27.8334446       1.53160095E-02
   348.750000       27.8334446      -9.58633423E-03
   352.500000       27.8334446       4.24766541E-02
   356.250000       27.8334446      0.131343842    
   360.000000       27.8334446      -1.31874084E-02
   0.00000000       31.5445251      -9.72938538E-02
   3.75000000       31.5445251      -6.40296936E-02
   7.50000000       31.5445251      -3.99818420E-02
   11.2500000       31.5445251      -5.30433655E-02
   15.0000000       31.5445251       3.18565369E-02
   18.7500000       31.5445251       1.75132751E-02
   22.5000000       31.5445251       2.23960876E-02
   26.2500000       31.5445251      -2.41737366E-02
   30.0000000       31.5445251      -5.36537170E-02
   33.7500000       31.5445251       3.38706970E-02
   37.5000000       31.5445251       5.20591736E-02
   41.2500000       31.5445251       4.85191345E-02
   45.0000000       31.5445251       1.81846619E-02
   48.7500000       31.5445251       2.25181580E-02
   52.5000000       31.5445251       5.74302673E-02
   56.2500000       31.5445251       6.13975525E-02
   60.0000000       31.5445251       8.18443298E-02
   63.7500000       31.5445251       1.86119080E-02
   67.5000000       31.5445251      -7.09877014E-02
   71.2500000       31.5445251      -4.66346741E-02
   75.0000000       31.5445251      -2.00843811E-02
   78.7500000       31.5445251      0.166805267    
   82.5000000       31.5445251      -1.86805725E-02
   86.2500000       31.5445251      0.190608978    
   90.0000000       31.5445251      0.119319916    
   93.7500000       31.5445251       4.35752869E-02
   97.5000000       31.5445251      0.202816010    
   101.250000       31.5445251       8.71543884E-02
   105.000000       31.5445251     -0.204654694    
   108.750000       31.5445251       5.51719666E-02
   112.500000       31.5445251       2.48985291E-02
   116.250000       31.5445251      -1.77650452E-02
   120.000000       31.5445251       7.69615173E-02
   123.750000       31.5445251       2.37998962E-02
   127.500000       31.5445251       7.60459900E-02
   131.250000       31.5445251       6.96372986E-02
   135.000000       31.5445251      0.156368256    
   138.750000       31.5445251       7.40318298E-02
   142.500000       31.5445251       4.08287048E-02
   146.250000       31.5445251       5.80406189E-02
   150.000000       31.5445251     -0.242618561    
   153.750000       31.5445251       1.70516968E-03
   157.500000       31.5445251      -3.52210999E-02
   161.250000       31.5445251       3.98521423E-02
   165.000000       31.5445251     -0.177066803    
   168.750000       31.5445251       3.50303650E-02
   172.500000       31.5445251       2.10533142E-02
   176.250000       31.5445251      -7.38563538E-02
   180.000000       31.5445251      -2.23426819E-02
   183.750000       31.5445251       1.91612244E-02
   187.500000       31.5445251       4.33311462E-02
   191.250000       31.5445251       4.21714783E-02
   195.000000       31.5445251       2.17247009E-02
   198.750000       31.5445251       5.54771423E-02
   202.500000       31.5445251      -2.09388733E-02
   206.250000       31.5445251       7.91587830E-02
   210.000000       31.5445251       3.36265564E-02
   213.750000       31.5445251       1.00059509E-02
   217.500000       31.5445251       1.76353455E-02
   221.250000       31.5445251      -9.28382874E-02
   225.000000       31.5445251      -8.75282288E-02
   228.750000       31.5445251      -2.19154358E-02
   232.500000       31.5445251       8.66317749E-03
   236.250000       31.5445251       3.58238220E-02
   240.000000       31.5445251       7.09800720E-02
   243.750000       31.5445251      -7.08389282E-03
   247.500000       31.5445251      0.107906342    
   251.250000       31.5445251      0.100154877    
   255.000000       31.5445251       6.24961853E-02
   258.750000       31.5445251      -3.18641663E-02
   262.500000       31.5445251      0.228633881    
   266.250000       31.5445251       3.14292908E-02
   270.000000       31.5445251       4.93125916E-02
   273.750000       31.5445251      -5.92422485E-03
   277.500000       31.5445251     -0.106571198    
   281.250000       31.5445251      -4.17518616E-02
   285.000000       31.5445251       1.62315369E-02
   288.750000       31.5445251       1.93443298E-02
   292.500000       31.5445251      -1.43470764E-02
   296.250000       31.5445251      -9.68666077E-02
   300.000000       31.5445251     -0.398258209    
   303.750000       31.5445251      -7.53211975E-02
   307.500000       31.5445251      -5.43594360E-03
   311.250000       31.5445251      -9.32044983E-02
   315.000000       31.5445251     -0.150333405    
   318.750000       31.5445251      -9.16786194E-02
   322.500000       31.5445251       8.54110718E-03
   326.250000       31.5445251      -9.44252014E-02
   330.000000       31.5445251       9.63973999E-03
   333.750000       31.5445251       3.32603455E-02
   337.500000       31.5445251       5.96275330E-02
   341.250000       31.5445251       2.59971619E-02
   345.000000       31.5445251       5.82237244E-02
   348.750000       31.5445251      -5.74111938E-03
   352.500000       31.5445251      0.261592865    
   356.250000       31.5445251       6.59751892E-02
   360.000000       31.5445251      -9.72938538E-02
   0.00000000       35.2555809      -4.90760803E-02
   3.75000000       35.2555809       2.81333923E-02
   7.50000000       35.2555809     -0.171268463    
   11.2500000       35.2555809      -5.00869751E-03
   15.0000000       35.2555809       2.07481384E-02
   18.7500000       35.2555809      -7.54432678E-02
   22.5000000       35.2555809       1.82456970E-02
   26.2500000       35.2555809      -1.15394592E-02
   30.0000000       35.2555809      -3.33900452E-02
   33.7500000       35.2555809      -3.45497131E-02
   37.5000000       35.2555809       4.05235291E-02
   41.2500000       35.2555809      -2.61878967E-02
   45.0000000       35.2555809      -4.63905334E-02
   48.7500000       35.2555809      -9.45472717E-02
   52.5000000       35.2555809      -8.64906311E-02
   56.2500000       35.2555809       4.96177673E-02
   60.0000000       35.2555809       5.44395447E-02
   63.7500000       35.2555809      -7.38906860E-03
   67.5000000       35.2555809     -0.131839752    
   71.2500000       35.2555809      -3.30848694E-02
   75.0000000       35.2555809      -4.27627563E-03
   78.7500000       35.2555809     -0.209171295    
   82.5000000       35.2555809      -7.81288147E-02
   86.2500000       35.2555809      -3.76625061E-02
   90.0000000       35.2555809       7.11021423E-02
   93.7500000       35.2555809       4.40635681E-02
   97.5000000       35.2555809      0.139888763    
   101.250000       35.2555809      0.495967865    
   105.000000       35.2555809      0.104915619    
   108.750000       35.2555809       9.77745056E-02
   112.500000       35.2555809      -2.75917053E-02
   116.250000       35.2555809       2.07138062E-03
   120.000000       35.2555809       3.24668884E-02
   123.750000       35.2555809       4.30259705E-02
   127.500000       35.2555809       5.91392517E-02
   131.250000       35.2555809       2.58750916E-02
   135.000000       35.2555809      -8.75282288E-02
   138.750000       35.2555809     -0.289798737    
   142.500000       35.2555809     -0.161441803    
   146.250000       35.2555809     -0.107791901    
   150.000000       35.2555809     -0.119144440    
   153.750000       35.2555809      -6.32362366E-02
   157.500000       35.2555809       2.50816345E-02
   161.250000       35.2555809       9.33799744E-02
   165.000000       35.2555809     -0.190067291    
   168.750000       35.2555809     -0.296146393    
   172.500000       35.2555809     -0.231266022    
   176.250000       35.2555809      -5.84754944E-02
   180.000000       35.2555809     -0.437808990    
   183.750000       35.2555809      0.123653412    
   187.500000       35.2555809     -0.102603912    
   191.250000       35.2555809       5.68199158E-02
   195.000000       35.2555809       3.88755798E-02
   198.750000       35.2555809       3.57627869E-02
   202.500000       35.2555809      -3.96156311E-02
   206.250000       35.2555809      -1.85585022E-02
   210.000000       35.2555809       8.42857361E-02
   213.750000       35.2555809       5.99327087E-02
   217.500000       35.2555809      -7.47108459E-02
   221.250000       35.2555809     -0.145755768    
   225.000000       35.2555809      -5.32264709E-02
   228.750000       35.2555809      -1.55677795E-02
   232.500000       35.2555809      -4.09584045E-02
   236.250000       35.2555809       1.03378296E-03
   240.000000       35.2555809       3.54576111E-02
   243.750000       35.2555809       9.51766968E-03
   247.500000       35.2555809      0.139278412    
   251.250000       35.2555809       3.75938416E-02
   255.000000       35.2555809      0.132076263    
   258.750000       35.2555809      -1.81312561E-02
   262.500000       35.2555809      0.133174896    
   266.250000       35.2555809     -0.228031158    
   270.000000       35.2555809       2.68516541E-02
   273.750000       35.2555809      -2.04505920E-02
   277.500000       35.2555809     -0.340885162    
   281.250000       35.2555809       9.33189392E-02
   285.000000       35.2555809      0.121273041    
   288.750000       35.2555809      0.141536713    
   292.500000       35.2555809     -0.177860260    
   296.250000       35.2555809       7.52525330E-02
   300.000000       35.2555809       1.07383728E-02
   303.750000       35.2555809      -9.30824280E-02
   307.500000       35.2555809       1.08604431E-02
   311.250000       35.2555809      -1.74598694E-02
   315.000000       35.2555809      -5.75599670E-02
   318.750000       35.2555809      -8.67080688E-03
   322.500000       35.2555809      0.252132416    
   326.250000       35.2555809      -6.32972717E-02
   330.000000       35.2555809       1.14097595E-02
   333.750000       35.2555809       4.83970642E-02
   337.500000       35.2555809      -7.36236572E-04
   341.250000       35.2555809       1.75132751E-02
   345.000000       35.2555809      -9.10682678E-02
   348.750000       35.2555809       9.83238220E-02
   352.500000       35.2555809       8.66661072E-02
   356.250000       35.2555809       3.28941345E-02
   360.000000       35.2555809      -4.90760803E-02
   0.00000000       38.9666100      -6.57386780E-02
   3.75000000       38.9666100       8.93516541E-02
   7.50000000       38.9666100      -7.29408264E-02
   11.2500000       38.9666100       4.01573181E-02
   15.0000000       38.9666100      -7.97157288E-02
   18.7500000       38.9666100       4.45518494E-02
   22.5000000       38.9666100       2.87437439E-02
   26.2500000       38.9666100      -2.14271545E-02
   30.0000000       38.9666100       2.25791931E-02
   33.7500000       38.9666100       4.94003296E-03
   37.5000000       38.9666100       2.74620056E-02
   41.2500000       38.9666100       5.34629822E-02
   45.0000000       38.9666100     -0.100162506    
   48.7500000       38.9666100     -0.205753326    
   52.5000000       38.9666100      -1.11122131E-02
   56.2500000       38.9666100       3.93028259E-02
   60.0000000       38.9666100      0.114498138    
   63.7500000       38.9666100      -5.02967834E-02
   67.5000000       38.9666100       6.87828064E-02
   71.2500000       38.9666100      0.170223236    
   75.0000000       38.9666100     -0.101016998    
   78.7500000       38.9666100      0.129207611    
   82.5000000       38.9666100       8.66317749E-03
   86.2500000       38.9666100       9.60044861E-02
   90.0000000       38.9666100      0.131710052    
   93.7500000       38.9666100      -7.98377991E-02
   97.5000000       38.9666100      0.204097748    
   101.250000       38.9666100       3.83872986E-02
   105.000000       38.9666100       3.46031189E-02
   108.750000       38.9666100       7.86972046E-03
   112.500000       38.9666100       2.77061462E-02
   116.250000       38.9666100       2.43759155E-03
   120.000000       38.9666100      -2.10609436E-02
   123.750000       38.9666100       2.89878845E-02
   127.500000       38.9666100       6.06651306E-02
   131.250000       38.9666100       2.14805603E-02
   135.000000       38.9666100       4.94003296E-03
   138.750000       38.9666100      -7.38906860E-03
   142.500000       38.9666100      -6.59217834E-02
   146.250000       38.9666100      -6.98890686E-02
   150.000000       38.9666100       4.51622009E-02
   153.750000       38.9666100       5.83457947E-02
   157.500000       38.9666100      0.143367767    
   161.250000       38.9666100       6.24351501E-02
   165.000000       38.9666100     -0.142398834    
   168.750000       38.9666100       2.29454041E-02
   172.500000       38.9666100      -5.90248108E-02
   176.250000       38.9666100     -0.111881256    
   180.000000       38.9666100       6.46324158E-02
   183.750000       38.9666100      -9.26551819E-02
   187.500000       38.9666100      0.234920502    
   191.250000       38.9666100      0.236080170    
   195.000000       38.9666100       6.32286072E-02
   198.750000       38.9666100      0.143062592    
   202.500000       38.9666100      0.114009857    
   206.250000       38.9666100      0.101497650    
   210.000000       38.9666100       7.25669861E-02
   213.750000       38.9666100      0.145381927    
   217.500000       38.9666100       7.53746033E-02
   221.250000       38.9666100     -0.101810455    
   225.000000       38.9666100       6.83212280E-03
   228.750000       38.9666100       5.62095642E-02
   232.500000       38.9666100       8.82530212E-02
   236.250000       38.9666100       5.06210327E-03
   240.000000       38.9666100      0.109615326    
   243.750000       38.9666100       3.28941345E-02
   247.500000       38.9666100      0.109188080    
   251.250000       38.9666100       2.98423767E-02
   255.000000       38.9666100      -3.47938538E-02
   258.750000       38.9666100       5.35240173E-02
   262.500000       38.9666100     -0.198551178    
   266.250000       38.9666100       1.52206421E-03
   270.000000       38.9666100     -0.289188385    
   273.750000       38.9666100      0.169918060    
   277.500000       38.9666100      -8.86878967E-02
   281.250000       38.9666100     -0.288272858    
   285.000000       38.9666100     -0.104190826    
   288.750000       38.9666100      0.348751068    
   292.500000       38.9666100      0.233333588    
   296.250000       38.9666100      0.222347260    
   300.000000       38.9666100     -0.131107330    
   303.750000       38.9666100       5.95664978E-02
   307.500000       38.9666100      -8.83827209E-02
   311.250000       38.9666100      0.116146088    
   315.000000       38.9666100      -9.94911194E-02
   318.750000       38.9666100      -6.66542053E-02
   322.500000       38.9666100     -0.141971588    
   326.250000       38.9666100       6.09703064E-02
   330.000000       38.9666100       1.78794861E-02
   333.750000       38.9666100     -0.101139069    
   337.500000       38.9666100       9.11827087E-02
   341.250000       38.9666100      -9.70840454E-03
   345.000000       38.9666100      -5.86585999E-02
   348.750000       38.9666100      -5.58509827E-02
   352.500000       38.9666100      -2.73475647E-02
   356.250000       38.9666100       7.07359314E-02
   360.000000       38.9666100      -6.57386780E-02
   0.00000000       42.6776047      -1.49574280E-02
   3.75000000       42.6776047      -3.32069397E-02
   7.50000000       42.6776047       1.93443298E-02
   11.2500000       42.6776047     -0.105777740    
   15.0000000       42.6776047      -2.23426819E-02
   18.7500000       42.6776047       3.51524353E-02
   22.5000000       42.6776047      -3.10707092E-02
   26.2500000       42.6776047       8.67271423E-02
   30.0000000       42.6776047      -4.00428772E-02
   33.7500000       42.6776047       2.43492126E-02
   37.5000000       42.6776047      -2.94227600E-02
   41.2500000       42.6776047       1.48887634E-02
   45.0000000       42.6776047      -7.59315491E-02
   48.7500000       42.6776047     -0.123966217    
   52.5000000       42.6776047       7.17124939E-02
   56.2500000       42.6776047      -2.32315063E-03
   60.0000000       42.6776047       9.72747803E-04
   63.7500000       42.6776047       9.37461853E-02
   67.5000000       42.6776047      -3.68690491E-02
   71.2500000       42.6776047     -0.132511139    
   75.0000000       42.6776047       4.19273376E-02
   78.7500000       42.6776047     -0.120914459    
   82.5000000       42.6776047      -3.87611389E-02
   86.2500000       42.6776047      -2.05726624E-02
   90.0000000       42.6776047      0.107051849    
   93.7500000       42.6776047      0.104854584    
   97.5000000       42.6776047      -1.42250061E-02
   101.250000       42.6776047       4.68101501E-02
   105.000000       42.6776047       1.32408142E-02
   108.750000       42.6776047       7.00035095E-02
   112.500000       42.6776047       3.14292908E-02
   116.250000       42.6776047       3.46641541E-02
   120.000000       42.6776047       7.01522827E-03
   123.750000       42.6776047       1.83067322E-02
   127.500000       42.6776047      -2.20108032E-03
   131.250000       42.6776047      -2.37464905E-02
   135.000000       42.6776047      -1.75819397E-02
   138.750000       42.6776047       1.64146423E-02
   142.500000       42.6776047       1.64756775E-02
   146.250000       42.6776047       2.38609314E-02
   150.000000       42.6776047      -1.81312561E-02
   153.750000       42.6776047       4.93736267E-02
   157.500000       42.6776047       5.84068298E-02
   161.250000       42.6776047      -3.37562561E-02
   165.000000       42.6776047       9.55772400E-02
   168.750000       42.6776047       9.55772400E-02
   172.500000       42.6776047      -4.41322327E-02
   176.250000       42.6776047       1.76963806E-02
   180.000000       42.6776047     -0.185611725    
   183.750000       42.6776047      -8.56971741E-02
   187.500000       42.6776047     -0.109500885    
   191.250000       42.6776047       9.36241150E-02
   195.000000       42.6776047      -8.61244202E-02
   198.750000       42.6776047       1.67808533E-02
   202.500000       42.6776047      -7.41004944E-02
   206.250000       42.6776047      -7.69424438E-03
   210.000000       42.6776047       6.59751892E-02
   213.750000       42.6776047       9.55772400E-02
   217.500000       42.6776047      -2.47840881E-02
   221.250000       42.6776047       7.98301697E-02
   225.000000       42.6776047       4.47349548E-02
   228.750000       42.6776047      -2.20985413E-02
   232.500000       42.6776047       7.11631775E-02
   236.250000       42.6776047       3.97300720E-02
   240.000000       42.6776047       4.67491150E-02
   243.750000       42.6776047      -3.16810608E-02
   247.500000       42.6776047      0.139034271    
   251.250000       42.6776047      0.419857025    
   255.000000       42.6776047       5.22422791E-02
   258.750000       42.6776047       8.74595642E-02
   262.500000       42.6776047       9.04502869E-02
   266.250000       42.6776047       2.74009705E-02
   270.000000       42.6776047     -0.100589752    
   273.750000       42.6776047     -0.158695221    
   277.500000       42.6776047     -0.318302155    
   281.250000       42.6776047     -0.170719147    
   285.000000       42.6776047       8.86192322E-02
   288.750000       42.6776047     -0.244083405    
   292.500000       42.6776047       2.54478455E-02
   296.250000       42.6776047      -1.26991272E-02
   300.000000       42.6776047      -8.35609436E-02
   303.750000       42.6776047       5.10215759E-02
   307.500000       42.6776047       2.03208923E-02
   311.250000       42.6776047       1.21421814E-02
   315.000000       42.6776047       4.36973572E-02
   318.750000       42.6776047      0.195613861    
   322.500000       42.6776047       3.04527283E-02
   326.250000       42.6776047     -0.213199615    
   330.000000       42.6776047       1.85508728E-02
   333.750000       42.6776047      -8.17909241E-02
   337.500000       42.6776047      0.153011322    
   341.250000       42.6776047      -3.57093811E-02
   345.000000       42.6776047      0.141658783    
   348.750000       42.6776047       1.27792358E-03
   352.500000       42.6776047       2.72178650E-02
   356.250000       42.6776047       3.65829468E-03
   360.000000       42.6776047      -1.49574280E-02
   0.00000000       46.3885536      -6.22940063E-03
   3.75000000       46.3885536      -3.23867798E-03
   7.50000000       46.3885536      -8.64295959E-02
   11.2500000       46.3885536      -1.60560608E-02
   15.0000000       46.3885536      -7.04994202E-02
   18.7500000       46.3885536      -2.02064514E-02
   22.5000000       46.3885536      -5.92689514E-02
   26.2500000       46.3885536       3.88145447E-02
   30.0000000       46.3885536      -1.48963928E-02
   33.7500000       46.3885536       2.91099548E-02
   37.5000000       46.3885536       3.53355408E-02
   41.2500000       46.3885536       8.48007202E-03
   45.0000000       46.3885536      -2.01454163E-02
   48.7500000       46.3885536       3.72886658E-02
   52.5000000       46.3885536     -0.129032135    
   56.2500000       46.3885536       3.78036499E-03
   60.0000000       46.3885536       7.45201111E-02
   63.7500000       46.3885536     -0.111026764    
   67.5000000       46.3885536      -8.72840881E-02
   71.2500000       46.3885536      -8.63075256E-02
   75.0000000       46.3885536       7.68661499E-03
   78.7500000       46.3885536     -0.165164948    
   82.5000000       46.3885536     -0.191165924    
   86.2500000       46.3885536       9.41734314E-02
   90.0000000       46.3885536       7.74765015E-03
   93.7500000       46.3885536      -3.05213928E-02
   97.5000000       46.3885536      -4.84657288E-02
   101.250000       46.3885536       2.08091736E-02
   105.000000       46.3885536       8.54454041E-02
   108.750000       46.3885536       5.91392517E-02
   112.500000       46.3885536       4.10118103E-02
   116.250000       46.3885536       3.44810486E-02
   120.000000       46.3885536       4.37583923E-02
   123.750000       46.3885536       2.23350525E-02
   127.500000       46.3885536       3.33824158E-02
   131.250000       46.3885536       3.04527283E-02
   135.000000       46.3885536       2.00767517E-02
   138.750000       46.3885536       1.80625916E-02
   142.500000       46.3885536       3.37486267E-02
   146.250000       46.3885536       9.56993103E-02
   150.000000       46.3885536       9.55772400E-02
   153.750000       46.3885536      -2.62832642E-03
   157.500000       46.3885536      -3.17420959E-02
   161.250000       46.3885536     -0.330448151    
   165.000000       46.3885536      -8.16078186E-02
   168.750000       46.3885536      -7.08045959E-02
   172.500000       46.3885536     -0.218204498    
   176.250000       46.3885536      -3.78456116E-02
   180.000000       46.3885536      -6.87294006E-02
   183.750000       46.3885536     -0.108158112    
   187.500000       46.3885536      -5.92689514E-02
   191.250000       46.3885536     -0.115726471    
   195.000000       46.3885536       3.56407166E-02
   198.750000       46.3885536       2.86827087E-02
   202.500000       46.3885536       7.76939392E-02
   206.250000       46.3885536       1.76353455E-02
   210.000000       46.3885536     -0.126468658    
   213.750000       46.3885536      -6.57386780E-02
   217.500000       46.3885536       7.01255798E-02
   221.250000       46.3885536       4.32090759E-02
   225.000000       46.3885536       8.31260681E-02
   228.750000       46.3885536      -5.06973267E-03
   232.500000       46.3885536       7.38487244E-02
   236.250000       46.3885536      -2.93350220E-03
   240.000000       46.3885536       4.44908142E-02
   243.750000       46.3885536     -0.109683990    
   247.500000       46.3885536       1.00669861E-02
   251.250000       46.3885536       1.42173767E-02
   255.000000       46.3885536       2.29454041E-02
   258.750000       46.3885536       8.89854431E-02
   262.500000       46.3885536       8.76426697E-02
   266.250000       46.3885536       6.70127869E-02
   270.000000       46.3885536       1.76353455E-02
   273.750000       46.3885536     -0.124881744    
   277.500000       46.3885536     -0.161685944    
   281.250000       46.3885536       5.56602478E-02
   285.000000       46.3885536      0.119808197    
   288.750000       46.3885536     -0.196781158    
   292.500000       46.3885536      -8.05091858E-02
   296.250000       46.3885536      -3.46717834E-02
   300.000000       46.3885536      0.286190033    
   303.750000       46.3885536      -4.29725647E-02
   307.500000       46.3885536       1.07994080E-02
   311.250000       46.3885536       4.26864624E-03
   315.000000       46.3885536      -5.32264709E-02
   318.750000       46.3885536       6.28623962E-02
   322.500000       46.3885536     -0.162723541    
   326.250000       46.3885536       1.29966736E-02
   330.000000       46.3885536     -0.129093170    
   333.750000       46.3885536      -4.10804749E-02
   337.500000       46.3885536      0.109066010    
   341.250000       46.3885536       2.12974548E-02
   345.000000       46.3885536       6.89659119E-02
   348.750000       46.3885536      -3.13148499E-02
   352.500000       46.3885536       2.83164978E-02
   356.250000       46.3885536      -1.26380920E-02
   360.000000       46.3885536      -6.22940063E-03
   0.00000000       50.0994530      -1.84974670E-02
   3.75000000       50.0994530      -1.77040100E-02
   7.50000000       50.0994530       1.34849548E-02
   11.2500000       50.0994530      -2.23426819E-02
   15.0000000       50.0994530      -1.41029358E-02
   18.7500000       50.0994530      -3.60755920E-02
   22.5000000       50.0994530      -4.88662720E-03
   26.2500000       50.0994530       4.80308533E-02
   30.0000000       50.0994530       8.25157166E-02
   33.7500000       50.0994530       3.96080017E-02
   37.5000000       50.0994530       5.18417358E-03
   41.2500000       50.0994530       1.89781189E-02
   45.0000000       50.0994530       2.01377869E-02
   48.7500000       50.0994530      -1.69105530E-02
   52.5000000       50.0994530      -1.83143616E-02
   56.2500000       50.0994530      -5.54847717E-02
   60.0000000       50.0994530      -2.16712952E-02
   63.7500000       50.0994530       6.51817322E-02
   67.5000000       50.0994530     -0.142093658    
   71.2500000       50.0994530      -1.56898499E-02
   75.0000000       50.0994530      -1.32484436E-02
   78.7500000       50.0994530     -0.142032623    
   82.5000000       50.0994530       1.97715759E-02
   86.2500000       50.0994530     -0.263187408    
   90.0000000       50.0994530       6.27403259E-02
   93.7500000       50.0994530      -7.57217407E-03
   97.5000000       50.0994530       2.09922791E-02
   101.250000       50.0994530      -2.28919983E-02
   105.000000       50.0994530       6.13975525E-02
   108.750000       50.0994530       5.68199158E-02
   112.500000       50.0994530       6.18247986E-02
   116.250000       50.0994530       5.12657166E-02
   120.000000       50.0994530       3.37486267E-02
   123.750000       50.0994530       2.84385681E-02
   127.500000       50.0994530       3.52745056E-02
   131.250000       50.0994530      -1.86920166E-04
   135.000000       50.0994530      0.321651459    
   138.750000       50.0994530       1.22642517E-02
   142.500000       50.0994530      0.195125580    
   146.250000       50.0994530       8.43467712E-02
   150.000000       50.0994530       4.54063416E-02
   153.750000       50.0994530      -1.34925842E-02
   157.500000       50.0994530       1.72080994E-02
   161.250000       50.0994530     -0.222415924    
   165.000000       50.0994530     -0.100955963    
   168.750000       50.0994530      -5.80482483E-02
   172.500000       50.0994530      -6.45179749E-02
   176.250000       50.0994530      -1.14173889E-02
   180.000000       50.0994530      -8.07533264E-02
   183.750000       50.0994530      -5.00526428E-02
   187.500000       50.0994530     -0.138980865    
   191.250000       50.0994530      -9.37538147E-02
   195.000000       50.0994530       3.72276306E-02
   198.750000       50.0994530      -4.74891663E-02
   202.500000       50.0994530      -4.23622131E-02
   206.250000       50.0994530       2.39219666E-02
   210.000000       50.0994530      -3.77235413E-02
   213.750000       50.0994530      -8.26454163E-02
   217.500000       50.0994530     -0.111759186    
   221.250000       50.0994530      -7.35511780E-02
   225.000000       50.0994530      -7.08656311E-02
   228.750000       50.0994530      -8.86878967E-02
   232.500000       50.0994530      0.357418060    
   236.250000       50.0994530      0.242000580    
   240.000000       50.0994530      0.301753998    
   243.750000       50.0994530     -0.185367584    
   247.500000       50.0994530     -0.122318268    
   251.250000       50.0994530       4.93736267E-02
   255.000000       50.0994530     -0.103092194    
   258.750000       50.0994530       3.50914001E-02
   262.500000       50.0994530       3.68614197E-02
   266.250000       50.0994530       2.39219666E-02
   270.000000       50.0994530       3.10630798E-02
   273.750000       50.0994530       8.51402283E-02
   277.500000       50.0994530      -5.42030334E-02
   281.250000       50.0994530      -7.66639709E-02
   285.000000       50.0994530       2.33726501E-02
   288.750000       50.0994530       3.58238220E-02
   292.500000       50.0994530      0.344356537    
   296.250000       50.0994530      -2.47230530E-02
   300.000000       50.0994530      -4.65126038E-02
   303.750000       50.0994530       8.84628296E-03
   307.500000       50.0994530      -7.53822327E-02
   311.250000       50.0994530      -4.07142639E-02
   315.000000       50.0994530     -0.147586823    
   318.750000       50.0994530     -0.289127350    
   322.500000       50.0994530      -3.04603577E-02
   326.250000       50.0994530     -0.194278717    
   330.000000       50.0994530       9.97886658E-02
   333.750000       50.0994530      -4.76112366E-02
   337.500000       50.0994530       4.81529236E-02
   341.250000       50.0994530      -5.09071350E-02
   345.000000       50.0994530      -1.63002014E-02
   348.750000       50.0994530      -2.67982483E-02
   352.500000       50.0994530      -1.05018616E-02
   356.250000       50.0994530       1.68418884E-02
   360.000000       50.0994530      -1.84974670E-02
   0.00000000       53.8102722       2.84996033E-02
   3.75000000       53.8102722      -2.01797485E-03
   7.50000000       53.8102722      -5.61904907E-03
   11.2500000       53.8102722       1.82456970E-02
   15.0000000       53.8102722      -1.16348267E-03
   18.7500000       53.8102722      -2.77748108E-02
   22.5000000       53.8102722      -1.51405334E-02
   26.2500000       53.8102722       6.18858337E-02
   30.0000000       53.8102722      -3.88221741E-02
   33.7500000       53.8102722      -1.40419006E-02
   37.5000000       53.8102722      -1.55677795E-02
   41.2500000       53.8102722      -2.09999084E-02
   45.0000000       53.8102722       2.09312439E-02
   48.7500000       53.8102722       1.28135681E-02
   52.5000000       53.8102722      -2.73475647E-02
   56.2500000       53.8102722      -2.35023499E-02
   60.0000000       53.8102722      -6.16836548E-03
   63.7500000       53.8102722      -9.52529907E-03
   67.5000000       53.8102722      -6.69593811E-02
   71.2500000       53.8102722      -7.95326233E-02
   75.0000000       53.8102722       2.70957947E-02
   78.7500000       53.8102722      -3.41224670E-02
   82.5000000       53.8102722      -1.52626038E-02
   86.2500000       53.8102722      -3.14369202E-02
   90.0000000       53.8102722      -2.39906311E-02
   93.7500000       53.8102722       2.72178650E-02
   97.5000000       53.8102722      -2.07901001E-03
   101.250000       53.8102722      -4.38880920E-02
   105.000000       53.8102722       1.22642517E-02
   108.750000       53.8102722      -2.33192444E-02
   112.500000       53.8102722      -5.90858459E-02
   116.250000       53.8102722       3.99131775E-02
   120.000000       53.8102722      -1.75209045E-02
   123.750000       53.8102722      -5.20668030E-02
   127.500000       53.8102722      -4.95643616E-02
   131.250000       53.8102722       9.08775330E-02
   135.000000       53.8102722       6.15806580E-02
   138.750000       53.8102722      -8.50868225E-02
   142.500000       53.8102722       4.03404236E-02
   146.250000       53.8102722       5.90171814E-02
   150.000000       53.8102722       5.91392517E-02
   153.750000       53.8102722       1.66587830E-02
   157.500000       53.8102722       1.72691345E-02
   161.250000       53.8102722       1.70516968E-03
   165.000000       53.8102722      -8.30459595E-03
   168.750000       53.8102722      -6.40296936E-02
   172.500000       53.8102722     -0.213138580    
   176.250000       53.8102722      -3.18031311E-02
   180.000000       53.8102722       3.03916931E-02
   183.750000       53.8102722       2.19078064E-02
   187.500000       53.8102722      -2.47955322E-04
   191.250000       53.8102722      0.238216400    
   195.000000       53.8102722     -0.294132233    
   198.750000       53.8102722       7.50350952E-03
   202.500000       53.8102722     -0.122684479    
   206.250000       53.8102722      -3.84902954E-03
   210.000000       53.8102722      -5.47523499E-02
   213.750000       53.8102722       2.97203064E-02
   217.500000       53.8102722      -6.44569397E-02
   221.250000       53.8102722      -5.23719788E-02
   225.000000       53.8102722       4.35142517E-02
   228.750000       53.8102722       2.58140564E-02
   232.500000       53.8102722     -0.253849030    
   236.250000       53.8102722     -0.272708893    
   240.000000       53.8102722       9.09385681E-02
   243.750000       53.8102722       9.75303650E-02
   247.500000       53.8102722       1.99546814E-02
   251.250000       53.8102722       5.72204590E-05
   255.000000       53.8102722      -1.10511780E-02
   258.750000       53.8102722       9.63973999E-03
   262.500000       53.8102722       4.32968140E-03
   266.250000       53.8102722      -2.42958069E-02
   270.000000       53.8102722       2.25181580E-02
   273.750000       53.8102722       6.08482361E-02
   277.500000       53.8102722       5.30967712E-02
   281.250000       53.8102722       2.40325928E-04
   285.000000       53.8102722       5.15708923E-02
   288.750000       53.8102722       6.98204041E-02
   292.500000       53.8102722       5.68199158E-02
   296.250000       53.8102722      -2.20985413E-02
   300.000000       53.8102722       1.26304626E-02
   303.750000       53.8102722      -5.63392639E-02
   307.500000       53.8102722      -3.44276428E-02
   311.250000       53.8102722       3.75938416E-02
   315.000000       53.8102722      -4.90760803E-02
   318.750000       53.8102722       4.21104431E-02
   322.500000       53.8102722     -0.166385651    
   326.250000       53.8102722       2.04429626E-02
   330.000000       53.8102722       7.31163025E-02
   333.750000       53.8102722       2.99644470E-02
   337.500000       53.8102722       9.78355408E-02
   341.250000       53.8102722      -6.95838928E-02
   345.000000       53.8102722       2.22129822E-02
   348.750000       53.8102722      -3.63197327E-02
   352.500000       53.8102722       5.29747009E-02
   356.250000       53.8102722       4.32090759E-02
   360.000000       53.8102722       2.84996033E-02
   0.00000000       57.5209885       1.88560486E-02
   3.75000000       57.5209885      -2.44522095E-03
   7.50000000       57.5209885       3.01361084E-04
   11.2500000       57.5209885       5.79452515E-03
   15.0000000       57.5209885       2.26402283E-02
   18.7500000       57.5209885      -2.57606506E-02
   22.5000000       57.5209885      -2.15492249E-02
   26.2500000       57.5209885      -4.54750061E-02
   30.0000000       57.5209885       1.42173767E-02
   33.7500000       57.5209885      -1.03187561E-02
   37.5000000       57.5209885      -1.62391663E-02
   41.2500000       57.5209885       2.88658142E-02
   45.0000000       57.5209885       2.78282166E-02
   48.7500000       57.5209885       1.70249939E-02
   52.5000000       57.5209885       1.45225525E-02
   56.2500000       57.5209885       2.20909119E-02
   60.0000000       57.5209885       5.48934937E-03
   63.7500000       57.5209885       3.94859314E-02
   67.5000000       57.5209885      -2.47955322E-04
   71.2500000       57.5209885      -5.74111938E-03
   75.0000000       57.5209885      -7.25135803E-02
   78.7500000       57.5209885      -4.89540100E-02
   82.5000000       57.5209885       5.12657166E-02
   86.2500000       57.5209885      -5.98526001E-03
   90.0000000       57.5209885      -3.87001038E-02
   93.7500000       57.5209885       2.72178650E-02
   97.5000000       57.5209885       1.91612244E-02
   101.250000       57.5209885       9.72747803E-04
   105.000000       57.5209885       1.44615173E-02
   108.750000       57.5209885      -1.73988342E-02
   112.500000       57.5209885     -0.101078033    
   116.250000       57.5209885       4.07676697E-02
   120.000000       57.5209885      -5.05409241E-02
   123.750000       57.5209885      0.161312103    
   127.500000       57.5209885       1.66587830E-02
   131.250000       57.5209885       4.14390564E-02
   135.000000       57.5209885       8.73985291E-02
   138.750000       57.5209885      0.293453217    
   142.500000       57.5209885      -2.87246704E-03
   146.250000       57.5209885       8.66317749E-03
   150.000000       57.5209885       1.42173767E-02
   153.750000       57.5209885       1.83067322E-02
   157.500000       57.5209885      -4.03480530E-02
   161.250000       57.5209885      -2.16102600E-02
   165.000000       57.5209885       1.44004822E-02
   168.750000       57.5209885       1.84898376E-02
   172.500000       57.5209885       1.02500916E-02
   176.250000       57.5209885       5.72204590E-05
   180.000000       57.5209885      -3.03382874E-02
   183.750000       57.5209885      -3.41835022E-02
   187.500000       57.5209885       4.77256775E-02
   191.250000       57.5209885     -0.181644440    
   195.000000       57.5209885       9.63096619E-02
   198.750000       57.5209885     -0.180545807    
   202.500000       57.5209885      -6.73255920E-02
   206.250000       57.5209885     -0.197147369    
   210.000000       57.5209885      -8.62464905E-02
   213.750000       57.5209885      -7.87391663E-02
   217.500000       57.5209885      -1.18446350E-02
   221.250000       57.5209885      -6.59828186E-02
   225.000000       57.5209885     -0.227237701    
   228.750000       57.5209885      0.129451752    
   232.500000       57.5209885      -2.44522095E-03
   236.250000       57.5209885      -3.88221741E-02
   240.000000       57.5209885     -0.169254303    
   243.750000       57.5209885     -0.115055084    
   247.500000       57.5209885      -2.00233459E-02
   251.250000       57.5209885      -5.61561584E-02
   255.000000       57.5209885      -3.40614319E-02
   258.750000       57.5209885       9.72747803E-04
   262.500000       57.5209885      -6.53457642E-03
   266.250000       57.5209885      -2.60047913E-02
   270.000000       57.5209885       5.24520874E-03
   273.750000       57.5209885       5.84068298E-02
   277.500000       57.5209885       3.44810486E-02
   281.250000       57.5209885       3.75938416E-02
   285.000000       57.5209885      -3.02162170E-02
   288.750000       57.5209885       3.71055603E-02
   292.500000       57.5209885      -3.77845764E-02
   296.250000       57.5209885      -5.07240295E-02
   300.000000       57.5209885      -4.70352173E-03
   303.750000       57.5209885     -0.137943268    
   307.500000       57.5209885       1.86119080E-02
   311.250000       57.5209885      0.122798920    
   315.000000       57.5209885       7.68661499E-03
   318.750000       57.5209885      -9.44252014E-02
   322.500000       57.5209885      -5.48744202E-02
   326.250000       57.5209885       1.66587830E-02
   330.000000       57.5209885       1.26914978E-02
   333.750000       57.5209885       9.96055603E-02
   337.500000       57.5209885      -5.67665100E-02
   341.250000       57.5209885       6.72569275E-02
   345.000000       57.5209885       2.40325928E-04
   348.750000       57.5209885      -3.66249084E-02
   352.500000       57.5209885      -3.42178345E-03
   356.250000       57.5209885       2.78892517E-02
   360.000000       57.5209885       1.88560486E-02
   0.00000000       61.2315712      -3.11317444E-02
   3.75000000       61.2315712      -6.04629517E-03
   7.50000000       61.2315712       3.35311890E-03
   11.2500000       61.2315712       9.02938843E-03
   15.0000000       61.2315712       3.78036499E-03
   18.7500000       61.2315712      -1.45912170E-02
   22.5000000       61.2315712      -6.33583069E-02
   26.2500000       61.2315712       5.69419861E-02
   30.0000000       61.2315712      -1.75209045E-02
   33.7500000       61.2315712       2.48985291E-02
   37.5000000       61.2315712       5.67245483E-03
   41.2500000       61.2315712       1.54380798E-02
   45.0000000       61.2315712       4.77256775E-02
   48.7500000       61.2315712       3.23104858E-03
   52.5000000       61.2315712       1.55601501E-02
   56.2500000       61.2315712       7.86972046E-03
   60.0000000       61.2315712      -3.66592407E-03
   63.7500000       61.2315712      -2.28309631E-02
   67.5000000       61.2315712      -4.87709045E-02
   71.2500000       61.2315712       4.63485718E-03
   75.0000000       61.2315712      -1.52015686E-02
   78.7500000       61.2315712      -3.06434631E-02
   82.5000000       61.2315712      -3.32679749E-02
   86.2500000       61.2315712       9.70077515E-03
   90.0000000       61.2315712      -1.85585022E-02
   93.7500000       61.2315712      -2.78968811E-02
   97.5000000       61.2315712      -2.66151428E-02
   101.250000       61.2315712      -3.40003967E-02
   105.000000       61.2315712      -1.86920166E-04
   108.750000       61.2315712      -2.36244202E-02
   112.500000       61.2315712      -8.12149048E-03
   116.250000       61.2315712      -2.17933655E-02
   120.000000       61.2315712      -2.62832642E-03
   123.750000       61.2315712       2.45933533E-02
   127.500000       61.2315712       2.10533142E-02
   131.250000       61.2315712       3.98521423E-02
   135.000000       61.2315712      -1.86920166E-04
   138.750000       61.2315712       8.88023376E-02
   142.500000       61.2315712       1.61094666E-02
   146.250000       61.2315712       2.56309509E-02
   150.000000       61.2315712       1.25083923E-02
   153.750000       61.2315712       1.43394470E-02
   157.500000       61.2315712      -5.86318970E-03
   161.250000       61.2315712      -2.30751038E-02
   165.000000       61.2315712       2.49862671E-03
   168.750000       61.2315712      -1.29432678E-02
   172.500000       61.2315712      -2.75039673E-03
   176.250000       61.2315712      -6.35147095E-03
   180.000000       61.2315712      -2.77748108E-02
   183.750000       61.2315712      -3.31459045E-02
   187.500000       61.2315712       3.57627869E-02
   191.250000       61.2315712      -7.73963928E-02
   195.000000       61.2315712      -3.74794006E-02
   198.750000       61.2315712     -0.126102448    
   202.500000       61.2315712       8.97789001E-02
   206.250000       61.2315712      -1.01966858E-02
   210.000000       61.2315712     -0.213871002    
   213.750000       61.2315712      -3.44886780E-02
   217.500000       61.2315712      -5.12123108E-02
   221.250000       61.2315712     -0.127811432    
   225.000000       61.2315712      -3.05213928E-02
   228.750000       61.2315712       1.15318298E-02
   232.500000       61.2315712      -2.80189514E-02
   236.250000       61.2315712      -6.07948303E-02
   240.000000       61.2315712      -4.19349670E-02
   243.750000       61.2315712      -5.62171936E-02
   247.500000       61.2315712      -1.20887756E-02
   251.250000       61.2315712       1.45835876E-02
   255.000000       61.2315712      -4.45938110E-03
   258.750000       61.2315712       1.56211853E-02
   262.500000       61.2315712       2.75230408E-02
   266.250000       61.2315712       3.28330994E-02
   270.000000       61.2315712      -8.30459595E-03
   273.750000       61.2315712      -1.72767639E-02
   277.500000       61.2315712      -1.33094788E-02
   281.250000       61.2315712      -6.70814514E-02
   285.000000       61.2315712      -5.69496155E-02
   288.750000       61.2315712      -2.67982483E-02
   292.500000       61.2315712      -7.87734985E-03
   296.250000       61.2315712       5.24520874E-03
   300.000000       61.2315712      -7.62977600E-02
   303.750000       61.2315712     -0.113529205    
   307.500000       61.2315712     -0.112674713    
   311.250000       61.2315712     -0.189823151    
   315.000000       61.2315712      0.118343353    
   318.750000       61.2315712     -0.111637115    
   322.500000       61.2315712      -4.02870178E-02
   326.250000       61.2315712      -1.83486938E-03
   330.000000       61.2315712       3.02696228E-02
   333.750000       61.2315712       6.78062439E-02
   337.500000       61.2315712       2.34336853E-02
   341.250000       61.2315712       3.93028259E-02
   345.000000       61.2315712      -1.31263733E-02
   348.750000       61.2315712      -1.47132874E-02
   352.500000       61.2315712      -2.94227600E-02
   356.250000       61.2315712       1.70860291E-02
   360.000000       61.2315712      -3.11317444E-02
   0.00000000       64.9419479      -1.32484436E-02
   3.75000000       64.9419479       8.48007202E-03
   7.50000000       64.9419479       1.89781189E-02
   11.2500000       64.9419479      -8.73184204E-03
   15.0000000       64.9419479       1.46102905E-03
   18.7500000       64.9419479       2.33116150E-02
   22.5000000       64.9419479       6.91490173E-02
   26.2500000       64.9419479       3.63121033E-02
   30.0000000       64.9419479       1.55601501E-02
   33.7500000       64.9419479       3.26499939E-02
   37.5000000       64.9419479       1.62315369E-02
   41.2500000       64.9419479       7.19833374E-03
   45.0000000       64.9419479       3.84483337E-02
   48.7500000       64.9419479       1.66587830E-02
   52.5000000       64.9419479       1.11045837E-02
   56.2500000       64.9419479      -7.14492798E-03
   60.0000000       64.9419479       2.20909119E-02
   63.7500000       64.9419479       1.92832947E-02
   67.5000000       64.9419479       3.71932983E-03
   71.2500000       64.9419479      -1.81922913E-02
   75.0000000       64.9419479      -1.39198303E-02
   78.7500000       64.9419479       1.58309937E-03
   82.5000000       64.9419479       9.72747803E-04
   86.2500000       64.9419479      -1.39808655E-02
   90.0000000       64.9419479       7.86972046E-03
   93.7500000       64.9419479       3.45420837E-02
   97.5000000       64.9419479      -2.38075256E-02
   101.250000       64.9419479      -3.28407288E-02
   105.000000       64.9419479      -2.82020569E-02
   108.750000       64.9419479      -1.67274475E-02
   112.500000       64.9419479      -1.61170959E-02
   116.250000       64.9419479      -1.66664124E-02
   120.000000       64.9419479      -6.75201416E-04
   123.750000       64.9419479      -1.66664124E-02
   127.500000       64.9419479       9.63973999E-03
   131.250000       64.9419479       3.43589783E-02
   135.000000       64.9419479       4.49790955E-02
   138.750000       64.9419479       6.49986267E-02
   142.500000       64.9419479       1.77574158E-02
   146.250000       64.9419479       1.45835876E-02
   150.000000       64.9419479       1.23863220E-02
   153.750000       64.9419479      -1.49574280E-02
   157.500000       64.9419479      -2.74696350E-02
   161.250000       64.9419479       1.46446228E-02
   165.000000       64.9419479      -1.99012756E-02
   168.750000       64.9419479      -2.87246704E-03
   172.500000       64.9419479       5.97763062E-03
   176.250000       64.9419479      -2.02674866E-02
   180.000000       64.9419479       4.18663025E-02
   183.750000       64.9419479      -6.53457642E-03
   187.500000       64.9419479       1.84898376E-02
   191.250000       64.9419479      -5.78651428E-02
   195.000000       64.9419479       2.52647400E-02
   198.750000       64.9419479      -8.95423889E-02
   202.500000       64.9419479      0.129940033    
   206.250000       64.9419479       2.02598572E-02
   210.000000       64.9419479      -2.68936157E-03
   213.750000       64.9419479       4.34532166E-02
   217.500000       64.9419479      -1.25160217E-02
   221.250000       64.9419479       4.32968140E-03
   225.000000       64.9419479      -4.49867249E-02
   228.750000       64.9419479      -1.16615295E-02
   232.500000       64.9419479      -2.56385803E-02
   236.250000       64.9419479      -9.09805298E-03
   240.000000       64.9419479       3.74717712E-02
   243.750000       64.9419479      -1.77383423E-03
   247.500000       64.9419479      -5.18836975E-02
   251.250000       64.9419479       1.03721619E-02
   255.000000       64.9419479       1.61094666E-02
   258.750000       64.9419479       1.25694275E-02
   262.500000       64.9419479      -7.93838501E-03
   266.250000       64.9419479       3.35044861E-02
   270.000000       64.9419479       4.12559509E-02
   273.750000       64.9419479       3.02085876E-02
   277.500000       64.9419479      -1.11122131E-02
   281.250000       64.9419479      -5.15174866E-02
   285.000000       64.9419479      -2.91786194E-02
   288.750000       64.9419479       1.71470642E-02
   292.500000       64.9419479      -6.67152405E-02
   296.250000       64.9419479       2.17857361E-02
   300.000000       64.9419479      -7.99942017E-03
   303.750000       64.9419479       2.13584900E-02
   307.500000       64.9419479      0.162654877    
   311.250000       64.9419479     -0.175846100    
   315.000000       64.9419479      -7.88002014E-02
   318.750000       64.9419479       8.15391541E-02
   322.500000       64.9419479       3.55186462E-02
   326.250000       64.9419479       3.00865173E-02
   330.000000       64.9419479       8.23593140E-03
   333.750000       64.9419479       2.31895447E-02
   337.500000       64.9419479      -1.28211975E-02
   341.250000       64.9419479       3.01361084E-04
   345.000000       64.9419479      -8.63075256E-02
   348.750000       64.9419479       4.09507751E-02
   352.500000       64.9419479      -3.92494202E-02
   356.250000       64.9419479      -1.42860413E-02
   360.000000       64.9419479      -1.32484436E-02
   0.00000000       68.6520157      -2.91786194E-02
   3.75000000       68.6520157      -3.12538147E-02
   7.50000000       68.6520157      -8.73184204E-03
   11.2500000       68.6520157      -3.15589905E-02
   15.0000000       68.6520157      -2.78358459E-02
   18.7500000       68.6520157       3.33213806E-02
   22.5000000       68.6520157      -1.84364319E-02
   26.2500000       68.6520157       3.62396240E-04
   30.0000000       68.6520157       9.63973999E-03
   33.7500000       68.6520157      -3.33290100E-02
   37.5000000       68.6520157      -3.10707092E-02
   41.2500000       68.6520157       9.57870483E-03
   45.0000000       68.6520157      -1.58119202E-02
   48.7500000       68.6520157       1.82723999E-03
   52.5000000       68.6520157       1.94053650E-02
   56.2500000       68.6520157       2.20909119E-02
   60.0000000       68.6520157       2.16026306E-02
   63.7500000       68.6520157       1.75743103E-02
   67.5000000       68.6520157      -1.34658813E-03
   71.2500000       68.6520157       9.39559937E-03
   75.0000000       68.6520157       2.52647400E-02
   78.7500000       68.6520157       1.84288025E-02
   82.5000000       68.6520157       3.58238220E-02
   86.2500000       68.6520157       4.02450562E-03
   90.0000000       68.6520157       1.94664001E-02
   93.7500000       68.6520157       8.96835327E-03
   97.5000000       68.6520157       7.74765015E-03
   101.250000       68.6520157       1.28746033E-02
   105.000000       68.6520157       1.52206421E-03
   108.750000       68.6520157      -6.16836548E-03
   112.500000       68.6520157      -6.22940063E-03
   116.250000       68.6520157       5.61141968E-03
   120.000000       68.6520157      -9.70840454E-03
   123.750000       68.6520157      -3.11660767E-03
   127.500000       68.6520157       1.42784119E-02
   131.250000       68.6520157       2.68173218E-03
   135.000000       68.6520157      -6.53457642E-03
   138.750000       68.6520157       3.04794312E-03
   142.500000       68.6520157       2.28233337E-02
   146.250000       68.6520157       3.03916931E-02
   150.000000       68.6520157       4.32968140E-03
   153.750000       68.6520157       4.02450562E-03
   157.500000       68.6520157       7.19833374E-03
   161.250000       68.6520157       1.21688843E-03
   165.000000       68.6520157       8.05282593E-03
   168.750000       68.6520157      -6.59561157E-03
   172.500000       68.6520157       1.51329041E-02
   176.250000       68.6520157       1.27525330E-02
   180.000000       68.6520157       5.06553650E-02
   183.750000       68.6520157       4.32701111E-02
   187.500000       68.6520157      -1.06239319E-02
   191.250000       68.6520157      -4.45938110E-03
   195.000000       68.6520157       1.39732361E-02
   198.750000       68.6520157      -5.25283813E-03
   202.500000       68.6520157      -1.43470764E-02
   206.250000       68.6520157       1.34849548E-02
   210.000000       68.6520157       1.81236267E-02
   213.750000       68.6520157       2.10533142E-02
   217.500000       68.6520157       2.53868103E-02
   221.250000       68.6520157       4.38194275E-02
   225.000000       68.6520157       2.15415955E-02
   228.750000       68.6520157       3.56407166E-02
   232.500000       68.6520157       7.80868530E-03
   236.250000       68.6520157      -8.73184204E-03
   240.000000       68.6520157       7.28607178E-04
   243.750000       68.6520157      -8.30459595E-03
   247.500000       68.6520157       6.76841736E-02
   251.250000       68.6520157       6.20079041E-02
   255.000000       68.6520157      -9.16175842E-02
   258.750000       68.6520157      -1.38587952E-02
   262.500000       68.6520157      -2.87513733E-02
   266.250000       68.6520157       6.64634705E-02
   270.000000       68.6520157       3.21006775E-02
   273.750000       68.6520157      -1.59072876E-03
   277.500000       68.6520157       4.74205017E-02
   281.250000       68.6520157      -5.56678772E-02
   285.000000       68.6520157      -1.39808655E-02
   288.750000       68.6520157     -0.132999420    
   292.500000       68.6520157      0.157649994    
   296.250000       68.6520157       9.66148376E-02
   300.000000       68.6520157       6.93321228E-02
   303.750000       68.6520157      -1.99012756E-02
   307.500000       68.6520157       2.49862671E-03
   311.250000       68.6520157       4.13780212E-02
   315.000000       68.6520157      -1.03797913E-02
   318.750000       68.6520157       3.75938416E-02
   322.500000       68.6520157      -1.61781311E-02
   326.250000       68.6520157      -3.95545959E-02
   330.000000       68.6520157       5.73348999E-03
   333.750000       68.6520157       4.61387634E-02
   337.500000       68.6520157      -7.02285767E-03
   341.250000       68.6520157       1.03378296E-03
   345.000000       68.6520157      -6.15272522E-02
   348.750000       68.6520157      -4.85267639E-02
   352.500000       68.6520157      -5.29823303E-02
   356.250000       68.6520157       9.33456421E-03
   360.000000       68.6520157      -2.91786194E-02
   0.00000000       72.3615875      -3.43055725E-02
   3.75000000       72.3615875      -1.04408264E-02
   7.50000000       72.3615875      -1.58729553E-02
   11.2500000       72.3615875      -1.34315491E-02
   15.0000000       72.3615875      -7.69424438E-03
   18.7500000       72.3615875      -8.67080688E-03
   22.5000000       72.3615875      -5.13076782E-03
   26.2500000       72.3615875       8.60214233E-03
   30.0000000       72.3615875      -2.49671936E-02
   33.7500000       72.3615875      -3.97109985E-03
   37.5000000       72.3615875      -2.25257874E-02
   41.2500000       72.3615875       1.28746033E-02
   45.0000000       72.3615875       3.84140015E-03
   48.7500000       72.3615875      -6.41250610E-03
   52.5000000       72.3615875      -3.21693420E-02
   56.2500000       72.3615875      -4.33387756E-02
   60.0000000       72.3615875      -4.29115295E-02
   63.7500000       72.3615875      -2.56385803E-02
   67.5000000       72.3615875      -2.05726624E-02
   71.2500000       72.3615875      -2.93617249E-02
   75.0000000       72.3615875      -7.63320923E-03
   78.7500000       72.3615875      -4.03213501E-03
   82.5000000       72.3615875      -1.50184631E-02
   86.2500000       72.3615875       6.09970093E-03
   90.0000000       72.3615875       6.28280640E-03
   93.7500000       72.3615875       8.05282593E-03
   97.5000000       72.3615875      -6.75201416E-04
   101.250000       72.3615875      -3.72695923E-03
   105.000000       72.3615875       1.17149353E-02
   108.750000       72.3615875       2.86483765E-03
   112.500000       72.3615875       1.70516968E-03
   116.250000       72.3615875       3.10897827E-03
   120.000000       72.3615875      -3.70025635E-04
   123.750000       72.3615875       2.16636658E-02
   127.500000       72.3615875       1.21688843E-03
   131.250000       72.3615875       1.86119080E-02
   135.000000       72.3615875       9.45663452E-03
   138.750000       72.3615875       5.55038452E-03
   142.500000       72.3615875      -5.92422485E-03
   146.250000       72.3615875       6.77108765E-03
   150.000000       72.3615875       2.50205994E-02
   153.750000       72.3615875       1.95884705E-02
   157.500000       72.3615875       1.06773376E-02
   161.250000       72.3615875      -1.00135803E-02
   165.000000       72.3615875      -2.33192444E-02
   168.750000       72.3615875      -1.20277405E-02
   172.500000       72.3615875      -1.27601624E-02
   176.250000       72.3615875       7.68661499E-03
   180.000000       72.3615875       1.06773376E-02
   183.750000       72.3615875       1.88560486E-02
   187.500000       72.3615875       3.11241150E-02
   191.250000       72.3615875       1.94053650E-02
   195.000000       72.3615875       4.32968140E-03
   198.750000       72.3615875      -4.21524048E-03
   202.500000       72.3615875      -2.02674866E-02
   206.250000       72.3615875      -1.11122131E-02
   210.000000       72.3615875       3.62396240E-04
   213.750000       72.3615875       2.43759155E-03
   217.500000       72.3615875       2.86483765E-03
   221.250000       72.3615875       1.89781189E-02
   225.000000       72.3615875       1.73301697E-02
   228.750000       72.3615875      -2.26211548E-03
   232.500000       72.3615875       2.53868103E-02
   236.250000       72.3615875       4.82749939E-02
   240.000000       72.3615875      -3.17420959E-02
   243.750000       72.3615875      -1.53236389E-02
   247.500000       72.3615875       6.71005249E-03
   251.250000       72.3615875       2.02598572E-02
   255.000000       72.3615875      -6.26869202E-02
   258.750000       72.3615875      -4.50477600E-02
   262.500000       72.3615875      -1.64833069E-02
   266.250000       72.3615875      -2.55165100E-02
   270.000000       72.3615875       5.98106384E-02
   273.750000       72.3615875      -4.58145142E-03
   277.500000       72.3615875      -6.14166260E-04
   281.250000       72.3615875      -2.38075256E-02
   285.000000       72.3615875      -3.61366272E-02
   288.750000       72.3615875       9.51766968E-03
   292.500000       72.3615875      -1.09291077E-02
   296.250000       72.3615875      0.122554779    
   300.000000       72.3615875      -7.91664124E-02
   303.750000       72.3615875     -0.141361237    
   307.500000       72.3615875     -0.193790436    
   311.250000       72.3615875      -6.52503967E-02
   315.000000       72.3615875      -1.11122131E-02
   318.750000       72.3615875       5.91659546E-03
   322.500000       72.3615875      -5.23719788E-02
   326.250000       72.3615875      -2.40516663E-02
   330.000000       72.3615875       6.16073608E-03
   333.750000       72.3615875       4.07066345E-02
   337.500000       72.3615875       8.52622986E-02
   341.250000       72.3615875      -3.68690491E-02
   345.000000       72.3615875       4.27207947E-02
   348.750000       72.3615875       1.79290771E-04
   352.500000       72.3615875      -1.39198303E-02
   356.250000       72.3615875      -1.48963928E-02
   360.000000       72.3615875      -3.43055725E-02
   0.00000000       76.0702438       3.39927673E-02
   3.75000000       76.0702438      -2.87246704E-03
   7.50000000       76.0702438       2.99034119E-02
   11.2500000       76.0702438       2.07481384E-02
   15.0000000       76.0702438       9.33456421E-03
   18.7500000       76.0702438      -5.87806702E-02
   22.5000000       76.0702438       2.49862671E-03
   26.2500000       76.0702438       3.78036499E-03
   30.0000000       76.0702438      -4.64248657E-03
   33.7500000       76.0702438       9.88388062E-03
   37.5000000       76.0702438      -2.52113342E-02
   41.2500000       76.0702438       9.94491577E-03
   45.0000000       76.0702438      -9.64736938E-03
   48.7500000       76.0702438      -2.71034241E-02
   52.5000000       76.0702438      -2.86293030E-02
   56.2500000       76.0702438      -2.67372131E-02
   60.0000000       76.0702438      -3.74183655E-02
   63.7500000       76.0702438      -1.84974670E-02
   67.5000000       76.0702438      -2.31361389E-02
   71.2500000       76.0702438      -2.50892639E-02
   75.0000000       76.0702438      -2.16102600E-02
   78.7500000       76.0702438      -9.03701782E-03
   82.5000000       76.0702438       6.34384155E-03
   86.2500000       76.0702438       6.95419312E-03
   90.0000000       76.0702438       2.62413025E-02
   93.7500000       76.0702438       1.51939392E-02
   97.5000000       76.0702438       1.23863220E-02
   101.250000       76.0702438       1.90391541E-02
   105.000000       76.0702438       4.23545837E-02
   108.750000       76.0702438       3.91807556E-02
   112.500000       76.0702438       2.45933533E-02
   116.250000       76.0702438       1.59873962E-02
   120.000000       76.0702438       8.23593140E-03
   123.750000       76.0702438      -4.64248657E-03
   127.500000       76.0702438       6.67572021E-04
   131.250000       76.0702438       9.02938843E-03
   135.000000       76.0702438       4.39071655E-03
   138.750000       76.0702438       5.73348999E-03
   142.500000       76.0702438       1.28746033E-02
   146.250000       76.0702438       1.70249939E-02
   150.000000       76.0702438      -6.29043579E-03
   153.750000       76.0702438      -1.39808655E-02
   157.500000       76.0702438      -1.52015686E-02
   161.250000       76.0702438      -6.83975220E-03
   165.000000       76.0702438       9.11712646E-04
   168.750000       76.0702438       7.28607178E-04
   172.500000       76.0702438      -1.02577209E-02
   176.250000       76.0702438      -1.22718811E-02
   180.000000       76.0702438       1.33895874E-03
   183.750000       76.0702438       7.80868530E-03
   187.500000       76.0702438      -7.38906860E-03
   191.250000       76.0702438      -2.02674866E-02
   195.000000       76.0702438      -1.67884827E-02
   198.750000       76.0702438      -6.48498535E-05
   202.500000       76.0702438      -1.07460022E-02
   206.250000       76.0702438       1.72080994E-02
   210.000000       76.0702438       4.94003296E-03
   213.750000       76.0702438      -8.85391235E-03
   217.500000       76.0702438       2.43759155E-03
   221.250000       76.0702438       8.84628296E-03
   225.000000       76.0702438      -6.71768188E-03
   228.750000       76.0702438       2.52647400E-02
   232.500000       76.0702438      -2.86903381E-02
   236.250000       76.0702438      -2.96669006E-02
   240.000000       76.0702438      -3.49769592E-02
   243.750000       76.0702438      -1.65176392E-03
   247.500000       76.0702438       4.93736267E-02
   251.250000       76.0702438      -6.55555725E-02
   255.000000       76.0702438      -2.03285217E-02
   258.750000       76.0702438     -0.102237701    
   262.500000       76.0702438      -2.56729126E-03
   266.250000       76.0702438      -4.18128967E-02
   270.000000       76.0702438      -1.63002014E-02
   273.750000       76.0702438      -4.56581116E-02
   277.500000       76.0702438      -4.45594788E-02
   281.250000       76.0702438       9.02938843E-03
   285.000000       76.0702438      -4.12025452E-02
   288.750000       76.0702438      -6.00013733E-02
   292.500000       76.0702438       1.04942322E-02
   296.250000       76.0702438       3.33213806E-02
   300.000000       76.0702438      -3.03382874E-02
   303.750000       76.0702438      -6.89125061E-02
   307.500000       76.0702438     -0.131473541    
   311.250000       76.0702438     -0.103641510    
   315.000000       76.0702438      -4.20570374E-02
   318.750000       76.0702438       4.08287048E-02
   322.500000       76.0702438      0.162837982    
   326.250000       76.0702438      -5.31654358E-02
   330.000000       76.0702438       7.67173767E-02
   333.750000       76.0702438      0.158748627    
   337.500000       76.0702438       5.99937439E-02
   341.250000       76.0702438      -2.93617249E-02
   345.000000       76.0702438       4.44297791E-02
   348.750000       76.0702438       5.55038452E-03
   352.500000       76.0702438       8.01963806E-02
   356.250000       76.0702438       2.44102478E-02
   360.000000       76.0702438       3.39927673E-02
   0.00000000       79.7770462       8.72421265E-03
   3.75000000       79.7770462       4.63485718E-03
   7.50000000       79.7770462      -1.75209045E-02
   11.2500000       79.7770462      -3.43055725E-02
   15.0000000       79.7770462      -5.98526001E-03
   18.7500000       79.7770462       1.47056580E-02
   22.5000000       79.7770462      -1.37977600E-02
   26.2500000       79.7770462      -1.50794983E-02
   30.0000000       79.7770462      -3.52821350E-02
   33.7500000       79.7770462      -3.47938538E-02
   37.5000000       79.7770462      -2.64930725E-02
   41.2500000       79.7770462      -1.77650452E-02
   45.0000000       79.7770462      -2.46620178E-02
   48.7500000       79.7770462      -1.14173889E-02
   52.5000000       79.7770462      -2.38685608E-02
   56.2500000       79.7770462      -3.70521545E-02
   60.0000000       79.7770462      -2.96669006E-02
   63.7500000       79.7770462      -1.50184631E-02
   67.5000000       79.7770462      -8.73184204E-03
   71.2500000       79.7770462      -3.23867798E-03
   75.0000000       79.7770462      -3.48281860E-03
   78.7500000       79.7770462      -2.20108032E-03
   82.5000000       79.7770462       1.39999390E-03
   86.2500000       79.7770462       3.10897827E-03
   90.0000000       79.7770462       2.31552124E-03
   93.7500000       79.7770462       1.84898376E-02
   97.5000000       79.7770462       1.59263611E-02
   101.250000       79.7770462       2.62069702E-03
   105.000000       79.7770462       1.07383728E-02
   108.750000       79.7770462       2.62069702E-03
   112.500000       79.7770462      -8.42666626E-03
   116.250000       79.7770462      -4.64248657E-03
   120.000000       79.7770462       8.84628296E-03
   123.750000       79.7770462      -9.83047485E-03
   127.500000       79.7770462      -1.19056702E-02
   131.250000       79.7770462       3.59725952E-03
   135.000000       79.7770462       7.62557983E-03
   138.750000       79.7770462      -2.14004517E-03
   142.500000       79.7770462       3.01361084E-04
   146.250000       79.7770462      -7.97271729E-04
   150.000000       79.7770462       3.53622437E-03
   153.750000       79.7770462       4.81796265E-03
   157.500000       79.7770462       6.89315796E-03
   161.250000       79.7770462       4.26864624E-03
   165.000000       79.7770462       3.96347046E-03
   168.750000       79.7770462       8.72421265E-03
   172.500000       79.7770462       9.21249390E-03
   176.250000       79.7770462       8.66317749E-03
   180.000000       79.7770462       2.92587280E-03
   183.750000       79.7770462      -7.97271729E-04
   187.500000       79.7770462       2.98690796E-03
   191.250000       79.7770462       6.95419312E-03
   195.000000       79.7770462       7.99179077E-03
   198.750000       79.7770462       1.56211853E-02
   202.500000       79.7770462       1.65977478E-02
   206.250000       79.7770462       1.94053650E-02
   210.000000       79.7770462      -3.29971313E-03
   213.750000       79.7770462      -4.65736389E-02
   217.500000       79.7770462      -9.80377197E-04
   221.250000       79.7770462       5.05943298E-02
   225.000000       79.7770462       7.99179077E-03
   228.750000       79.7770462      -6.96182251E-03
   232.500000       79.7770462      -1.84974670E-02
   236.250000       79.7770462       1.03111267E-02
   240.000000       79.7770462       1.87950134E-02
   243.750000       79.7770462       3.31382751E-02
   247.500000       79.7770462       4.48570251E-02
   251.250000       79.7770462      -3.69911194E-02
   255.000000       79.7770462      -5.13076782E-03
   258.750000       79.7770462       1.37290955E-02
   262.500000       79.7770462      -6.10733032E-03
   266.250000       79.7770462       7.38143921E-03
   270.000000       79.7770462       2.04429626E-02
   273.750000       79.7770462      -2.32315063E-03
   277.500000       79.7770462      -3.52821350E-02
   281.250000       79.7770462      -5.23109436E-02
   285.000000       79.7770462      -3.30848694E-02
   288.750000       79.7770462      -1.09291077E-02
   292.500000       79.7770462       3.76548767E-02
   296.250000       79.7770462       5.09605408E-02
   300.000000       79.7770462       2.56309509E-02
   303.750000       79.7770462       2.14195251E-02
   307.500000       79.7770462      -3.11317444E-02
   311.250000       79.7770462      -1.42860413E-02
   315.000000       79.7770462       4.39071655E-03
   318.750000       79.7770462      -5.19180298E-03
   322.500000       79.7770462       5.16929626E-02
   326.250000       79.7770462       3.77159119E-02
   330.000000       79.7770462       7.83042908E-02
   333.750000       79.7770462       5.14488220E-02
   337.500000       79.7770462      0.101924896    
   341.250000       79.7770462       7.78770447E-02
   345.000000       79.7770462       3.32603455E-02
   348.750000       79.7770462       4.86412048E-02
   352.500000       79.7770462       6.25572205E-02
   356.250000       79.7770462       2.31285095E-02
   360.000000       79.7770462       8.72421265E-03
   0.00000000       83.4789200       5.43174744E-02
   3.75000000       83.4789200       5.75523376E-02
   7.50000000       83.4789200       4.41246033E-02
   11.2500000       83.4789200       2.50205994E-02
   15.0000000       83.4789200       4.51278687E-03
   18.7500000       83.4789200      -9.76943970E-03
   22.5000000       83.4789200      -1.66053772E-02
   26.2500000       83.4789200      -1.97181702E-02
   30.0000000       83.4789200      -2.37464905E-02
   33.7500000       83.4789200      -2.69813538E-02
   37.5000000       83.4789200      -2.69203186E-02
   41.2500000       83.4789200      -2.70423889E-02
   45.0000000       83.4789200      -2.61268616E-02
   48.7500000       83.4789200      -2.61268616E-02
   52.5000000       83.4789200      -2.87513733E-02
   56.2500000       83.4789200      -3.48548889E-02
   60.0000000       83.4789200      -4.18739319E-02
   63.7500000       83.4789200      -4.33387756E-02
   67.5000000       83.4789200      -3.74183655E-02
   71.2500000       83.4789200      -3.17420959E-02
   75.0000000       83.4789200      -2.91786194E-02
   78.7500000       83.4789200      -2.88124084E-02
   82.5000000       83.4789200      -2.53944397E-02
   86.2500000       83.4789200      -1.88636780E-02
   90.0000000       83.4789200      -1.11732483E-02
   93.7500000       83.4789200      -4.64248657E-03
   97.5000000       83.4789200       2.40325928E-04
   101.250000       83.4789200      -4.58145142E-03
   105.000000       83.4789200      -2.14271545E-02
   108.750000       83.4789200      -3.58924866E-02
   112.500000       83.4789200      -2.50892639E-02
   116.250000       83.4789200      -9.34219360E-03
   120.000000       83.4789200      -9.83047485E-03
   123.750000       83.4789200      -9.70840454E-03
   127.500000       83.4789200      -8.58306885E-04
   131.250000       83.4789200       7.13729858E-03
   135.000000       83.4789200       1.00059509E-02
   138.750000       83.4789200       3.29208374E-03
   142.500000       83.4789200      -6.10733032E-03
   146.250000       83.4789200      -1.03187561E-02
   150.000000       83.4789200      -9.64736938E-03
   153.750000       83.4789200      -7.26699829E-03
   157.500000       83.4789200      -7.08389282E-03
   161.250000       83.4789200      -9.46426392E-03
   165.000000       83.4789200      -1.25160217E-02
   168.750000       83.4789200      -1.43470764E-02
   172.500000       83.4789200      -1.47132874E-02
   176.250000       83.4789200      -1.42250061E-02
   180.000000       83.4789200      -1.43470764E-02
   183.750000       83.4789200      -1.19667053E-02
   187.500000       83.4789200      -9.58633423E-03
   191.250000       83.4789200      -9.64736938E-03
   195.000000       83.4789200      -1.00746155E-02
   198.750000       83.4789200      -1.77383423E-03
   202.500000       83.4789200       1.80015564E-02
   206.250000       83.4789200       3.06968689E-02
   210.000000       83.4789200       2.06871033E-02
   213.750000       83.4789200       1.42173767E-02
   217.500000       83.4789200       1.95884705E-02
   221.250000       83.4789200       9.76181030E-03
   225.000000       83.4789200      -7.97271729E-04
   228.750000       83.4789200      -6.41250610E-03
   232.500000       83.4789200       5.48934937E-03
   236.250000       83.4789200       3.56407166E-02
   240.000000       83.4789200       3.93638611E-02
   243.750000       83.4789200       7.01522827E-03
   247.500000       83.4789200      -7.81631470E-03
   251.250000       83.4789200       5.16319275E-02
   255.000000       83.4789200       7.43370056E-02
   258.750000       83.4789200      -8.48770142E-03
   262.500000       83.4789200      -1.94740295E-02
   266.250000       83.4789200      -1.45301819E-02
   270.000000       83.4789200      -6.89125061E-02
   273.750000       83.4789200       1.15585327E-03
   277.500000       83.4789200       8.26377869E-02
   281.250000       83.4789200       5.62095642E-02
   285.000000       83.4789200       4.51622009E-02
   288.750000       83.4789200       3.02085876E-02
   292.500000       83.4789200       2.85606384E-02
   296.250000       83.4789200       5.16929626E-02
   300.000000       83.4789200       2.02598572E-02
   303.750000       83.4789200       1.61094666E-02
   307.500000       83.4789200       1.38511658E-02
   311.250000       83.4789200       1.01890564E-02
   315.000000       83.4789200       2.22129822E-02
   318.750000       83.4789200      -1.59072876E-03
   322.500000       83.4789200       6.42662048E-02
   326.250000       83.4789200       1.73912048E-02
   330.000000       83.4789200       3.69834900E-02
   333.750000       83.4789200       4.87899780E-03
   337.500000       83.4789200      -6.75201416E-04
   341.250000       83.4789200       1.03378296E-03
   345.000000       83.4789200      -3.54385376E-03
   348.750000       83.4789200      -1.77040100E-02
   352.500000       83.4789200      -1.16004944E-02
   356.250000       83.4789200       2.20298767E-02
   360.000000       83.4789200       5.43174744E-02
   0.00000000       87.1590958       3.47251892E-02
   3.75000000       87.1590958       3.80210876E-02
   7.50000000       87.1590958       3.77769470E-02
   11.2500000       87.1590958       3.32603455E-02
   15.0000000       87.1590958       2.67906189E-02
   18.7500000       87.1590958       2.14805603E-02
   22.5000000       87.1590958       1.61705017E-02
   26.2500000       87.1590958       1.15318298E-02
   30.0000000       87.1590958       8.48007202E-03
   33.7500000       87.1590958       5.48934937E-03
   37.5000000       87.1590958       3.17001343E-03
   41.2500000       87.1590958       1.39999390E-03
   45.0000000       87.1590958      -1.04141235E-03
   48.7500000       87.1590958      -2.81143188E-03
   52.5000000       87.1590958      -3.78799438E-03
   56.2500000       87.1590958      -5.37490845E-03
   60.0000000       87.1590958      -6.77871704E-03
   63.7500000       87.1590958      -7.69424438E-03
   67.5000000       87.1590958      -8.30459595E-03
   71.2500000       87.1590958      -8.06045532E-03
   75.0000000       87.1590958      -7.63320923E-03
   78.7500000       87.1590958      -7.14492798E-03
   82.5000000       87.1590958      -5.61904907E-03
   86.2500000       87.1590958      -3.97109985E-03
   90.0000000       87.1590958      -3.23867798E-03
   93.7500000       87.1590958      -2.26211548E-03
   97.5000000       87.1590958      -5.53131104E-04
   101.250000       87.1590958       2.07138062E-03
   105.000000       87.1590958       5.79452515E-03
   108.750000       87.1590958       9.02938843E-03
   112.500000       87.1590958       1.04331970E-02
   116.250000       87.1590958       1.06163025E-02
   120.000000       87.1590958       1.07994080E-02
   123.750000       87.1590958       1.17149353E-02
   127.500000       87.1590958       1.43394470E-02
   131.250000       87.1590958       1.85508728E-02
   135.000000       87.1590958       2.11753845E-02
   138.750000       87.1590958       1.96495056E-02
   142.500000       87.1590958       1.40342712E-02
   146.250000       87.1590958       5.97763062E-03
   150.000000       87.1590958      -5.53131104E-04
   153.750000       87.1590958      -3.11660767E-03
   157.500000       87.1590958      -3.17764282E-03
   161.250000       87.1590958      -6.75201416E-04
   165.000000       87.1590958       4.20761108E-03
   168.750000       87.1590958       8.23593140E-03
   172.500000       87.1590958       1.06163025E-02
   176.250000       87.1590958       1.32408142E-02
   180.000000       87.1590958       1.56822205E-02
   183.750000       87.1590958       1.69029236E-02
   187.500000       87.1590958       1.75743103E-02
   191.250000       87.1590958       1.82456970E-02
   195.000000       87.1590958       1.89170837E-02
   198.750000       87.1590958       2.18467712E-02
   202.500000       87.1590958       2.67906189E-02
   206.250000       87.1590958       3.02085876E-02
   210.000000       87.1590958       3.31993103E-02
   213.750000       87.1590958       3.53355408E-02
   217.500000       87.1590958       3.27110291E-02
   221.250000       87.1590958       2.70347595E-02
   225.000000       87.1590958       1.92832947E-02
   228.750000       87.1590958       6.95419312E-03
   232.500000       87.1590958      -9.03701782E-03
   236.250000       87.1590958      -2.78358459E-02
   240.000000       87.1590958      -4.87098694E-02
   243.750000       87.1590958      -6.61048889E-02
   247.500000       87.1590958      -7.41004944E-02
   251.250000       87.1590958      -6.82411194E-02
   255.000000       87.1590958      -4.74281311E-02
   258.750000       87.1590958      -1.88026428E-02
   262.500000       87.1590958       7.13729858E-03
   266.250000       87.1590958       2.64244080E-02
   270.000000       87.1590958       3.95469666E-02
   273.750000       87.1590958       4.67491150E-02
   277.500000       87.1590958       4.69932556E-02
   281.250000       87.1590958       3.76548767E-02
   285.000000       87.1590958       1.73912048E-02
   288.750000       87.1590958      -9.09805298E-03
   292.500000       87.1590958      -3.20472717E-02
   296.250000       87.1590958      -4.18739319E-02
   300.000000       87.1590958      -3.50379944E-02
   303.750000       87.1590958      -1.69715881E-02
   307.500000       87.1590958       4.26864624E-03
   311.250000       87.1590958       2.20298767E-02
   315.000000       87.1590958       2.94151306E-02
   318.750000       87.1590958       2.41050720E-02
   322.500000       87.1590958       1.01280212E-02
   326.250000       87.1590958      -6.41250610E-03
   330.000000       87.1590958      -1.93519592E-02
   333.750000       87.1590958      -2.62489319E-02
   337.500000       87.1590958      -2.82020569E-02
   341.250000       87.1590958      -2.42958069E-02
   345.000000       87.1590958      -1.41029358E-02
   348.750000       87.1590958      -1.22451782E-03
   352.500000       87.1590958       1.25083923E-02
   356.250000       87.1590958       2.59361267E-02
   360.000000       87.1590958       3.47251892E-02
